step,epoch,lr,loss_G,gan_AB,gan_BA,cyc_A,cyc_B,idt_A,idt_B,loss_D,D_A,D_B,gn_G,gn_D,nan,imgs_per_sec,elapsed_s
0,0,2.000e-04,23.93258,3.43448,1.32978,0.67703,0.60587,0.68388,0.58398,4.62665,2.15229,2.47436,161.84753,131.04680,0,1.79,0.6
100,0,2.000e-04,12.18239,0.35162,0.28728,0.41309,0.35566,0.41810,0.35309,0.68063,0.36714,0.31349,59.57486,11.01651,0,8.24,12.7
200,0,2.000e-04,6.95721,0.33045,0.28979,0.21244,0.22109,0.21511,0.18522,0.53751,0.31216,0.22535,39.57919,20.72411,0,7.79,25.5
300,1,2.000e-04,13.71943,0.29507,0.35189,0.58142,0.31665,0.52859,0.28976,0.40509,0.14579,0.25930,44.70441,8.15239,0,7.86,38.3
400,1,2.000e-04,10.25669,0.26920,0.19172,0.41763,0.24647,0.40424,0.22671,0.49921,0.27411,0.22510,45.12234,10.14882,0,9.00,49.4
500,1,2.000e-04,7.81834,0.29196,0.40526,0.20798,0.27559,0.18107,0.27603,0.48366,0.27152,0.21214,40.33379,15.27047,0,7.82,62.2
600,2,2.000e-04,6.82288,0.28756,0.42825,0.26501,0.17871,0.20103,0.13294,0.69116,0.48423,0.20693,35.45791,37.51267,0,7.97,74.7
700,2,2.000e-04,7.58112,0.35757,0.28141,0.17589,0.31338,0.16959,0.24029,0.55117,0.33718,0.21398,31.59693,10.13063,0,8.37,86.7
800,2,2.000e-04,8.13491,0.29320,0.18750,0.26706,0.28318,0.25994,0.17042,0.66327,0.36480,0.29847,47.92036,21.67997,0,8.66,98.2
900,3,2.000e-04,7.24594,0.24648,0.34177,0.19812,0.27795,0.19019,0.18920,0.44925,0.20465,0.24460,44.70866,12.22445,0,8.04,110.6
1000,3,2.000e-04,7.82347,0.28894,0.35162,0.17193,0.32256,0.15997,0.28763,0.46369,0.15577,0.30792,30.99873,19.45825,0,8.36,122.6
1100,3,2.000e-04,8.01775,0.33445,0.27917,0.26809,0.22532,0.24823,0.24578,0.59837,0.35107,0.24730,33.80912,20.22790,0,7.97,135.2
1200,4,2.000e-04,6.42951,0.34633,0.40923,0.24250,0.15333,0.21091,0.13223,0.54410,0.30000,0.24410,28.11172,14.15886,0,7.83,147.9
1300,4,2.000e-04,6.62137,0.26579,0.25595,0.24313,0.17303,0.23614,0.15145,0.58930,0.33020,0.25910,31.72605,23.12222,0,7.88,160.6
1400,4,2.000e-04,5.14771,0.34977,0.32596,0.14091,0.16684,0.12172,0.15716,0.55777,0.21173,0.34604,21.47625,25.57493,0,7.85,173.4
1500,5,2.000e-04,13.70439,0.49341,0.27579,0.18923,0.75241,0.17990,0.52387,0.62083,0.29011,0.33073,40.62761,33.10314,0,8.15,185.6
1600,5,2.000e-04,5.48403,0.30429,0.09590,0.16899,0.17312,0.16909,0.16345,0.49624,0.29013,0.20611,31.44944,16.02402,0,7.97,198.2
1700,5,2.000e-04,7.95199,0.42777,0.24480,0.23548,0.29189,0.20504,0.19610,0.49971,0.26384,0.23586,40.63649,15.14123,0,8.07,210.6
1800,6,2.000e-04,5.26071,0.25468,0.39286,0.14115,0.17551,0.12710,0.16222,0.56824,0.26409,0.30415,21.42570,27.35098,0,7.94,223.2
1900,6,2.000e-04,6.21455,0.37142,0.42400,0.17411,0.21133,0.12543,0.18751,0.55892,0.33966,0.21927,27.96203,12.41584,0,7.84,235.9
2000,6,2.000e-04,7.00098,0.32542,0.45872,0.17993,0.25488,0.16558,0.20816,0.58238,0.38187,0.20052,33.33255,25.59595,0,7.88,248.6
2100,7,2.000e-04,5.49772,0.38450,0.26181,0.16595,0.16035,0.12725,0.19044,0.42284,0.17671,0.24613,29.04957,16.64116,0,7.94,261.2
2200,7,2.000e-04,6.42650,0.43116,0.17589,0.22957,0.16630,0.22096,0.15118,0.63283,0.30706,0.32577,32.88808,30.63391,0,7.90,273.8
2300,7,2.000e-04,5.24059,0.17245,0.21410,0.19248,0.13618,0.17749,0.13601,0.45732,0.28998,0.16734,30.79729,12.40255,0,7.97,286.4
2400,8,2.000e-04,9.75307,0.28579,0.28628,0.18169,0.41903,0.19257,0.44219,0.52953,0.28941,0.24012,41.30178,13.50029,0,7.90,299.0
2500,8,2.000e-04,5.85602,0.33315,0.29221,0.21786,0.14540,0.20244,0.11716,0.53587,0.25719,0.27868,24.21472,23.52155,0,7.88,311.7
2600,8,2.000e-04,5.81524,0.21866,0.45099,0.17482,0.18881,0.16867,0.13319,0.50506,0.22621,0.27885,26.19138,23.17423,0,8.14,324.0
2700,9,2.000e-04,11.70813,0.27303,0.42674,0.21592,0.55170,0.20659,0.45985,0.46905,0.15759,0.31145,41.28431,20.74288,0,8.02,336.5
2800,9,2.000e-04,5.74695,0.26724,0.24402,0.16626,0.18383,0.16182,0.18515,0.54511,0.23923,0.30588,27.00151,14.66335,0,8.03,348.9
2900,9,2.000e-04,6.41237,0.31617,0.32288,0.20512,0.19712,0.20098,0.14921,0.33391,0.10517,0.22874,19.49922,9.21357,0,8.11,361.3
3000,10,2.000e-04,10.92265,0.30863,0.57997,0.48388,0.20117,0.48557,0.15112,0.40499,0.17103,0.23397,60.12682,9.89267,0,1.52,427.0
3100,10,2.000e-04,6.63127,0.25365,0.18708,0.19403,0.21124,0.20790,0.21967,0.50459,0.24513,0.25946,23.72798,11.13344,0,7.59,440.2
3200,10,2.000e-04,6.55269,0.24434,0.29667,0.14752,0.25297,0.14492,0.25643,0.48317,0.20533,0.27784,27.29786,12.73871,0,7.99,452.7
3300,11,2.000e-04,6.93065,0.29999,0.43193,0.15778,0.21098,0.12493,0.37730,0.44851,0.22466,0.22385,32.16890,13.85113,0,7.76,465.6
3400,11,2.000e-04,5.06719,0.22394,0.61002,0.15227,0.11982,0.17031,0.13215,0.87380,0.60204,0.27176,22.96736,29.27818,0,8.69,477.1
3500,11,2.000e-04,5.63434,0.25149,0.17126,0.14542,0.22012,0.12302,0.18821,0.54650,0.26502,0.28149,29.54754,9.97949,0,8.81,488.5
3600,12,2.000e-04,9.89257,0.31807,0.40186,0.20712,0.43961,0.19234,0.34874,0.44934,0.20048,0.24886,43.42475,19.83124,0,8.93,499.6
3700,12,2.000e-04,12.20934,0.48346,0.26083,0.27821,0.50082,0.23766,0.49728,0.44284,0.13325,0.30959,36.73233,16.06480,0,9.90,509.8
3800,12,2.000e-04,5.04619,0.15392,0.15782,0.18074,0.14305,0.16947,0.12985,0.49704,0.27100,0.22605,24.15453,17.72591,0,8.06,522.2
3900,13,2.000e-04,6.15460,0.29357,0.15463,0.20469,0.17932,0.21249,0.16077,0.51671,0.26864,0.24807,25.43344,22.52706,0,7.90,534.8
4000,13,2.000e-04,6.80246,0.35162,0.37149,0.13939,0.29070,0.13277,0.22293,0.51061,0.23014,0.28047,38.74062,28.63109,0,7.87,547.5
4100,13,2.000e-04,8.33442,0.19302,0.57036,0.23158,0.32692,0.12672,0.27050,0.44703,0.18917,0.25786,39.80964,17.66665,0,8.86,558.8
4200,14,2.000e-04,4.99543,0.27119,0.33788,0.17651,0.12055,0.16989,0.11327,0.44079,0.16643,0.27436,24.49853,21.43870,0,8.07,571.2
4300,14,2.000e-04,10.55546,0.40934,0.30884,0.21164,0.45420,0.18238,0.45339,0.47480,0.23033,0.24447,32.64717,16.18768,0,8.24,583.4
4400,14,2.000e-04,8.01906,0.41140,0.33282,0.33804,0.14731,0.35110,0.13319,0.28954,0.13530,0.15424,28.91801,7.61313,0,8.02,595.8
4500,15,2.000e-04,7.89875,0.22368,0.02475,0.23700,0.30399,0.17573,0.27237,0.71355,0.42256,0.29100,39.62677,21.58452,0,8.24,608.0
4600,15,2.000e-04,7.69785,0.29764,0.13546,0.25189,0.28708,0.18293,0.19208,0.57182,0.34633,0.22549,56.14413,11.11166,0,7.81,620.8
4700,15,2.000e-04,4.68195,0.21938,0.37807,0.16413,0.12360,0.12976,0.11168,0.36375,0.21928,0.14447,21.45856,12.41527,0,7.91,633.4
4800,16,2.000e-04,4.90858,0.10768,0.49106,0.16650,0.11698,0.17535,0.11966,0.41550,0.17505,0.24045,21.71298,20.37897,0,7.76,646.3
4900,16,2.000e-04,6.48264,0.40932,0.52762,0.10930,0.28104,0.09860,0.22986,0.51022,0.20521,0.30500,26.71153,19.44872,0,8.68,657.8
5000,16,2.000e-04,5.39828,0.22902,0.47970,0.15097,0.16756,0.14814,0.15272,0.39720,0.19330,0.20390,18.55039,18.65039,0,8.03,670.3
5100,17,2.000e-04,6.40314,0.27423,0.32904,0.23031,0.16711,0.22841,0.13671,0.59830,0.30160,0.29670,30.45807,23.55859,0,7.90,682.9
5200,17,2.000e-04,5.10169,0.11372,0.25464,0.15265,0.16780,0.14809,0.15769,0.49447,0.26470,0.22977,19.06523,15.30071,0,7.84,695.7
5300,17,2.000e-04,4.54732,0.30728,0.44819,0.11457,0.14639,0.11295,0.12350,0.54675,0.23500,0.31175,16.06687,17.15293,0,8.11,708.0
5400,18,2.000e-04,4.85287,0.37719,0.34780,0.16439,0.13086,0.14581,0.08926,0.39639,0.20939,0.18700,19.88299,18.38688,0,8.54,719.7
5500,18,2.000e-04,5.66703,0.28888,0.18601,0.18104,0.16788,0.16792,0.17267,0.34205,0.09389,0.24815,21.15906,12.38908,0,7.79,732.6
5600,18,2.000e-04,7.00950,0.09184,0.51770,0.28769,0.14902,0.28458,0.12198,0.67408,0.41292,0.26116,31.26029,24.43102,0,7.84,745.3
5700,19,2.000e-04,6.98659,0.28511,0.31436,0.13296,0.30422,0.11022,0.29283,0.59537,0.24928,0.34609,28.16807,13.00712,0,7.87,758.0
5800,19,2.000e-04,5.20300,0.29157,0.27768,0.20824,0.10047,0.20721,0.10212,0.56696,0.22014,0.34682,22.69865,22.80658,0,7.93,770.6
5900,19,2.000e-04,6.62329,0.26649,0.45733,0.22238,0.19055,0.20209,0.15194,0.32688,0.19390,0.13298,21.49024,13.24918,0,8.30,782.7
6000,20,2.000e-04,6.89083,0.60407,0.46629,0.15768,0.22892,0.15845,0.23244,0.36789,0.15492,0.21298,24.29330,12.35281,0,1.46,851.2
6100,20,2.000e-04,5.63414,0.36173,0.82190,0.14104,0.16511,0.13090,0.14690,0.51467,0.23664,0.27802,26.11020,22.79627,0,7.31,864.9
6200,20,2.000e-04,8.81856,0.18700,0.48783,0.24466,0.27971,0.25717,0.32283,0.42188,0.21379,0.20809,38.97551,18.52617,0,7.79,877.7
6300,21,2.000e-04,6.51308,0.50806,0.39102,0.24751,0.13711,0.23484,0.11872,0.69110,0.27348,0.41762,31.79202,12.73507,0,8.15,890.0
6400,21,2.000e-04,5.42610,0.34486,0.31180,0.19438,0.12002,0.19342,0.13166,0.55412,0.21050,0.34362,14.76861,29.82555,0,8.11,902.3
6500,21,2.000e-04,6.89395,0.19997,0.67613,0.16167,0.24452,0.17371,0.21748,0.47448,0.21637,0.25811,28.99277,24.17010,0,7.90,914.9
6600,22,2.000e-04,4.97365,0.42309,0.19582,0.19327,0.13120,0.12586,0.09616,0.55413,0.18957,0.36456,49.98434,31.05796,0,8.97,926.1
6700,22,2.000e-04,6.13689,0.80312,0.35227,0.18095,0.14566,0.19597,0.14710,0.54377,0.21743,0.32634,22.26118,29.46028,0,7.89,938.8
6800,22,2.000e-04,5.60738,0.02820,0.43591,0.20790,0.15070,0.16867,0.14278,0.53519,0.37165,0.16354,32.38364,18.20938,0,7.97,951.3
6900,23,2.000e-04,5.49168,0.36037,0.66929,0.14973,0.14986,0.14870,0.14452,0.37053,0.13465,0.23588,21.91217,15.79351,0,7.94,963.9
7000,23,2.000e-04,5.44525,0.47640,0.64887,0.13855,0.16697,0.13946,0.11351,0.38684,0.19679,0.19005,22.70824,13.25599,0,7.89,976.6
7100,23,2.000e-04,6.69511,0.31986,0.46271,0.17335,0.23002,0.18684,0.18892,0.46947,0.24120,0.22827,33.99915,19.52277,0,7.70,989.6
7200,24,2.000e-04,5.89466,0.58592,0.20280,0.19835,0.15325,0.18904,0.12895,0.68351,0.37152,0.31199,17.54533,9.99620,0,8.03,1002.0
7300,24,2.000e-04,5.45305,0.20510,0.22685,0.14283,0.19408,0.17857,0.15185,0.49942,0.31118,0.18824,26.40209,19.80953,0,7.82,1014.8
7400,24,2.000e-04,7.46972,0.84297,0.79466,0.18664,0.20647,0.16113,0.21906,0.63435,0.37166,0.26269,32.35373,21.50519,0,7.80,1027.6
7500,25,2.000e-04,6.04338,0.45658,0.51174,0.19181,0.16270,0.17287,0.13312,0.44102,0.21471,0.22631,25.77369,15.04306,0,7.77,1040.5
7600,25,2.000e-04,4.95739,0.33974,0.33944,0.18521,0.10698,0.14933,0.12194,0.26710,0.15863,0.10847,21.78160,21.20735,0,7.85,1053.2
7700,25,2.000e-04,6.74787,0.10190,0.36035,0.20665,0.20061,0.25713,0.18549,0.58088,0.28050,0.30039,40.66122,24.93941,0,7.82,1066.0
7800,26,2.000e-04,7.01059,0.63200,0.61041,0.10205,0.29865,0.09291,0.25932,0.32013,0.20956,0.11057,31.18824,11.65495,0,7.94,1078.6
7900,26,2.000e-04,5.72862,0.33327,1.04266,0.14937,0.16804,0.14036,0.09537,0.49934,0.25214,0.24720,26.31742,23.73096,0,8.23,1090.8
8000,26,2.000e-04,7.71696,0.27920,0.90569,0.25890,0.20534,0.25329,0.12466,0.37084,0.18217,0.18866,27.91538,16.21786,0,7.79,1103.6
8100,27,2.000e-04,6.79089,0.30587,0.21024,0.18494,0.24189,0.22780,0.17349,0.53349,0.19537,0.33811,36.60305,19.25949,0,7.96,1116.2
8200,27,2.000e-04,5.64861,0.46150,0.31529,0.18484,0.14943,0.19572,0.11012,0.35579,0.21339,0.14240,22.94349,13.84102,0,7.86,1128.9
8300,27,2.000e-04,5.41801,0.39401,0.78949,0.22201,0.07124,0.20266,0.05775,0.33537,0.22651,0.10886,19.90206,22.74092,0,7.81,1141.7
8400,28,2.000e-04,6.67536,0.52261,0.22256,0.22513,0.19901,0.20101,0.13675,0.27836,0.12072,0.15764,26.83120,9.31458,0,8.00,1154.2
8500,28,2.000e-04,6.64660,0.15456,0.81598,0.13995,0.22825,0.12383,0.27498,0.68419,0.25194,0.43225,31.18708,24.66428,0,7.98,1166.7
8600,28,2.000e-04,8.68351,0.37341,0.60749,0.21440,0.33008,0.22773,0.22383,0.26594,0.17518,0.09076,34.09323,20.36500,0,7.86,1179.5
8700,29,2.000e-04,5.03079,0.53076,0.37825,0.14226,0.14812,0.13786,0.10574,0.38938,0.15268,0.23670,19.03860,16.99614,0,7.86,1192.2
8800,29,2.000e-04,7.22407,0.53447,0.50047,0.21466,0.18939,0.22743,0.20231,0.34899,0.20786,0.14113,23.41751,10.96322,0,7.88,1204.9
8900,29,2.000e-04,6.38342,0.18144,0.17660,0.17665,0.24799,0.15975,0.19604,0.39510,0.16519,0.22991,25.81022,12.97996,0,7.83,1217.6
9000,30,2.000e-04,5.91431,0.45031,0.28017,0.14249,0.19510,0.18498,0.17661,0.44124,0.23404,0.20720,29.27294,11.76976,0,1.45,1286.6
9100,30,2.000e-04,5.18165,0.33100,0.58625,0.14859,0.15317,0.13899,0.11037,0.31267,0.14285,0.16982,20.55890,11.21699,0,7.56,1299.8
9200,30,2.000e-04,6.43029,0.22688,0.38518,0.27255,0.12247,0.25121,0.12240,0.58982,0.32342,0.26639,30.37463,24.90581,0,7.87,1312.5
9300,31,2.000e-04,5.83569,0.06133,0.23100,0.22443,0.15633,0.22456,0.12259,0.49728,0.12571,0.37157,26.98989,17.77220,0,8.29,1324.6
9400,31,2.000e-04,6.12953,0.28501,0.34475,0.23059,0.17171,0.18157,0.11377,0.54865,0.38540,0.16325,33.86849,15.27128,0,8.49,1336.4
9500,31,2.000e-04,6.09416,0.68756,0.75676,0.17339,0.13308,0.16751,0.14952,0.42273,0.05125,0.37148,18.32559,22.73738,0,9.21,1347.2
9600,32,2.000e-04,5.61335,0.27314,0.47655,0.16872,0.15859,0.15493,0.16319,0.79111,0.57192,0.21919,19.63937,17.64815,0,8.28,1359.3
9700,32,2.000e-04,5.46573,0.36362,0.55013,0.19028,0.11344,0.19652,0.10644,0.53469,0.16247,0.37222,23.79110,15.03880,0,9.13,1370.3
9800,32,2.000e-04,6.15756,0.28403,0.42892,0.13568,0.27022,0.12565,0.15147,0.42574,0.18207,0.24367,35.56512,12.48480,0,7.89,1382.9
9900,33,2.000e-04,7.60152,0.45036,0.84214,0.28666,0.13853,0.27773,0.13368,0.65252,0.34854,0.30397,22.44738,28.22507,0,7.85,1395.7
10000,33,2.000e-04,7.69843,0.61350,0.28679,0.28728,0.17937,0.25662,0.16970,0.25763,0.12740,0.13023,27.28057,8.51515,0,7.89,1408.3
10100,33,2.000e-04,4.52591,0.27128,0.14588,0.14801,0.13834,0.15403,0.09503,0.40587,0.23737,0.16849,19.58072,16.73320,0,7.87,1421.0
10200,34,2.000e-04,6.95157,0.24619,0.27986,0.20283,0.22401,0.17072,0.26072,0.52800,0.18779,0.34021,30.81064,8.45304,0,7.97,1433.6
10300,34,2.000e-04,7.23802,0.69177,1.09316,0.23875,0.13031,0.23251,0.11998,0.32073,0.15969,0.16104,28.60682,17.66204,0,7.84,1446.3
10400,34,2.000e-04,5.69490,0.59987,0.17728,0.20127,0.13869,0.19558,0.10805,0.59182,0.26985,0.32197,27.54695,20.19097,0,7.87,1459.0
10500,35,2.000e-04,6.92888,0.65283,0.48192,0.17742,0.21890,0.16260,0.20359,0.44680,0.13036,0.31645,25.11710,14.32572,0,7.95,1471.6
10600,35,2.000e-04,4.32705,0.48758,0.25853,0.10134,0.13735,0.08914,0.14966,0.49907,0.22890,0.27017,15.46496,15.75484,0,7.88,1484.3
10700,35,2.000e-04,3.68079,0.21964,0.57368,0.11071,0.07645,0.13179,0.07139,0.44886,0.14969,0.29917,15.92169,11.35571,0,8.48,1496.1
10800,36,2.000e-04,3.96458,0.40864,0.66550,0.09534,0.09039,0.11047,0.09615,0.36467,0.18207,0.18260,11.49491,6.36741,0,7.86,1508.8
10900,36,2.000e-04,9.73906,0.31506,0.59299,0.25659,0.33113,0.25459,0.33617,0.41080,0.27979,0.13101,31.62224,17.63118,0,7.80,1521.6
11000,36,2.000e-04,6.92867,0.28322,0.19417,0.22811,0.24887,0.20277,0.13352,0.60668,0.35514,0.25154,36.04203,13.26049,0,7.85,1534.4
11100,37,2.000e-04,7.22059,0.57377,0.54721,0.26761,0.16553,0.24566,0.10797,0.33397,0.19396,0.14001,27.77162,21.48590,0,7.81,1547.2
11200,37,2.000e-04,6.07718,0.81750,0.34023,0.20091,0.11339,0.25624,0.09904,0.48072,0.16432,0.31640,22.23144,20.25212,0,8.00,1559.7
11300,37,2.000e-04,4.98429,0.23104,0.17074,0.15878,0.15448,0.14925,0.14075,0.24428,0.14633,0.09794,14.83274,19.92971,0,7.85,1572.4
11400,38,2.000e-04,6.27595,0.29026,0.37628,0.20976,0.17085,0.22332,0.13735,0.43840,0.18917,0.24922,20.49090,8.31351,0,7.87,1585.1
11500,38,2.000e-04,4.42801,0.38269,0.20358,0.15557,0.11705,0.16129,0.06182,0.39283,0.17889,0.21394,23.45692,15.50576,0,7.82,1597.9
11600,38,2.000e-04,5.03582,0.26090,0.23993,0.14134,0.16217,0.15944,0.14054,0.70096,0.51250,0.18846,23.96295,18.70950,0,8.09,1610.3
11700,39,2.000e-04,6.03109,0.19221,0.72901,0.12491,0.21860,0.12660,0.20836,0.60815,0.35783,0.25032,26.37997,15.88086,0,8.65,1621.9
11800,39,2.000e-04,4.94878,0.41983,0.37097,0.18298,0.11470,0.15036,0.08587,0.40885,0.17338,0.23547,21.97806,6.62482,0,7.87,1634.6
11900,39,2.000e-04,7.36444,0.22687,0.37222,0.24086,0.21100,0.25890,0.19046,0.18977,0.07555,0.11422,22.94494,8.21150,0,7.89,1647.2
12000,40,2.000e-04,8.24273,0.32942,0.23201,0.13523,0.38030,0.11891,0.38629,0.53128,0.32434,0.20694,25.64192,23.85015,0,1.52,1712.8
12100,40,2.000e-04,4.90699,0.28854,0.51807,0.11672,0.15345,0.13834,0.14141,0.27594,0.13341,0.14253,29.70373,11.04790,0,7.38,1726.4
12200,40,2.000e-04,7.03270,0.41119,0.46768,0.26827,0.14414,0.27225,0.13369,0.32909,0.05031,0.27878,22.27369,13.90019,0,7.84,1739.2
12300,41,2.000e-04,4.15457,0.35116,0.44827,0.13780,0.12225,0.09708,0.05385,0.20466,0.08332,0.12134,25.37567,11.58176,0,7.87,1751.9
12400,41,2.000e-04,4.99347,0.93797,0.44379,0.12875,0.12703,0.12669,0.08410,0.45961,0.26170,0.19792,17.37492,31.57492,0,7.95,1764.4
12500,41,2.000e-04,4.82878,0.50866,0.60665,0.16389,0.08687,0.15723,0.08394,0.25514,0.20846,0.04668,24.15819,8.13842,0,7.89,1777.1
12600,42,2.000e-04,5.40929,0.30877,0.33200,0.13907,0.18132,0.15620,0.15671,0.57047,0.22304,0.34743,23.69341,11.75617,0,7.85,1789.8
12700,42,2.000e-04,5.57760,0.16285,0.35319,0.13431,0.20992,0.13585,0.18798,0.44141,0.21235,0.22906,18.73490,23.16415,0,7.84,1802.6
12800,42,2.000e-04,4.77913,0.39331,0.20475,0.16326,0.10626,0.17237,0.12479,0.31160,0.22016,0.09144,16.13040,7.06354,0,7.85,1815.3
12900,43,2.000e-04,5.41956,0.45368,0.29254,0.19129,0.11190,0.20339,0.12489,0.63677,0.37277,0.26400,24.14883,16.57053,0,7.88,1828.0
13000,43,2.000e-04,4.48826,0.05527,0.09890,0.16001,0.14124,0.12500,0.13932,0.67802,0.25743,0.42059,25.89981,24.23658,0,7.91,1840.6
13100,43,2.000e-04,4.54717,0.13067,0.35125,0.15755,0.11803,0.14574,0.11616,0.55714,0.33831,0.21883,16.12178,16.45502,0,7.90,1853.3
13200,44,2.000e-04,4.34420,0.32177,0.31228,0.11123,0.13361,0.13127,0.12108,0.35091,0.20646,0.14445,15.90206,7.69761,0,7.90,1866.0
13300,44,2.000e-04,5.13020,0.22165,0.66134,0.16714,0.11134,0.18697,0.10551,0.19230,0.08306,0.10925,19.75690,11.70997,0,7.93,1878.6
13400,44,2.000e-04,5.62307,0.03752,0.22975,0.18536,0.16875,0.19670,0.16623,0.75112,0.41725,0.33387,18.64756,18.80232,0,7.86,1891.3
13500,45,2.000e-04,5.12193,0.59446,0.43844,0.15474,0.11794,0.15351,0.11893,0.41086,0.09041,0.32046,18.04431,10.82462,0,7.99,1903.8
13600,45,2.000e-04,8.70623,0.98591,0.14217,0.17146,0.32515,0.16370,0.35871,0.39155,0.12957,0.26198,30.64206,19.42263,0,8.05,1916.2
13700,45,2.000e-04,4.39283,0.46412,0.10638,0.14721,0.12197,0.13318,0.09293,0.84193,0.50653,0.33540,18.66476,25.56056,0,7.85,1929.0
13800,46,2.000e-04,5.12070,0.16086,0.35410,0.17452,0.14556,0.14470,0.13628,0.59150,0.28410,0.30740,21.79051,15.27001,0,7.97,1941.5
13900,46,2.000e-04,7.25091,0.63186,0.36123,0.26149,0.16849,0.24955,0.14205,0.34678,0.13119,0.21559,29.93219,9.59003,0,7.83,1954.3
14000,46,2.000e-04,4.95090,0.03481,0.43017,0.14491,0.09945,0.30068,0.10778,0.41486,0.17859,0.23627,23.78304,14.27034,0,7.87,1967.0
14100,47,2.000e-04,6.05444,0.83238,0.07679,0.14723,0.18106,0.19056,0.18192,0.89237,0.48034,0.41204,46.20438,34.24451,0,8.03,1979.5
14200,47,2.000e-04,4.27299,0.89437,0.10536,0.10437,0.12697,0.08254,0.10943,0.51660,0.16247,0.35413,17.15350,17.09934,0,8.24,1991.6
14300,47,2.000e-04,5.29899,0.75963,0.32714,0.15359,0.13329,0.14614,0.12254,0.38667,0.29687,0.08980,19.28731,13.11913,0,7.92,2004.2
14400,48,2.000e-04,4.01724,0.55627,0.16877,0.08960,0.13205,0.08502,0.13011,0.49334,0.20213,0.29121,9.68350,23.33754,0,7.94,2016.8
14500,48,2.000e-04,5.56206,0.22374,0.51178,0.14989,0.16962,0.17079,0.15550,0.35328,0.26641,0.08687,24.41430,13.06614,0,7.93,2029.4
14600,48,2.000e-04,4.54647,0.28211,0.03472,0.10797,0.19142,0.09328,0.15388,0.80743,0.57334,0.23409,18.82347,21.03244,0,7.85,2042.1
14700,49,2.000e-04,4.14219,0.32489,0.38377,0.13400,0.09576,0.12202,0.10515,0.29410,0.18791,0.10619,11.32090,14.19155,0,7.88,2054.8
14800,49,2.000e-04,3.59808,0.28068,0.16392,0.11259,0.10293,0.10788,0.09177,0.30622,0.15830,0.14791,14.34754,19.65736,0,8.00,2067.3
14900,49,2.000e-04,6.30451,0.07184,0.51886,0.11092,0.28007,0.12035,0.24044,0.65396,0.34869,0.30527,26.34211,15.01287,0,7.82,2080.1
15000,50,2.000e-04,5.15319,0.39093,0.84182,0.17941,0.10614,0.13473,0.07826,0.55234,0.43829,0.11405,29.52217,18.87615,0,1.22,2162.1
15100,50,2.000e-04,4.68438,0.41279,0.19089,0.10457,0.17001,0.10518,0.16180,0.45985,0.21631,0.24354,22.23664,8.50131,0,7.51,2175.4
15200,50,2.000e-04,5.14843,0.03625,0.77239,0.15456,0.14331,0.14726,0.12497,0.68946,0.34753,0.34193,18.02775,31.47099,0,7.81,2188.2
15300,51,2.000e-04,5.12904,0.40348,0.09646,0.17133,0.15178,0.13906,0.14053,0.58915,0.29980,0.28935,25.38695,25.06598,0,7.77,2201.1
15400,51,2.000e-04,3.53349,0.37627,0.30965,0.11717,0.07543,0.12486,0.05946,0.46659,0.32804,0.13855,12.75643,16.08958,0,7.91,2213.7
15500,51,2.000e-04,5.55695,0.86410,0.36158,0.14162,0.17087,0.12495,0.11633,0.28131,0.08401,0.19730,23.05636,9.77208,0,7.74,2226.6
15600,52,2.000e-04,4.49266,0.18064,0.31860,0.16550,0.11669,0.13702,0.09727,0.40772,0.20805,0.19966,20.36878,11.30832,0,7.73,2239.6
15700,52,2.000e-04,3.98893,0.24906,0.55809,0.10555,0.10063,0.11645,0.10754,0.51757,0.34084,0.17673,17.05076,12.59293,0,7.83,2252.4
15800,52,2.000e-04,5.28126,0.42966,0.47241,0.17473,0.12048,0.16765,0.11776,0.29566,0.13502,0.16064,17.32121,9.17666,0,7.83,2265.1
15900,53,2.000e-04,5.82822,0.50247,0.31236,0.12037,0.21036,0.13015,0.21106,0.57480,0.39322,0.18158,16.06222,13.80361,0,7.91,2277.8
16000,53,2.000e-04,4.42583,0.37574,0.26619,0.10847,0.14516,0.12993,0.11960,0.47365,0.22371,0.24993,15.40057,10.19216,0,7.81,2290.6
16100,53,2.000e-04,3.69541,0.05542,0.30419,0.11369,0.11484,0.11991,0.09020,0.70792,0.22886,0.47906,11.99984,9.59623,0,7.81,2303.4
16200,54,2.000e-04,7.02065,1.08586,1.02434,0.23267,0.10928,0.19528,0.10290,0.77884,0.51998,0.25886,18.19408,31.89051,0,7.85,2316.1
16300,54,2.000e-04,5.77481,1.03747,0.01915,0.12118,0.20050,0.12880,0.17147,0.58225,0.32343,0.25882,17.78735,22.52309,0,7.85,2328.9
16400,54,2.000e-04,5.62459,0.60631,0.21995,0.12330,0.20937,0.13850,0.15582,0.31856,0.13832,0.18024,22.45502,8.24608,0,7.90,2341.5
16500,55,2.000e-04,5.14756,0.12330,0.48415,0.11536,0.18264,0.14146,0.17056,0.42920,0.28999,0.13921,15.07766,12.19798,0,7.83,2354.3
16600,55,2.000e-04,4.79131,0.26009,0.53118,0.12087,0.17032,0.10150,0.11613,0.57581,0.20999,0.36582,20.95258,9.92534,0,7.83,2367.1
16700,55,2.000e-04,8.38688,0.26882,0.54268,0.26982,0.23241,0.31160,0.19902,0.45874,0.21944,0.23930,34.76476,21.77730,0,7.86,2379.8
16800,56,2.000e-04,4.76803,0.20482,0.17269,0.14782,0.16299,0.13253,0.12394,0.57931,0.36868,0.21064,18.85410,11.89617,0,7.91,2392.4
16900,56,2.000e-04,4.75732,0.03094,0.36819,0.13562,0.16370,0.13288,0.14013,0.72655,0.36285,0.36370,22.23182,14.64359,0,8.26,2404.5
17000,56,2.000e-04,3.86181,0.41476,0.23240,0.09343,0.11915,0.10232,0.11545,0.77400,0.50416,0.26984,13.94425,11.81952,0,8.38,2416.5
17100,57,2.000e-04,7.57471,0.41993,0.59157,0.34818,0.10739,0.30442,0.09709,0.49418,0.26760,0.22658,26.93488,9.85724,0,8.08,2428.9
17200,57,2.000e-04,4.23545,0.52014,0.07887,0.09078,0.15881,0.08421,0.14392,0.34892,0.22782,0.12110,15.38174,12.24592,0,7.98,2441.4
17300,57,2.000e-04,5.05778,0.65288,0.04882,0.16259,0.12541,0.18422,0.11100,0.50467,0.19052,0.31415,26.33162,11.35740,0,7.96,2454.0
17400,58,2.000e-04,6.26473,0.21276,0.62511,0.17154,0.17707,0.20621,0.18196,0.42117,0.31393,0.10724,27.33769,18.14738,0,7.86,2466.7
17500,58,2.000e-04,5.50563,0.24349,0.45178,0.15731,0.19861,0.09927,0.15094,0.45717,0.26580,0.19137,24.26780,9.36433,0,7.89,2479.4
17600,58,2.000e-04,4.23418,0.46503,0.61203,0.13381,0.09149,0.11455,0.06629,0.53520,0.33488,0.20032,19.91953,17.41937,0,7.85,2492.1
17700,59,2.000e-04,4.27610,0.12527,0.87614,0.12173,0.10245,0.12863,0.07796,0.39728,0.16995,0.22734,20.66151,17.55050,0,7.82,2504.9
17800,59,2.000e-04,4.22544,0.51292,0.18632,0.11012,0.12082,0.13444,0.10891,0.47561,0.24029,0.23532,16.96239,13.82671,0,8.52,2516.6
17900,59,2.000e-04,5.46441,0.48617,0.59321,0.18540,0.11244,0.18014,0.10118,0.52742,0.25191,0.27551,19.55157,11.27946,0,8.56,2528.3
18000,60,2.000e-04,4.49317,0.81093,0.33260,0.12783,0.09154,0.11774,0.11345,0.56296,0.27939,0.28356,18.32198,14.77426,0,1.20,2611.8
18100,60,2.000e-04,4.10935,0.40057,0.61755,0.11116,0.08801,0.14522,0.07469,0.29447,0.21815,0.07632,26.05876,8.26276,0,7.51,2625.2
18200,60,2.000e-04,5.47302,0.40741,0.22379,0.10310,0.22894,0.07913,0.22515,0.45083,0.24637,0.20446,29.52166,10.69154,0,7.92,2637.8
18300,61,2.000e-04,5.18113,0.26181,0.40609,0.15727,0.13901,0.15713,0.15296,0.52174,0.22742,0.29432,25.43243,11.76367,0,8.09,2650.1
18400,61,2.000e-04,6.60264,0.17213,0.18703,0.12337,0.26691,0.10584,0.36230,0.78938,0.36196,0.42742,33.66106,16.60890,0,7.85,2662.9
18500,61,2.000e-04,5.35263,0.35742,0.75528,0.10609,0.20800,0.09732,0.12249,0.37089,0.10928,0.26161,26.28589,18.71513,0,7.89,2675.6
18600,62,2.000e-04,7.87744,0.60121,0.40331,0.08238,0.38135,0.06680,0.38032,0.56763,0.29744,0.27018,21.80492,8.95691,0,7.86,2688.3
18700,62,2.000e-04,5.18879,0.60587,0.38102,0.19455,0.11219,0.11394,0.11297,0.31417,0.17274,0.14144,39.53074,12.80794,0,7.77,2701.2
18800,62,2.000e-04,5.79254,0.56408,0.79274,0.18294,0.11507,0.18512,0.10601,0.48071,0.34663,0.13408,31.13354,12.81285,0,7.85,2713.9
18900,63,2.000e-04,3.83057,0.23388,0.40554,0.12090,0.10202,0.12668,0.06570,0.49439,0.15097,0.34342,20.34141,18.30051,0,7.94,2726.5
19000,63,2.000e-04,3.79239,0.84241,0.34676,0.09106,0.09079,0.08181,0.07512,0.48878,0.17521,0.31357,17.12254,11.73852,0,7.98,2739.0
19100,63,2.000e-04,9.72613,0.77537,0.35784,0.43317,0.14327,0.42722,0.13849,0.55742,0.29036,0.26706,25.22847,21.64317,0,7.82,2751.8
19200,64,2.000e-04,3.84979,0.14119,0.20582,0.14735,0.09026,0.14152,0.08381,0.41132,0.20259,0.20874,14.58813,12.52476,0,7.95,2764.4
19300,64,2.000e-04,5.35232,0.28168,0.21540,0.16422,0.16977,0.16126,0.14181,0.40504,0.22535,0.17968,19.24787,14.30844,0,7.90,2777.1
19400,64,2.000e-04,4.79986,0.42227,0.21159,0.13736,0.14702,0.10974,0.15470,0.56061,0.18889,0.37171,21.07920,8.75592,0,7.93,2789.7
19500,65,2.000e-04,3.76751,0.02957,0.69284,0.11202,0.10441,0.10623,0.06992,0.37325,0.18401,0.18925,33.35032,12.51201,0,7.90,2802.3
19600,65,2.000e-04,4.11357,0.73381,0.18917,0.10022,0.11846,0.10821,0.09254,0.32078,0.25230,0.06848,27.24022,21.34083,0,7.92,2814.9
19700,65,2.000e-04,4.21915,0.05807,0.50873,0.13047,0.12835,0.11573,0.09711,0.77538,0.44492,0.33046,16.64197,23.83242,0,8.01,2827.4
19800,66,2.000e-04,4.56887,0.52040,0.52033,0.15143,0.08816,0.13855,0.08791,0.23037,0.09234,0.13803,17.83854,7.82681,0,7.95,2840.0
19900,66,2.000e-04,6.76588,0.28178,0.35025,0.12235,0.32758,0.11910,0.20781,0.39704,0.06365,0.33338,27.55922,6.68142,0,7.78,2852.9
20000,66,2.000e-04,3.66823,0.24331,0.21651,0.12674,0.08388,0.13306,0.08738,0.55262,0.26481,0.28782,15.42394,12.82264,0,7.81,2865.7
20100,67,2.000e-04,7.28760,0.55112,0.43074,0.19226,0.21963,0.21995,0.21741,0.48528,0.14053,0.34475,22.28463,11.49527,0,7.89,2878.3
20200,67,2.000e-04,6.42465,0.65145,0.42577,0.07500,0.28086,0.09721,0.26056,0.44470,0.15676,0.28793,23.26757,21.43229,0,7.88,2891.0
20300,67,2.000e-04,4.75121,0.35284,0.58159,0.15400,0.12137,0.12490,0.08772,0.36598,0.15678,0.20919,19.15031,11.00234,0,7.85,2903.8
20400,68,2.000e-04,4.18222,0.31060,0.40345,0.14623,0.09047,0.13155,0.08870,0.35973,0.28023,0.07950,18.60428,12.53454,0,7.86,2916.5
20500,68,2.000e-04,4.57048,0.70382,0.39554,0.11345,0.13728,0.09555,0.09723,0.23631,0.16944,0.06687,22.91257,4.67815,0,7.96,2929.0
20600,68,2.000e-04,3.94417,0.47668,0.23401,0.10119,0.11696,0.10844,0.10194,0.41624,0.22428,0.19196,14.83844,13.09731,0,7.77,2941.9
20700,69,2.000e-04,9.71382,0.38813,0.19219,0.13652,0.48586,0.15519,0.42674,0.23240,0.09398,0.13841,24.93855,5.23366,0,7.91,2954.5
20800,69,2.000e-04,5.28984,0.35744,0.33241,0.16635,0.13835,0.16891,0.14169,0.49407,0.36253,0.13154,25.82077,12.28471,0,7.87,2967.2
20900,69,2.000e-04,4.46299,0.37587,0.07961,0.11765,0.15174,0.10598,0.15674,0.50405,0.30750,0.19655,18.08964,7.30798,0,7.88,2979.9
21000,70,2.000e-04,6.17764,0.50995,0.66813,0.10201,0.24535,0.08381,0.22138,0.52792,0.32864,0.19928,23.56380,8.86723,0,1.29,3057.3
21100,70,2.000e-04,4.72684,0.33511,0.69436,0.13191,0.12113,0.13014,0.10325,0.64403,0.36870,0.27534,20.94724,8.46559,0,7.29,3071.0
21200,70,2.000e-04,3.36604,0.10966,0.35574,0.09901,0.09411,0.09052,0.10337,0.25805,0.10586,0.15219,13.82235,12.44025,0,7.89,3083.6
21300,71,2.000e-04,4.63804,0.29058,0.32141,0.11461,0.15816,0.11149,0.14819,0.59797,0.32405,0.27392,17.03867,16.41502,0,7.85,3096.4
21400,71,2.000e-04,3.71779,0.31842,0.17756,0.13750,0.07883,0.13935,0.07234,0.33192,0.16132,0.17060,18.53204,10.02731,0,7.85,3109.1
21500,71,2.000e-04,3.76662,0.29448,0.56683,0.11752,0.08217,0.09392,0.08775,0.43156,0.21665,0.21491,17.07588,15.72840,0,7.93,3121.7
21600,72,2.000e-04,4.41706,0.08310,0.77517,0.11085,0.12198,0.13262,0.11347,0.62655,0.24799,0.37856,23.21123,22.50337,0,8.04,3134.2
21700,72,2.000e-04,3.48264,0.47165,0.36400,0.09662,0.08496,0.08800,0.07824,0.47171,0.32252,0.14919,20.06185,9.00909,0,7.92,3146.8
21800,72,2.000e-04,5.14052,0.39252,0.29001,0.14671,0.15846,0.14192,0.13933,0.22905,0.13384,0.09521,24.52015,5.59581,0,7.96,3159.3
21900,73,2.000e-04,6.44073,0.29407,0.17616,0.08972,0.31278,0.08050,0.30859,0.34408,0.19163,0.15245,25.86448,13.17429,0,8.06,3171.8
22000,73,2.000e-04,3.47040,0.19792,0.24788,0.08232,0.10756,0.10454,0.12062,0.57227,0.37323,0.19904,18.38913,10.21593,0,8.05,3184.2
22100,73,2.000e-04,4.75043,0.27210,0.18248,0.15625,0.12541,0.20857,0.08729,0.42862,0.26542,0.16319,19.21624,11.62071,0,8.65,3195.7
22200,74,2.000e-04,4.12660,0.16181,0.50260,0.13445,0.10936,0.11248,0.09233,0.33937,0.22755,0.11182,19.53234,10.22630,0,8.06,3208.2
22300,74,2.000e-04,5.33845,0.38821,0.72506,0.12504,0.16652,0.11400,0.14792,0.22900,0.07676,0.15224,23.51452,8.04944,0,8.03,3220.6
22400,74,2.000e-04,4.54905,0.31784,0.10140,0.12166,0.16125,0.11680,0.14333,0.36998,0.12455,0.24543,18.64013,9.41701,0,8.27,3232.7
22500,75,2.000e-04,5.52856,0.44414,0.50502,0.13149,0.17186,0.09693,0.21224,0.40921,0.18216,0.22705,21.64680,6.99269,0,7.87,3245.4
22600,75,2.000e-04,3.72933,0.30229,0.69640,0.08475,0.11159,0.07495,0.07849,0.35208,0.24502,0.10706,22.10596,11.82443,0,7.86,3258.1
22700,75,2.000e-04,3.15099,0.34370,0.53825,0.07343,0.08089,0.08410,0.06105,0.26479,0.09480,0.16999,12.66616,12.99907,0,8.05,3270.6
22800,76,2.000e-04,5.74664,0.44773,0.67431,0.16528,0.16762,0.15681,0.10231,0.30899,0.13113,0.17786,21.24292,13.23028,0,8.48,3282.4
22900,76,2.000e-04,5.56691,0.74841,0.17558,0.14452,0.20157,0.12812,0.10827,0.27917,0.13358,0.14560,21.96203,14.53147,0,8.18,3294.6
23000,76,2.000e-04,5.05071,0.35705,0.54801,0.11631,0.16062,0.09878,0.17651,0.35733,0.16233,0.19501,15.45784,13.51971,0,7.88,3307.3
23100,77,2.000e-04,6.38388,0.52423,0.82091,0.17194,0.16545,0.17702,0.15596,0.23372,0.16472,0.06900,30.69371,17.54802,0,7.99,3319.8
23200,77,2.000e-04,6.27887,0.25530,0.21899,0.22726,0.13839,0.34073,0.08888,0.28129,0.07829,0.20301,20.86177,11.31313,0,7.95,3332.4
23300,77,2.000e-04,6.46918,0.16933,0.34964,0.11535,0.30923,0.11532,0.22555,0.72059,0.35629,0.36430,44.83466,32.76043,0,7.88,3345.1
23400,78,2.000e-04,5.91374,0.19458,0.70073,0.21372,0.12196,0.23880,0.09354,0.44611,0.17318,0.27293,25.76768,7.99964,0,8.06,3357.5
23500,78,2.000e-04,3.92399,0.46794,0.26726,0.08373,0.13086,0.08195,0.12663,0.59041,0.17904,0.41137,16.87641,9.74183,0,8.35,3369.4
23600,78,2.000e-04,4.08645,0.64196,0.14150,0.11326,0.11077,0.10106,0.11149,0.42331,0.10383,0.31948,20.06680,10.99071,0,7.98,3382.0
23700,79,2.000e-04,6.66412,0.40639,0.08130,0.14478,0.23215,0.20511,0.27631,0.49631,0.31062,0.18569,26.82540,12.21924,0,8.00,3394.5
23800,79,2.000e-04,3.52427,0.07857,0.26802,0.10337,0.10890,0.11373,0.09728,0.60368,0.27684,0.32684,14.74682,22.12526,0,7.97,3407.0
23900,79,2.000e-04,5.35951,0.64673,0.21799,0.19412,0.11466,0.20009,0.08129,0.41173,0.15038,0.26135,23.36890,16.45930,0,7.91,3419.7
24000,80,2.000e-04,4.96803,0.45506,0.16014,0.09448,0.19795,0.09065,0.19506,0.45109,0.21359,0.23751,14.27635,13.08204,0,1.13,3507.9
24100,80,2.000e-04,3.55861,0.10852,0.18533,0.12489,0.09256,0.11690,0.10115,0.85270,0.43925,0.41345,19.62131,7.38071,0,7.47,3521.3
24200,80,2.000e-04,4.42246,0.31045,0.54480,0.12696,0.10358,0.14970,0.10266,0.26149,0.12965,0.13184,17.54287,8.21251,0,7.90,3533.9
24300,81,2.000e-04,5.19466,0.85929,0.58244,0.14032,0.09930,0.16110,0.11024,0.55477,0.21481,0.33996,21.04404,18.73876,0,8.01,3546.4
24400,81,2.000e-04,5.20331,0.18909,0.98715,0.14839,0.11758,0.14433,0.12915,0.67876,0.43204,0.24672,20.80787,18.11166,0,8.09,3558.8
24500,81,2.000e-04,5.18069,0.50615,0.19848,0.20197,0.08861,0.23528,0.07877,0.44193,0.25236,0.18957,26.14553,11.03397,0,7.85,3571.5
24600,82,2.000e-04,4.52186,0.13118,0.04069,0.15224,0.15153,0.11448,0.14797,0.48016,0.32428,0.15588,28.14636,11.15530,0,7.91,3584.1
24700,82,2.000e-04,3.44513,0.30346,0.08330,0.06939,0.13897,0.07707,0.11788,0.44354,0.14978,0.29376,11.37499,16.71131,0,7.92,3596.8
24800,82,2.000e-04,4.04239,0.21629,0.08927,0.13017,0.12224,0.11068,0.13186,0.32483,0.08286,0.24197,17.17616,7.35938,0,7.90,3609.4
24900,83,2.000e-04,4.60166,0.28203,0.32227,0.14302,0.15003,0.13445,0.07892,0.38792,0.14470,0.24322,21.63163,10.37314,0,7.79,3622.3
25000,83,2.000e-04,5.82031,0.33753,0.12187,0.25126,0.11343,0.22331,0.11950,0.44652,0.24554,0.20098,22.90908,11.84031,0,7.82,3635.0
25100,83,2.000e-04,3.87695,0.09425,0.55421,0.12021,0.10497,0.11851,0.07684,0.54225,0.35167,0.19058,18.74568,18.14786,0,8.36,3647.0
25200,84,2.000e-04,4.05123,0.37978,0.54387,0.11750,0.09317,0.09469,0.10949,0.48028,0.33125,0.14903,20.13501,12.52841,0,7.99,3659.5
25300,84,2.000e-04,3.95998,0.23174,0.28923,0.11363,0.12592,0.11507,0.09365,0.35642,0.17076,0.18566,18.80719,11.72938,0,7.82,3672.3
25400,84,2.000e-04,4.59535,1.09948,0.22960,0.11321,0.10898,0.11430,0.09456,0.52165,0.21793,0.30372,16.49239,9.59950,0,7.90,3685.0
25500,85,2.000e-04,5.32264,0.41065,0.51354,0.13985,0.15018,0.13315,0.16647,0.65866,0.45504,0.20361,26.07893,8.07282,0,7.91,3697.6
25600,85,2.000e-04,5.14122,0.29248,0.06655,0.15561,0.16107,0.13491,0.18817,0.61441,0.34380,0.27061,27.14333,16.58834,0,7.98,3710.1
25700,85,2.000e-04,4.63772,0.62213,0.44093,0.11810,0.10552,0.10301,0.16468,0.53495,0.15120,0.38375,23.52057,12.62031,0,7.85,3722.9
25800,86,2.000e-04,3.06257,0.14264,0.08469,0.12133,0.07685,0.10570,0.06499,0.25050,0.12961,0.12089,14.14610,7.78495,0,7.82,3735.7
25900,86,2.000e-04,5.47253,0.65040,0.59234,0.15321,0.14876,0.13442,0.10761,0.29929,0.20037,0.09892,22.38115,10.16205,0,7.85,3748.4
26000,86,2.000e-04,4.68350,0.61524,0.09014,0.08990,0.18271,0.08728,0.16314,0.66197,0.20107,0.46090,21.42657,22.22999,0,7.85,3761.2
26100,87,2.000e-04,5.44744,0.63689,0.20260,0.09193,0.22002,0.14490,0.15280,0.63495,0.26808,0.36687,31.20361,9.50458,0,7.90,3773.8
26200,87,2.000e-04,3.95406,0.23008,0.23297,0.13513,0.09404,0.12084,0.11901,0.38599,0.18881,0.19717,15.01833,11.99198,0,7.92,3786.4
26300,87,2.000e-04,4.32001,0.11454,0.05172,0.16981,0.11091,0.19301,0.07632,0.71661,0.42366,0.29296,34.61787,16.17691,0,7.82,3799.2
26400,88,2.000e-04,3.97166,0.15822,0.81910,0.12453,0.08920,0.10845,0.06295,0.37600,0.18698,0.18902,20.41942,15.03770,0,7.95,3811.8
26500,88,2.000e-04,4.78316,0.36502,0.25766,0.10823,0.19193,0.09687,0.13492,0.60923,0.27643,0.33280,20.90511,19.63859,0,7.77,3824.7
26600,88,2.000e-04,4.70127,0.61118,0.30601,0.13908,0.11853,0.14091,0.10069,0.57100,0.31387,0.25713,31.39029,13.06321,0,7.87,3837.4
26700,89,2.000e-04,3.61562,0.38876,0.17163,0.09507,0.11901,0.08696,0.09593,0.78985,0.33672,0.45313,18.50096,11.23369,0,7.86,3850.1
26800,89,2.000e-04,3.80082,0.20472,0.34087,0.11091,0.11258,0.11269,0.09137,0.43484,0.17436,0.26048,16.99058,7.54345,0,7.90,3862.8
26900,89,2.000e-04,4.81378,0.53412,0.09123,0.14469,0.11802,0.11822,0.19405,0.67488,0.18563,0.48925,29.05820,21.27979,0,7.85,3875.5
27000,90,2.000e-04,4.85939,0.21417,0.32246,0.10246,0.20357,0.10562,0.14688,0.43740,0.29941,0.13799,15.71558,12.53592,0,1.42,3946.1
27100,90,2.000e-04,4.92573,0.54380,0.69933,0.16411,0.09448,0.13406,0.08529,0.20817,0.08342,0.12474,18.47864,12.27687,0,7.48,3959.5
27200,90,2.000e-04,4.22757,0.30337,0.29149,0.13416,0.11024,0.12435,0.11339,0.28577,0.14887,0.13691,15.62244,7.99387,0,7.86,3972.2
27300,91,2.000e-04,4.29319,0.19725,0.71724,0.12091,0.11397,0.11622,0.08975,0.39323,0.14752,0.24571,22.22042,11.98494,0,8.25,3984.3
27400,91,2.000e-04,6.54550,0.97511,0.24315,0.24845,0.09762,0.28747,0.08584,0.27059,0.11357,0.15702,20.63038,14.34459,0,8.02,3996.8
27500,91,2.000e-04,5.08500,1.53192,0.17714,0.09500,0.14275,0.09846,0.10123,0.79278,0.57600,0.21677,18.86837,29.53847,0,7.89,4009.5
27600,92,2.000e-04,3.60648,0.36165,0.43046,0.08988,0.09885,0.09070,0.09472,0.66680,0.29000,0.37679,13.65885,15.89538,0,7.92,4022.1
27700,92,2.000e-04,5.25659,0.37250,0.79241,0.12691,0.15542,0.11269,0.14099,0.23143,0.15506,0.07637,21.68679,9.36918,0,7.88,4034.8
27800,92,2.000e-04,4.26089,0.18677,0.73322,0.11585,0.10979,0.10149,0.11542,0.37388,0.12143,0.25245,23.26730,13.28971,0,7.95,4047.4
27900,93,2.000e-04,3.79059,0.03829,0.36837,0.11611,0.11559,0.11167,0.10173,0.50850,0.28976,0.21874,12.85377,15.64674,0,8.01,4059.9
28000,93,2.000e-04,4.08683,0.17225,0.33578,0.10971,0.12600,0.12168,0.12266,0.60018,0.36753,0.23265,11.08444,8.37059,0,7.97,4072.4
28100,93,2.000e-04,4.51968,0.70802,0.39882,0.11362,0.11657,0.09774,0.12445,0.39699,0.28432,0.11267,14.43030,10.51895,0,7.92,4085.0
28200,94,2.000e-04,7.72276,0.14933,1.14322,0.12587,0.30293,0.11808,0.31037,0.50201,0.21671,0.28530,23.65695,23.85883,0,7.77,4097.9
28300,94,2.000e-04,4.30424,0.30373,0.74668,0.08830,0.13874,0.09259,0.10410,0.39722,0.29255,0.10467,17.99086,17.86290,0,7.95,4110.5
28400,94,2.000e-04,4.36909,0.14872,0.54442,0.09823,0.14801,0.10942,0.13327,1.18161,0.86048,0.32113,19.63458,28.37241,0,8.00,4123.0
28500,95,2.000e-04,4.43141,0.22709,0.10152,0.13812,0.15311,0.09776,0.14035,0.75998,0.48373,0.27625,25.16821,16.80694,0,7.93,4135.6
28600,95,2.000e-04,4.97243,0.13687,0.16153,0.14247,0.16069,0.14171,0.18679,0.64889,0.22447,0.42442,23.25514,11.84836,0,7.91,4148.2
28700,95,2.000e-04,2.91455,0.08469,0.04574,0.08860,0.10135,0.10276,0.07417,0.41890,0.27772,0.14118,20.46638,21.47096,0,7.93,4160.9
28800,96,2.000e-04,4.08731,0.45333,0.19574,0.08041,0.15553,0.09420,0.12158,0.29056,0.13567,0.15489,13.51935,10.63855,0,7.82,4173.6
28900,96,2.000e-04,3.72104,0.51217,0.45223,0.11514,0.06796,0.12016,0.06496,0.40008,0.20091,0.19917,14.61296,13.23931,0,7.90,4186.3
29000,96,2.000e-04,5.00448,0.44063,0.33961,0.19307,0.11684,0.12965,0.09539,0.62232,0.24038,0.38194,24.45423,20.91374,0,7.90,4199.0
29100,97,2.000e-04,4.05675,0.36876,0.80745,0.08733,0.10876,0.08303,0.10090,0.58671,0.31620,0.27050,14.01471,13.28539,0,7.90,4211.6
29200,97,2.000e-04,5.13877,0.33737,0.36386,0.17818,0.14252,0.11885,0.12727,0.71048,0.36495,0.34553,21.64989,22.04698,0,7.91,4224.2
29300,97,2.000e-04,4.60635,0.49593,0.12307,0.10764,0.15914,0.12169,0.14222,0.21023,0.06540,0.14483,23.85782,8.96755,0,7.83,4237.0
29400,98,2.000e-04,3.73765,0.50810,0.92892,0.07650,0.09219,0.06218,0.06055,0.16687,0.05669,0.11018,13.39489,9.26584,0,8.28,4249.1
29500,98,2.000e-04,4.04707,0.25969,1.15133,0.10265,0.07538,0.10842,0.06272,0.47573,0.36303,0.11269,14.36760,13.19562,0,7.82,4261.9
29600,98,2.000e-04,3.00853,0.07859,0.21945,0.10224,0.08768,0.09393,0.06835,0.68488,0.25126,0.43361,17.77052,16.62008,0,7.92,4274.5
29700,99,2.000e-04,3.79807,0.08224,0.50376,0.12781,0.10153,0.11827,0.06545,0.36513,0.11058,0.25455,37.14775,18.01175,0,7.85,4287.2
29800,99,2.000e-04,4.70996,0.40364,0.59088,0.08042,0.17540,0.07903,0.15240,0.25595,0.07659,0.17936,18.22763,6.43643,0,7.89,4299.9
29900,99,2.000e-04,4.02197,0.24248,0.43424,0.08943,0.15065,0.07567,0.11322,0.32512,0.18055,0.14457,24.31439,11.20697,0,7.83,4312.7
30000,100,2.000e-04,4.56345,0.06442,1.52996,0.12605,0.08039,0.11144,0.06951,0.27550,0.06238,0.21312,10.91741,18.61799,0,1.51,4378.9
30100,100,2.000e-04,4.95814,0.43977,0.74245,0.16441,0.09643,0.14529,0.08822,0.28585,0.16357,0.12229,23.96169,7.48004,0,7.48,4392.3
30200,100,2.000e-04,4.84870,0.67473,0.04978,0.11703,0.15746,0.09302,0.18285,0.65105,0.10678,0.54427,19.04021,17.04855,0,7.83,4405.1
30300,101,2.000e-04,3.88996,0.54954,0.69342,0.08077,0.09479,0.09495,0.08333,0.35261,0.16331,0.18930,18.49074,16.79261,0,7.83,4417.9
30400,101,2.000e-04,5.12993,0.92904,0.13520,0.14455,0.13877,0.13206,0.11445,0.20401,0.10883,0.09518,27.38466,6.61526,0,7.79,4430.7
30500,101,2.000e-04,4.50034,0.86935,0.13055,0.11099,0.11968,0.10848,0.13026,0.17215,0.01813,0.15402,21.19968,4.55942,0,7.80,4443.5
30600,102,2.000e-04,6.10254,0.22878,0.49590,0.11223,0.24465,0.12107,0.24075,0.45161,0.27209,0.17952,22.80260,13.99975,0,7.94,4456.1
30700,102,2.000e-04,6.94739,0.50750,0.39624,0.17330,0.22159,0.17148,0.24748,0.57173,0.23012,0.34160,33.41079,11.16164,0,7.88,4468.8
30800,102,2.000e-04,4.04479,0.74753,0.19034,0.14239,0.06296,0.11144,0.09924,0.49239,0.24234,0.25005,15.72785,14.16604,0,7.88,4481.5
30900,103,2.000e-04,3.71705,0.14854,0.29337,0.10295,0.10717,0.10806,0.12673,0.50918,0.32987,0.17931,18.46238,8.58640,0,7.90,4494.2
31000,103,2.000e-04,3.22366,0.21230,0.63678,0.08080,0.08658,0.08548,0.05468,0.34862,0.11285,0.23576,18.09855,10.97488,0,7.83,4506.9
31100,103,2.000e-04,4.19742,0.69043,0.80283,0.09277,0.09946,0.09346,0.06290,0.13239,0.03636,0.09604,16.25992,11.86835,0,7.82,4519.7
31200,104,2.000e-04,6.21475,0.38070,0.70096,0.19980,0.16039,0.12046,0.18578,0.49753,0.23601,0.26152,24.41615,7.75714,0,7.90,4532.4
31300,104,2.000e-04,3.42435,0.19531,0.09974,0.08479,0.12541,0.10469,0.10077,0.56879,0.37827,0.19051,17.14974,11.87168,0,8.03,4544.8
31400,104,2.000e-04,5.00300,0.12946,0.53367,0.14799,0.15197,0.11586,0.15218,0.40592,0.09314,0.31278,23.97085,8.34385,0,8.69,4556.3
31500,105,2.000e-04,5.42476,0.40507,0.16116,0.13292,0.19520,0.12385,0.19162,0.49395,0.09691,0.39705,18.29489,16.54234,0,9.87,4566.5
31600,105,2.000e-04,4.83841,0.10119,0.15190,0.13123,0.18214,0.15193,0.13839,0.47570,0.21238,0.26331,20.85521,12.26404,0,9.87,4576.6
31700,105,2.000e-04,4.80749,0.32188,0.22718,0.16701,0.14015,0.15291,0.08446,0.54609,0.18810,0.35799,23.63196,11.65402,0,9.20,4587.5
31800,106,2.000e-04,4.66903,0.47126,0.27219,0.07553,0.18474,0.08363,0.18095,0.62525,0.22477,0.40048,16.18671,7.96841,0,7.86,4600.2
31900,106,2.000e-04,4.38258,0.51142,0.42551,0.10720,0.11711,0.11128,0.12923,0.33453,0.14259,0.19194,13.74103,7.17893,0,7.91,4612.9
32000,106,2.000e-04,4.87684,0.48698,0.34562,0.16164,0.14333,0.09130,0.10759,0.32238,0.12358,0.19880,20.96854,5.06712,0,7.95,4625.4
32100,107,2.000e-04,3.89221,0.37635,0.67373,0.10527,0.08717,0.10691,0.07664,0.43643,0.21285,0.22358,21.89990,7.81247,0,7.93,4638.0
32200,107,2.000e-04,3.77445,0.47164,0.58477,0.09715,0.06922,0.10187,0.10901,0.36846,0.21707,0.15139,56.35137,17.63653,0,7.87,4650.8
32300,107,2.000e-04,3.47839,0.40091,0.11250,0.12153,0.07850,0.12116,0.07177,0.51941,0.33318,0.18623,15.82258,14.69570,0,7.90,4663.4
32400,108,2.000e-04,3.96834,0.22186,0.34473,0.13880,0.09532,0.13374,0.07839,0.42834,0.13686,0.29147,16.97753,5.58883,0,7.86,4676.1
32500,108,2.000e-04,4.01416,0.53239,0.29299,0.09328,0.13262,0.09127,0.09468,0.33512,0.20256,0.13256,18.45428,5.31563,0,7.93,4688.7
32600,108,2.000e-04,3.86188,0.40244,0.46952,0.10870,0.07894,0.09079,0.13193,0.68841,0.31206,0.37635,23.41560,8.01843,0,7.92,4701.4
32700,109,2.000e-04,4.22679,0.62109,0.27113,0.12571,0.11637,0.09599,0.08676,0.51127,0.20324,0.30803,17.16032,16.21493,0,8.09,4713.7
32800,109,2.000e-04,6.16964,0.49456,0.17810,0.13125,0.22503,0.21224,0.17459,0.26912,0.15583,0.11329,27.86409,17.24069,0,8.10,4726.1
32900,109,2.000e-04,4.09333,0.19320,0.02381,0.10068,0.16798,0.08290,0.15504,0.55491,0.26838,0.28653,20.34570,12.49506,0,7.87,4738.8
33000,110,2.000e-04,4.44934,1.14659,0.44095,0.08210,0.10125,0.10861,0.09704,0.64898,0.20143,0.44755,14.85340,19.73763,0,1.54,4803.7
33100,110,2.000e-04,3.49257,0.10769,0.27248,0.10253,0.11341,0.10089,0.08972,0.63085,0.36038,0.27047,19.64844,13.13919,0,7.60,4816.8
33200,110,2.000e-04,3.98702,1.05074,0.45154,0.09771,0.08033,0.07128,0.06958,0.70281,0.36086,0.34195,14.67765,19.28551,0,7.97,4829.4
33300,111,2.000e-04,3.97994,0.14710,0.61963,0.10903,0.12081,0.09588,0.08709,0.56007,0.38338,0.17669,26.19126,18.38676,0,8.05,4841.8
33400,111,2.000e-04,5.60168,0.31470,0.05941,0.11853,0.22229,0.13091,0.23297,0.54670,0.44788,0.09882,26.58252,15.66504,0,7.98,4854.4
33500,111,2.000e-04,3.97656,0.59118,1.03142,0.09020,0.05873,0.07104,0.10190,0.25816,0.19672,0.06144,20.55410,12.16287,0,8.00,4866.8
33600,112,2.000e-04,4.86879,0.37099,0.05906,0.09709,0.20610,0.10545,0.17592,0.45246,0.22841,0.22405,25.06380,15.22614,0,8.05,4879.3
33700,112,2.000e-04,3.93102,0.16776,0.65079,0.10591,0.11562,0.10719,0.07225,0.46879,0.35358,0.11521,16.45339,15.65260,0,8.23,4891.4
33800,112,2.000e-04,4.29045,0.42016,0.09705,0.11057,0.11837,0.14692,0.14983,0.72285,0.38292,0.33993,16.09132,17.57376,0,7.95,4904.0
33900,113,2.000e-04,4.09606,0.43306,0.45234,0.08841,0.13558,0.07860,0.11556,0.50052,0.23675,0.26377,13.43484,17.59462,0,8.09,4916.3
34000,113,2.000e-04,5.51882,1.63227,0.48657,0.12442,0.10657,0.10883,0.10920,0.40800,0.08377,0.32422,16.56568,24.90237,0,8.03,4928.8
34100,113,2.000e-04,3.86167,0.88755,0.21313,0.09325,0.09006,0.10434,0.08123,0.45994,0.26957,0.19037,13.52477,17.27066,0,8.19,4941.0
34200,114,2.000e-04,3.94346,0.07195,0.75016,0.11738,0.08192,0.14870,0.07697,0.36518,0.10553,0.25965,19.72099,6.39927,0,8.13,4953.3
34300,114,2.000e-04,2.97254,0.14015,0.52508,0.06883,0.08207,0.08474,0.07493,0.31807,0.14853,0.16954,15.13995,7.08943,0,8.00,4965.8
34400,114,2.000e-04,3.06849,0.41181,0.26613,0.09083,0.06516,0.10405,0.06209,0.18248,0.12072,0.06176,22.37097,4.71164,0,7.99,4978.3
34500,115,2.000e-04,6.58749,0.51437,0.52394,0.13199,0.24772,0.12397,0.22645,0.16957,0.07393,0.09564,22.99423,5.26649,0,7.99,4990.8
34600,115,2.000e-04,3.92278,0.64717,0.22879,0.10202,0.09959,0.09198,0.11417,0.48698,0.15024,0.33674,9.94423,13.38248,0,8.00,5003.3
34700,115,2.000e-04,4.52355,0.32005,0.75592,0.14253,0.08794,0.10339,0.12519,0.36534,0.23123,0.13412,22.11085,15.15083,0,8.00,5015.9
34800,116,2.000e-04,4.95723,0.54859,1.12381,0.11708,0.11917,0.11349,0.07099,0.25944,0.11729,0.14214,18.51131,10.80970,0,8.01,5028.3
34900,116,2.000e-04,4.04656,0.40428,0.23385,0.10708,0.12593,0.08418,0.13149,0.51591,0.25982,0.25609,26.87993,11.97465,0,7.97,5040.9
35000,116,2.000e-04,3.89864,0.38876,0.56237,0.09105,0.09624,0.10864,0.10628,0.41203,0.22033,0.19170,17.69140,8.82506,0,8.04,5053.3
35100,117,2.000e-04,3.93467,0.16066,0.39690,0.15045,0.08016,0.13961,0.07459,0.83473,0.32970,0.50503,20.01288,21.75717,0,7.98,5065.9
35200,117,2.000e-04,6.22655,0.71527,0.60089,0.18920,0.15535,0.17768,0.11531,0.26407,0.09983,0.16424,26.63984,9.72961,0,8.01,5078.3
35300,117,2.000e-04,2.97978,0.11731,0.17359,0.11873,0.06544,0.10012,0.06932,0.50575,0.26057,0.24518,13.75506,15.57729,0,8.09,5090.7
35400,118,2.000e-04,4.50123,0.55729,0.72728,0.08193,0.12392,0.10666,0.12496,0.59205,0.27262,0.31943,15.42046,13.32558,0,8.93,5101.9
35500,118,2.000e-04,3.47604,0.27405,0.27651,0.11553,0.08145,0.08734,0.10381,0.69766,0.36750,0.33016,24.23250,19.09916,0,8.07,5114.3
35600,118,2.000e-04,5.21233,0.25286,0.43658,0.12776,0.15427,0.20611,0.13442,0.50698,0.37495,0.13202,20.74246,21.52441,0,7.85,5127.0
35700,119,2.000e-04,3.69172,0.66123,0.34191,0.11221,0.07299,0.09545,0.07185,0.42803,0.27817,0.14986,13.74964,19.37903,0,7.84,5139.8
35800,119,2.000e-04,4.36520,0.68348,0.46680,0.14407,0.07649,0.12799,0.07387,0.51586,0.22147,0.29440,25.89170,14.25734,0,7.89,5152.5
35900,119,2.000e-04,4.20775,0.55892,0.42443,0.13140,0.08754,0.13855,0.06845,0.40760,0.19983,0.20777,25.50832,8.15972,0,7.97,5165.0
36000,120,2.000e-04,6.16061,0.21240,0.40415,0.11681,0.26573,0.10058,0.24315,0.33127,0.17317,0.15810,18.92375,4.93684,0,1.21,5247.8
36100,120,2.000e-04,4.31670,0.13279,0.56473,0.11219,0.11458,0.11643,0.15386,0.91834,0.64783,0.27051,16.54188,22.51097,0,7.52,5261.1
36200,120,2.000e-04,4.07520,0.33782,0.69160,0.13812,0.07118,0.11619,0.07437,0.41343,0.31544,0.09798,19.93167,16.56196,0,7.88,5273.8
36300,121,2.000e-04,3.38212,0.06565,1.06698,0.10012,0.06266,0.07227,0.05208,0.33565,0.14530,0.19036,16.74488,19.53437,0,7.91,5286.5
36400,121,2.000e-04,4.17403,0.23234,0.31788,0.14216,0.09840,0.14143,0.10221,0.28064,0.11193,0.16871,19.91394,12.22632,0,7.89,5299.1
36500,121,2.000e-04,3.97500,0.05317,0.75477,0.10740,0.10865,0.10882,0.09248,0.39692,0.11560,0.28132,18.45664,7.87152,0,7.88,5311.8
36600,122,2.000e-04,4.19105,0.70789,0.34044,0.11567,0.10827,0.08352,0.09714,0.44953,0.17511,0.27442,18.70706,14.00121,0,7.88,5324.5
36700,122,2.000e-04,3.34994,0.10300,0.36321,0.09383,0.10375,0.09150,0.09008,0.51717,0.29703,0.22015,15.62111,10.26614,0,7.92,5337.1
36800,122,2.000e-04,4.56513,0.16084,0.16603,0.12564,0.15461,0.14234,0.14481,0.40343,0.08646,0.31698,21.27926,7.19122,0,7.81,5349.9
36900,123,2.000e-04,4.19803,0.32795,0.09977,0.15661,0.11001,0.13991,0.08092,0.43952,0.18321,0.25632,18.00668,13.83517,0,7.85,5362.7
37000,123,2.000e-04,3.11007,0.33641,0.13181,0.10530,0.07293,0.09987,0.07206,0.47935,0.22561,0.25373,15.32378,8.88516,0,7.76,5375.6
37100,123,2.000e-04,5.24972,0.51259,0.83289,0.09076,0.16968,0.09736,0.16262,0.39960,0.26590,0.13370,20.74480,6.81251,0,7.74,5388.5
37200,124,2.000e-04,4.24720,0.75770,0.43063,0.09361,0.12304,0.09826,0.08021,0.31229,0.19582,0.11647,18.97217,6.78999,0,7.84,5401.2
37300,124,2.000e-04,3.84763,0.10988,0.73992,0.07557,0.12851,0.06738,0.12402,0.66727,0.29958,0.36769,19.83862,19.35895,0,7.84,5414.0
37400,124,2.000e-04,4.34992,0.08793,0.94022,0.17874,0.07097,0.12380,0.04115,0.86916,0.40143,0.46773,22.46126,7.60548,0,7.84,5426.8
37500,125,2.000e-04,5.09547,0.79735,0.30825,0.18733,0.08790,0.15073,0.09679,0.58248,0.32102,0.26146,21.73713,10.58568,0,7.78,5439.6
37600,125,2.000e-04,3.93839,0.26647,0.07994,0.12840,0.10700,0.14921,0.09838,0.52221,0.30829,0.21392,25.87849,12.72607,0,7.99,5452.1
37700,125,2.000e-04,3.94407,0.39225,0.08629,0.08944,0.15092,0.08227,0.13012,0.48634,0.30720,0.17914,10.58340,11.42271,0,7.87,5464.8
37800,126,2.000e-04,3.93611,0.14252,0.02227,0.17277,0.07548,0.17993,0.07782,0.53616,0.21123,0.32493,21.56909,14.42191,0,7.87,5477.5
37900,126,2.000e-04,3.54976,0.24315,0.14929,0.12014,0.09262,0.13047,0.07547,0.29776,0.05428,0.24348,23.41190,8.21149,0,7.84,5490.3
38000,126,2.000e-04,5.64950,0.40040,0.17847,0.16037,0.14966,0.19246,0.20161,0.43715,0.25794,0.17921,22.93789,15.98270,0,7.88,5503.0
38100,127,2.000e-04,3.57002,0.40427,0.39451,0.10186,0.10795,0.05534,0.07928,0.57919,0.33993,0.23926,13.89737,10.72309,0,7.84,5515.7
38200,127,2.000e-04,4.26967,0.25922,0.87075,0.07779,0.13612,0.06365,0.13647,0.43891,0.20321,0.23569,21.07679,7.16983,0,7.88,5528.4
38300,127,2.000e-04,4.28991,0.32064,0.75192,0.10406,0.13074,0.08478,0.08911,0.37228,0.24553,0.12675,18.58499,11.33397,0,7.85,5541.2
38400,128,2.000e-04,4.59912,0.34000,0.53801,0.11995,0.12990,0.11536,0.12916,0.42108,0.12157,0.29951,14.22900,8.85225,0,7.83,5553.9
38500,128,2.000e-04,3.60571,0.27314,0.25667,0.11567,0.08131,0.13560,0.08562,0.65127,0.31949,0.33177,21.13528,10.52137,0,7.79,5566.8
38600,128,2.000e-04,7.30573,0.07885,0.60649,0.16437,0.24034,0.14588,0.36876,0.35359,0.18232,0.17127,25.91492,7.90685,0,7.86,5579.5
38700,129,2.000e-04,3.40926,0.31452,0.26318,0.09633,0.09342,0.09211,0.09470,0.26216,0.15035,0.11181,14.56575,9.96869,0,8.04,5592.0
38800,129,2.000e-04,6.05974,0.89316,0.36413,0.14335,0.16965,0.14405,0.19046,0.34155,0.06744,0.27411,25.83805,11.37246,0,7.85,5604.7
38900,129,2.000e-04,4.32739,0.15402,0.36850,0.06453,0.16725,0.07461,0.22281,0.43779,0.33623,0.10156,14.92623,6.90889,0,7.81,5617.5
39000,130,2.000e-04,6.12836,0.74952,0.57837,0.20706,0.11685,0.20463,0.10766,0.60645,0.32482,0.28163,31.18005,9.10870,0,1.32,5693.1
39100,130,2.000e-04,2.79256,0.47537,0.29504,0.06841,0.06090,0.08909,0.05672,0.40700,0.13318,0.27382,17.74296,9.77594,0,7.53,5706.4
39200,130,2.000e-04,3.73075,0.65471,0.27588,0.06162,0.11806,0.06466,0.13602,0.54771,0.17913,0.36859,10.88064,12.84505,0,7.97,5718.9
39300,131,2.000e-04,3.50434,0.06522,0.33095,0.11464,0.11078,0.08787,0.08292,0.55189,0.22840,0.32349,19.97616,22.14787,0,7.90,5731.6
39400,131,2.000e-04,4.33714,0.55150,0.77153,0.12668,0.08116,0.12221,0.06494,0.18059,0.12738,0.05321,18.19108,5.77354,0,7.81,5744.4
39500,131,2.000e-04,4.72760,0.18555,1.02084,0.12081,0.11246,0.12329,0.11440,0.17197,0.05578,0.11619,18.74208,13.65312,0,7.82,5757.2
39600,132,2.000e-04,3.55772,0.44427,0.48532,0.10110,0.09235,0.08805,0.05067,0.47529,0.16639,0.30891,26.08211,8.94477,0,7.88,5769.9
39700,132,2.000e-04,4.64090,0.46971,0.38899,0.11721,0.14338,0.10411,0.13115,0.52653,0.24973,0.27680,14.19170,17.29622,0,8.09,5782.2
39800,132,2.000e-04,3.82893,0.44245,0.28946,0.07760,0.11849,0.09279,0.13443,0.52608,0.14842,0.37766,16.38500,9.34635,0,8.04,5794.7
39900,133,2.000e-04,3.67080,0.26215,1.00605,0.10503,0.06466,0.09983,0.04132,0.24580,0.18539,0.06041,14.97614,7.33711,0,7.91,5807.3
40000,133,2.000e-04,4.33568,0.25280,0.29990,0.09745,0.13012,0.17276,0.12870,0.57179,0.35051,0.22128,16.84220,10.55120,0,7.89,5820.0
40100,133,2.000e-04,3.33366,0.15840,0.28542,0.10460,0.09474,0.10560,0.07370,0.28133,0.16255,0.11878,14.92287,12.35419,0,7.87,5832.7
40200,134,2.000e-04,3.52672,0.21811,0.59859,0.11297,0.07700,0.10936,0.05269,0.40555,0.16676,0.23879,20.25911,11.95608,0,7.87,5845.4
40300,134,2.000e-04,4.61332,0.71988,0.67259,0.12243,0.10038,0.10933,0.08922,0.30335,0.19739,0.10596,18.65387,11.36524,0,7.88,5858.1
40400,134,2.000e-04,4.12869,1.31827,0.18241,0.08612,0.07373,0.12226,0.08365,0.55914,0.13420,0.42494,17.34287,17.19032,0,7.88,5870.8
40500,135,2.000e-04,4.08423,0.46161,0.44145,0.12575,0.09183,0.13046,0.07060,0.32066,0.08722,0.23344,10.45251,7.15445,0,7.89,5883.5
40600,135,2.000e-04,3.07725,0.10850,0.28508,0.07543,0.11103,0.06490,0.09891,0.20980,0.06098,0.14882,12.83512,6.25281,0,7.91,5896.1
40700,135,2.000e-04,4.08417,0.64065,0.18467,0.12161,0.09682,0.13014,0.08476,0.64698,0.26172,0.38526,15.54545,19.80159,0,7.86,5908.8
40800,136,2.000e-04,5.86086,0.07712,0.19676,0.09840,0.27520,0.10822,0.26199,0.51761,0.31003,0.20757,17.84938,5.40005,0,7.90,5921.5
40900,136,2.000e-04,5.37174,0.11025,0.57838,0.13599,0.19738,0.10573,0.16417,0.63977,0.26468,0.37509,17.87506,7.80186,0,7.91,5934.1
41000,136,2.000e-04,4.11557,0.49303,0.11324,0.10744,0.12566,0.11033,0.12533,0.56833,0.27843,0.28990,17.58434,12.03255,0,7.81,5946.9
41100,137,2.000e-04,5.17219,0.68283,0.43921,0.11369,0.16410,0.09743,0.15703,0.39053,0.13770,0.25284,25.66931,11.01441,0,7.85,5959.6
41200,137,2.000e-04,3.86599,0.55234,0.41129,0.10508,0.08339,0.10222,0.10130,0.20893,0.08365,0.12528,14.93499,7.35011,0,7.83,5972.4
41300,137,2.000e-04,4.23850,0.50758,0.93344,0.10912,0.06094,0.11964,0.09975,0.38644,0.31434,0.07210,20.24201,12.49753,0,7.87,5985.1
41400,138,2.000e-04,5.54054,0.80107,0.92346,0.12962,0.11784,0.14028,0.12802,0.35718,0.09480,0.26238,15.13018,5.44163,0,7.97,5997.7
41500,138,2.000e-04,6.51518,0.15156,0.37084,0.07785,0.24943,0.08142,0.46258,0.65654,0.47624,0.18030,43.39551,15.95189,0,7.79,6010.5
41600,138,2.000e-04,3.68728,0.04881,0.31418,0.10434,0.10867,0.08398,0.15487,0.33106,0.09978,0.23128,23.49596,7.95012,0,7.85,6023.2
41700,139,2.000e-04,4.43442,0.56546,0.18421,0.09759,0.15907,0.09362,0.13001,0.21873,0.09519,0.12353,32.06573,8.25349,0,7.87,6036.0
41800,139,2.000e-04,3.32300,0.22982,0.40133,0.09603,0.09259,0.07168,0.08944,0.31231,0.19349,0.11882,17.10581,12.01528,0,7.83,6048.7
41900,139,2.000e-04,3.11412,0.12532,0.30878,0.10373,0.07744,0.11383,0.05981,0.40314,0.17417,0.22896,18.21363,13.36913,0,8.03,6061.2
42000,140,2.000e-04,3.78176,0.16971,0.48435,0.12699,0.09166,0.10478,0.08345,0.36959,0.12412,0.24547,23.33159,5.32780,0,1.54,6126.1
42100,140,2.000e-04,3.86628,0.29692,0.07534,0.08834,0.13467,0.12912,0.12366,0.60709,0.21336,0.39373,13.78647,13.03633,0,7.56,6139.4
42200,140,2.000e-04,4.54645,0.74884,0.08873,0.10250,0.15915,0.08397,0.13450,0.43903,0.19908,0.23995,25.40619,12.61051,0,7.98,6151.9
42300,141,2.000e-04,3.25568,0.20615,0.61688,0.09217,0.07659,0.08238,0.06663,0.66408,0.26473,0.39935,15.93779,8.01814,0,7.90,6164.6
42400,141,2.000e-04,3.82095,0.60933,0.23258,0.09093,0.10933,0.07693,0.11836,0.44160,0.08959,0.35201,19.80520,13.67902,0,7.99,6177.1
42500,141,2.000e-04,2.74537,0.31091,0.25198,0.06884,0.06885,0.06847,0.09263,0.47045,0.23093,0.23953,12.99226,8.27316,0,7.97,6189.6
42600,142,2.000e-04,5.05785,0.25939,0.04017,0.16383,0.17383,0.10798,0.16836,0.59238,0.44248,0.14991,18.57468,13.78371,0,7.85,6202.4
42700,142,2.000e-04,4.14422,0.25926,0.76223,0.11120,0.09736,0.11165,0.09579,0.34194,0.20836,0.13358,20.06770,16.02141,0,7.77,6215.2
42800,142,2.000e-04,4.38938,0.13766,0.49088,0.08501,0.18061,0.07290,0.14803,0.59432,0.24599,0.34833,19.87736,18.71763,0,7.76,6228.1
42900,143,2.000e-04,3.55396,0.60868,0.33991,0.06705,0.11768,0.07030,0.08132,0.35802,0.13658,0.22144,15.91108,13.99417,0,8.05,6240.6
43000,143,2.000e-04,4.16822,0.54785,0.51935,0.08366,0.10572,0.08462,0.15682,0.44448,0.15317,0.29131,22.52970,7.90311,0,8.06,6253.0
43100,143,2.000e-04,4.38316,0.63253,0.83259,0.09508,0.10934,0.09039,0.08438,0.25915,0.07516,0.18400,14.42492,10.58107,0,7.91,6265.6
43200,144,2.000e-04,4.27679,0.60982,0.18600,0.09525,0.13796,0.11043,0.11935,0.75760,0.49879,0.25882,20.01390,25.72931,0,7.90,6278.3
43300,144,2.000e-04,4.16285,0.22787,0.40814,0.14029,0.11846,0.09840,0.08945,0.51208,0.19900,0.31308,26.05686,7.29973,0,8.12,6290.6
43400,144,2.000e-04,3.78833,0.33083,0.21140,0.11398,0.10065,0.11440,0.10555,0.37447,0.20813,0.16633,16.78171,5.88262,0,8.21,6302.8
43500,145,2.000e-04,3.20529,0.53572,0.27805,0.06993,0.09417,0.07093,0.07917,0.52457,0.27889,0.24568,19.28393,13.48368,0,8.14,6315.0
43600,145,2.000e-04,4.51144,0.49078,0.41445,0.15405,0.08731,0.16131,0.07721,0.32942,0.17787,0.15155,22.57883,12.65116,0,8.12,6327.4
43700,145,2.000e-04,2.90156,0.28444,0.27180,0.09290,0.07639,0.08296,0.04752,0.33047,0.27125,0.05922,8.30833,7.50707,0,8.07,6339.7
43800,146,2.000e-04,4.37343,0.51264,0.37105,0.10652,0.13567,0.08878,0.12479,0.34994,0.19748,0.15247,20.22995,9.23899,0,7.97,6352.3
43900,146,2.000e-04,3.53007,0.20588,0.30643,0.12609,0.08151,0.13650,0.05185,0.34301,0.14677,0.19624,16.26115,5.97663,0,7.82,6365.1
44000,146,2.000e-04,3.65921,0.89086,0.06976,0.08787,0.10349,0.06438,0.09260,0.31467,0.17697,0.13770,14.76495,16.96520,0,7.81,6377.9
44100,147,2.000e-04,4.04107,0.52063,0.83755,0.09683,0.08877,0.10583,0.05955,0.34939,0.13059,0.21879,15.69523,8.39827,0,7.84,6390.6
44200,147,2.000e-04,4.40988,0.23211,1.00952,0.10218,0.11230,0.10942,0.09525,0.49571,0.28381,0.21190,20.26525,15.15359,0,7.85,6403.4
44300,147,2.000e-04,3.43444,0.19265,0.34099,0.12152,0.07857,0.11156,0.06841,0.44534,0.22239,0.22296,16.13528,5.23877,0,7.88,6416.1
44400,148,2.000e-04,4.87371,0.33842,0.36797,0.07031,0.21281,0.07721,0.19000,0.69646,0.52637,0.17009,28.48395,11.97831,0,7.84,6428.8
44500,148,2.000e-04,3.12973,0.19875,0.37907,0.11020,0.05860,0.11223,0.06055,0.45695,0.17606,0.28089,11.67392,10.91164,0,7.90,6441.5
44600,148,2.000e-04,3.88154,0.31890,0.20786,0.14092,0.07955,0.14160,0.08842,0.25342,0.06408,0.18934,12.54269,10.95655,0,7.88,6454.2
44700,149,2.000e-04,3.31316,0.64102,0.15450,0.07061,0.09131,0.07868,0.10101,0.23185,0.09066,0.14119,15.69292,5.71446,0,7.85,6466.9
44800,149,2.000e-04,3.40985,0.61148,0.32593,0.08680,0.07955,0.10598,0.05582,0.21537,0.12999,0.08537,11.09749,8.30256,0,7.85,6479.6
44900,149,2.000e-04,4.25692,0.62830,0.91732,0.08880,0.09823,0.09206,0.07613,0.75350,0.42260,0.33090,13.76309,13.54079,0,7.91,6492.3
45000,150,2.000e-04,7.25978,0.73265,0.61858,0.12911,0.27649,0.10167,0.26882,0.42596,0.16994,0.25602,32.76057,15.68715,0,1.52,6558.0
45100,150,2.000e-04,2.56349,0.09986,0.19027,0.06948,0.08908,0.06657,0.07096,0.44616,0.24995,0.19621,10.82888,10.19448,0,7.45,6571.4
45200,150,2.000e-04,3.81960,0.44237,0.40578,0.06510,0.13907,0.09884,0.08711,0.28066,0.24129,0.03937,14.92261,6.27812,0,7.86,6584.1
45300,151,2.000e-04,3.69991,0.62809,0.21152,0.10623,0.09282,0.09095,0.08300,0.51848,0.32283,0.19565,19.29100,18.21092,0,7.84,6596.9
45400,151,2.000e-04,3.57985,0.08301,0.55779,0.08978,0.11207,0.08629,0.09783,0.17486,0.08593,0.08894,15.19488,10.18723,0,7.84,6609.7
45500,151,2.000e-04,3.68769,0.61230,0.26226,0.11205,0.08011,0.09704,0.08126,0.61286,0.32215,0.29072,9.56893,15.93884,0,7.80,6622.5
45600,152,2.000e-04,4.27972,0.25115,0.41130,0.09474,0.15259,0.09766,0.13114,0.42847,0.20713,0.22134,22.75805,9.52678,0,7.81,6635.3
45700,152,2.000e-04,4.23698,0.18601,0.34163,0.14663,0.11712,0.10259,0.11178,0.27145,0.13063,0.14082,30.97780,8.48103,0,7.92,6647.9
45800,152,2.000e-04,3.21088,0.86837,0.22443,0.06283,0.06992,0.06771,0.09039,0.62601,0.20922,0.41680,9.74579,14.21579,0,7.95,6660.5
45900,153,2.000e-04,6.03939,0.69869,0.28919,0.11177,0.23439,0.11141,0.20657,0.54646,0.29700,0.24946,16.63046,15.41377,0,7.85,6673.2
46000,153,2.000e-04,3.39906,0.52829,0.24088,0.09637,0.08061,0.09682,0.07520,0.46810,0.23625,0.23185,11.24600,11.26277,0,8.06,6685.6
46100,153,2.000e-04,3.97467,0.41502,0.40264,0.12729,0.08850,0.11022,0.08961,0.44436,0.14266,0.30170,17.45484,8.34002,0,7.87,6698.3
46200,154,2.000e-04,3.99616,0.80123,0.33444,0.09414,0.09566,0.09695,0.09554,0.56168,0.26586,0.29582,17.73071,10.23096,0,7.92,6711.0
46300,154,2.000e-04,4.12172,0.51965,0.38804,0.14903,0.05999,0.17076,0.05401,0.42470,0.26123,0.16347,20.83049,14.13829,0,7.93,6723.6
46400,154,2.000e-04,3.64833,0.54324,0.86924,0.08565,0.06980,0.07762,0.05865,0.23543,0.18554,0.04990,9.62484,5.01944,0,8.04,6736.0
46500,155,2.000e-04,5.67603,0.96946,0.38436,0.10484,0.15629,0.10816,0.23403,0.70249,0.20506,0.49742,20.16629,19.30947,0,8.00,6748.5
46600,155,2.000e-04,4.25542,0.64897,0.27401,0.08935,0.12771,0.08807,0.14429,0.63902,0.27403,0.36499,18.20157,18.36790,0,7.90,6761.2
46700,155,2.000e-04,3.67113,0.28897,0.30517,0.08467,0.11736,0.09287,0.11846,0.46299,0.27580,0.18719,13.99541,10.33390,0,7.85,6773.9
46800,156,2.000e-04,3.74310,0.39888,0.20070,0.07918,0.13160,0.07175,0.13539,0.47925,0.10231,0.37693,18.99853,9.07051,0,7.90,6786.6
46900,156,2.000e-04,3.62632,0.17670,0.35184,0.10526,0.10506,0.11626,0.08266,0.77407,0.32987,0.44420,14.58150,17.07740,0,7.87,6799.3
47000,156,2.000e-04,3.42010,0.34762,0.01796,0.06806,0.12768,0.06841,0.15102,0.42153,0.10388,0.31765,15.22044,11.78197,0,7.91,6811.9
47100,157,2.000e-04,3.62962,0.54019,0.65736,0.07031,0.09796,0.06833,0.08155,0.48988,0.20035,0.28953,15.15109,6.26845,0,7.90,6824.6
47200,157,2.000e-04,2.94539,0.13877,0.30676,0.09767,0.07312,0.09005,0.06833,0.37302,0.18993,0.18309,14.56423,10.17841,0,7.76,6837.5
47300,157,2.000e-04,5.51028,0.36492,1.05665,0.10122,0.15906,0.09301,0.20417,0.36190,0.15617,0.20573,23.47251,6.39128,0,7.86,6850.2
47400,158,2.000e-04,3.62790,0.23881,0.61340,0.10537,0.07751,0.13763,0.05174,0.41865,0.27013,0.14852,23.54853,5.67755,0,7.85,6862.9
47500,158,2.000e-04,4.81517,0.53137,0.53271,0.17431,0.07714,0.17367,0.07365,0.49069,0.18769,0.30300,20.42326,12.84593,0,7.94,6875.5
47600,158,2.000e-04,3.27072,0.24547,0.44458,0.09305,0.07455,0.10663,0.07430,0.33627,0.15103,0.18524,15.52122,7.49396,0,7.87,6888.2
47700,159,2.000e-04,3.29837,0.39766,0.03806,0.11058,0.06826,0.12251,0.09233,0.70115,0.35048,0.35067,15.63050,13.12676,0,8.34,6900.2
47800,159,2.000e-04,4.21936,0.39256,0.59115,0.11461,0.09510,0.11473,0.11298,0.21595,0.08386,0.13209,18.88122,3.35209,0,7.95,6912.8
47900,159,2.000e-04,3.90832,0.76010,0.06611,0.08890,0.10991,0.10814,0.11066,0.14612,0.11227,0.03384,24.08899,7.64128,0,7.87,6925.5
48000,160,2.000e-04,3.61812,0.38507,0.29395,0.09203,0.11156,0.08681,0.09383,0.36028,0.14410,0.21618,14.99456,8.77795,0,1.52,6991.1
48100,160,2.000e-04,3.90524,0.22929,0.56519,0.08465,0.11540,0.07954,0.14251,0.39728,0.09143,0.30585,15.73109,17.57935,0,7.29,7004.8
48200,160,2.000e-04,4.85471,0.45860,0.33355,0.10352,0.13195,0.12343,0.21815,0.48869,0.11608,0.37262,15.72537,10.44251,0,7.86,7017.5
48300,161,2.000e-04,4.30213,0.93126,0.18780,0.10041,0.12990,0.06781,0.10819,0.52904,0.24368,0.28537,16.32134,10.07553,0,7.87,7030.2
48400,161,2.000e-04,2.99489,0.23709,0.27202,0.06670,0.10096,0.08150,0.08033,0.33366,0.16633,0.16733,14.67558,5.29410,0,7.84,7043.0
48500,161,2.000e-04,3.76932,0.24428,0.08695,0.10371,0.11515,0.10051,0.14940,0.45648,0.07816,0.37832,20.11878,7.24047,0,8.03,7055.5
48600,162,2.000e-04,6.52321,0.42434,0.88462,0.12126,0.21588,0.09750,0.27106,0.25417,0.13057,0.12359,21.67906,11.18387,0,7.82,7068.2
48700,162,2.000e-04,3.67445,0.48222,0.27494,0.07966,0.12046,0.07859,0.10463,0.52325,0.13391,0.38934,19.22246,9.69615,0,8.00,7080.7
48800,162,2.000e-04,3.15281,0.49353,0.27936,0.06395,0.09168,0.07682,0.08791,0.40516,0.19110,0.21406,9.83626,5.95822,0,7.89,7093.4
48900,163,2.000e-04,4.59676,0.07808,0.51882,0.12874,0.14454,0.13023,0.12320,0.33338,0.16249,0.17090,11.83418,10.15970,0,7.96,7106.0
49000,163,2.000e-04,4.43325,0.09793,0.96689,0.07312,0.14256,0.10710,0.13524,0.42414,0.18458,0.23956,18.08389,14.52535,0,7.93,7118.6
49100,163,2.000e-04,4.01657,0.29505,0.24012,0.09719,0.10369,0.15183,0.14268,0.50456,0.33619,0.16837,16.41167,8.26607,0,7.99,7131.1
49200,164,2.000e-04,3.15321,0.31730,0.18253,0.10150,0.06457,0.11713,0.08140,0.51949,0.15276,0.36674,15.60140,13.90738,0,7.97,7143.7
49300,164,2.000e-04,3.98300,0.20622,0.45749,0.13762,0.08895,0.13526,0.07546,0.36641,0.22409,0.14232,22.04674,5.00125,0,8.05,7156.1
49400,164,2.000e-04,3.59738,0.69146,0.31699,0.08276,0.08169,0.11861,0.07029,0.24690,0.10852,0.13838,16.14725,7.54334,0,8.63,7167.7
49500,165,2.000e-04,3.18224,0.27813,0.62070,0.08215,0.06145,0.09758,0.07191,0.51366,0.23177,0.28189,14.25318,8.22637,0,9.33,7178.4
49600,165,2.000e-04,4.21142,0.26237,0.61936,0.08614,0.12761,0.08110,0.15734,0.63353,0.36167,0.27186,20.19473,7.75757,0,9.36,7189.1
49700,165,2.000e-04,5.32569,0.28729,0.77249,0.09496,0.20382,0.08865,0.16697,0.28151,0.13835,0.14316,27.18050,7.30767,0,8.07,7201.5
49800,166,2.000e-04,3.10576,0.14339,0.47446,0.08007,0.09073,0.09460,0.06138,0.62812,0.34429,0.28383,16.63418,11.68722,0,7.89,7214.2
49900,166,2.000e-04,4.08244,0.26893,0.44035,0.10679,0.12645,0.11697,0.09117,0.34914,0.17523,0.17392,23.14721,9.65721,0,7.85,7226.9
50000,166,2.000e-04,3.64397,0.41815,0.54979,0.06833,0.09015,0.11537,0.10288,0.47536,0.22624,0.24912,14.37375,11.99627,0,7.85,7239.6
50100,167,2.000e-04,3.66093,0.37394,0.16835,0.11179,0.08444,0.10131,0.12997,0.51146,0.33018,0.18128,14.72022,11.74510,0,7.88,7252.3
50200,167,2.000e-04,3.59704,0.69836,0.18621,0.07342,0.12512,0.06402,0.08138,0.37311,0.10495,0.26815,8.55641,8.38711,0,7.94,7264.9
50300,167,2.000e-04,2.83427,0.29473,0.72254,0.05213,0.06059,0.06473,0.07322,0.62160,0.53235,0.08925,16.83344,13.21465,0,8.07,7277.3
50400,168,2.000e-04,4.60701,0.77186,0.46210,0.08458,0.14436,0.08166,0.13506,0.32742,0.09341,0.23401,17.92576,4.81406,0,8.12,7289.6
50500,168,2.000e-04,6.49209,0.27855,1.09571,0.14749,0.21626,0.14779,0.14828,0.22471,0.08526,0.13945,23.76949,11.26231,0,8.56,7301.3
50600,168,2.000e-04,5.78650,0.55098,0.39925,0.06631,0.25397,0.05981,0.26689,0.36509,0.14111,0.22398,16.32239,8.34761,0,8.04,7313.7
50700,169,2.000e-04,4.73868,0.29039,0.24061,0.10948,0.16822,0.11693,0.16922,0.34420,0.22401,0.12019,30.45134,7.58597,0,8.36,7325.7
50800,169,2.000e-04,6.44330,0.94304,0.33839,0.07625,0.29864,0.07665,0.20595,0.18504,0.12611,0.05893,30.36611,8.34070,0,7.79,7338.5
50900,169,2.000e-04,3.95385,0.54101,0.29196,0.11008,0.08031,0.10791,0.13548,0.44667,0.15260,0.29407,16.02314,13.25840,0,7.83,7351.3
51000,170,2.000e-04,3.38769,0.31372,0.23181,0.09390,0.07624,0.09912,0.12903,0.44885,0.15987,0.28898,15.44976,9.29742,0,1.54,7416.4
51100,170,2.000e-04,3.24569,0.65673,0.24908,0.08069,0.08521,0.07251,0.06367,0.24393,0.16894,0.07498,13.66176,12.13867,0,7.71,7429.4
51200,170,2.000e-04,7.38134,0.22912,1.12056,0.09522,0.31206,0.08833,0.30344,0.23676,0.12052,0.11623,27.57062,9.03049,0,8.37,7441.4
51300,171,2.000e-04,5.90602,0.26976,0.26396,0.08813,0.26884,0.07888,0.28165,0.37384,0.20778,0.16606,23.47042,8.93270,0,7.93,7454.0
51400,171,2.000e-04,3.94586,0.20203,0.53432,0.10880,0.09996,0.10372,0.12066,0.56780,0.19262,0.37518,18.40557,6.79730,0,8.32,7466.0
51500,171,2.000e-04,3.67965,0.49392,0.21922,0.10711,0.09437,0.11089,0.07946,0.45156,0.21752,0.23404,14.08238,8.34521,0,7.94,7478.6
51600,172,2.000e-04,4.19988,0.49579,0.27237,0.13362,0.12988,0.07495,0.08438,0.33912,0.23135,0.10777,17.62064,11.13210,0,7.80,7491.4
51700,172,2.000e-04,3.34316,0.38025,0.17744,0.10945,0.07818,0.11190,0.06994,0.42171,0.19491,0.22680,13.75358,6.64865,0,8.01,7503.9
51800,172,2.000e-04,4.99876,0.49323,0.89906,0.15209,0.09065,0.15913,0.07667,0.37951,0.27381,0.10570,19.46560,8.54262,0,7.99,7516.4
51900,173,2.000e-04,3.67115,0.56461,0.18437,0.09178,0.11885,0.08648,0.07670,0.27526,0.12206,0.15320,16.81572,6.51001,0,7.90,7529.1
52000,173,2.000e-04,4.14229,0.36569,0.26862,0.07899,0.14783,0.07549,0.17247,0.56367,0.26075,0.30292,14.59551,9.01888,0,7.93,7541.7
52100,173,2.000e-04,3.69773,0.49138,0.36442,0.08793,0.10226,0.08569,0.10231,0.29965,0.18590,0.11375,18.64797,6.67859,0,7.88,7554.4
52200,174,2.000e-04,3.93367,0.86979,0.18687,0.09531,0.11040,0.09347,0.07052,0.35961,0.13866,0.22094,18.05323,9.48180,0,7.88,7567.0
52300,174,2.000e-04,6.89923,0.24245,1.01617,0.23487,0.16251,0.21975,0.11360,0.44321,0.27756,0.16564,29.87971,15.31610,0,7.87,7579.8
52400,174,2.000e-04,3.43161,0.35064,0.38538,0.08058,0.08482,0.08732,0.12101,0.50231,0.22830,0.27401,12.97385,8.10373,0,7.88,7592.4
52500,175,2.000e-04,4.07400,0.25617,0.32812,0.12193,0.11660,0.11488,0.10599,0.26809,0.09105,0.17704,10.23088,4.03191,0,7.85,7605.2
52600,175,2.000e-04,3.15400,0.26446,0.14534,0.07343,0.10445,0.06576,0.12731,0.30666,0.14150,0.16516,14.53586,6.64720,0,7.86,7617.9
52700,175,2.000e-04,6.11947,0.21460,0.33944,0.10603,0.27413,0.10257,0.25021,0.38271,0.05730,0.32541,29.00212,5.96735,0,7.90,7630.6
52800,176,2.000e-04,3.19824,0.31546,0.45274,0.09772,0.06115,0.09326,0.07500,0.20339,0.13499,0.06840,17.21127,8.60235,0,7.88,7643.3
52900,176,2.000e-04,3.92107,0.55654,0.60914,0.09095,0.09828,0.08932,0.08329,0.36044,0.27006,0.09038,18.52009,9.92957,0,7.90,7655.9
53000,176,2.000e-04,6.56330,0.57713,0.03510,0.11955,0.33674,0.13422,0.14341,0.53315,0.15406,0.37908,27.87399,22.21986,0,7.89,7668.6
53100,177,2.000e-04,3.99334,0.62105,0.21608,0.09269,0.10059,0.07819,0.16649,0.39412,0.11092,0.28320,14.19452,12.37931,0,7.89,7681.3
53200,177,2.000e-04,2.73606,0.22683,0.08211,0.09706,0.07228,0.09342,0.05331,0.70517,0.45389,0.25128,11.75896,12.86813,0,7.88,7694.0
53300,177,2.000e-04,3.13823,0.06020,0.47376,0.10286,0.08250,0.09049,0.05963,0.66390,0.26856,0.39534,15.26707,10.18440,0,7.86,7706.7
53400,178,2.000e-04,4.22306,0.58319,0.55423,0.07004,0.15961,0.05319,0.10464,0.67868,0.46718,0.21150,15.41909,12.96164,0,7.84,7719.4
53500,178,2.000e-04,3.25230,0.32092,0.20444,0.06927,0.09559,0.07551,0.14016,0.48312,0.24849,0.23463,11.20031,13.30876,0,7.87,7732.2
53600,178,2.000e-04,3.27613,0.16559,0.16784,0.07585,0.11591,0.09120,0.11383,0.72446,0.42502,0.29944,20.17965,11.82178,0,7.81,7745.0
53700,179,2.000e-04,4.35454,0.60210,0.60868,0.11152,0.10607,0.11889,0.07469,0.17923,0.13968,0.03955,19.36896,8.71324,0,7.82,7757.8
53800,179,2.000e-04,5.67592,0.34932,0.34122,0.21583,0.13751,0.18171,0.10868,0.36288,0.21903,0.14385,32.64107,7.52209,0,7.82,7770.5
53900,179,2.000e-04,2.98403,0.19112,0.66109,0.07656,0.06353,0.09472,0.05146,0.88601,0.29251,0.59350,12.81809,20.42085,0,7.77,7783.4
54000,180,2.000e-04,4.16036,0.78760,0.14437,0.09032,0.12394,0.09592,0.12124,0.35488,0.09049,0.26439,26.31385,8.63581,0,1.44,7852.9
54100,180,2.000e-04,4.36228,0.26728,0.22142,0.08511,0.18502,0.07112,0.16333,0.46301,0.25240,0.21061,21.86640,9.36206,0,7.50,7866.2
54200,180,2.000e-04,3.74286,0.42620,0.89347,0.07642,0.08244,0.06349,0.10344,0.34547,0.22708,0.11839,19.66703,10.06192,0,7.75,7879.1
54300,181,2.000e-04,3.52786,0.34395,0.44263,0.07822,0.10634,0.06700,0.11213,0.39832,0.17017,0.22814,20.37401,5.98189,0,7.77,7892.0
54400,181,2.000e-04,3.19375,0.20617,0.26428,0.08007,0.10936,0.08025,0.08554,0.43904,0.27200,0.16704,14.30800,10.97753,0,7.74,7904.9
54500,181,2.000e-04,4.09462,0.33002,0.02812,0.09181,0.16525,0.09108,0.14208,0.61766,0.38187,0.23579,19.14722,15.44157,0,7.88,7917.6
54600,182,2.000e-04,3.22750,1.00965,0.08809,0.05021,0.09636,0.04962,0.08319,0.64082,0.25355,0.38727,7.32438,20.74079,0,8.12,7929.9
54700,182,2.000e-04,2.92673,0.47676,0.38320,0.08039,0.05726,0.07836,0.05970,0.29686,0.22079,0.07608,8.42412,9.06834,0,7.86,7942.6
54800,182,2.000e-04,2.99876,0.82024,0.22980,0.05343,0.07625,0.05384,0.07654,0.23383,0.10903,0.12479,13.24949,9.12414,0,7.87,7955.3
54900,183,2.000e-04,3.53031,0.88876,0.13132,0.08257,0.07766,0.07620,0.10538,0.38306,0.06706,0.31600,24.71645,18.94210,0,7.84,7968.1
55000,183,2.000e-04,3.64319,0.53477,0.22591,0.10560,0.08565,0.10797,0.08604,0.41896,0.13508,0.28388,12.70579,7.25637,0,7.85,7980.8
55100,183,2.000e-04,6.76249,0.86688,0.44571,0.12078,0.21329,0.13697,0.28488,0.38637,0.22552,0.16085,26.18832,8.85752,0,7.90,7993.5
55200,184,2.000e-04,3.80920,0.27735,0.71429,0.08088,0.11751,0.07929,0.08745,0.20921,0.16017,0.04904,21.81698,7.90235,0,7.90,8006.1
55300,184,2.000e-04,3.81593,0.16457,0.51472,0.09346,0.11934,0.08854,0.11319,0.33908,0.19362,0.14545,17.80125,5.03175,0,7.86,8018.9
55400,184,2.000e-04,3.88875,0.59742,0.16808,0.06633,0.12146,0.10891,0.14016,0.49142,0.14476,0.34666,12.72753,9.95898,0,7.87,8031.6
55500,185,2.000e-04,3.08583,0.06581,0.21564,0.06403,0.11893,0.06558,0.12938,0.47936,0.16820,0.31115,15.85517,10.76765,0,8.10,8043.9
55600,185,2.000e-04,2.62818,0.29419,0.22499,0.07608,0.06702,0.07757,0.05803,0.29040,0.13124,0.15916,11.47024,12.20197,0,8.19,8056.1
55700,185,2.000e-04,3.01029,0.23622,0.28804,0.08393,0.08179,0.09126,0.07449,0.37592,0.13993,0.23600,23.55262,10.31378,0,8.55,8067.8
55800,186,2.000e-04,3.58033,0.28920,0.59030,0.08892,0.09873,0.10894,0.05593,0.52098,0.36239,0.15859,16.25579,14.05802,0,7.90,8080.5
55900,186,2.000e-04,2.99751,0.23448,0.23707,0.07132,0.10641,0.09615,0.05357,0.47957,0.15953,0.32004,16.84755,10.98271,0,7.96,8093.1
56000,186,2.000e-04,3.50614,0.38659,0.20297,0.06716,0.12840,0.06518,0.12700,0.36084,0.12890,0.23194,10.76886,10.17250,0,7.97,8105.6
56100,187,2.000e-04,3.13817,0.37548,0.13507,0.08961,0.09353,0.08440,0.07485,0.23098,0.05141,0.17956,14.63515,7.47091,0,7.86,8118.3
56200,187,2.000e-04,2.89845,0.14146,0.43737,0.07570,0.07933,0.07039,0.08347,0.43020,0.17111,0.25909,11.65145,7.89287,0,7.83,8131.1
56300,187,2.000e-04,4.16884,0.26527,0.40665,0.08232,0.11377,0.08557,0.22163,0.50808,0.15810,0.34998,20.00107,9.11900,0,7.84,8143.9
56400,188,2.000e-04,3.07959,0.19203,0.20425,0.09532,0.08162,0.07449,0.10829,0.71008,0.43688,0.27320,16.21622,9.69034,0,7.82,8156.6
56500,188,2.000e-04,3.41337,0.87479,0.23273,0.06994,0.07562,0.09399,0.07607,0.45373,0.21388,0.23984,13.33994,12.02529,0,7.78,8169.5
56600,188,2.000e-04,4.30383,0.47997,0.06882,0.10414,0.14481,0.10125,0.15185,0.63543,0.23263,0.40280,22.08371,20.33124,0,7.73,8182.4
56700,189,2.000e-04,3.95597,0.36332,0.44814,0.10546,0.11276,0.07579,0.11667,0.39690,0.16703,0.22988,23.56816,10.81448,0,7.86,8195.2
56800,189,2.000e-04,4.22894,0.72320,0.27865,0.08778,0.13732,0.08197,0.11325,0.54479,0.28042,0.26437,12.42019,8.64757,0,7.84,8207.9
56900,189,2.000e-04,2.94348,0.32399,0.18698,0.07319,0.09016,0.06703,0.09278,0.48030,0.22755,0.25275,9.92944,8.34406,0,7.86,8220.6
57000,190,2.000e-04,5.38596,0.61296,0.42998,0.11129,0.18388,0.09413,0.18414,0.15628,0.05393,0.10235,25.04628,8.43307,0,1.39,8292.4
57100,190,2.000e-04,3.29933,0.40728,0.09262,0.07880,0.11540,0.08193,0.08955,0.60245,0.33327,0.26918,13.55001,12.29253,0,7.42,8305.8
57200,190,2.000e-04,4.14283,0.29582,0.29869,0.11364,0.12131,0.10839,0.13137,0.57072,0.28503,0.28569,17.98034,7.17562,0,7.91,8318.5
57300,191,2.000e-04,4.08375,0.15395,0.61073,0.11307,0.09188,0.12330,0.13062,0.46912,0.33452,0.13461,19.02090,12.67795,0,7.82,8331.3
57400,191,2.000e-04,4.59400,0.35174,0.31487,0.14980,0.12453,0.12471,0.11213,0.46723,0.28736,0.17987,22.54941,7.97730,0,7.82,8344.1
57500,191,2.000e-04,3.03742,0.37119,0.48238,0.07448,0.06537,0.11578,0.04130,0.37090,0.22446,0.14644,13.13455,8.78266,0,7.74,8357.0
57600,192,2.000e-04,4.15969,0.09204,0.21187,0.09090,0.14832,0.07866,0.21407,0.71803,0.33225,0.38578,12.42214,8.71866,0,7.77,8369.8
57700,192,2.000e-04,3.60622,0.30728,0.36354,0.07479,0.13177,0.06298,0.11099,0.56899,0.32948,0.23951,14.06065,6.78489,0,7.80,8382.7
57800,192,2.000e-04,3.91642,0.28992,0.19234,0.11715,0.11469,0.11583,0.10731,0.59243,0.34862,0.24381,13.81730,8.07044,0,7.81,8395.5
57900,193,2.000e-04,5.55050,0.15728,0.81450,0.10909,0.19216,0.11181,0.20143,0.59154,0.22238,0.36917,32.89915,18.39628,0,8.35,8407.4
58000,193,2.000e-04,3.45302,0.35792,0.19151,0.12640,0.06587,0.12699,0.06919,0.58548,0.23939,0.34609,12.00586,5.84608,0,8.63,8419.0
58100,193,2.000e-04,4.06939,0.25900,0.13066,0.08764,0.16568,0.08534,0.14396,0.30201,0.19553,0.10648,24.08501,7.35905,0,8.57,8430.7
58200,194,2.000e-04,3.61435,0.83729,0.25816,0.08256,0.08207,0.07650,0.09802,0.53388,0.29400,0.23988,11.63152,18.69257,0,7.84,8443.4
58300,194,2.000e-04,2.81024,0.14775,0.27329,0.06975,0.10007,0.06225,0.07595,0.68298,0.51657,0.16641,11.66715,8.38197,0,7.77,8456.3
58400,194,2.000e-04,4.25779,0.36526,0.65220,0.08886,0.13800,0.05639,0.13795,0.49286,0.34880,0.14406,25.36255,5.58162,0,8.28,8468.4
58500,195,2.000e-04,4.02767,0.53304,0.28831,0.08965,0.12821,0.08345,0.12208,0.53756,0.23046,0.30710,11.13655,14.47056,0,8.07,8480.8
58600,195,2.000e-04,5.36588,0.10480,0.59199,0.08649,0.22616,0.09681,0.21169,0.46209,0.25202,0.21007,18.47838,8.12803,0,7.84,8493.5
58700,195,2.000e-04,4.14319,0.59219,0.42737,0.15468,0.07345,0.08095,0.08750,0.67439,0.50285,0.17154,19.85931,10.35175,0,7.92,8506.2
58800,196,2.000e-04,3.38605,0.48908,0.51186,0.07045,0.08280,0.07091,0.09962,0.47816,0.24253,0.23562,13.08958,10.41949,0,7.85,8518.9
58900,196,2.000e-04,3.32636,0.29246,0.70212,0.09828,0.05496,0.09754,0.06233,0.33815,0.29732,0.04083,9.93272,4.46259,0,7.78,8531.8
59000,196,2.000e-04,3.15711,0.71745,0.25095,0.08201,0.06386,0.08596,0.06003,0.30718,0.13507,0.17211,9.28964,12.73226,0,7.81,8544.6
59100,197,2.000e-04,3.32614,0.23012,0.14719,0.11933,0.09167,0.08113,0.08664,0.60655,0.31027,0.29628,24.88454,7.23060,0,7.74,8557.5
59200,197,2.000e-04,3.15030,0.14711,0.22163,0.12191,0.06611,0.11606,0.06421,0.51859,0.12355,0.39503,13.86465,8.33715,0,7.70,8570.5
59300,197,2.000e-04,4.44155,0.28625,0.19361,0.09946,0.11245,0.10506,0.26347,0.84563,0.35747,0.48816,14.72149,12.17474,0,7.73,8583.4
59400,198,2.000e-04,3.15378,0.53266,0.11517,0.06902,0.09891,0.07001,0.09533,0.44306,0.23583,0.20723,10.43216,11.08031,0,7.84,8596.2
59500,198,2.000e-04,3.43609,0.39394,0.65731,0.10088,0.06790,0.08793,0.05147,0.23167,0.15215,0.07951,15.59744,6.24282,0,7.78,8609.0
59600,198,2.000e-04,3.53866,0.38884,0.25072,0.10301,0.10262,0.08404,0.08452,0.51300,0.15366,0.35934,17.21847,10.22780,0,7.79,8621.9
59700,199,2.000e-04,4.22515,0.17327,0.24857,0.11291,0.14001,0.12258,0.13225,0.23616,0.10130,0.13487,16.68647,6.02464,0,7.78,8634.7
59800,199,2.000e-04,5.04989,0.67540,0.65063,0.12016,0.11903,0.10284,0.16355,0.37705,0.19561,0.18144,21.57116,7.15801,0,7.82,8647.5
59900,199,2.000e-04,3.48378,0.65081,0.33970,0.08688,0.08685,0.08134,0.06986,0.43491,0.17544,0.25948,12.30621,11.31124,0,7.78,8660.4
60000,200,2.000e-04,3.94471,0.69212,0.69486,0.08561,0.09601,0.08659,0.06172,0.25289,0.19993,0.05297,19.34416,4.67295,0,1.36,8734.0
60100,200,2.000e-04,3.34644,0.29858,0.44764,0.07986,0.09669,0.07297,0.09398,0.25827,0.16701,0.09126,15.59545,6.06788,0,7.52,8747.3
60200,200,2.000e-04,4.17860,0.78481,0.49666,0.07378,0.12503,0.06712,0.11468,0.42160,0.34358,0.07802,15.17520,9.62112,0,8.49,8759.0
60300,201,2.000e-04,3.76367,0.76130,0.41243,0.09413,0.08859,0.07018,0.08238,0.40647,0.23601,0.17045,16.86417,7.89937,0,7.95,8771.6
60400,201,2.000e-04,4.46955,0.70037,0.81978,0.10847,0.10141,0.10002,0.07008,0.37762,0.18788,0.18974,19.54473,8.45652,0,7.80,8784.4
60500,201,2.000e-04,2.90386,0.33827,0.19553,0.07133,0.08533,0.08805,0.07263,0.54192,0.26948,0.27243,13.92881,9.22888,0,7.88,8797.1
60600,202,2.000e-04,3.01012,0.40363,0.21417,0.06855,0.09739,0.06759,0.07898,0.43276,0.18439,0.24837,14.02982,8.93234,0,7.90,8809.8
60700,202,2.000e-04,3.26625,0.22743,0.42051,0.11257,0.07223,0.08887,0.06518,0.23534,0.14985,0.08549,14.61969,6.67267,0,7.84,8822.6
60800,202,2.000e-04,3.86033,0.38926,0.47305,0.08414,0.10676,0.11123,0.10658,0.70167,0.42671,0.27496,25.58906,9.52625,0,7.90,8835.2
60900,203,2.000e-04,5.50167,0.23271,0.68090,0.12269,0.20225,0.11411,0.15362,0.37443,0.21683,0.15760,30.26862,8.54663,0,8.26,8847.3
61000,203,2.000e-04,3.42648,0.28653,0.28801,0.08506,0.10554,0.06915,0.12004,0.53683,0.39598,0.14085,15.29312,9.90392,0,8.03,8859.8
61100,203,2.000e-04,3.25651,0.17365,0.35098,0.10765,0.07482,0.10123,0.08020,0.38522,0.32274,0.06248,11.84896,14.56464,0,7.89,8872.5
61200,204,2.000e-04,3.35970,0.62554,0.65638,0.05488,0.06864,0.10572,0.06278,0.17185,0.04369,0.12816,12.10874,6.67869,0,7.91,8885.1
61300,204,2.000e-04,3.32997,0.33183,0.38038,0.07233,0.10044,0.06403,0.11398,0.44656,0.23253,0.21403,14.30142,13.58847,0,7.73,8898.0
61400,204,2.000e-04,4.95607,0.43822,0.17298,0.12823,0.18271,0.09884,0.14826,0.66390,0.31536,0.34855,21.92720,21.66005,0,7.77,8910.9
61500,205,2.000e-04,3.74668,0.42634,0.17313,0.13284,0.07540,0.13687,0.07609,0.39040,0.20367,0.18672,12.41603,10.73010,0,7.88,8923.6
61600,205,2.000e-04,5.35675,0.57287,0.04055,0.08194,0.21645,0.07979,0.27209,0.37158,0.18527,0.18631,21.01222,9.78087,0,8.18,8935.8
61700,205,2.000e-04,3.89681,0.31433,0.10900,0.07669,0.15496,0.07856,0.15283,0.50619,0.22292,0.28328,11.92112,7.18968,0,7.94,8948.4
61800,206,2.000e-04,3.69571,0.71182,0.42338,0.09751,0.08396,0.09020,0.05898,0.28115,0.06615,0.21499,14.83661,9.36898,0,7.74,8961.3
61900,206,2.000e-04,4.01586,1.07193,0.55250,0.07522,0.08879,0.06277,0.08748,0.44874,0.08781,0.36092,15.20950,18.81156,0,7.91,8974.0
62000,206,2.000e-04,3.65725,0.48169,0.90688,0.06898,0.08522,0.07307,0.07227,0.25145,0.21746,0.03399,13.75375,5.21957,0,8.13,8986.3
62100,207,2.000e-04,4.59837,0.49322,0.39715,0.07445,0.16315,0.08985,0.17657,0.46813,0.27977,0.18836,22.54558,9.29732,0,7.80,8999.1
62200,207,2.000e-04,4.68086,0.20296,0.66486,0.11150,0.15784,0.08304,0.14089,0.43954,0.19955,0.23999,39.40968,9.54264,0,7.97,9011.6
62300,207,2.000e-04,3.74888,0.45021,0.29456,0.10087,0.09525,0.13716,0.07142,0.39600,0.20007,0.19593,45.92632,5.33404,0,7.80,9024.4
62400,208,2.000e-04,2.76116,0.50931,0.28444,0.08074,0.05344,0.09320,0.03194,0.39788,0.29522,0.10266,10.14423,9.90402,0,7.87,9037.2
62500,208,2.000e-04,3.38848,0.26920,0.18126,0.07865,0.12681,0.05787,0.11882,0.54419,0.17515,0.36905,19.47306,8.57136,0,7.82,9049.9
62600,208,2.000e-04,2.84164,0.34469,0.64741,0.07025,0.05452,0.07083,0.04954,0.60795,0.34516,0.26279,7.62021,13.19986,0,7.80,9062.8
62700,209,2.000e-04,4.14001,0.67987,0.01944,0.08270,0.15345,0.07379,0.14205,0.59952,0.24738,0.35214,22.31881,16.20462,0,8.05,9075.2
62800,209,2.000e-04,3.86607,0.22833,0.38082,0.08320,0.12364,0.08103,0.15667,0.45512,0.21544,0.23969,18.09326,10.89299,0,8.12,9087.5
62900,209,2.000e-04,3.36577,0.52967,0.28787,0.07001,0.10148,0.06668,0.09998,0.62982,0.33034,0.29949,16.50035,12.59839,0,8.21,9099.7
63000,210,2.000e-04,3.79728,0.42060,0.53761,0.10674,0.09194,0.09431,0.07615,0.52426,0.35421,0.17005,10.90230,6.78708,0,1.25,9179.4
63100,210,2.000e-04,2.75377,0.29699,0.56677,0.05753,0.08103,0.05730,0.04358,0.43543,0.13919,0.29624,11.94020,21.37485,0,7.48,9192.8
63200,210,2.000e-04,3.16237,0.65025,0.21595,0.06574,0.07994,0.07146,0.09640,0.43069,0.21103,0.21966,13.06256,12.21039,0,7.89,9205.4
63300,211,2.000e-04,4.38784,0.52791,0.40057,0.11437,0.10185,0.12335,0.13609,0.53241,0.23520,0.29722,16.56744,12.35726,0,7.79,9218.3
63400,211,2.000e-04,2.83358,0.19444,0.17837,0.07249,0.08950,0.09746,0.07071,0.58536,0.26136,0.32400,17.01974,11.84739,0,7.81,9231.1
63500,211,2.000e-04,3.36083,0.36846,0.46817,0.08009,0.08714,0.07712,0.09328,0.72074,0.43394,0.28680,12.25461,12.41660,0,7.87,9243.8
63600,212,2.000e-04,3.76712,0.64421,0.15250,0.07016,0.11622,0.08381,0.13753,0.79210,0.32844,0.46366,18.33484,16.32009,0,7.76,9256.7
63700,212,2.000e-04,3.46853,0.41368,0.20921,0.08975,0.12285,0.08406,0.05987,0.31486,0.25460,0.06026,26.64922,12.43519,0,7.82,9269.5
63800,212,2.000e-04,3.58216,0.62529,0.28183,0.12005,0.06660,0.09858,0.06313,0.59829,0.30238,0.29591,14.74960,6.96770,0,7.94,9282.1
63900,213,2.000e-04,4.38811,0.75419,0.37090,0.08805,0.13962,0.09324,0.10403,0.43885,0.27094,0.16792,16.49355,6.45269,0,7.79,9294.9
64000,213,2.000e-04,3.54601,0.23060,0.48181,0.08495,0.10089,0.07888,0.11614,0.27283,0.09542,0.17741,9.67295,14.85869,0,7.94,9307.5
64100,213,2.000e-04,6.09347,0.31949,0.29395,0.07690,0.28618,0.06951,0.30034,0.32591,0.06131,0.26459,26.86087,4.96856,0,8.27,9319.6
64200,214,2.000e-04,3.17413,0.45546,0.20536,0.08743,0.07765,0.08451,0.08798,0.42725,0.21936,0.20788,13.82203,10.67170,0,8.09,9332.0
64300,214,2.000e-04,6.28501,0.32179,0.23763,0.08133,0.28231,0.07262,0.34522,0.59992,0.28146,0.31846,23.58114,11.08446,0,7.84,9344.7
64400,214,2.000e-04,3.46445,0.43882,0.06275,0.07282,0.11167,0.07328,0.15031,0.75618,0.36600,0.39018,17.25482,15.25366,0,7.86,9357.4
64500,215,2.000e-04,3.17317,0.28242,0.59846,0.07045,0.10346,0.06134,0.04930,0.29675,0.12713,0.16961,17.28528,8.41947,0,7.82,9370.2
64600,215,2.000e-04,3.26117,0.19493,0.42559,0.09747,0.08999,0.06943,0.08377,0.71571,0.30645,0.40927,15.73658,12.67968,0,7.83,9383.0
64700,215,2.000e-04,4.20326,0.44415,0.49048,0.08436,0.14340,0.08045,0.11776,0.32079,0.12239,0.19840,18.29549,8.18472,0,7.90,9395.6
64800,216,2.000e-04,3.84115,0.14097,0.07604,0.10351,0.13509,0.10476,0.14286,0.60587,0.46354,0.14233,11.45816,11.33906,0,7.97,9408.2
64900,216,2.000e-04,3.34334,0.41061,0.36659,0.08840,0.08462,0.08442,0.08278,0.43094,0.27450,0.15644,13.09889,4.50038,0,8.32,9420.2
65000,216,2.000e-04,2.71127,0.52666,0.04346,0.05194,0.09503,0.07915,0.05514,0.59696,0.22396,0.37300,16.43703,15.19903,0,8.18,9432.4
65100,217,2.000e-04,3.82520,0.52942,0.13298,0.10239,0.12984,0.08802,0.08007,0.33445,0.14373,0.19072,15.99271,9.07598,0,8.11,9444.8
65200,217,2.000e-04,3.44512,0.14356,0.44478,0.08852,0.10645,0.07880,0.10261,0.40944,0.23321,0.17623,13.24901,10.31802,0,7.80,9457.6
65300,217,2.000e-04,3.51085,0.51397,0.10520,0.07715,0.13187,0.07711,0.08317,0.44061,0.29798,0.14263,16.51433,6.40180,0,7.94,9470.2
65400,218,2.000e-04,2.88791,0.38096,0.09993,0.07368,0.10469,0.05743,0.06723,0.44589,0.26639,0.17950,16.72301,8.22182,0,8.16,9482.4
65500,218,2.000e-04,3.97784,0.26471,0.82571,0.09611,0.10238,0.10722,0.07329,0.46041,0.29304,0.16737,15.13299,8.83092,0,7.86,9495.2
65600,218,2.000e-04,3.25427,0.11725,0.12205,0.10874,0.08804,0.09968,0.10974,0.27344,0.10714,0.16630,10.12296,10.03311,0,8.00,9507.7
65700,219,2.000e-04,3.99506,0.72234,0.31517,0.07018,0.12539,0.07593,0.12444,0.50891,0.24671,0.26219,5.42821,12.44456,0,8.11,9520.0
65800,219,2.000e-04,4.97046,1.06269,0.12725,0.14133,0.13606,0.07649,0.12483,0.44603,0.17292,0.27312,25.84708,17.07396,0,8.06,9532.4
65900,219,2.000e-04,3.74670,0.46319,0.64993,0.09559,0.09650,0.08481,0.05773,0.40686,0.18941,0.21745,19.74043,11.40751,0,8.48,9544.2
66000,220,2.000e-04,6.38803,0.11595,0.57543,0.08844,0.32471,0.07089,0.24215,0.30657,0.07274,0.23382,25.69081,18.21432,0,1.40,9615.7
66100,220,2.000e-04,2.93680,0.12514,0.41792,0.08273,0.08286,0.05621,0.09134,0.20316,0.03670,0.16646,14.97616,4.88018,0,7.19,9629.6
66200,220,2.000e-04,3.72371,0.39458,0.20722,0.07774,0.11999,0.06600,0.16292,0.55856,0.21210,0.34646,11.90616,5.67192,0,7.90,9642.2
66300,221,2.000e-04,5.29126,0.34473,0.42522,0.09302,0.20167,0.09202,0.22286,0.26638,0.15054,0.11585,29.21471,11.30412,0,7.84,9655.0
66400,221,2.000e-04,3.87268,0.46682,0.47829,0.08078,0.10783,0.10489,0.10341,0.35395,0.02400,0.32995,13.50107,7.80178,0,7.88,9667.7
66500,221,2.000e-04,3.87599,0.29858,0.09126,0.10424,0.11525,0.10599,0.15226,0.37073,0.22229,0.14844,14.54844,4.88381,0,8.01,9680.2
66600,222,2.000e-04,5.06464,0.64065,0.44114,0.08032,0.17216,0.08119,0.21042,0.54429,0.23025,0.31404,21.02937,8.58817,0,7.98,9692.7
66700,222,2.000e-04,3.22286,0.21727,0.53652,0.07814,0.08586,0.09510,0.07070,0.33150,0.18466,0.14684,15.94637,6.71533,0,8.02,9705.2
66800,222,2.000e-04,2.67751,0.12847,0.73398,0.05016,0.07240,0.05584,0.06205,0.41184,0.15528,0.25656,8.65590,12.04387,0,7.88,9717.9
66900,223,2.000e-04,3.41408,0.12533,0.21358,0.10655,0.09547,0.09581,0.11519,0.58961,0.16133,0.42827,20.93725,16.95298,0,8.24,9730.0
67000,223,2.000e-04,3.99245,0.46376,0.60552,0.08606,0.10814,0.07420,0.12202,0.42027,0.23880,0.18146,19.59457,4.91407,0,8.23,9742.1
67100,223,2.000e-04,3.62494,0.40112,0.13560,0.09486,0.11212,0.08851,0.11518,0.47864,0.29695,0.18169,19.99104,6.60005,0,8.30,9754.2
67200,224,2.000e-04,3.04701,0.47099,0.63428,0.06336,0.06214,0.06581,0.07153,0.71526,0.18801,0.52725,9.38752,18.46226,0,7.87,9766.9
67300,224,2.000e-04,3.04323,0.52728,0.19460,0.09269,0.07443,0.08720,0.04282,0.36921,0.15021,0.21899,12.75477,5.96674,0,8.33,9778.9
67400,224,2.000e-04,5.03446,0.54891,0.43108,0.09759,0.16726,0.06524,0.21595,0.65592,0.22208,0.43384,22.85767,11.24062,0,8.29,9791.0
67500,225,2.000e-04,4.15693,0.80257,0.74554,0.07007,0.09899,0.06771,0.11594,0.34982,0.20113,0.14869,13.20798,13.30987,0,7.97,9803.5
67600,225,2.000e-04,3.78772,0.41649,0.58392,0.10093,0.09702,0.09798,0.06357,0.45636,0.18420,0.27216,18.02236,7.03463,0,7.86,9816.2
67700,225,2.000e-04,3.72813,0.02880,0.51535,0.10743,0.10394,0.10758,0.10647,0.33377,0.17728,0.15648,20.60596,8.68480,0,7.97,9828.8
67800,226,2.000e-04,4.16470,0.61531,0.16571,0.07178,0.16052,0.07578,0.13636,0.28059,0.08440,0.19619,17.50250,9.34477,0,7.97,9841.3
67900,226,2.000e-04,3.35694,0.61238,0.29166,0.09909,0.06712,0.09438,0.06378,0.60947,0.35541,0.25405,16.59612,9.72067,0,7.82,9854.1
68000,226,2.000e-04,2.91959,0.40546,0.19333,0.06171,0.08524,0.08409,0.08617,0.68094,0.39162,0.28932,12.54557,7.44710,0,7.91,9866.8
68100,227,2.000e-04,4.00254,0.42121,0.64753,0.12070,0.09458,0.06819,0.08802,0.30906,0.16874,0.14032,17.64660,6.55986,0,8.24,9878.9
68200,227,2.000e-04,3.01194,0.55145,0.32657,0.08426,0.06037,0.07580,0.06172,0.37420,0.13300,0.24120,5.99676,8.73034,0,7.93,9891.5
68300,227,2.000e-04,5.67897,0.42867,0.02541,0.06140,0.30659,0.06513,0.24386,0.38125,0.15995,0.22130,20.55150,7.66376,0,7.97,9904.1
68400,228,2.000e-04,3.22693,0.42078,0.13583,0.10355,0.07719,0.07822,0.09438,0.35459,0.20704,0.14755,20.01620,11.26445,0,7.85,9916.8
68500,228,2.000e-04,5.85484,0.32307,0.69726,0.05949,0.25751,0.07630,0.25661,0.39194,0.08612,0.30582,27.22134,20.29298,0,8.07,9929.2
68600,228,2.000e-04,3.48258,0.49369,0.38660,0.08240,0.09404,0.07268,0.09490,0.38457,0.17594,0.20863,15.05004,7.33671,0,8.00,9941.7
68700,229,2.000e-04,3.54835,0.38944,0.35032,0.09989,0.08653,0.10220,0.08668,0.70035,0.37586,0.32449,14.01453,11.81205,0,7.88,9954.4
68800,229,2.000e-04,3.50448,0.57992,0.16870,0.08760,0.08890,0.10919,0.08899,0.25148,0.04659,0.20489,17.01578,7.54553,0,7.92,9967.0
68900,229,2.000e-04,3.13789,0.33015,0.55071,0.06357,0.10009,0.06065,0.06344,0.25452,0.11129,0.14323,12.68863,7.81861,0,7.85,9979.7
69000,230,2.000e-04,3.58730,0.23578,0.44397,0.09413,0.10930,0.09679,0.07785,0.20002,0.09670,0.10332,22.93784,8.50013,0,1.54,10044.7
69100,230,2.000e-04,3.72344,0.34819,1.13387,0.06681,0.07311,0.06161,0.10682,0.36123,0.29421,0.06702,13.86767,13.23362,0,7.80,10057.6
69200,230,2.000e-04,3.23185,0.34480,0.41999,0.08341,0.08721,0.07641,0.07576,0.48734,0.15199,0.33535,14.74543,7.75728,0,8.09,10069.9
69300,231,2.000e-04,7.27166,0.29415,0.31166,0.09583,0.34149,0.09884,0.35969,0.46155,0.08192,0.37963,22.70369,5.36274,0,7.90,10082.6
69400,231,2.000e-04,3.59373,0.48135,0.55859,0.09367,0.08854,0.08048,0.06586,0.33675,0.15428,0.18247,20.89928,6.07202,0,7.94,10095.2
69500,231,2.000e-04,3.64978,0.25661,0.61658,0.06487,0.13424,0.06678,0.09032,0.29078,0.21658,0.07420,15.49367,10.63136,0,7.84,10107.9
69600,232,2.000e-04,5.32172,0.50571,0.61231,0.08257,0.16908,0.09143,0.24602,0.25894,0.11857,0.14037,25.62264,4.67541,0,7.85,10120.7
69700,232,2.000e-04,2.97393,0.19994,0.48930,0.04822,0.10923,0.06183,0.08021,0.58744,0.33771,0.24973,14.57885,11.01546,0,7.91,10133.3
69800,232,2.000e-04,6.44535,0.28087,0.75627,0.08406,0.26788,0.08994,0.28783,0.27575,0.10922,0.16652,18.31067,5.27643,0,7.88,10146.0
69900,233,2.000e-04,3.87462,0.24351,0.90407,0.06216,0.10718,0.10575,0.10098,0.26093,0.22703,0.03390,15.87425,11.86886,0,8.06,10158.4
70000,233,2.000e-04,2.97394,0.37122,0.04428,0.06512,0.10007,0.06831,0.11300,0.46410,0.31532,0.14878,19.78618,8.12035,0,7.92,10171.0
70100,233,2.000e-04,4.03956,0.51482,0.79561,0.09747,0.07730,0.10776,0.08855,0.40549,0.19784,0.20765,14.62183,7.88622,0,7.90,10183.7
70200,234,2.000e-04,3.73379,0.49892,0.14010,0.06690,0.15144,0.06320,0.11906,0.70000,0.50146,0.19855,15.85350,8.75827,0,7.77,10196.6
70300,234,2.000e-04,3.19156,0.36684,0.39325,0.07040,0.10607,0.06118,0.07218,0.31719,0.03778,0.27942,22.49833,6.76083,0,7.81,10209.4
70400,234,2.000e-04,2.32195,0.09904,0.28069,0.07622,0.05947,0.06647,0.05062,0.57942,0.19696,0.38246,12.36515,13.38058,0,7.80,10222.2
70500,235,2.000e-04,5.59640,0.51724,0.55676,0.07827,0.22904,0.05396,0.23591,0.23776,0.03779,0.19997,22.05395,7.89366,0,7.81,10235.0
70600,235,2.000e-04,3.29156,0.82357,0.13011,0.08987,0.07834,0.09216,0.03899,0.18970,0.06593,0.12377,15.41273,10.60247,0,8.02,10247.5
70700,235,2.000e-04,3.10620,0.28265,0.68380,0.06345,0.07723,0.07764,0.06894,0.28780,0.09716,0.19064,14.58279,10.92490,0,7.82,10260.3
70800,236,2.000e-04,4.98686,0.84034,0.47951,0.05656,0.17653,0.05384,0.21340,0.25705,0.20650,0.05055,9.73024,8.05432,0,7.87,10273.0
70900,236,2.000e-04,3.12384,0.40271,0.15873,0.05747,0.10118,0.08463,0.11054,0.24927,0.17588,0.07338,18.58261,4.03340,0,7.84,10285.7
71000,236,2.000e-04,3.89620,0.74249,0.48262,0.09173,0.06865,0.11685,0.09660,0.59909,0.27438,0.32471,20.54058,12.55141,0,7.85,10298.5
71100,237,2.000e-04,4.75457,0.32502,1.04881,0.09915,0.15596,0.08312,0.08280,0.26545,0.09670,0.16875,24.92656,13.95306,0,7.85,10311.2
71200,237,2.000e-04,3.67520,0.35694,0.19090,0.10012,0.12010,0.09442,0.09060,0.46554,0.31778,0.14776,19.75607,6.63094,0,7.88,10323.9
71300,237,2.000e-04,3.16973,0.14742,0.11576,0.05890,0.13335,0.05972,0.13709,0.44043,0.12395,0.31648,15.56254,11.86847,0,7.86,10336.6
71400,238,2.000e-04,2.78903,0.13465,0.54286,0.07539,0.07351,0.06970,0.05480,0.42407,0.25376,0.17032,8.21973,6.21828,0,7.89,10349.3
71500,238,2.000e-04,2.73762,0.28461,0.08391,0.06851,0.08280,0.06721,0.10398,0.47534,0.19177,0.28357,11.88008,11.94516,0,7.88,10362.0
71600,238,2.000e-04,2.95705,0.37119,0.33893,0.05542,0.10672,0.05845,0.06666,0.25846,0.15923,0.09923,15.41065,6.93971,0,7.82,10374.8
71700,239,2.000e-04,3.80006,0.71011,0.48290,0.07987,0.10202,0.08699,0.07063,0.28952,0.10753,0.18199,12.57376,6.83635,0,7.92,10387.4
71800,239,2.000e-04,3.50101,0.18138,1.02628,0.08079,0.07847,0.06975,0.07038,0.26642,0.18804,0.07839,18.23752,9.93643,0,7.86,10400.1
71900,239,2.000e-04,2.79417,0.54247,0.41183,0.05276,0.07659,0.04398,0.06528,0.65890,0.30771,0.35119,11.83361,10.93392,0,7.94,10412.7
72000,240,2.000e-04,5.28991,0.40669,0.72989,0.13431,0.11163,0.11739,0.22140,0.28409,0.06470,0.21939,28.71546,7.48986,0,1.52,10478.5
72100,240,2.000e-04,2.88225,0.30304,0.14837,0.08166,0.09309,0.07094,0.06573,0.47868,0.14177,0.33691,14.09047,13.19842,0,7.44,10491.9
72200,240,2.000e-04,4.89113,0.13237,0.47170,0.06001,0.21611,0.06408,0.24108,0.32192,0.18300,0.13892,23.56186,14.02207,0,8.01,10504.4
72300,241,2.000e-04,5.33059,0.31606,0.91506,0.11540,0.15801,0.12034,0.15275,0.11874,0.02700,0.09174,24.46974,5.05993,0,7.79,10517.2
72400,241,2.000e-04,2.83490,0.10789,0.16821,0.07645,0.09694,0.06942,0.09557,0.42047,0.16443,0.25603,17.77564,6.12224,0,7.85,10530.0
72500,241,2.000e-04,5.11616,0.43463,0.78750,0.13049,0.15052,0.10723,0.10956,0.45198,0.12677,0.32521,13.12869,8.27764,0,8.07,10542.4
72600,242,2.000e-04,4.48270,0.41255,0.23750,0.13208,0.08618,0.13691,0.19310,0.44755,0.35947,0.08808,19.90620,13.53819,0,7.91,10555.0
72700,242,2.000e-04,4.04333,0.27447,0.72231,0.07899,0.12316,0.08280,0.12221,0.46057,0.27424,0.18633,17.25648,10.39888,0,7.87,10567.7
72800,242,2.000e-04,3.35352,0.22890,0.58366,0.09892,0.06610,0.09456,0.08358,0.20889,0.05425,0.15464,9.28226,5.22564,0,7.85,10580.4
72900,243,2.000e-04,4.26183,0.42409,1.07572,0.09524,0.09348,0.11145,0.06352,0.27370,0.12909,0.14461,19.41494,7.57554,0,7.81,10593.2
73000,243,2.000e-04,2.61457,0.65199,0.05822,0.05387,0.07170,0.05993,0.06980,0.55654,0.26315,0.29339,13.32540,7.61982,0,7.81,10606.1
73100,243,2.000e-04,3.96112,0.37541,1.24043,0.08700,0.08552,0.07816,0.04586,0.33373,0.21891,0.11483,16.40699,9.21144,0,7.79,10618.9
73200,244,2.000e-04,3.87508,0.69548,0.20038,0.11956,0.09672,0.11466,0.04863,0.22975,0.06908,0.16067,12.43306,10.16624,0,7.98,10631.4
73300,244,2.000e-04,4.07419,0.95319,0.12407,0.09830,0.09420,0.10518,0.10921,0.49848,0.11747,0.38101,15.33634,16.42009,0,7.84,10644.2
73400,244,2.000e-04,3.54516,0.29791,0.21110,0.07834,0.11561,0.05716,0.16217,0.47828,0.17382,0.30446,16.90753,6.87881,0,8.09,10656.5
73500,245,2.000e-04,3.25068,0.45582,0.46346,0.07085,0.08346,0.07824,0.07942,0.35895,0.17694,0.18201,12.28580,7.59285,0,8.08,10668.9
73600,245,2.000e-04,2.92085,0.23538,0.26575,0.09091,0.07662,0.07537,0.07351,0.15517,0.07780,0.07737,15.02958,3.66448,0,8.13,10681.2
73700,245,2.000e-04,3.06105,0.41324,0.24181,0.05430,0.10697,0.06240,0.09626,0.63307,0.44388,0.18919,14.01821,18.29502,0,8.11,10693.5
73800,246,2.000e-04,4.42454,0.72243,0.45531,0.08854,0.12726,0.08497,0.13280,0.51284,0.05327,0.45957,14.15487,4.76142,0,8.13,10705.8
73900,246,2.000e-04,3.02593,0.56799,0.34371,0.06199,0.09298,0.05511,0.05780,0.27718,0.18091,0.09627,10.56006,9.55074,0,8.14,10718.1
74000,246,2.000e-04,3.75671,0.37393,0.75237,0.07789,0.11238,0.08221,0.06334,0.36953,0.20266,0.16687,15.38743,4.41808,0,8.06,10730.5
74100,247,2.000e-04,3.41120,0.63318,0.38169,0.06003,0.10138,0.07314,0.08331,0.57473,0.21494,0.35979,17.20846,7.72773,0,7.85,10743.3
74200,247,2.000e-04,4.04212,0.54892,0.44981,0.07012,0.12542,0.08032,0.13727,0.60163,0.32058,0.28105,12.54433,9.81346,0,7.81,10756.1
74300,247,2.000e-04,3.54604,0.11869,0.17780,0.13775,0.11118,0.06028,0.09176,0.66117,0.26452,0.39664,27.77256,6.75399,0,7.95,10768.7
74400,248,2.000e-04,3.19266,0.24188,0.08884,0.07197,0.11907,0.05583,0.13448,0.73616,0.32246,0.41370,20.35912,9.94047,0,8.06,10781.1
74500,248,2.000e-04,2.69377,0.36547,0.20252,0.06609,0.07218,0.06448,0.08413,0.29530,0.10893,0.18637,10.33356,7.00003,0,7.93,10793.7
74600,248,2.000e-04,3.13553,0.60392,0.54417,0.05216,0.07880,0.07904,0.05653,0.12423,0.03187,0.09236,13.38795,5.61103,0,7.96,10806.2
74700,249,2.000e-04,4.64290,0.36754,0.29436,0.09322,0.18676,0.06964,0.16661,0.41086,0.13507,0.27579,30.54278,7.65517,0,8.00,10818.7
74800,249,2.000e-04,4.25465,0.28848,0.22175,0.05637,0.22577,0.05093,0.13367,0.24894,0.11473,0.13421,33.01480,3.85229,0,7.99,10831.2
74900,249,2.000e-04,4.01193,0.72254,0.19570,0.06920,0.12163,0.14052,0.09657,0.22673,0.17312,0.05361,20.43898,10.16673,0,8.01,10843.7
75000,250,2.000e-04,3.55296,0.27585,0.44629,0.07090,0.12487,0.07817,0.09645,0.51949,0.27628,0.24321,15.87010,13.72621,0,1.52,10909.6
75100,250,2.000e-04,3.08392,0.29134,0.43848,0.07186,0.10159,0.06102,0.06288,0.30774,0.19642,0.11132,13.02408,9.03265,0,7.55,10922.8
75200,250,2.000e-04,2.90815,0.08023,0.51221,0.06351,0.09224,0.07077,0.08088,0.31696,0.16655,0.15041,13.37084,5.77800,0,8.07,10935.2
75300,251,2.000e-04,3.20387,0.43707,0.29881,0.09356,0.07752,0.08629,0.06513,0.56068,0.27275,0.28794,21.50176,9.90857,0,8.17,10947.4
75400,251,2.000e-04,3.11778,0.67053,0.07097,0.06127,0.10229,0.05947,0.08868,0.52200,0.22058,0.30143,8.31297,13.41827,0,7.81,10960.2
75500,251,2.000e-04,4.61726,0.94442,0.67145,0.09814,0.10761,0.09487,0.09391,0.37239,0.26973,0.10266,15.21328,9.77464,0,7.81,10973.1
75600,252,2.000e-04,2.82628,0.45062,0.15654,0.05548,0.09082,0.06669,0.08454,0.73787,0.38565,0.35222,9.99148,6.09668,0,8.11,10985.4
75700,252,2.000e-04,3.34675,0.49105,0.16767,0.08914,0.09483,0.08068,0.08899,0.50538,0.17819,0.32719,11.00695,11.08102,0,7.92,10998.0
75800,252,2.000e-04,2.90272,0.12995,0.10454,0.08021,0.11832,0.06743,0.06916,0.41825,0.25878,0.15947,20.09381,12.12827,0,7.81,11010.8
75900,253,2.000e-04,4.20139,0.80504,0.29764,0.08762,0.13360,0.10328,0.07402,0.39183,0.26417,0.12766,23.89597,10.68521,0,7.82,11023.6
76000,253,2.000e-04,3.41092,0.23281,0.44648,0.09326,0.09897,0.08067,0.08119,0.17357,0.10160,0.07196,19.76507,4.80413,0,7.76,11036.5
76100,253,2.000e-04,3.45797,0.36280,0.28914,0.08452,0.10521,0.08035,0.10140,0.56616,0.20816,0.35800,14.40828,8.80335,0,7.96,11049.1
76200,254,2.000e-04,2.64369,0.21359,0.15418,0.05690,0.09304,0.06928,0.08601,0.74897,0.45785,0.29112,11.19598,6.19757,0,7.77,11061.9
76300,254,2.000e-04,3.50113,0.80770,0.20163,0.08026,0.09666,0.07898,0.06554,0.65847,0.20398,0.45449,17.82651,22.23243,0,8.11,11074.3
76400,254,2.000e-04,4.93104,0.35545,0.26415,0.10105,0.20516,0.08962,0.16024,0.49811,0.16735,0.33076,21.92797,8.21870,0,8.13,11086.6
76500,255,2.000e-04,3.26464,0.30535,0.30535,0.10595,0.06797,0.10295,0.07999,0.35008,0.10400,0.24608,10.31913,6.07388,0,7.87,11099.3
76600,255,2.000e-04,4.12258,0.50297,0.27613,0.08235,0.14439,0.06981,0.14541,0.87163,0.60440,0.26722,15.17443,15.37921,0,7.88,11112.0
76700,255,2.000e-04,4.13575,0.46930,0.51410,0.08796,0.13012,0.05777,0.13653,0.28362,0.12202,0.16160,17.66686,12.32320,0,7.90,11124.6
76800,256,2.000e-04,3.91947,0.78276,0.34524,0.08532,0.09948,0.10161,0.08708,0.59359,0.34467,0.24892,16.34329,14.15134,0,7.98,11137.1
76900,256,2.000e-04,4.88003,0.27563,0.78900,0.15095,0.07813,0.20455,0.10037,0.41690,0.22668,0.19021,25.43758,11.30906,0,7.94,11149.7
77000,256,2.000e-04,4.63945,0.51738,0.23030,0.06716,0.20297,0.05882,0.17927,0.61440,0.24767,0.36673,23.20120,9.13513,0,7.95,11162.3
77100,257,2.000e-04,2.93658,0.47009,0.24028,0.05634,0.10352,0.06635,0.05918,0.29908,0.19198,0.10710,20.62980,5.06952,0,7.91,11175.0
77200,257,2.000e-04,3.41266,0.13208,0.65807,0.08139,0.07830,0.11419,0.09093,0.36214,0.15935,0.20279,15.41632,7.23110,0,7.99,11187.5
77300,257,2.000e-04,3.80299,0.38263,0.38121,0.05871,0.16943,0.05704,0.09450,0.29108,0.12215,0.16893,25.27592,3.80914,0,7.97,11200.0
77400,258,2.000e-04,2.96442,0.50855,0.07532,0.06560,0.08766,0.06360,0.10599,0.23196,0.07377,0.15819,13.43791,9.02469,0,7.95,11212.6
77500,258,2.000e-04,4.59390,0.55734,0.48522,0.09543,0.14556,0.08561,0.14268,0.22329,0.11332,0.10997,17.53890,5.30898,0,7.80,11225.4
77600,258,2.000e-04,3.75105,0.48461,0.09379,0.06087,0.13810,0.06313,0.17345,0.63837,0.37242,0.26594,16.56524,12.57532,0,8.01,11237.9
77700,259,2.000e-04,5.20958,0.64560,0.46223,0.10538,0.18664,0.10563,0.13069,0.48158,0.18322,0.29836,18.87556,15.77453,0,7.81,11250.7
77800,259,2.000e-04,3.82556,0.42422,0.68375,0.09192,0.10661,0.07585,0.07061,0.21997,0.04059,0.17937,16.80116,14.15440,0,7.87,11263.4
77900,259,2.000e-04,3.07857,0.42826,0.51699,0.08180,0.06932,0.06100,0.06341,0.43498,0.19575,0.23923,12.05376,8.49623,0,7.79,11276.2
78000,260,2.000e-04,3.85774,0.84641,0.29380,0.07005,0.12278,0.06639,0.09145,0.13562,0.08077,0.05485,19.32092,5.27929,0,1.03,11373.5
78100,260,2.000e-04,2.53991,0.30388,0.34011,0.06598,0.06574,0.06645,0.04929,0.18738,0.09363,0.09375,10.10847,8.06302,0,7.52,11386.8
78200,260,2.000e-04,2.88277,0.24349,0.04507,0.08252,0.09904,0.06478,0.09094,0.55715,0.30130,0.25585,13.06219,10.94675,0,7.81,11399.6
78300,261,2.000e-04,3.62303,0.25523,0.21354,0.08601,0.12650,0.08199,0.12385,0.45561,0.12220,0.33341,14.90430,9.20571,0,7.81,11412.4
78400,261,2.000e-04,3.30251,0.25575,0.46290,0.08810,0.09616,0.05584,0.09243,0.38588,0.21446,0.17142,18.71744,7.59073,0,7.92,11425.0
78500,261,2.000e-04,4.60836,0.53454,0.33282,0.10658,0.14756,0.08549,0.15444,0.22844,0.13952,0.08891,26.27596,2.87419,0,7.90,11437.7
78600,262,2.000e-04,3.90644,0.60855,0.19453,0.11408,0.10926,0.07035,0.10363,0.50053,0.17402,0.32651,19.93691,10.59373,0,7.88,11450.4
78700,262,2.000e-04,2.99197,0.20996,0.58889,0.07197,0.08049,0.06537,0.06833,0.34675,0.14956,0.19719,10.71072,6.46899,0,7.91,11463.0
78800,262,2.000e-04,4.11360,0.40795,0.75307,0.08633,0.12398,0.07432,0.09556,0.35755,0.21136,0.14619,22.47600,8.32405,0,7.74,11475.9
78900,263,2.000e-04,3.59544,0.40501,0.28604,0.06387,0.12942,0.05643,0.13787,0.35852,0.06768,0.29084,15.00460,9.00828,0,7.86,11488.6
79000,263,2.000e-04,2.69732,0.19276,0.14809,0.06932,0.09171,0.05271,0.09651,0.39342,0.17990,0.21352,10.18488,8.01967,0,7.89,11501.3
79100,263,2.000e-04,3.95260,0.29655,0.52696,0.09936,0.09204,0.10717,0.13585,0.24339,0.18329,0.06010,12.78918,5.57546,0,7.82,11514.1
79200,264,2.000e-04,3.79128,0.49228,0.65253,0.08363,0.09898,0.07201,0.09207,0.53396,0.28938,0.24458,15.79552,8.77196,0,7.97,11526.6
79300,264,2.000e-04,3.26400,0.30972,0.61568,0.06895,0.09879,0.06835,0.06389,0.78354,0.61556,0.16798,12.93854,16.81452,0,7.84,11539.4
79400,264,2.000e-04,3.21192,0.06348,0.75287,0.06504,0.09222,0.09322,0.07137,0.76439,0.22926,0.53512,22.24032,11.32765,0,8.06,11551.8
79500,265,2.000e-04,4.54240,0.65100,0.45937,0.11634,0.11449,0.10425,0.12049,0.49582,0.25700,0.23882,11.03701,5.76196,0,7.87,11564.5
79600,265,2.000e-04,2.59045,0.22862,0.82915,0.07033,0.03759,0.05914,0.03155,0.40510,0.20601,0.19909,10.99658,12.31391,0,7.81,11577.3
79700,265,2.000e-04,2.14464,0.12769,0.04020,0.05421,0.07643,0.05588,0.07819,0.67037,0.44984,0.22053,9.89845,10.65486,0,7.99,11589.8
79800,266,2.000e-04,3.59360,0.82860,0.62826,0.08235,0.06196,0.07434,0.06439,0.41045,0.17990,0.23055,10.74901,5.44890,0,7.82,11602.6
79900,266,2.000e-04,3.96246,0.50208,1.05932,0.10396,0.06976,0.09616,0.03660,0.24220,0.11571,0.12648,11.29171,8.73792,0,7.68,11615.6
80000,266,2.000e-04,5.54753,0.58751,0.69748,0.07340,0.18465,0.09417,0.24223,0.32088,0.14890,0.17198,35.41459,11.47447,0,7.82,11628.4
80100,267,2.000e-04,3.61230,0.21722,0.39479,0.05902,0.14383,0.06440,0.12996,0.54844,0.14713,0.40131,13.81681,9.31132,0,7.92,11641.0
80200,267,2.000e-04,2.90556,0.13304,0.81714,0.07115,0.06695,0.04359,0.07130,0.44811,0.29606,0.15205,10.14604,13.17294,0,7.86,11653.8
80300,267,2.000e-04,4.50004,0.21780,0.67882,0.08477,0.15748,0.08797,0.14822,0.22172,0.12313,0.09859,19.70354,10.60071,0,7.80,11666.6
80400,268,2.000e-04,2.91507,0.62085,0.26826,0.08022,0.06755,0.06787,0.04178,0.20336,0.10260,0.10077,13.90322,7.35550,0,7.86,11679.3
80500,268,2.000e-04,3.59850,0.31116,0.36034,0.08349,0.11703,0.07702,0.10734,0.44908,0.19161,0.25747,12.70410,12.06032,0,7.95,11691.9
80600,268,2.000e-04,3.49290,0.65394,0.43878,0.09212,0.07232,0.08435,0.06682,0.23732,0.06929,0.16803,10.69913,6.27728,0,8.04,11704.3
80700,269,2.000e-04,4.22075,0.74562,0.47839,0.07766,0.12652,0.06766,0.12334,0.30490,0.17341,0.13149,13.62557,12.44992,0,8.12,11716.7
80800,269,2.000e-04,3.49946,0.07780,0.23668,0.06371,0.14993,0.07402,0.13569,0.61432,0.27954,0.33479,18.62812,10.30872,0,8.05,11729.1
80900,269,2.000e-04,4.94808,0.51085,0.29662,0.12098,0.13200,0.12827,0.19390,0.63064,0.23282,0.39782,28.06759,12.87529,0,8.05,11741.5
81000,270,2.000e-04,3.78222,0.47300,0.93325,0.06375,0.09285,0.08554,0.07645,0.44366,0.38348,0.06018,15.18095,8.28603,0,1.55,11806.0
81100,270,2.000e-04,3.31135,0.60552,0.64816,0.05737,0.07755,0.07650,0.06519,0.40041,0.16792,0.23248,10.75996,12.06992,0,7.41,11819.5
81200,270,2.000e-04,3.42163,0.50413,0.51610,0.07513,0.08802,0.08145,0.07253,0.48760,0.30337,0.18423,17.58533,9.11767,0,7.84,11832.3
81300,271,2.000e-04,3.17849,0.58500,0.26096,0.09739,0.06134,0.09575,0.05329,0.26800,0.08770,0.18030,11.51474,8.70810,0,8.33,11844.3
81400,271,2.000e-04,2.73292,0.30085,0.36179,0.08811,0.05137,0.10612,0.02898,0.28935,0.10282,0.18652,16.31275,10.88772,0,7.99,11856.8
81500,271,2.000e-04,3.00245,0.23516,0.30692,0.07279,0.09171,0.06195,0.10113,0.56827,0.22665,0.34162,12.76257,6.65152,0,7.88,11869.5
81600,272,2.000e-04,3.07682,0.07366,0.36817,0.08675,0.08527,0.09044,0.09252,0.41986,0.24016,0.17970,23.33433,12.88133,0,7.93,11882.1
81700,272,2.000e-04,3.08748,0.63247,0.33487,0.05970,0.08495,0.06569,0.06904,0.30191,0.08422,0.21769,9.61936,8.15189,0,7.90,11894.8
81800,272,2.000e-04,3.96317,0.23883,0.50177,0.07240,0.14282,0.06328,0.15080,0.45958,0.20933,0.25026,30.84537,5.99468,0,8.06,11907.2
81900,273,2.000e-04,3.68964,0.25050,0.67102,0.10054,0.08448,0.08429,0.09928,0.43771,0.23486,0.20285,22.96172,9.13586,0,8.23,11919.3
82000,273,2.000e-04,3.45201,0.23047,0.62191,0.08434,0.10645,0.07077,0.06757,0.35817,0.20380,0.15437,20.47454,9.70788,0,8.12,11931.7
82100,273,2.000e-04,3.05968,0.19239,0.88706,0.07292,0.06205,0.06905,0.05706,0.47034,0.30130,0.16904,10.98154,10.18712,0,8.04,11944.1
82200,274,2.000e-04,1.89198,0.10292,0.08103,0.06865,0.04523,0.06252,0.05133,0.33712,0.18222,0.15490,8.51425,7.01061,0,8.09,11956.5
82300,274,2.000e-04,3.44433,0.89736,0.33711,0.06365,0.07910,0.05295,0.10352,0.37430,0.16009,0.21421,15.30449,11.71320,0,7.88,11969.1
82400,274,2.000e-04,3.68042,0.74857,0.30258,0.06183,0.11961,0.05612,0.10685,0.34295,0.16022,0.18272,14.24747,7.95654,0,7.86,11981.9
82500,275,2.000e-04,3.42673,0.50368,0.32212,0.08374,0.09179,0.07346,0.09566,0.31281,0.14474,0.16807,13.75636,9.55041,0,8.02,11994.3
82600,275,2.000e-04,2.88203,0.18744,0.05333,0.08051,0.11174,0.07151,0.07225,0.58058,0.33484,0.24574,14.77975,10.44313,0,8.32,12006.4
82700,275,2.000e-04,3.66258,0.38473,0.29081,0.05194,0.14079,0.04624,0.16571,0.39719,0.20380,0.19340,16.28410,7.77122,0,8.66,12017.9
82800,276,2.000e-04,3.94664,0.10017,0.42281,0.07424,0.14672,0.07446,0.16835,0.58240,0.14503,0.43737,17.79677,8.64527,0,8.65,12029.5
82900,276,2.000e-04,3.07339,0.27971,0.34298,0.06625,0.09999,0.07737,0.08029,0.51738,0.30796,0.20942,12.72323,14.38516,0,7.99,12042.0
83000,276,2.000e-04,3.12180,0.15429,0.54094,0.05770,0.10496,0.04874,0.11126,0.28740,0.14723,0.14017,16.27703,7.35462,0,8.52,12053.7
83100,277,2.000e-04,3.39882,0.60289,0.84780,0.05925,0.06932,0.06120,0.07129,0.21149,0.10840,0.10310,12.50797,7.82887,0,8.28,12065.8
83200,277,2.000e-04,3.37216,0.36560,0.36228,0.07466,0.10022,0.07478,0.10431,0.25453,0.10590,0.14863,19.65724,5.31031,0,8.34,12077.8
83300,277,2.000e-04,3.08838,0.20720,0.16832,0.05645,0.13708,0.05725,0.09827,0.49985,0.17904,0.32081,14.35052,9.12389,0,8.41,12089.7
83400,278,2.000e-04,3.55016,0.59584,0.34217,0.07091,0.10211,0.07387,0.10251,0.29296,0.16343,0.12952,15.57830,9.01284,0,8.77,12101.1
83500,278,2.000e-04,4.48980,0.77485,1.13920,0.07335,0.10903,0.08096,0.06944,0.33335,0.28290,0.05044,24.41094,6.03455,0,7.80,12113.9
83600,278,2.000e-04,2.90295,0.31934,0.17231,0.09251,0.07313,0.09473,0.05626,0.34217,0.05796,0.28421,13.05902,8.40371,0,9.87,12124.1
83700,279,2.000e-04,3.24100,0.44613,0.26677,0.09594,0.08648,0.08993,0.05084,0.49135,0.36774,0.12361,12.97962,7.12948,0,11.50,12132.8
83800,279,2.000e-04,2.87626,0.43381,0.47666,0.06752,0.07461,0.05645,0.05245,0.38674,0.27844,0.10830,11.98365,6.96824,0,10.88,12141.9
83900,279,2.000e-04,4.05363,0.59300,0.32388,0.10255,0.11644,0.10287,0.08649,0.55339,0.25697,0.29642,17.78112,9.28715,0,11.16,12150.9
84000,280,2.000e-04,3.27196,0.35406,0.67807,0.07577,0.06932,0.09991,0.05786,0.41781,0.11306,0.30475,11.87644,8.43831,0,1.59,12213.7
84100,280,2.000e-04,2.96321,0.43415,0.22998,0.07390,0.08360,0.06583,0.07899,0.56183,0.33332,0.22851,10.16174,13.48156,0,7.63,12226.8
84200,280,2.000e-04,3.02329,0.34813,0.26430,0.05691,0.09439,0.07281,0.10677,0.31997,0.12607,0.19389,17.42988,5.80115,0,7.88,12239.5
84300,281,2.000e-04,4.03813,0.32980,0.63871,0.08015,0.12819,0.07236,0.12487,0.26144,0.11130,0.15014,15.97245,11.59435,0,7.86,12252.2
84400,281,2.000e-04,2.77469,0.37986,0.23762,0.05278,0.08340,0.08451,0.07456,0.37507,0.14103,0.23404,10.16953,8.81024,0,7.87,12264.9
84500,281,2.000e-04,3.29698,0.27036,0.41052,0.07121,0.08931,0.07293,0.12924,0.26327,0.15543,0.10784,18.07737,4.10065,0,7.88,12277.6
84600,282,2.000e-04,2.94041,0.34210,0.43944,0.05425,0.09133,0.05724,0.08338,0.67433,0.39480,0.27953,10.86833,6.69542,0,7.83,12290.4
84700,282,2.000e-04,2.94925,0.20762,0.70544,0.06743,0.07415,0.05687,0.06720,0.56386,0.18159,0.38227,9.51084,8.21706,0,7.68,12303.4
84800,282,2.000e-04,4.40825,0.57313,0.16164,0.08187,0.16416,0.09596,0.14668,0.74462,0.41318,0.33144,15.79683,20.02574,0,7.94,12316.0
84900,283,2.000e-04,5.98249,0.35388,0.10633,0.11198,0.26029,0.10527,0.25464,0.66088,0.51591,0.14497,14.60037,8.92381,0,7.89,12328.7
85000,283,2.000e-04,4.31867,0.14981,0.75736,0.06623,0.14662,0.06958,0.18702,0.49558,0.40324,0.09235,19.42113,14.72504,0,7.83,12341.5
85100,283,2.000e-04,2.79209,0.46993,0.13896,0.06314,0.08136,0.08019,0.06745,0.62215,0.35270,0.26944,10.73374,8.44821,0,7.83,12354.2
85200,284,2.000e-04,3.55002,0.20427,0.13756,0.08505,0.14033,0.09574,0.09513,0.56646,0.18092,0.38554,19.21017,5.67720,0,9.63,12364.6
85300,284,2.000e-04,2.45684,0.02809,0.37394,0.08589,0.06212,0.06227,0.05267,0.49010,0.20420,0.28591,12.27164,8.01552,0,9.96,12374.6
85400,284,2.000e-04,4.14413,0.17592,0.91579,0.07562,0.13605,0.07247,0.11467,0.70833,0.38113,0.32721,17.97113,13.15209,0,8.16,12386.9
85500,285,2.000e-04,3.29684,0.20559,0.79934,0.06034,0.09405,0.05224,0.09735,0.41343,0.23231,0.18111,24.44958,14.18154,0,8.28,12399.0
85600,285,2.000e-04,2.00659,0.06466,0.16600,0.05347,0.06998,0.05704,0.05124,0.51682,0.36001,0.15680,15.82223,7.78827,0,8.50,12410.7
85700,285,2.000e-04,4.12518,0.62411,0.51383,0.06841,0.11270,0.09340,0.14183,0.40139,0.26063,0.14075,18.43325,11.05234,0,8.35,12422.7
85800,286,2.000e-04,3.30173,0.39407,0.93951,0.05904,0.07342,0.05534,0.07335,0.24332,0.12200,0.12132,17.50982,8.28433,0,8.76,12434.1
85900,286,2.000e-04,2.80732,0.19211,0.27627,0.06084,0.09431,0.07131,0.08619,0.49827,0.21135,0.28692,9.77822,7.79135,0,8.20,12446.3
86000,286,2.000e-04,2.94674,0.29301,0.11449,0.05609,0.12182,0.05426,0.09776,0.60060,0.30319,0.29741,7.13324,9.24083,0,8.50,12458.1
86100,287,2.000e-04,3.55446,0.44316,0.36115,0.08241,0.09416,0.11493,0.08196,0.25090,0.12376,0.12714,19.86314,5.37086,0,8.20,12470.3
86200,287,2.000e-04,3.64505,0.30928,0.62992,0.07362,0.10277,0.07961,0.10878,0.37826,0.15653,0.22173,11.67689,11.56140,0,7.84,12483.1
86300,287,2.000e-04,3.26301,0.95821,0.15418,0.05610,0.09233,0.05253,0.08073,0.31197,0.18334,0.12863,7.41448,9.92430,0,7.84,12495.8
86400,288,2.000e-04,4.12266,0.58028,0.48311,0.10289,0.10251,0.10657,0.09448,0.49956,0.23218,0.26738,12.59985,5.49258,0,7.83,12508.6
86500,288,2.000e-04,2.37727,0.37475,0.08353,0.06099,0.07558,0.05279,0.05787,0.76672,0.33531,0.43141,10.39563,17.74681,0,7.78,12521.4
86600,288,2.000e-04,2.93978,0.27648,0.54479,0.07309,0.06437,0.07585,0.07293,0.19272,0.10308,0.08965,9.87588,6.95521,0,7.90,12534.1
86700,289,2.000e-04,2.88339,0.28828,0.46890,0.06807,0.07710,0.06907,0.06583,0.32118,0.07646,0.24471,11.48462,4.57432,0,7.84,12546.9
86800,289,2.000e-04,3.38327,0.28116,0.68086,0.08185,0.08354,0.08199,0.07148,0.27978,0.11748,0.16230,13.05050,6.96391,0,7.80,12559.7
86900,289,2.000e-04,3.28944,0.24644,0.64364,0.05662,0.09386,0.07030,0.10861,0.39495,0.18250,0.21245,15.13408,7.91153,0,7.85,12572.4
87000,290,2.000e-04,3.41908,0.39222,0.35135,0.06916,0.11831,0.06322,0.09693,0.89685,0.44979,0.44706,14.84078,12.89891,0,1.44,12641.8
87100,290,2.000e-04,2.82430,0.43846,0.14159,0.05557,0.10016,0.05951,0.07788,0.56762,0.22289,0.34473,11.41057,6.82559,0,7.45,12655.3
87200,290,2.000e-04,3.39204,0.85408,0.69145,0.06073,0.05564,0.08689,0.04966,0.40969,0.18096,0.22873,11.98499,7.22890,0,7.92,12667.9
87300,291,2.000e-04,2.53459,0.38162,0.36961,0.08340,0.04058,0.07021,0.03849,0.46681,0.22739,0.23942,16.16842,13.15750,0,7.95,12680.5
87400,291,2.000e-04,3.18301,0.09368,0.37686,0.08494,0.11383,0.06509,0.07986,0.89239,0.48998,0.40241,18.78751,6.21683,0,8.14,12692.8
87500,291,2.000e-04,3.19711,0.63659,0.22315,0.07829,0.08398,0.06041,0.08252,0.72864,0.22367,0.50496,12.91571,11.82494,0,7.99,12705.3
87600,292,2.000e-04,3.40664,0.40088,0.62532,0.09445,0.07096,0.08063,0.06465,0.21056,0.05327,0.15729,12.16482,7.62761,0,8.13,12717.6
87700,292,2.000e-04,2.95711,0.24096,0.37501,0.06120,0.10966,0.05408,0.07243,0.28240,0.18142,0.10098,14.17877,7.80468,0,8.27,12729.7
87800,292,2.000e-04,3.52306,0.52544,0.38872,0.10445,0.06972,0.07855,0.09490,0.43948,0.15992,0.27956,14.70792,8.16431,0,8.24,12741.8
87900,293,2.000e-04,2.74853,0.09533,0.87611,0.07440,0.04631,0.07453,0.03947,0.43158,0.23359,0.19800,14.80942,16.31465,0,7.82,12754.6
88000,293,2.000e-04,2.99065,0.49046,0.22112,0.06574,0.09440,0.06263,0.07292,0.40390,0.25361,0.15029,14.15914,15.36558,0,8.03,12767.0
88100,293,2.000e-04,2.58334,0.32314,0.32577,0.06801,0.06411,0.06812,0.05452,0.28498,0.14215,0.14283,12.68056,5.80673,0,7.94,12779.6
88200,294,2.000e-04,3.61527,0.92402,0.46401,0.06082,0.06687,0.08339,0.10668,0.24179,0.09802,0.14378,10.91067,7.30455,0,8.07,12792.0
88300,294,2.000e-04,3.53639,0.61259,0.33198,0.08178,0.10041,0.06794,0.08604,0.53138,0.22283,0.30855,20.70002,6.76145,0,8.16,12804.3
88400,294,2.000e-04,2.86366,0.53000,0.29349,0.06860,0.07419,0.06086,0.06160,0.48675,0.28611,0.20064,15.87894,6.44708,0,8.11,12816.6
88500,295,2.000e-04,4.01829,0.11721,0.43796,0.04910,0.16586,0.08365,0.17905,0.32251,0.15457,0.16794,20.10707,10.74999,0,8.20,12828.8
88600,295,2.000e-04,3.21502,0.20469,0.41705,0.09105,0.08913,0.08008,0.07821,0.44434,0.19851,0.24583,16.30393,7.35692,0,7.85,12841.6
88700,295,2.000e-04,2.97229,0.51771,0.62103,0.06063,0.06280,0.05894,0.06091,0.21613,0.13855,0.07758,13.11324,4.78280,0,8.15,12853.8
88800,296,2.000e-04,3.26932,0.19017,0.42238,0.08571,0.09460,0.08643,0.08430,0.42750,0.13824,0.28926,13.00513,7.68074,0,7.85,12866.6
88900,296,2.000e-04,3.01108,0.38141,0.24285,0.06690,0.09249,0.06401,0.09458,0.39736,0.18859,0.20876,11.31378,4.28882,0,7.86,12879.3
89000,296,2.000e-04,3.79852,0.34406,0.27008,0.09890,0.11809,0.09238,0.11052,0.44616,0.21807,0.22809,8.97350,11.65359,0,7.95,12891.9
89100,297,2.000e-04,3.26236,0.19482,0.59115,0.07002,0.08914,0.08631,0.09064,0.50953,0.18394,0.32560,19.85928,9.77531,0,7.91,12904.5
89200,297,2.000e-04,2.82964,0.31928,0.43931,0.07938,0.06348,0.06546,0.06302,0.46470,0.27366,0.19104,13.54603,7.71599,0,7.91,12917.1
89300,297,2.000e-04,2.97941,0.16613,0.44908,0.10033,0.05911,0.08667,0.06729,0.46276,0.19272,0.27004,8.96455,10.19230,0,7.92,12929.8
89400,298,2.000e-04,3.72944,0.73278,0.36370,0.07916,0.10404,0.07537,0.08482,0.34888,0.20346,0.14542,13.78335,4.79752,0,7.98,12942.3
89500,298,2.000e-04,3.40070,0.40222,0.21889,0.06598,0.11012,0.08954,0.11417,0.52657,0.32389,0.20268,11.05009,8.28437,0,7.89,12955.0
89600,298,2.000e-04,2.76962,0.35949,0.47852,0.06295,0.07127,0.05699,0.06088,0.24086,0.17722,0.06364,13.69814,7.50190,0,7.92,12967.6
89700,299,2.000e-04,3.34752,0.31833,0.61576,0.07642,0.08749,0.07364,0.08123,0.46564,0.13224,0.33340,10.95212,5.21128,0,7.84,12980.4
89800,299,2.000e-04,4.00225,0.29207,0.32132,0.08490,0.12833,0.09280,0.15852,0.40783,0.14524,0.26259,15.84774,5.21707,0,7.91,12993.0
89900,299,2.000e-04,3.66169,0.24367,0.56296,0.07594,0.11832,0.06817,0.11434,0.39728,0.18857,0.20871,16.02048,8.34534,0,8.03,13005.5
90000,300,2.000e-04,3.02090,0.33265,0.55273,0.08078,0.05380,0.08034,0.07761,0.48891,0.25344,0.23547,13.00322,6.47650,0,1.32,13081.0
90100,300,2.000e-04,3.51515,0.87950,0.15537,0.10038,0.06448,0.10062,0.06571,0.29215,0.16951,0.12265,14.90072,11.52944,0,7.64,13094.1
90200,300,2.000e-04,3.74878,0.21494,0.38955,0.12479,0.10973,0.09276,0.06705,0.42775,0.25549,0.17226,16.40873,11.07579,0,8.18,13106.4
90300,301,2.000e-04,3.63758,0.67454,0.07906,0.07729,0.11756,0.08325,0.10384,0.71757,0.41291,0.30466,17.90112,19.81720,0,8.46,13118.2
90400,301,2.000e-04,3.40600,0.52665,0.26542,0.07659,0.11236,0.06726,0.07764,0.78904,0.27290,0.51615,16.59837,8.47865,0,8.02,13130.7
90500,301,2.000e-04,2.50022,0.53353,0.15900,0.05926,0.06212,0.06347,0.05531,0.47835,0.24881,0.22954,9.03699,12.59454,0,8.09,13143.0
90600,302,2.000e-04,2.87037,0.53443,0.03550,0.05620,0.10124,0.04336,0.10185,0.98992,0.57734,0.41258,10.84675,13.18528,0,8.21,13155.2
90700,302,2.000e-04,2.72594,0.36981,0.29879,0.06891,0.07786,0.07065,0.04728,0.25483,0.11524,0.13958,10.41711,9.49165,0,8.00,13167.7
90800,302,2.000e-04,2.93383,0.55541,0.50643,0.07265,0.06302,0.06587,0.03718,0.34054,0.29226,0.04828,10.11214,6.91755,0,8.34,13179.7
90900,303,2.000e-04,4.83969,0.60647,0.21256,0.08069,0.15022,0.10086,0.24146,0.46399,0.15487,0.30913,18.42843,8.89279,0,7.98,13192.2
91000,303,2.000e-04,2.69808,0.43729,0.22293,0.07154,0.06678,0.07147,0.05947,0.44931,0.23605,0.21326,11.61427,6.16318,0,8.06,13204.6
91100,303,2.000e-04,2.56165,0.11859,0.35210,0.06596,0.07939,0.07106,0.05643,0.56693,0.38476,0.18217,12.18151,6.41516,0,8.25,13216.7
91200,304,2.000e-04,2.16901,0.28870,0.37897,0.04535,0.05680,0.05050,0.04547,0.40187,0.17800,0.22388,11.12766,6.83360,0,7.90,13229.4
91300,304,2.000e-04,2.93034,0.47186,0.08405,0.07377,0.08161,0.08322,0.08091,0.48527,0.21601,0.26925,13.97676,7.72031,0,7.94,13242.0
91400,304,2.000e-04,3.11984,0.27066,0.23180,0.06535,0.12173,0.06061,0.08870,0.65894,0.34792,0.31102,11.19200,7.81950,0,7.94,13254.6
91500,305,2.000e-04,5.00099,0.98171,0.43265,0.05136,0.21034,0.04611,0.14782,0.49954,0.30238,0.19716,20.93637,7.70098,0,8.06,13267.0
91600,305,2.000e-04,3.97488,0.29713,0.62794,0.08911,0.13767,0.07144,0.08497,0.29042,0.20026,0.09016,19.51330,6.01032,0,7.77,13279.9
91700,305,2.000e-04,3.36549,0.47542,0.90357,0.07268,0.06195,0.06791,0.06011,0.26586,0.14102,0.12484,15.74188,6.54939,0,7.83,13292.6
91800,306,2.000e-04,4.04866,0.31941,0.58194,0.11186,0.10425,0.11122,0.08600,0.45559,0.17371,0.28187,9.00285,4.56351,0,7.87,13305.3
91900,306,2.000e-04,3.09391,0.44008,0.44153,0.08630,0.06527,0.07974,0.05958,0.33564,0.15400,0.18164,15.24994,5.74501,0,7.81,13318.1
92000,306,2.000e-04,2.90506,0.04794,0.36802,0.07280,0.10863,0.06149,0.07347,0.49444,0.18293,0.31151,15.66604,11.24140,0,7.87,13330.8
92100,307,2.000e-04,3.13044,0.58331,0.07742,0.06996,0.09890,0.05507,0.10115,0.32746,0.12707,0.20039,13.05731,6.30689,0,7.95,13343.4
92200,307,2.000e-04,3.63628,0.25101,0.11866,0.05612,0.18100,0.05408,0.12501,0.61249,0.26881,0.34368,16.96679,5.97545,0,7.86,13356.1
92300,307,2.000e-04,3.90745,0.41923,0.44898,0.10315,0.11828,0.10519,0.05979,0.49039,0.26606,0.22433,19.19471,14.10942,0,7.92,13368.8
92400,308,2.000e-04,3.08710,0.51184,0.27269,0.10214,0.06030,0.08199,0.05364,0.36639,0.18585,0.18054,13.26707,5.57241,0,8.01,13381.2
92500,308,2.000e-04,3.76969,0.70977,0.32103,0.11550,0.08677,0.07541,0.06782,0.47268,0.28367,0.18900,17.89326,8.64840,0,8.01,13393.7
92600,308,2.000e-04,3.63431,0.33158,0.45776,0.06655,0.11852,0.07046,0.12839,0.24775,0.09540,0.15235,14.50241,5.08041,0,7.91,13406.4
92700,309,2.000e-04,3.19502,0.40020,0.35389,0.09137,0.08611,0.07362,0.05959,0.31077,0.09536,0.21541,16.25907,4.46722,0,7.99,13418.9
92800,309,2.000e-04,4.35872,0.32101,0.53825,0.06995,0.12220,0.07256,0.24303,0.25560,0.14019,0.11541,24.43369,11.17365,0,7.88,13431.6
92900,309,2.000e-04,3.99997,0.29414,0.10486,0.09643,0.13908,0.08979,0.15938,0.42193,0.16069,0.26125,13.14403,6.98282,0,7.99,13444.1
93000,310,2.000e-04,2.88813,0.60109,0.44466,0.07010,0.06305,0.04465,0.05751,0.35264,0.14750,0.20514,10.05894,4.64018,0,1.11,13534.4
93100,310,2.000e-04,3.35623,0.43147,0.54712,0.09776,0.06061,0.11424,0.04454,0.39228,0.23913,0.15314,15.87800,10.50526,0,7.50,13547.7
93200,310,2.000e-04,2.55665,0.10829,0.10493,0.06457,0.08648,0.07093,0.09565,0.42813,0.29659,0.13155,14.37782,9.07599,0,7.86,13560.4
93300,311,2.000e-04,2.55174,0.74294,0.25683,0.04753,0.05524,0.05418,0.05069,0.40866,0.20339,0.20526,8.50353,5.58615,0,8.14,13572.7
93400,311,2.000e-04,3.61692,0.37364,0.47047,0.07011,0.12358,0.07483,0.09237,0.39485,0.20088,0.19397,19.54207,7.33289,0,7.98,13585.2
93500,311,2.000e-04,2.61885,0.11003,0.32351,0.06866,0.08188,0.07024,0.06573,0.32896,0.16566,0.16330,16.32559,5.32854,0,7.88,13597.9
93600,312,2.000e-04,3.09404,0.09453,0.40003,0.09512,0.09056,0.05869,0.08985,0.40956,0.24794,0.16162,15.70757,6.48663,0,7.93,13610.5
93700,312,2.000e-04,4.94021,0.19232,0.65042,0.08622,0.21690,0.07364,0.13962,0.26703,0.13675,0.13028,24.96578,7.73604,0,8.04,13623.0
93800,312,2.000e-04,2.89526,0.12931,0.43464,0.07167,0.08563,0.06628,0.08536,0.52880,0.26104,0.26776,13.88576,6.24166,0,7.94,13635.5
93900,313,2.000e-04,2.96510,0.33881,0.31062,0.07055,0.09190,0.08167,0.05657,0.26428,0.22932,0.03496,18.11703,6.87745,0,8.05,13648.0
94000,313,2.000e-04,2.38402,0.48604,0.22897,0.04615,0.07204,0.04142,0.05600,0.40125,0.24181,0.15944,8.76742,5.87333,0,8.02,13660.4
94100,313,2.000e-04,3.42255,0.41529,0.29095,0.08793,0.07519,0.08135,0.13567,0.43207,0.27168,0.16040,9.87650,4.35290,0,8.04,13672.9
94200,314,2.000e-04,3.18272,0.41047,0.31521,0.06208,0.08382,0.10663,0.09297,0.43228,0.18794,0.24435,12.62765,10.18625,0,8.17,13685.1
94300,314,2.000e-04,3.18756,0.53673,0.41992,0.06017,0.08446,0.06889,0.08803,0.25821,0.12530,0.13291,14.15601,4.91557,0,8.56,13696.8
94400,314,2.000e-04,3.52969,0.52344,0.48092,0.06851,0.11377,0.05586,0.08465,0.30095,0.11709,0.18386,12.79632,5.29194,0,8.22,13709.0
94500,315,2.000e-04,3.11358,0.13493,0.23734,0.06744,0.11602,0.07756,0.10379,0.68318,0.29306,0.39012,11.15318,13.57356,0,7.96,13721.5
94600,315,2.000e-04,3.50735,0.54581,0.29743,0.09394,0.09445,0.08155,0.07449,0.31882,0.13469,0.18413,12.06538,7.43035,0,8.10,13733.9
94700,315,2.000e-04,2.90032,0.15828,0.29842,0.05633,0.11050,0.07455,0.08050,0.43125,0.12274,0.30852,14.80674,7.67370,0,8.23,13746.0
94800,316,2.000e-04,3.58596,0.42740,1.21816,0.06125,0.06962,0.07747,0.04887,0.49376,0.29690,0.19687,12.87912,17.40363,0,8.08,13758.4
94900,316,2.000e-04,3.75407,0.12726,0.45749,0.10560,0.10982,0.09655,0.10647,0.52666,0.30233,0.22433,7.80768,10.49678,0,7.82,13771.2
95000,316,2.000e-04,3.82740,0.33350,0.56788,0.09258,0.08821,0.09837,0.12526,0.27273,0.06575,0.20698,18.36799,7.76324,0,7.94,13783.8
95100,317,2.000e-04,5.08251,0.44536,0.69976,0.06671,0.19728,0.07161,0.18790,0.21372,0.07087,0.14285,16.20242,11.64143,0,8.08,13796.2
95200,317,2.000e-04,3.38725,0.40326,0.74975,0.07932,0.06919,0.07150,0.07834,0.32277,0.17629,0.14648,18.02479,8.50558,0,8.04,13808.6
95300,317,2.000e-04,3.63119,0.70793,0.44510,0.07670,0.08396,0.07268,0.10163,0.25455,0.11235,0.14220,13.58618,10.60261,0,8.10,13820.9
95400,318,2.000e-04,2.99524,0.79323,0.26108,0.06798,0.06542,0.06320,0.05817,0.41741,0.12776,0.28965,10.36430,15.66764,0,7.94,13833.5
95500,318,2.000e-04,4.00533,0.65806,0.23324,0.09119,0.12713,0.07827,0.10790,0.18129,0.03841,0.14288,20.23390,6.93407,0,7.93,13846.1
95600,318,2.000e-04,5.05851,0.94972,1.27625,0.09352,0.10804,0.08517,0.07823,0.25470,0.18206,0.07264,24.47302,9.25305,0,8.07,13858.5
95700,319,2.000e-04,2.86210,0.54442,0.25200,0.06516,0.07975,0.05384,0.06948,0.25725,0.09062,0.16663,9.31778,7.41631,0,7.96,13871.1
95800,319,2.000e-04,3.99805,0.15193,0.42914,0.09537,0.14205,0.08265,0.12592,0.43408,0.17972,0.25436,13.70990,8.64282,0,7.87,13883.8
95900,319,2.000e-04,3.29224,0.33039,0.48422,0.05350,0.09869,0.09758,0.09357,0.22147,0.10604,0.11542,13.43215,7.32508,0,7.89,13896.5
96000,320,2.000e-04,4.01448,0.31126,0.07512,0.06676,0.15148,0.07317,0.21598,0.27880,0.11753,0.16127,18.16125,5.25978,0,1.27,13975.1
96100,320,2.000e-04,5.48247,0.55542,0.84185,0.16425,0.11735,0.14072,0.11313,0.31152,0.19968,0.11184,21.18170,9.24259,0,7.51,13988.5
96200,320,2.000e-04,4.06317,0.16603,0.93252,0.06856,0.14783,0.06776,0.09239,0.22049,0.09309,0.12740,27.34174,10.30070,0,7.87,14001.2
96300,321,2.000e-04,3.21923,0.25067,0.25292,0.09359,0.09446,0.08031,0.08671,0.51331,0.27822,0.23508,14.70650,8.13848,0,8.00,14013.7
96400,321,2.000e-04,3.12361,0.40147,0.12395,0.07542,0.10453,0.06903,0.09072,0.45156,0.12821,0.32336,9.11467,6.65179,0,7.88,14026.4
96500,321,2.000e-04,3.01280,0.72172,0.42608,0.06406,0.05835,0.06289,0.06529,0.36359,0.13777,0.22582,17.61078,9.31932,0,7.89,14039.0
96600,322,2.000e-04,3.13734,0.37241,0.61566,0.07528,0.07683,0.07199,0.05364,0.34519,0.12102,0.22417,13.19603,7.21794,0,7.92,14051.7
96700,322,2.000e-04,3.91027,0.40478,0.27532,0.06119,0.15000,0.08433,0.13932,0.39559,0.20285,0.19274,18.54687,6.27637,0,7.97,14064.2
96800,322,2.000e-04,2.86335,0.09581,0.68022,0.05527,0.09148,0.05594,0.06803,0.43210,0.15324,0.27886,15.42668,7.94840,0,8.17,14076.4
96900,323,2.000e-04,3.18914,0.45276,0.70286,0.06099,0.06604,0.07843,0.07422,0.30857,0.14838,0.16019,20.10157,10.23227,0,8.19,14088.7
97000,323,2.000e-04,3.84492,0.57456,0.71721,0.07810,0.10109,0.06453,0.08771,0.16080,0.10711,0.05369,13.97361,7.30970,0,8.16,14100.9
97100,323,2.000e-04,2.81740,0.35922,0.10086,0.07544,0.08634,0.06692,0.08098,0.50879,0.09457,0.41423,11.66587,6.85933,0,7.92,14113.5
97200,324,2.000e-04,2.75790,0.24114,0.30084,0.07317,0.07052,0.08620,0.06961,0.22211,0.12202,0.10010,11.12057,5.29588,0,7.84,14126.3
97300,324,2.000e-04,3.05577,0.65904,0.76046,0.05744,0.05451,0.05963,0.04371,0.23777,0.09706,0.14071,16.66057,5.52036,0,7.80,14139.1
97400,324,2.000e-04,2.79964,0.16343,0.37250,0.04580,0.10390,0.05389,0.09944,0.31976,0.13154,0.18822,19.75937,12.65265,0,7.95,14151.7
97500,325,2.000e-04,2.73811,0.39485,0.44686,0.05302,0.06369,0.07172,0.07416,0.34098,0.18244,0.15854,18.98923,8.50056,0,7.87,14164.4
97600,325,2.000e-04,2.90022,0.15011,0.35412,0.08445,0.08008,0.06634,0.08382,0.43262,0.25576,0.17685,20.84038,8.00696,0,9.24,14175.2
97700,325,2.000e-04,2.89947,0.27114,0.12334,0.05887,0.09983,0.06355,0.12006,0.52752,0.18679,0.34073,12.62686,10.79177,0,7.69,14188.2
97800,326,2.000e-04,4.03367,0.33615,0.89088,0.12923,0.06689,0.12440,0.04470,0.23025,0.06116,0.16909,12.42024,4.67472,0,7.66,14201.3
97900,326,2.000e-04,4.03042,0.25750,0.51081,0.09441,0.10185,0.07505,0.18485,0.22021,0.11054,0.10967,34.73523,10.20358,0,7.93,14213.9
98000,326,2.000e-04,2.87133,0.16755,0.81437,0.05555,0.06994,0.07680,0.05008,0.38795,0.20256,0.18539,15.29334,8.13775,0,7.98,14226.4
98100,327,2.000e-04,3.26908,0.28368,0.40510,0.09669,0.08523,0.07952,0.07270,0.51621,0.24409,0.27212,10.89743,6.70592,0,7.97,14239.0
98200,327,2.000e-04,3.34048,0.29944,0.37646,0.08824,0.11022,0.07698,0.05901,0.47420,0.29115,0.18304,18.42544,6.10739,0,7.82,14251.8
98300,327,2.000e-04,3.28783,0.29550,0.77650,0.07601,0.07446,0.06496,0.07727,0.40649,0.07557,0.33092,11.22912,7.22353,0,7.82,14264.6
98400,328,2.000e-04,2.58592,0.23682,0.14794,0.06490,0.07021,0.05779,0.11224,0.31071,0.14131,0.16941,23.06772,7.13260,0,8.04,14277.0
98500,328,2.000e-04,3.10177,0.14810,0.51529,0.05789,0.08681,0.06533,0.13294,0.26829,0.06772,0.20057,12.27637,4.89249,0,7.97,14289.5
98600,328,2.000e-04,4.64840,0.36601,0.12025,0.08891,0.19436,0.09739,0.16850,0.42192,0.19583,0.22609,20.31850,6.93251,0,7.98,14302.1
98700,329,2.000e-04,2.98583,0.40048,0.38500,0.05428,0.08642,0.09100,0.06767,0.39206,0.17896,0.21310,19.92091,8.46958,0,7.95,14314.7
98800,329,2.000e-04,3.07604,0.28413,0.32823,0.06763,0.10552,0.08875,0.05768,0.35482,0.21199,0.14283,14.02530,7.30587,0,7.91,14327.3
98900,329,2.000e-04,3.21542,0.56947,0.31619,0.07358,0.07880,0.09619,0.06499,0.68215,0.58834,0.09381,15.78352,15.45118,0,7.93,14339.9
99000,330,2.000e-04,3.16151,0.46396,0.16200,0.06370,0.11191,0.05476,0.10112,0.28497,0.20364,0.08133,8.73989,5.77609,0,1.07,14433.5
99100,330,2.000e-04,3.53970,0.34340,0.43332,0.09368,0.09293,0.08773,0.09164,0.36716,0.11777,0.24939,13.34265,9.53685,0,7.51,14446.8
99200,330,2.000e-04,3.47136,0.74133,0.18990,0.07369,0.09832,0.08060,0.08339,0.63408,0.30684,0.32724,9.86865,10.63829,0,8.25,14459.0
99300,331,2.000e-04,3.71683,0.12347,0.99869,0.09636,0.08844,0.08059,0.06875,0.38670,0.25581,0.13089,12.70035,14.04260,0,7.98,14471.5
99400,331,2.000e-04,4.23159,0.23267,0.26586,0.09196,0.16611,0.08268,0.14779,0.38577,0.25855,0.12722,22.03569,10.95760,0,7.90,14484.2
99500,331,2.000e-04,2.99160,0.24972,0.83887,0.06098,0.06270,0.08004,0.05320,0.32652,0.16739,0.15913,11.07777,10.35681,0,8.27,14496.2
99600,332,2.000e-04,2.73698,0.30682,0.56933,0.05840,0.05720,0.06905,0.07193,0.51151,0.12805,0.38346,14.06027,8.38904,0,9.37,14506.9
99700,332,2.000e-04,2.44275,0.22639,0.04276,0.06042,0.06633,0.06530,0.11591,0.44341,0.18084,0.26256,14.77987,16.41040,0,7.89,14519.6
99800,332,2.000e-04,6.12157,0.33444,0.42708,0.08669,0.25196,0.07112,0.32358,0.20768,0.13729,0.07039,21.50120,7.53630,0,7.97,14532.1
99900,333,2.000e-04,5.03336,0.49683,0.20326,0.06854,0.22829,0.06246,0.21053,0.27765,0.11383,0.16382,16.21907,9.84977,0,7.90,14544.8
100000,333,2.000e-04,2.31668,0.08906,0.40786,0.07460,0.05246,0.06422,0.04562,0.30439,0.11392,0.19047,12.08197,7.68003,0,7.90,14557.4
100100,333,2.000e-04,3.23784,0.34263,0.23264,0.06170,0.11744,0.07178,0.10246,0.47965,0.24496,0.23470,13.26764,6.91707,0,7.97,14570.0
100200,334,2.000e-04,2.92805,0.31000,0.73501,0.06683,0.06273,0.06399,0.05349,0.37348,0.24035,0.13312,7.63834,11.04498,0,8.04,14582.4
100300,334,2.000e-04,3.89350,0.74301,0.85315,0.09647,0.05851,0.07247,0.07702,0.54678,0.40978,0.13700,21.23705,13.43553,0,7.96,14595.0
100400,334,2.000e-04,2.47886,0.50187,0.13376,0.04805,0.07642,0.05525,0.06444,0.35362,0.17131,0.18231,15.35932,11.81705,0,7.83,14607.8
100500,335,2.000e-04,3.16180,0.28516,0.65346,0.05256,0.09337,0.05834,0.09443,0.34605,0.07972,0.26633,15.33580,4.74135,0,8.33,14619.8
100600,335,2.000e-04,2.57444,0.47197,0.04253,0.06237,0.08674,0.05446,0.05932,0.29675,0.16810,0.12865,22.43147,10.89098,0,7.84,14632.5
100700,335,2.000e-04,3.25322,0.26353,0.48508,0.08348,0.09538,0.07271,0.07048,0.32587,0.20964,0.11624,17.04639,8.22499,0,7.85,14645.3
100800,336,2.000e-04,4.31952,0.43538,0.19194,0.06705,0.17625,0.06260,0.18925,0.56044,0.24926,0.31117,14.15364,9.27857,0,8.01,14657.8
100900,336,2.000e-04,3.66445,0.68142,0.48950,0.09614,0.07416,0.07316,0.08494,0.53131,0.23353,0.29778,18.46164,7.60599,0,7.80,14670.6
101000,336,2.000e-04,4.11647,0.87792,0.26037,0.07500,0.11971,0.06013,0.14609,0.39693,0.16902,0.22791,17.80910,13.21310,0,8.05,14683.0
101100,337,2.000e-04,3.41037,0.61505,0.36660,0.05608,0.09194,0.07185,0.11785,0.33093,0.12729,0.20365,12.96821,8.07291,0,7.82,14695.8
101200,337,2.000e-04,3.50630,0.91225,0.34811,0.05212,0.10425,0.06024,0.07621,0.33010,0.18999,0.14011,22.41290,10.00486,0,7.80,14708.6
101300,337,2.000e-04,3.88070,0.61000,0.33082,0.10447,0.09993,0.09675,0.08243,0.53180,0.24619,0.28561,13.53463,18.07151,0,7.90,14721.3
101400,338,2.000e-04,2.94658,0.33719,0.23960,0.08185,0.06750,0.07599,0.09927,0.52135,0.21840,0.30295,11.35385,9.16203,0,7.98,14733.8
101500,338,2.000e-04,2.75671,0.53053,0.34478,0.06831,0.05739,0.06174,0.06314,0.27666,0.11748,0.15918,17.13961,5.85005,0,7.89,14746.5
101600,338,2.000e-04,2.96288,0.46927,0.68113,0.05033,0.07002,0.04584,0.07595,0.30606,0.22727,0.07879,11.38864,8.68656,0,7.88,14759.2
101700,339,2.000e-04,3.90362,0.44154,0.37556,0.09163,0.11687,0.08303,0.11727,0.48917,0.11038,0.37879,15.16601,8.15536,0,7.87,14771.9
101800,339,2.000e-04,2.48869,0.25152,0.22383,0.06049,0.07554,0.05387,0.07675,0.42633,0.26832,0.15800,19.57482,6.34982,0,7.98,14784.4
101900,339,2.000e-04,3.15519,0.12844,0.60911,0.08418,0.08169,0.08069,0.07110,0.88813,0.53332,0.35481,20.41272,14.83276,0,7.79,14797.3
102000,340,2.000e-04,2.97719,0.43015,0.20051,0.07587,0.07677,0.08018,0.08385,0.21905,0.14253,0.07652,11.44453,3.73385,0,1.43,14867.0
102100,340,2.000e-04,2.72365,0.31763,0.44209,0.06160,0.06323,0.07001,0.07312,0.32119,0.14587,0.17532,9.45010,6.17087,0,7.66,14880.0
102200,340,2.000e-04,3.18015,0.39049,0.48704,0.06697,0.08512,0.06587,0.09049,0.76146,0.41420,0.34727,13.37338,12.28817,0,8.42,14891.9
102300,341,2.000e-04,3.60912,0.25972,0.17271,0.13895,0.08811,0.12501,0.05620,0.48269,0.26223,0.22046,20.14194,9.80137,0,8.01,14904.4
102400,341,2.000e-04,5.12699,0.22214,0.40180,0.06533,0.25488,0.06845,0.19176,0.44687,0.28789,0.15899,28.55398,10.20186,0,7.86,14917.1
102500,341,2.000e-04,3.75038,0.18100,0.89803,0.05917,0.10552,0.07341,0.13149,0.30199,0.12748,0.17450,17.44080,9.48469,0,7.88,14929.8
102600,342,2.000e-04,3.67087,0.49747,0.47689,0.11100,0.08077,0.10609,0.04969,0.16469,0.12432,0.04037,17.91659,8.34983,0,9.06,14940.8
102700,342,2.000e-04,3.08898,0.27786,0.26172,0.08030,0.08856,0.07782,0.09434,0.69398,0.44101,0.25297,15.41658,7.68030,0,8.80,14952.2
102800,342,2.000e-04,2.42994,0.24761,0.10828,0.06745,0.07809,0.05600,0.06773,0.40722,0.29386,0.11336,8.81047,9.92418,0,7.92,14964.8
102900,343,2.000e-04,2.99416,0.30883,0.59293,0.06617,0.07632,0.05871,0.07480,0.22932,0.13438,0.09495,14.00064,6.18193,0,7.97,14977.4
103000,343,2.000e-04,3.32034,0.69953,0.26545,0.09017,0.06467,0.07793,0.08347,0.55354,0.29504,0.25850,20.90524,14.11399,0,8.23,14989.5
103100,343,2.000e-04,3.16223,0.42434,0.15729,0.08520,0.08855,0.08338,0.08522,0.38204,0.25039,0.13166,14.61383,11.17865,0,8.01,15002.0
103200,344,2.000e-04,3.25807,0.36452,0.17885,0.07626,0.11125,0.07452,0.09338,0.36051,0.09720,0.26331,14.48682,6.51438,0,7.86,15014.7
103300,344,2.000e-04,3.41525,0.31296,0.54669,0.07161,0.07571,0.06180,0.15466,0.51229,0.39621,0.11608,14.42333,12.40780,0,7.88,15027.4
103400,344,2.000e-04,3.10194,0.42213,0.18124,0.06324,0.10801,0.06032,0.09690,0.42524,0.26864,0.15660,15.61140,9.02664,0,8.08,15039.8
103500,345,2.000e-04,3.70701,0.61085,0.36136,0.07638,0.11609,0.06551,0.09650,0.69250,0.38423,0.30827,9.96230,14.55812,0,7.76,15052.7
103600,345,2.000e-04,2.76936,0.32966,0.21580,0.07248,0.07429,0.09305,0.05819,0.46279,0.23587,0.22692,19.14539,9.27097,0,7.91,15065.3
103700,345,2.000e-04,3.36704,0.53036,0.59363,0.07267,0.09396,0.05179,0.06357,0.51733,0.29069,0.22664,13.56151,9.70564,0,7.97,15077.9
103800,346,2.000e-04,3.39575,0.25389,0.57696,0.07478,0.09506,0.07766,0.09564,0.27749,0.10179,0.17570,12.35165,4.28711,0,7.81,15090.7
103900,346,2.000e-04,3.54009,0.25762,0.44681,0.07222,0.14648,0.08298,0.04677,0.42331,0.25205,0.17126,21.19349,8.44412,0,7.94,15103.3
104000,346,2.000e-04,4.13701,0.14482,0.29988,0.05427,0.16914,0.05014,0.24151,0.21784,0.07834,0.13950,20.60802,7.86170,0,7.84,15116.1
104100,347,2.000e-04,3.41640,0.32757,0.22783,0.08499,0.11672,0.06111,0.10767,0.69105,0.42640,0.26465,8.86152,7.69490,0,7.84,15128.8
104200,347,2.000e-04,3.34224,0.41215,0.77184,0.07603,0.07648,0.07030,0.05634,0.30481,0.13004,0.17477,14.32596,5.13910,0,8.05,15141.2
104300,347,2.000e-04,3.61782,0.49682,1.08022,0.08001,0.05858,0.06917,0.06181,0.41802,0.12403,0.29399,13.60704,17.36908,0,7.94,15153.8
104400,348,2.000e-04,2.91446,0.35235,0.20157,0.07058,0.09818,0.05840,0.07618,0.61391,0.43902,0.17489,10.20986,8.37169,0,7.97,15166.4
104500,348,2.000e-04,3.34503,0.54004,0.49856,0.05624,0.09672,0.06184,0.09353,0.39695,0.20747,0.18949,22.97242,6.23273,0,7.95,15179.0
104600,348,2.000e-04,2.62207,0.35876,0.43246,0.05731,0.08050,0.04899,0.04155,0.32417,0.21014,0.11403,17.46665,9.16788,0,7.98,15191.5
104700,349,2.000e-04,3.25460,0.53294,0.35636,0.06864,0.08532,0.06067,0.10446,0.48938,0.19624,0.29314,16.06222,8.88273,0,8.36,15203.5
104800,349,2.000e-04,3.92647,0.82026,0.58295,0.07872,0.09401,0.05021,0.10899,0.33220,0.08987,0.24234,18.96444,10.61780,0,7.95,15216.0
104900,349,2.000e-04,3.02278,0.75601,0.69359,0.05101,0.06325,0.03724,0.04889,0.22010,0.11626,0.10384,12.33751,12.08629,0,7.94,15228.6
105000,350,2.000e-04,3.11443,0.63129,0.29419,0.06108,0.09265,0.05579,0.07454,0.40368,0.18675,0.21693,12.75980,6.97330,0,1.48,15296.4
105100,350,2.000e-04,3.38085,0.36895,0.19760,0.06948,0.10540,0.08114,0.13198,0.21067,0.10749,0.10318,19.50582,6.82458,0,7.83,15309.2
105200,350,2.000e-04,3.10958,0.51014,0.08085,0.08225,0.08875,0.07062,0.09111,0.27432,0.11835,0.15597,10.82622,9.75236,0,8.29,15321.3
105300,351,2.000e-04,3.04659,0.65444,0.18702,0.04696,0.10398,0.05198,0.08716,0.40957,0.19790,0.21167,14.24315,11.93379,0,8.14,15333.5
105400,351,2.000e-04,2.73032,0.26832,0.21193,0.07708,0.08448,0.06255,0.06434,0.37226,0.16418,0.20808,16.68127,6.38882,0,8.83,15344.9
105500,351,2.000e-04,4.17809,0.38837,0.46587,0.08737,0.15727,0.05245,0.12304,0.59492,0.51065,0.08427,25.72141,10.37430,0,8.35,15356.8
105600,352,2.000e-04,3.93053,0.75328,0.32003,0.04520,0.14957,0.05148,0.13042,0.43108,0.32800,0.10308,22.02136,12.71519,0,8.50,15368.6
105700,352,2.000e-04,3.05982,0.42562,0.63412,0.05880,0.08935,0.04710,0.05661,0.28028,0.05120,0.22907,14.43530,6.59117,0,8.01,15381.1
105800,352,2.000e-04,3.49211,0.38439,0.30685,0.07251,0.11079,0.06915,0.12443,0.28651,0.05640,0.23011,16.10710,5.25524,0,8.13,15393.4
105900,353,2.000e-04,3.30315,0.59327,0.42114,0.07402,0.08902,0.06132,0.07035,0.73598,0.43669,0.29930,14.01133,14.19579,0,8.03,15405.8
106000,353,2.000e-04,3.07441,0.33603,0.23557,0.09305,0.07198,0.09643,0.07407,0.83136,0.27189,0.55947,15.50910,11.63700,0,8.37,15417.8
106100,353,2.000e-04,3.21115,0.63423,0.21728,0.06559,0.09513,0.06803,0.08246,0.72650,0.38596,0.34054,11.16326,11.42877,0,7.90,15430.4
106200,354,2.000e-04,3.40791,0.31213,0.20734,0.07793,0.12205,0.06873,0.10900,0.58607,0.38978,0.19629,21.08251,9.22448,0,7.88,15443.1
106300,354,2.000e-04,2.40831,0.21418,0.42477,0.05260,0.06159,0.06740,0.05810,0.49372,0.21847,0.27524,14.75190,13.54553,0,8.03,15455.6
106400,354,2.000e-04,2.62866,0.07023,0.24989,0.05254,0.10785,0.03909,0.10184,0.25422,0.14379,0.11043,13.71647,12.07986,0,8.28,15467.7
106500,355,2.000e-04,4.32159,0.97064,0.18388,0.09912,0.11713,0.07203,0.12888,0.54253,0.15944,0.38309,17.70444,14.68353,0,8.06,15480.1
106600,355,2.000e-04,3.91765,0.92773,0.71066,0.06775,0.09858,0.07044,0.05274,0.17253,0.13438,0.03815,15.79629,3.69668,0,8.04,15492.5
106700,355,2.000e-04,2.82121,0.33568,0.13694,0.08254,0.08348,0.06270,0.07498,0.41327,0.22490,0.18837,16.03627,7.49967,0,7.81,15505.3
106800,356,2.000e-04,4.09513,0.23087,0.48373,0.07173,0.16212,0.06037,0.14803,0.36468,0.20561,0.15907,21.42402,11.10236,0,7.89,15518.0
106900,356,2.000e-04,2.76822,0.48633,0.25574,0.06605,0.07791,0.05445,0.06286,0.62207,0.23926,0.38281,7.04840,6.67742,0,7.98,15530.5
107000,356,2.000e-04,2.68747,0.19818,0.24815,0.08494,0.07786,0.06991,0.05273,0.27589,0.18465,0.09125,18.34078,5.67288,0,8.07,15542.9
107100,357,2.000e-04,3.49087,0.60971,0.49336,0.06564,0.10487,0.05067,0.08586,0.41900,0.31475,0.10424,17.43003,9.07727,0,7.85,15555.6
107200,357,2.000e-04,4.56542,0.49322,0.39112,0.06632,0.17599,0.07329,0.17829,0.64247,0.28141,0.36106,21.80491,6.58921,0,7.92,15568.3
107300,357,2.000e-04,3.05547,0.31318,0.59782,0.05465,0.09373,0.05413,0.07802,0.24810,0.11159,0.13651,15.27558,10.07087,0,8.28,15580.4
107400,358,2.000e-04,3.16879,0.53229,0.25057,0.07315,0.07884,0.05209,0.12111,0.25224,0.08578,0.16646,19.88454,3.92408,0,8.01,15592.8
107500,358,2.000e-04,6.32065,0.54197,0.11043,0.08555,0.27999,0.07925,0.32332,0.55203,0.30696,0.24507,18.42582,11.90724,0,7.90,15605.5
107600,358,2.000e-04,3.28133,0.45188,0.35075,0.04678,0.12703,0.03926,0.10885,0.46746,0.17438,0.29308,12.24902,9.53607,0,7.97,15618.0
107700,359,2.000e-04,4.14227,0.33747,0.39999,0.06192,0.16441,0.06102,0.16728,0.23969,0.19045,0.04923,15.64921,6.39576,0,7.90,15630.7
107800,359,2.000e-04,4.42395,0.34932,1.39754,0.06430,0.12447,0.05819,0.09967,0.33735,0.19180,0.14555,16.16807,4.49512,0,7.95,15643.3
107900,359,2.000e-04,2.82353,0.27804,0.55544,0.04718,0.06936,0.04043,0.12451,0.40452,0.24411,0.16041,8.09419,9.18090,0,8.03,15655.7
108000,360,2.000e-04,3.84198,0.94338,0.22683,0.08295,0.11216,0.07972,0.06441,0.78111,0.41658,0.36453,15.50390,12.83300,0,1.45,15724.6
108100,360,2.000e-04,4.77640,0.16115,0.65953,0.05264,0.21092,0.05307,0.21095,0.40541,0.21685,0.18855,14.50736,11.06561,0,7.62,15737.7
108200,360,2.000e-04,4.85610,0.63759,0.33463,0.05101,0.21427,0.04248,0.20373,0.73730,0.35483,0.38246,23.46725,8.21598,0,8.05,15750.2
108300,361,2.000e-04,2.59649,0.20169,0.11382,0.07402,0.07644,0.07411,0.08117,0.22885,0.03239,0.19646,9.88337,3.63096,0,8.40,15762.1
108400,361,2.000e-04,3.61799,0.55394,0.34233,0.10198,0.07923,0.09072,0.09122,0.54220,0.26391,0.27829,15.64757,10.74738,0,8.03,15774.5
108500,361,2.000e-04,3.21804,0.51713,0.58678,0.05921,0.09317,0.05290,0.06515,0.21184,0.10068,0.11116,16.50767,7.38686,0,7.91,15787.2
108600,362,2.000e-04,4.15059,0.64759,0.25901,0.08803,0.12296,0.12316,0.10365,0.49375,0.25564,0.23810,14.46718,8.47503,0,7.86,15799.9
108700,362,2.000e-04,3.95596,0.64402,0.27802,0.07880,0.13476,0.08059,0.09908,0.46010,0.28238,0.17772,13.64546,10.60709,0,7.83,15812.6
108800,362,2.000e-04,3.63790,0.20136,0.41309,0.08805,0.13405,0.07406,0.08643,0.34434,0.11375,0.23059,20.22791,8.72924,0,7.85,15825.4
108900,363,2.000e-04,3.18427,0.56727,0.33604,0.07486,0.06625,0.06257,0.11141,0.12516,0.08086,0.04430,12.50664,6.54610,0,7.82,15838.2
109000,363,2.000e-04,3.30085,0.45369,0.45430,0.06284,0.09704,0.05892,0.09990,0.41993,0.25818,0.16176,11.97754,6.69381,0,7.84,15850.9
109100,363,2.000e-04,5.24241,0.38132,0.31455,0.04580,0.23612,0.05253,0.29295,0.30030,0.17410,0.12620,19.39477,6.88352,0,7.90,15863.6
109200,364,2.000e-04,2.98856,0.14892,0.89013,0.05661,0.08834,0.05320,0.04681,0.29928,0.14506,0.15422,13.79352,13.46620,0,7.96,15876.2
109300,364,2.000e-04,3.34492,0.29549,0.45541,0.05669,0.12511,0.04868,0.10653,0.62308,0.33980,0.28327,15.26194,9.25919,0,7.83,15888.9
109400,364,2.000e-04,2.67470,0.25198,0.45039,0.06047,0.06846,0.05700,0.07960,0.32497,0.21848,0.10650,11.10332,11.62703,0,8.20,15901.1
109500,365,2.000e-04,3.04507,0.43421,0.59706,0.09447,0.04783,0.08288,0.03527,0.22668,0.20126,0.02541,17.82730,3.64407,0,8.16,15913.4
109600,365,2.000e-04,2.40048,0.37955,0.08884,0.05919,0.05142,0.06525,0.09996,0.40745,0.22399,0.18346,14.56516,8.91572,0,8.26,15925.5
109700,365,2.000e-04,3.09998,0.52048,0.38777,0.07058,0.07927,0.06502,0.07363,0.39607,0.10694,0.28912,7.07504,12.13537,0,8.13,15937.8
109800,366,2.000e-04,2.60547,0.17528,0.28662,0.06289,0.08575,0.04337,0.08805,0.28934,0.13924,0.15009,16.88842,6.38076,0,8.34,15949.8
109900,366,2.000e-04,2.83023,0.07827,0.28703,0.07411,0.09854,0.07883,0.06884,0.37719,0.16722,0.20997,16.18759,5.02309,0,7.84,15962.5
110000,366,2.000e-04,3.41534,0.17459,0.23109,0.07891,0.10867,0.10201,0.12477,0.77763,0.30981,0.46782,11.12018,8.33575,0,7.86,15975.2
110100,367,2.000e-04,3.29348,0.55575,0.50265,0.06520,0.09940,0.06472,0.05310,0.17089,0.08524,0.08565,15.42626,5.70417,0,7.84,15988.0
110200,367,2.000e-04,2.62420,0.41650,0.20683,0.06524,0.06501,0.09037,0.04929,0.39190,0.29484,0.09706,17.36948,9.84140,0,7.88,16000.7
110300,367,2.000e-04,2.73475,0.22633,0.40371,0.07013,0.07160,0.06989,0.06758,0.48034,0.40826,0.07207,11.72967,9.61843,0,7.90,16013.3
110400,368,2.000e-04,3.99251,0.53021,0.48636,0.08060,0.12861,0.06767,0.10910,0.44787,0.20143,0.24644,15.40472,12.07814,0,7.89,16026.0
110500,368,2.000e-04,2.68451,0.55327,0.16458,0.07260,0.07225,0.05439,0.04925,0.39082,0.17573,0.21509,16.11764,8.03088,0,7.90,16038.7
110600,368,2.000e-04,2.68030,0.22112,0.36485,0.07682,0.07473,0.06421,0.05155,0.50824,0.31532,0.19291,16.87338,8.67505,0,7.82,16051.5
110700,369,2.000e-04,4.43360,0.74726,0.84772,0.06119,0.13552,0.08017,0.09413,0.26770,0.07712,0.19058,18.95978,4.55585,0,7.76,16064.4
110800,369,2.000e-04,6.52015,0.47324,0.24183,0.07274,0.31125,0.04788,0.34515,0.26815,0.18956,0.07859,20.83552,7.82412,0,7.87,16077.1
110900,369,2.000e-04,2.44582,0.25041,0.18699,0.06446,0.06767,0.05963,0.07780,0.57554,0.23265,0.34289,9.90255,6.40971,0,7.91,16089.7
111000,370,2.000e-04,2.92363,0.50329,0.76603,0.04776,0.06560,0.05477,0.04938,0.41862,0.30503,0.11359,8.32631,11.72858,0,1.50,16156.5
111100,370,2.000e-04,2.95872,0.37440,0.28653,0.07173,0.08393,0.07146,0.07678,0.30944,0.07889,0.23055,15.86775,5.74516,0,7.32,16170.1
111200,370,2.000e-04,4.51626,0.24581,0.28193,0.05694,0.21143,0.05343,0.20754,0.44136,0.33988,0.10148,14.11325,9.15306,0,7.79,16182.9
111300,371,2.000e-04,2.79825,0.25493,0.45630,0.06802,0.07368,0.07578,0.05823,0.28048,0.15930,0.12118,9.38935,7.17726,0,7.82,16195.7
111400,371,2.000e-04,3.46513,0.27923,1.14236,0.08284,0.06123,0.07659,0.04398,0.20247,0.09879,0.10369,13.87629,12.52129,0,7.93,16208.3
111500,371,2.000e-04,3.96856,0.82059,0.46712,0.09799,0.10119,0.07055,0.06725,0.34998,0.09406,0.25591,22.23905,10.80749,0,7.83,16221.1
111600,372,2.000e-04,3.09993,0.68736,0.12914,0.06682,0.10607,0.04896,0.06195,0.30650,0.10827,0.19823,21.19974,9.44879,0,7.80,16233.9
111700,372,2.000e-04,3.67735,0.29008,0.45905,0.07990,0.11898,0.06896,0.11893,0.31489,0.26991,0.04498,14.42267,6.05534,0,7.91,16246.6
111800,372,2.000e-04,4.64448,0.42576,0.25687,0.10327,0.16776,0.08490,0.16540,0.19694,0.07472,0.12222,14.97283,7.05616,0,8.12,16258.9
111900,373,2.000e-04,2.65157,0.34962,0.01498,0.07208,0.09156,0.06715,0.06296,0.48544,0.21374,0.27171,15.15285,7.31249,0,8.32,16270.9
112000,373,2.000e-04,3.51616,0.21905,0.92975,0.05631,0.09919,0.08296,0.07952,0.32585,0.08911,0.23675,17.47816,7.24216,0,7.81,16283.7
112100,373,2.000e-04,3.28378,0.11037,0.38080,0.11761,0.07092,0.12746,0.05401,0.40435,0.26689,0.13747,17.21388,7.80689,0,7.96,16296.3
112200,374,2.000e-04,3.08414,0.29367,0.25208,0.07409,0.09591,0.07958,0.08810,0.68898,0.32258,0.36640,9.81225,11.83756,0,7.93,16308.9
112300,374,2.000e-04,3.45092,0.37693,0.48234,0.07885,0.09366,0.08938,0.08393,0.45434,0.24181,0.21253,22.17363,9.12903,0,8.19,16321.1
112400,374,2.000e-04,2.61471,0.32266,0.16555,0.07223,0.07779,0.06363,0.06163,0.49880,0.26782,0.23098,12.99237,14.61438,0,7.74,16334.0
112500,375,2.000e-04,2.79943,0.45891,0.23825,0.06984,0.08169,0.06110,0.05628,0.72368,0.35295,0.37073,13.79363,9.31054,0,7.92,16346.6
112600,375,2.000e-04,2.95072,0.36095,0.14244,0.09572,0.07723,0.08126,0.06231,0.49847,0.18899,0.30948,14.24585,10.15549,0,7.73,16359.6
112700,375,2.000e-04,2.89036,0.35706,0.04813,0.07412,0.10461,0.07214,0.06745,0.33701,0.17577,0.16124,16.41620,7.90212,0,7.76,16372.4
112800,376,2.000e-04,3.62888,0.20888,0.81701,0.07067,0.10693,0.05462,0.11079,0.25990,0.11918,0.14072,15.01953,8.37425,0,8.06,16384.8
112900,376,2.000e-04,3.94502,0.52608,0.90975,0.06328,0.11368,0.05291,0.09501,0.36108,0.17030,0.19078,19.04056,6.96269,0,7.83,16397.6
113000,376,2.000e-04,2.57765,0.12215,0.31723,0.05362,0.10119,0.05559,0.06243,0.41512,0.27061,0.14451,17.79102,10.97288,0,7.88,16410.3
113100,377,2.000e-04,2.54617,0.32155,0.19942,0.06789,0.06525,0.06103,0.07773,0.80593,0.46485,0.34107,9.97968,11.87926,0,8.09,16422.7
113200,377,2.000e-04,2.67377,0.30973,0.35819,0.05096,0.07953,0.04713,0.09307,0.46212,0.22634,0.23579,8.32392,5.74774,0,7.86,16435.4
113300,377,2.000e-04,3.11666,0.44016,0.35461,0.06360,0.09613,0.05598,0.08893,0.43949,0.20289,0.23660,11.49653,7.95544,0,7.76,16448.3
113400,378,2.000e-04,4.02818,0.47343,0.35474,0.06740,0.14200,0.07373,0.14747,0.37607,0.28519,0.09088,15.10835,9.46232,0,7.93,16460.9
113500,378,2.000e-04,3.27769,0.58507,0.58154,0.08075,0.06643,0.06919,0.05868,0.42728,0.15379,0.27349,13.89443,7.50239,0,7.84,16473.6
113600,378,2.000e-04,3.46399,0.28126,0.77213,0.08877,0.06964,0.07068,0.09463,0.26976,0.17338,0.09637,22.91505,10.16559,0,7.85,16486.4
113700,379,2.000e-04,2.73984,0.53063,0.29355,0.04565,0.08166,0.04240,0.08612,0.48746,0.15297,0.33449,11.69298,10.56626,0,7.99,16498.9
113800,379,2.000e-04,3.56892,0.27417,0.56775,0.07441,0.10964,0.08485,0.09244,0.43218,0.24544,0.18674,18.77671,7.31155,0,7.81,16511.7
113900,379,2.000e-04,2.53217,0.08672,0.14155,0.08348,0.07856,0.08551,0.05118,0.40372,0.17978,0.22394,11.82969,7.14673,0,7.87,16524.4
114000,380,2.000e-04,2.88524,0.23201,0.47741,0.07824,0.07272,0.07913,0.05410,0.31719,0.10086,0.21633,18.53360,8.18321,0,1.17,16609.7
114100,380,2.000e-04,3.58727,0.66029,0.12357,0.06425,0.12612,0.06223,0.11769,0.46397,0.25085,0.21312,18.14806,7.37782,0,7.43,16623.1
114200,380,2.000e-04,3.04173,0.38259,0.59218,0.06462,0.06064,0.11274,0.05012,0.14625,0.07168,0.07457,22.37569,6.26043,0,7.90,16635.8
114300,381,2.000e-04,4.29346,0.41478,0.34060,0.07865,0.13876,0.08331,0.18951,0.48059,0.26158,0.21901,15.49212,7.36283,0,8.06,16648.2
114400,381,2.000e-04,2.98189,0.57520,0.39508,0.05987,0.07818,0.05543,0.07080,0.25208,0.15650,0.09557,12.86689,5.63220,0,8.08,16660.6
114500,381,2.000e-04,2.64279,0.54721,0.23224,0.06354,0.06253,0.07067,0.04987,0.51205,0.07989,0.43216,20.90490,5.94284,0,8.25,16672.7
114600,382,2.000e-04,3.25213,0.29440,0.74538,0.07277,0.05982,0.11638,0.06090,0.44999,0.20077,0.24921,18.77267,10.53793,0,7.98,16685.3
114700,382,2.000e-04,2.70036,0.62360,0.20714,0.05781,0.05949,0.06021,0.07912,0.32144,0.18659,0.13484,12.17235,6.63324,0,7.98,16697.8
114800,382,2.000e-04,3.70640,0.66877,0.32797,0.05754,0.11983,0.06243,0.12475,0.68357,0.28259,0.40098,19.01859,19.66496,0,7.80,16710.6
114900,383,2.000e-04,2.83546,0.33309,0.29987,0.06960,0.06624,0.09999,0.06883,0.60561,0.23397,0.37163,16.38765,8.55864,0,7.83,16723.4
115000,383,2.000e-04,2.36640,0.10672,0.66125,0.05358,0.05919,0.06382,0.03031,0.22604,0.14504,0.08100,15.48917,8.41091,0,7.81,16736.2
115100,383,2.000e-04,3.52148,0.11358,0.28557,0.06536,0.14437,0.06035,0.14465,0.55985,0.23513,0.32472,12.71699,6.56220,0,7.81,16749.0
115200,384,2.000e-04,2.28751,0.39674,0.24203,0.04854,0.06304,0.04767,0.05890,0.43536,0.25193,0.18343,8.63340,6.87691,0,7.77,16761.8
115300,384,2.000e-04,2.75609,0.31751,0.64400,0.07642,0.04633,0.06859,0.04484,0.23284,0.09247,0.14037,16.91441,9.52842,0,8.13,16774.1
115400,384,2.000e-04,3.00249,0.40891,0.49481,0.06341,0.07285,0.05907,0.08817,0.52620,0.37590,0.15030,13.13348,12.01825,0,8.00,16786.6
115500,385,2.000e-04,3.53229,0.97936,0.20515,0.05242,0.10319,0.08211,0.07622,0.52528,0.26321,0.26207,14.95592,13.01408,0,7.86,16799.4
115600,385,2.000e-04,2.73434,0.27980,0.17639,0.09453,0.06966,0.07972,0.04753,0.49245,0.32330,0.16916,9.47794,16.52778,0,8.22,16811.5
115700,385,2.000e-04,3.32519,0.12240,0.76080,0.10939,0.07081,0.08187,0.04614,0.37044,0.22813,0.14232,16.21768,8.63932,0,7.85,16824.3
115800,386,2.000e-04,4.43149,0.37530,0.27941,0.07016,0.17299,0.07253,0.19653,0.22266,0.09587,0.12679,26.35940,5.62737,0,7.77,16837.1
115900,386,2.000e-04,4.07048,0.34713,0.40640,0.04971,0.16555,0.06448,0.16841,0.48925,0.26139,0.22786,20.28003,7.84194,0,7.79,16850.0
116000,386,2.000e-04,3.06567,0.17371,0.52545,0.07678,0.09002,0.06889,0.07080,0.61271,0.26387,0.34884,13.06304,4.76444,0,8.05,16862.4
116100,387,2.000e-04,3.32883,0.46980,0.52864,0.10484,0.06073,0.08050,0.05444,0.49216,0.25214,0.24002,12.36775,5.42315,0,7.81,16875.2
116200,387,2.000e-04,8.21066,0.27557,0.09834,0.11172,0.40948,0.09860,0.42634,0.64255,0.34252,0.30003,17.71066,9.70262,0,7.81,16888.0
116300,387,2.000e-04,3.15586,0.80282,0.35203,0.06341,0.07977,0.05568,0.05815,0.49415,0.18170,0.31245,11.36556,7.61078,0,8.08,16900.4
116400,388,2.000e-04,2.89748,0.34712,0.61543,0.06554,0.07663,0.04992,0.05273,0.43200,0.17145,0.26055,15.24800,7.65016,0,7.86,16913.1
116500,388,2.000e-04,3.04642,0.18054,0.07439,0.07207,0.13183,0.05653,0.09397,0.55070,0.41051,0.14019,22.88225,9.86609,0,7.79,16925.9
116600,388,2.000e-04,2.82326,0.22904,0.52652,0.06668,0.06567,0.09448,0.05436,0.35233,0.19228,0.16005,20.58940,6.16200,0,7.86,16938.6
116700,389,2.000e-04,4.32851,0.69605,1.12955,0.10883,0.06930,0.09350,0.05082,0.18436,0.13349,0.05087,13.00908,7.26468,0,8.28,16950.7
116800,389,2.000e-04,3.70399,0.29219,0.72969,0.08919,0.10203,0.08002,0.07396,0.32490,0.18458,0.14032,12.97960,6.59583,0,8.42,16962.6
116900,389,2.000e-04,2.44718,0.34762,0.26457,0.06899,0.05219,0.07271,0.05193,0.31877,0.10318,0.21559,11.38323,10.70104,0,8.24,16974.8
117000,390,2.000e-04,2.75882,0.24051,0.66497,0.05846,0.07157,0.06032,0.05029,0.67536,0.29180,0.38355,14.42761,10.93154,0,1.18,17059.2
117100,390,2.000e-04,3.28256,0.72883,0.38609,0.09175,0.05420,0.07710,0.06453,0.29037,0.04163,0.24874,9.68639,11.95053,0,7.36,17072.8
117200,390,2.000e-04,3.55897,0.49199,0.12724,0.06811,0.12498,0.06398,0.13778,0.23616,0.17159,0.06457,18.56731,5.16847,0,7.72,17085.8
117300,391,2.000e-04,2.79437,0.60852,0.44448,0.06443,0.05809,0.05724,0.04598,0.41608,0.23912,0.17696,11.28916,9.43239,0,7.86,17098.5
117400,391,2.000e-04,2.94936,0.54507,0.58930,0.04413,0.07271,0.06379,0.06551,0.25424,0.02013,0.23411,11.24540,5.73850,0,7.89,17111.2
117500,391,2.000e-04,3.62640,0.64612,0.05524,0.08751,0.11989,0.07499,0.09522,0.79295,0.21227,0.58069,12.24186,14.73148,0,7.98,17123.7
117600,392,2.000e-04,2.81597,0.44308,0.23354,0.07072,0.08200,0.05453,0.06791,0.31971,0.19266,0.12705,9.85179,7.46887,0,7.93,17136.3
117700,392,2.000e-04,3.18997,0.42972,0.45393,0.08242,0.08500,0.06297,0.06346,0.35122,0.17290,0.17832,10.50497,4.85529,0,7.86,17149.0
117800,392,2.000e-04,2.42413,0.32936,0.31145,0.06627,0.06031,0.06039,0.04311,0.28184,0.16338,0.11845,12.30200,7.25834,0,7.82,17161.8
117900,393,2.000e-04,3.37057,0.59765,0.65665,0.05579,0.09480,0.04935,0.07270,0.44445,0.22756,0.21688,10.89033,16.46851,0,7.86,17174.5
118000,393,2.000e-04,3.31986,0.35414,0.48039,0.06831,0.10636,0.05859,0.08912,0.53828,0.39585,0.14243,20.01789,8.61029,0,7.83,17187.3
118100,393,2.000e-04,3.48760,0.46471,0.34365,0.07689,0.10371,0.06297,0.11169,0.39509,0.27662,0.11846,16.04104,10.26301,0,7.78,17200.2
118200,394,2.000e-04,3.83091,0.10631,0.43362,0.05348,0.14185,0.04907,0.21846,0.39598,0.22996,0.16603,31.58809,8.44001,0,7.82,17212.9
118300,394,2.000e-04,3.33305,0.34299,0.60892,0.06647,0.10071,0.06349,0.07838,0.32820,0.21734,0.11087,18.48902,11.59574,0,8.31,17225.0
118400,394,2.000e-04,2.87905,0.31473,0.85347,0.05755,0.05486,0.06142,0.05594,0.33120,0.19606,0.13513,12.67730,6.16229,0,8.14,17237.2
118500,395,2.000e-04,3.30867,0.32371,0.34801,0.07696,0.10878,0.07091,0.08500,0.34581,0.17515,0.17067,18.93792,6.01504,0,7.76,17250.1
118600,395,2.000e-04,2.45205,0.25621,0.64485,0.05611,0.05117,0.05748,0.03814,0.36941,0.23301,0.13640,14.22351,12.82336,0,7.78,17263.0
118700,395,2.000e-04,4.86783,0.23555,0.74924,0.07288,0.18202,0.06752,0.19929,0.47774,0.12700,0.35074,24.10457,12.18118,0,7.92,17275.6
118800,396,2.000e-04,3.33406,0.20426,1.13974,0.05698,0.07801,0.05827,0.06977,0.58441,0.16605,0.41836,23.73753,9.97462,0,8.33,17287.6
118900,396,2.000e-04,3.34705,0.30041,0.11177,0.10756,0.10481,0.07514,0.08709,0.44912,0.21746,0.23166,24.49790,10.52010,0,9.58,17298.1
119000,396,2.000e-04,3.53605,0.36156,0.26195,0.08463,0.12237,0.07486,0.09364,0.49343,0.06295,0.43049,20.01783,10.61059,0,7.93,17310.7
119100,397,2.000e-04,2.56084,0.34080,0.08020,0.07215,0.08043,0.05751,0.06531,0.45686,0.26852,0.18834,6.80160,11.06768,0,7.84,17323.4
119200,397,2.000e-04,2.75958,0.41924,0.26193,0.05173,0.09209,0.07365,0.05439,0.62629,0.43039,0.19590,17.75649,11.75192,0,7.87,17336.1
119300,397,2.000e-04,3.07501,0.34176,0.82359,0.06300,0.07548,0.05266,0.05232,0.28855,0.12204,0.16652,15.19459,7.35076,0,8.00,17348.6
119400,398,2.000e-04,2.27708,0.16726,0.32517,0.04286,0.08242,0.03581,0.07057,0.33382,0.12534,0.20848,9.94681,8.90380,0,7.82,17361.4
119500,398,2.000e-04,2.39036,0.20990,0.21783,0.04541,0.09387,0.04201,0.07196,0.50981,0.24327,0.26654,17.92912,12.69703,0,7.96,17374.0
119600,398,2.000e-04,2.89289,0.28413,0.25764,0.09687,0.07086,0.06465,0.07011,0.56658,0.44104,0.12554,18.36978,12.86444,0,7.99,17386.5
119700,399,2.000e-04,4.08900,0.44079,0.28787,0.07699,0.16562,0.06036,0.12648,0.49617,0.19062,0.30555,19.87848,6.40881,0,9.00,17397.6
119800,399,2.000e-04,2.67967,0.25795,0.22558,0.05517,0.10478,0.06070,0.05863,0.57525,0.29936,0.27590,13.97876,6.55744,0,8.11,17409.9
119900,399,2.000e-04,3.00018,0.29105,0.28507,0.07372,0.09554,0.05940,0.08688,0.59159,0.23281,0.35879,16.38784,9.97734,0,8.05,17422.4
120000,400,2.000e-04,3.07583,0.21040,0.54328,0.07804,0.08001,0.06207,0.08627,0.52491,0.30410,0.22082,22.69331,10.85830,0,1.20,17505.9
120100,400,2.000e-04,3.74406,0.24468,0.45634,0.09220,0.11443,0.10776,0.08760,0.29404,0.09732,0.19672,21.11550,12.99337,0,7.37,17519.4
120200,400,2.000e-04,2.75552,0.53956,0.15851,0.08903,0.04809,0.08969,0.04757,0.20851,0.06351,0.14499,9.54423,8.02384,0,7.83,17532.2
120300,401,2.000e-04,3.89217,0.75363,0.52887,0.09416,0.08354,0.08573,0.08079,0.35213,0.17197,0.18016,15.24378,8.19017,0,8.05,17544.6
120400,401,2.000e-04,2.76210,0.49573,0.25908,0.04591,0.10068,0.05159,0.05670,0.33499,0.15566,0.17933,14.35748,6.14235,0,8.08,17557.0
120500,401,2.000e-04,3.80447,0.09095,1.34133,0.04165,0.11475,0.05200,0.10963,0.49659,0.16301,0.33358,22.85673,21.26204,0,8.14,17569.3
120600,402,2.000e-04,3.61587,0.46156,0.50638,0.09135,0.09526,0.07090,0.08548,0.34071,0.12003,0.22069,18.05358,10.26749,0,8.04,17581.7
120700,402,2.000e-04,2.74871,0.65677,0.25507,0.04305,0.06946,0.03630,0.10606,0.47118,0.38361,0.08756,14.67321,14.54498,0,8.16,17594.0
120800,402,2.000e-04,3.48336,0.34906,0.32578,0.05608,0.12640,0.04211,0.15464,0.25040,0.14573,0.10467,18.27720,8.13330,0,7.93,17606.6
120900,403,2.000e-04,3.21513,0.34677,0.36448,0.10009,0.06382,0.11027,0.06269,0.33170,0.17571,0.15598,12.69583,10.85268,0,7.85,17619.3
121000,403,2.000e-04,2.98075,0.44651,0.40866,0.06197,0.08197,0.06548,0.07176,0.15904,0.04542,0.11362,14.34715,5.57954,0,7.98,17631.9
121100,403,2.000e-04,2.36743,0.20604,0.22814,0.06049,0.07668,0.05637,0.05592,0.41821,0.22249,0.19573,12.09497,7.94778,0,7.86,17644.6
121200,404,2.000e-04,2.21980,0.32756,0.23770,0.04835,0.06634,0.05200,0.04953,0.30627,0.16375,0.14252,10.95787,4.34039,0,7.93,17657.2
121300,404,2.000e-04,2.79772,0.32875,0.66773,0.05783,0.06479,0.05972,0.05529,0.26910,0.12839,0.14070,12.56518,6.33083,0,7.85,17670.0
121400,404,2.000e-04,2.57517,0.32666,0.22036,0.06767,0.06868,0.06857,0.06435,0.48468,0.21758,0.26710,13.48744,9.95310,0,7.88,17682.6
121500,405,2.000e-04,3.21104,0.44362,0.26755,0.11094,0.07195,0.07318,0.06101,0.38353,0.22473,0.15880,13.30066,7.41758,0,7.79,17695.5
121600,405,2.000e-04,2.72373,0.39301,0.23447,0.05338,0.07337,0.09208,0.07368,0.38579,0.17620,0.20959,16.00143,8.17121,0,7.86,17708.2
121700,405,2.000e-04,2.55101,0.24161,0.27186,0.06193,0.06883,0.08267,0.06332,0.26026,0.15986,0.10040,14.03424,7.79139,0,7.76,17721.1
121800,406,2.000e-04,3.84299,0.53306,0.25766,0.09719,0.10509,0.09472,0.11118,0.29755,0.18575,0.11180,16.62512,10.34706,0,7.96,17733.7
121900,406,2.000e-04,2.58952,0.18446,0.72327,0.06821,0.04765,0.06541,0.03924,0.22940,0.13874,0.09066,24.12958,8.42768,0,7.95,17746.2
122000,406,2.000e-04,4.57380,0.53753,0.18783,0.06852,0.17441,0.07894,0.20487,0.57275,0.20857,0.36418,24.92028,12.92545,0,8.49,17758.0
122100,407,2.000e-04,2.92767,0.19743,0.09501,0.07520,0.10334,0.08047,0.08949,0.51628,0.28334,0.23294,12.54367,6.64463,0,8.18,17770.2
122200,407,2.000e-04,2.74456,0.56299,0.09870,0.06847,0.07944,0.05060,0.07015,0.43167,0.22548,0.20619,13.51193,10.80430,0,8.06,17782.6
122300,407,2.000e-04,2.59073,0.31591,0.53768,0.05370,0.05894,0.04667,0.07549,0.39661,0.12084,0.27577,12.04197,7.54888,0,8.08,17795.0
122400,408,2.000e-04,2.65979,0.31980,0.70286,0.04863,0.05966,0.05815,0.05269,0.39502,0.25771,0.13731,7.18640,9.43123,0,8.05,17807.4
122500,408,2.000e-04,2.74393,0.41282,0.57784,0.06452,0.06097,0.04919,0.05050,0.35495,0.23229,0.12266,13.60876,8.96955,0,8.05,17819.8
122600,408,2.000e-04,3.46742,0.24360,0.52941,0.07353,0.11822,0.08369,0.07169,0.35523,0.12660,0.22863,18.96472,4.59115,0,8.03,17832.3
122700,409,2.000e-04,3.63398,0.45231,0.45973,0.10681,0.07986,0.09742,0.07364,0.38190,0.18002,0.20187,14.20165,10.62078,0,8.04,17844.7
122800,409,2.000e-04,3.28765,0.44974,0.79611,0.05242,0.09062,0.05664,0.06564,0.43352,0.31539,0.11812,16.14314,15.13658,0,8.10,17857.1
122900,409,2.000e-04,3.23549,0.38662,0.30295,0.06375,0.12182,0.07137,0.06666,0.44111,0.25121,0.18990,24.66919,6.19039,0,7.91,17869.7
123000,410,2.000e-04,2.51262,0.11849,0.20269,0.05125,0.08946,0.04562,0.11125,0.25451,0.10680,0.14771,15.21197,9.83345,0,1.14,17957.1
123100,410,2.000e-04,2.39044,0.13317,0.27263,0.06070,0.07274,0.05922,0.07083,0.43869,0.16630,0.27238,8.29306,8.89468,0,7.32,17970.8
123200,410,2.000e-04,2.99072,0.58287,0.29475,0.08154,0.06592,0.06068,0.06701,0.28681,0.15649,0.13032,14.08356,8.78704,0,8.04,17983.2
123300,411,2.000e-04,3.19761,0.78775,0.08745,0.07665,0.07195,0.10076,0.06653,0.52114,0.28592,0.23522,9.61613,11.01314,0,7.91,17995.8
123400,411,2.000e-04,3.68581,0.48816,0.40281,0.06969,0.12368,0.07158,0.10063,0.28759,0.21324,0.07435,16.59268,5.82158,0,8.06,18008.2
123500,411,2.000e-04,3.51681,0.66561,0.51061,0.07687,0.09516,0.07296,0.05111,0.34620,0.10413,0.24207,15.12728,6.75619,0,8.08,18020.6
123600,412,2.000e-04,3.73774,0.52320,0.46677,0.07734,0.11781,0.05988,0.09936,0.19017,0.08464,0.10553,24.06409,4.60521,0,8.00,18033.1
123700,412,2.000e-04,4.10003,0.57375,1.32859,0.08046,0.07199,0.07523,0.05940,0.27013,0.18773,0.08240,12.55907,13.29562,0,7.82,18045.9
123800,412,2.000e-04,3.41863,0.22536,0.57675,0.06521,0.10820,0.06207,0.11441,0.32450,0.16224,0.16226,14.69844,4.26856,0,7.80,18058.7
123900,413,2.000e-04,3.66911,0.23456,0.36890,0.13510,0.08990,0.09477,0.06837,0.26571,0.11134,0.15437,22.11360,8.59709,0,7.77,18071.6
124000,413,2.000e-04,2.53952,0.52660,0.30026,0.05187,0.06924,0.04665,0.05367,0.42044,0.16603,0.25441,8.21229,4.64246,0,7.93,18084.2
124100,413,2.000e-04,2.86163,0.70571,0.21632,0.04295,0.08456,0.05247,0.08042,0.43915,0.25043,0.18872,9.65245,9.07373,0,8.11,18096.5
124200,414,2.000e-04,3.61063,0.60540,0.57710,0.05920,0.11608,0.04021,0.09485,0.33518,0.13615,0.19903,15.12105,7.61977,0,7.88,18109.2
124300,414,2.000e-04,4.26917,0.36452,0.92835,0.08788,0.11197,0.07831,0.11725,0.32584,0.17365,0.15219,20.33887,7.91411,0,7.77,18122.1
124400,414,2.000e-04,3.29761,0.62220,0.43870,0.09126,0.06648,0.07571,0.05615,0.39367,0.09981,0.29386,14.40641,10.05375,0,7.81,18134.9
124500,415,2.000e-04,2.47862,0.21525,0.52462,0.03923,0.07765,0.05223,0.06175,0.42482,0.17328,0.25155,14.29883,9.30502,0,8.35,18146.9
124600,415,2.000e-04,3.17578,0.30593,0.31990,0.07714,0.09687,0.07719,0.08478,0.34685,0.13724,0.20961,15.07022,8.91095,0,7.94,18159.5
124700,415,2.000e-04,3.27468,0.69012,0.41016,0.04873,0.10019,0.04459,0.09246,0.41336,0.13199,0.28138,12.53331,7.86770,0,7.87,18172.2
124800,416,2.000e-04,3.54573,0.33029,0.13780,0.08290,0.10460,0.08464,0.15588,0.34114,0.20386,0.13727,15.23727,7.48615,0,8.06,18184.6
124900,416,2.000e-04,2.36861,0.09610,0.79327,0.05471,0.05292,0.04239,0.03819,0.56948,0.29191,0.27758,8.59567,10.15578,0,7.73,18197.5
125000,416,2.000e-04,1.99767,0.15564,0.40205,0.05646,0.04770,0.04281,0.03686,0.38686,0.21755,0.16931,15.00568,11.58723,0,7.71,18210.5
125100,417,2.000e-04,2.57129,0.08613,0.41629,0.06190,0.07731,0.06715,0.06820,0.49275,0.12068,0.37207,17.51500,6.85446,0,7.86,18223.2
125200,417,2.000e-04,4.31145,0.31174,0.39373,0.06892,0.18091,0.05927,0.16228,0.56719,0.25380,0.31339,20.36262,10.93399,0,7.66,18236.3
125300,417,2.000e-04,2.76272,0.28452,0.35998,0.05602,0.08797,0.04814,0.08752,0.40767,0.21909,0.18858,18.51382,6.24054,0,7.78,18249.1
125400,418,2.000e-04,3.19491,0.26771,0.40976,0.05191,0.09109,0.06060,0.15689,0.22594,0.12180,0.10414,15.25132,6.15360,0,7.76,18262.0
125500,418,2.000e-04,2.43281,0.05314,0.63893,0.05288,0.07018,0.04847,0.05355,0.44744,0.19114,0.25629,12.96889,15.32266,0,7.82,18274.8
125600,418,2.000e-04,4.88323,0.37142,0.11551,0.06201,0.22147,0.06641,0.24589,0.29844,0.19347,0.10498,40.17934,7.35765,0,7.88,18287.5
125700,419,2.000e-04,3.09094,0.62278,0.37399,0.06049,0.08323,0.05686,0.07454,0.46636,0.27271,0.19365,11.52198,13.17112,0,7.89,18300.2
125800,419,2.000e-04,3.21860,0.32627,0.25615,0.09412,0.08817,0.06876,0.09389,0.35367,0.16695,0.18672,13.58141,10.37560,0,7.93,18312.8
125900,419,2.000e-04,2.60265,0.34802,0.45990,0.05575,0.07402,0.04493,0.05448,0.49724,0.23103,0.26621,8.33431,5.40680,0,7.96,18325.3
126000,420,2.000e-04,2.57640,0.26999,0.46047,0.06142,0.06378,0.05898,0.05981,0.65573,0.45663,0.19911,8.56056,7.10351,0,1.15,18412.5
126100,420,2.000e-04,2.68341,0.39689,0.47315,0.06560,0.05867,0.06513,0.04901,0.34868,0.13883,0.20986,16.80867,8.05006,0,8.01,18425.0
126200,420,2.000e-04,2.99568,0.44448,0.25055,0.07860,0.08098,0.06596,0.07500,0.37487,0.18702,0.18786,14.89997,4.91256,0,8.54,18436.7
126300,421,2.000e-04,2.96436,0.23360,0.43056,0.07430,0.09712,0.05177,0.06543,0.39588,0.15023,0.24566,19.19584,6.18361,0,7.83,18449.5
126400,421,2.000e-04,3.19215,0.35369,0.57230,0.06229,0.08979,0.06136,0.08770,0.85063,0.46062,0.39001,17.18728,12.16580,0,7.98,18462.1
126500,421,2.000e-04,4.21480,0.24626,0.63855,0.06027,0.16933,0.04303,0.16378,0.48362,0.24084,0.24277,20.95867,8.88641,0,7.97,18474.6
126600,422,2.000e-04,2.77757,0.27415,0.10373,0.06488,0.10342,0.06609,0.07725,0.19244,0.05692,0.13552,17.16018,7.18655,0,7.94,18487.2
126700,422,2.000e-04,3.44997,0.09632,0.67717,0.09123,0.09522,0.08354,0.07885,0.52395,0.23473,0.28922,17.47221,11.19576,0,7.93,18499.8
126800,422,2.000e-04,1.97085,0.20219,0.11661,0.05948,0.05618,0.05032,0.04876,0.36048,0.18629,0.17418,13.02984,9.59238,0,7.98,18512.3
126900,423,2.000e-04,2.99305,0.44034,0.20805,0.07866,0.06692,0.08278,0.09499,0.38855,0.12975,0.25880,15.13882,7.60605,0,7.81,18525.1
127000,423,2.000e-04,3.54469,0.27235,0.43180,0.07718,0.11895,0.08609,0.08977,0.50081,0.22748,0.27333,24.03698,12.24690,0,7.80,18538.0
127100,423,2.000e-04,3.38952,0.37365,0.57605,0.07580,0.09738,0.06647,0.07513,0.35534,0.17601,0.17933,16.10646,10.63843,0,7.79,18550.8
127200,424,2.000e-04,4.74607,0.46102,0.53987,0.06646,0.20723,0.05512,0.14654,0.37664,0.23371,0.14292,23.03892,8.35896,0,7.99,18563.3
127300,424,2.000e-04,4.79028,0.37790,0.45644,0.12151,0.15865,0.12559,0.10528,0.41087,0.15445,0.25643,21.57089,5.56896,0,7.99,18575.8
127400,424,2.000e-04,2.37867,0.24190,0.21613,0.05070,0.06505,0.07259,0.08005,0.34567,0.15941,0.18626,13.38797,7.70273,0,7.91,18588.5
127500,425,2.000e-04,2.88654,0.14858,0.43982,0.11218,0.05468,0.08213,0.04377,0.48417,0.21482,0.26935,12.09287,13.45311,0,7.83,18601.2
127600,425,2.000e-04,3.24662,0.30880,0.08127,0.06631,0.12982,0.04828,0.13077,0.43968,0.18315,0.25653,17.34474,10.60564,0,7.89,18613.9
127700,425,2.000e-04,4.09578,0.63510,0.37755,0.07581,0.14613,0.05784,0.11490,0.46820,0.19691,0.27129,21.46873,12.35184,0,7.71,18626.9
127800,426,2.000e-04,2.83959,0.45404,0.38325,0.06016,0.08192,0.05610,0.06020,0.38861,0.24209,0.14652,12.45803,8.53417,0,7.78,18639.7
127900,426,2.000e-04,3.23247,0.22993,0.29263,0.07365,0.11206,0.08431,0.08626,0.63487,0.27204,0.36283,17.48157,8.51954,0,8.01,18652.2
128000,426,2.000e-04,2.43690,0.28534,0.17529,0.06383,0.07844,0.04980,0.06090,0.84446,0.35853,0.48593,7.40764,11.72227,0,7.91,18664.9
128100,427,2.000e-04,3.80853,0.43751,0.65717,0.07088,0.10721,0.09299,0.09359,0.44374,0.32219,0.12155,17.90854,8.67496,0,7.74,18677.8
128200,427,2.000e-04,3.17520,0.21865,0.72230,0.06642,0.09885,0.05568,0.06063,0.39593,0.20400,0.19193,20.12971,7.86018,0,7.97,18690.3
128300,427,2.000e-04,3.71350,0.08133,0.42909,0.12364,0.08788,0.10850,0.10909,0.30473,0.06027,0.24446,24.16619,9.52625,0,7.96,18702.9
128400,428,2.000e-04,2.65307,0.42229,0.42289,0.05565,0.06217,0.05665,0.06929,0.42298,0.21184,0.21114,16.66542,9.74621,0,7.92,18715.5
128500,428,2.000e-04,2.92831,0.28099,0.38707,0.07621,0.09182,0.07340,0.04259,0.48985,0.19378,0.29607,21.08393,6.51942,0,7.76,18728.4
128600,428,2.000e-04,2.47330,0.22865,0.55028,0.06476,0.06436,0.04747,0.03317,0.39759,0.16095,0.23664,21.12951,12.83205,0,8.08,18740.8
128700,429,2.000e-04,4.02024,0.52250,0.27132,0.10579,0.12542,0.08565,0.09720,0.32275,0.17750,0.14525,16.51823,7.84945,0,7.88,18753.5
128800,429,2.000e-04,2.79185,0.17143,0.56889,0.07893,0.06672,0.06787,0.05114,0.60417,0.27066,0.33351,13.14857,8.01403,0,7.97,18766.0
128900,429,2.000e-04,3.32962,0.16336,0.60082,0.04915,0.12487,0.04133,0.12372,0.57962,0.21870,0.36092,17.74352,13.58857,0,8.10,18778.4
129000,430,2.000e-04,2.93397,0.50740,0.23709,0.07935,0.07794,0.07453,0.04878,0.51407,0.19318,0.32089,14.85243,11.56122,0,1.28,18856.4
129100,430,2.000e-04,2.85796,0.77615,0.14794,0.05914,0.07260,0.05301,0.07028,0.56837,0.20533,0.36304,15.39993,14.06828,0,7.74,18869.3
129200,430,2.000e-04,2.50769,0.12313,0.14215,0.06581,0.09294,0.06677,0.06421,0.61333,0.28274,0.33059,12.14590,8.34281,0,8.09,18881.7
129300,431,2.000e-04,2.81214,0.34621,0.37454,0.05567,0.08477,0.05355,0.08385,0.25754,0.15773,0.09981,14.75292,5.99646,0,9.47,18892.3
129400,431,2.000e-04,3.09341,0.24824,0.46019,0.05466,0.10256,0.04947,0.11309,0.50203,0.22256,0.27947,25.02418,7.15168,0,9.79,18902.5
129500,431,2.000e-04,2.56236,0.10786,0.29951,0.08199,0.07678,0.04520,0.06826,0.55121,0.28969,0.26152,13.55983,8.55468,0,8.59,18914.1
129600,432,2.000e-04,2.94053,0.14357,0.50287,0.09591,0.05984,0.09734,0.04997,0.52700,0.27214,0.25486,12.92765,7.87303,0,8.20,18926.3
129700,432,2.000e-04,2.29517,0.32167,0.15152,0.06240,0.05914,0.05797,0.06335,0.37342,0.12884,0.24458,8.56411,4.22773,0,8.44,18938.2
129800,432,2.000e-04,3.25790,0.41521,0.39147,0.03929,0.09432,0.04977,0.17324,0.47710,0.24469,0.23241,17.96969,8.18876,0,8.34,18950.2
129900,433,2.000e-04,2.08648,0.09787,0.25769,0.06527,0.05525,0.05776,0.04739,0.50636,0.32046,0.18590,12.70418,8.67415,0,7.95,18962.7
130000,433,2.000e-04,3.37758,0.47515,0.26459,0.06137,0.12891,0.05496,0.09206,0.48978,0.24513,0.24465,21.27302,10.65502,0,7.75,18975.6
130100,433,2.000e-04,2.81180,0.34819,0.35499,0.05656,0.09789,0.05797,0.05485,0.31821,0.15749,0.16072,15.47615,8.19510,0,7.86,18988.4
130200,434,2.000e-04,3.83642,1.14223,0.57301,0.08707,0.06597,0.05418,0.06397,0.57414,0.25783,0.31632,14.84116,13.25394,0,7.91,19001.0
130300,434,2.000e-04,3.20530,0.16357,0.72648,0.06605,0.09542,0.05421,0.08589,0.51634,0.26594,0.25041,12.23167,11.92802,0,8.25,19013.1
130400,434,2.000e-04,3.79705,0.33370,0.17085,0.07834,0.15150,0.08952,0.10930,0.46408,0.23028,0.23380,17.31178,9.37261,0,7.90,19025.8
130500,435,2.000e-04,3.20312,0.56383,0.54815,0.06184,0.08113,0.05048,0.08181,0.51325,0.08334,0.42991,19.30850,11.82106,0,8.01,19038.3
130600,435,2.000e-04,3.43530,0.72837,0.32765,0.07884,0.09228,0.06053,0.07307,0.48875,0.20270,0.28604,17.73171,6.17648,0,8.05,19050.7
130700,435,2.000e-04,3.40839,0.17069,0.13710,0.08899,0.11413,0.05117,0.16272,0.52336,0.22922,0.29414,20.83192,9.19312,0,8.11,19063.0
130800,436,2.000e-04,4.20388,0.82423,0.70751,0.05077,0.15099,0.04712,0.08380,0.31114,0.15204,0.15910,23.83639,9.69943,0,7.93,19075.6
130900,436,2.000e-04,2.90955,0.40940,0.46668,0.07067,0.06650,0.06936,0.06301,0.55061,0.14926,0.40135,19.14161,7.65656,0,8.35,19087.6
131000,436,2.000e-04,3.52330,0.43616,0.86122,0.06239,0.10430,0.06395,0.04786,0.45662,0.20258,0.25404,31.69698,10.68831,0,7.95,19100.2
131100,437,2.000e-04,2.80831,0.53850,0.33553,0.06243,0.06275,0.06059,0.07591,0.44212,0.23219,0.20993,13.60621,15.12677,0,7.79,19113.0
131200,437,2.000e-04,2.45976,0.49747,0.06555,0.07288,0.05947,0.06697,0.04767,0.36685,0.27963,0.08722,11.88652,10.88234,0,7.80,19125.8
131300,437,2.000e-04,3.33320,0.49210,0.21026,0.05464,0.11613,0.04838,0.13625,0.55692,0.18864,0.36828,17.38800,8.58015,0,7.91,19138.5
131400,438,2.000e-04,3.96981,0.73760,0.19170,0.08157,0.13329,0.05591,0.12246,0.39973,0.21282,0.18691,24.52335,7.08016,0,7.83,19151.3
131500,438,2.000e-04,3.00574,0.27707,0.33294,0.08383,0.07764,0.07039,0.08582,0.52406,0.30648,0.21758,16.82925,11.82290,0,7.73,19164.2
131600,438,2.000e-04,2.53763,0.30529,0.78342,0.05559,0.04788,0.04625,0.03659,0.35877,0.13758,0.22119,17.07778,9.56952,0,7.83,19177.0
131700,439,2.000e-04,2.79279,0.27522,0.45968,0.04524,0.10664,0.04353,0.06430,0.38318,0.18595,0.19723,14.30854,6.19616,0,8.37,19188.9
131800,439,2.000e-04,4.09926,0.53465,0.97316,0.08266,0.08918,0.08220,0.09241,0.27167,0.10507,0.16660,21.20934,5.90833,0,8.77,19200.3
131900,439,2.000e-04,2.33201,0.38635,0.12917,0.05573,0.06756,0.05002,0.06670,0.45662,0.28458,0.17204,12.72855,9.69203,0,8.63,19211.9
132000,440,2.000e-04,3.83343,0.28738,1.09405,0.10762,0.06381,0.09666,0.05088,0.34993,0.21512,0.13482,19.58352,11.54575,0,1.32,19287.5
132100,440,2.000e-04,3.09367,0.27555,0.49644,0.07975,0.07285,0.06584,0.09329,0.47867,0.18115,0.29753,15.47870,8.32190,0,7.99,19300.0
132200,440,2.000e-04,3.60942,0.30084,0.06886,0.08202,0.12396,0.10534,0.13064,0.48011,0.14817,0.33195,12.37992,6.16891,0,7.94,19312.6
132300,441,2.000e-04,3.13182,0.38091,0.40151,0.07248,0.08994,0.06673,0.07832,0.26135,0.13353,0.12781,19.18947,6.40363,0,7.85,19325.3
132400,441,2.000e-04,2.83783,0.45691,0.45546,0.07344,0.05443,0.05131,0.07805,0.47098,0.20075,0.27023,15.41384,7.34177,0,7.87,19338.0
132500,441,2.000e-04,3.51064,0.18945,0.47723,0.06759,0.12288,0.07830,0.10955,0.35561,0.15713,0.19848,24.69610,6.51154,0,7.89,19350.7
132600,442,2.000e-04,3.02454,0.58976,0.22832,0.05948,0.09173,0.04854,0.09033,0.66435,0.26468,0.39967,11.10041,19.83949,0,7.91,19363.3
132700,442,2.000e-04,3.48168,0.75201,0.34334,0.06266,0.07261,0.04638,0.16035,0.42775,0.13962,0.28813,16.51058,14.48165,0,7.90,19376.0
132800,442,2.000e-04,2.74176,0.26702,0.47841,0.05974,0.08255,0.05215,0.06254,0.43927,0.24218,0.19709,16.35323,8.11058,0,7.88,19388.7
132900,443,2.000e-04,3.43106,0.39917,0.30535,0.06890,0.12793,0.07743,0.07422,0.39417,0.16285,0.23131,17.34099,9.53156,0,7.92,19401.3
133000,443,2.000e-04,2.35752,0.30957,0.14651,0.06611,0.05648,0.07669,0.05842,0.65368,0.27930,0.37438,8.91278,11.33916,0,7.82,19414.1
133100,443,2.000e-04,3.60010,0.94744,0.23580,0.07576,0.08459,0.07218,0.09049,0.42862,0.26399,0.16463,17.06366,11.40034,0,7.89,19426.8
133200,444,2.000e-04,2.65685,0.19372,0.32376,0.05983,0.07488,0.08819,0.07026,0.44628,0.20112,0.24516,14.88615,6.77053,0,7.80,19439.6
133300,444,2.000e-04,3.55800,1.03606,0.24708,0.07519,0.08067,0.07287,0.07038,0.37269,0.16613,0.20656,17.08482,8.50335,0,7.87,19452.3
133400,444,2.000e-04,2.73515,0.25386,0.35145,0.07368,0.07799,0.05085,0.07179,0.43179,0.18894,0.24285,18.61110,13.47792,0,7.83,19465.1
133500,445,2.000e-04,2.49353,0.42505,0.16594,0.07578,0.05181,0.07237,0.05295,0.52902,0.13200,0.39702,10.72321,9.08541,0,7.81,19477.9
133600,445,2.000e-04,2.81349,0.20808,0.50675,0.06292,0.07946,0.05671,0.07828,0.33541,0.23830,0.09711,29.71961,13.99988,0,7.79,19490.7
133700,445,2.000e-04,2.96219,0.69536,0.43082,0.06191,0.07242,0.05410,0.04444,0.27665,0.06544,0.21121,18.91692,10.48123,0,7.81,19503.5
133800,446,2.000e-04,2.65439,0.35319,0.48980,0.06119,0.07058,0.04714,0.05160,0.31079,0.11466,0.19613,19.53531,4.37409,0,7.90,19516.2
133900,446,2.000e-04,4.92634,0.60134,0.71639,0.06111,0.20137,0.05781,0.13895,0.24965,0.17914,0.07050,22.21462,6.58832,0,7.80,19529.0
134000,446,2.000e-04,3.33741,0.59266,0.09808,0.05689,0.11254,0.06548,0.12500,0.48596,0.17809,0.30787,11.32920,8.29155,0,7.75,19541.9
134100,447,2.000e-04,2.88694,0.44675,0.46087,0.07289,0.06837,0.05923,0.05412,0.47839,0.25575,0.22264,12.10403,12.09499,0,7.71,19554.9
134200,447,2.000e-04,3.02509,0.31621,0.47065,0.06081,0.10422,0.05025,0.06733,0.47647,0.21917,0.25731,14.79403,8.75003,0,7.94,19567.4
134300,447,2.000e-04,2.57215,0.21917,0.63050,0.06247,0.06009,0.04744,0.05194,0.39342,0.08942,0.30399,15.21206,14.73549,0,7.86,19580.2
134400,448,2.000e-04,3.33438,0.35676,0.76999,0.05750,0.10626,0.05317,0.06085,0.22808,0.14758,0.08050,26.32910,8.37975,0,7.81,19593.0
134500,448,2.000e-04,3.17631,0.30453,0.44987,0.07970,0.09014,0.07971,0.06500,0.44213,0.10532,0.33681,16.23830,9.00239,0,8.01,19605.4
134600,448,2.000e-04,3.43249,0.20071,0.56896,0.07595,0.07620,0.10663,0.12164,0.58423,0.24257,0.34167,21.56818,7.11847,0,7.84,19618.2
134700,449,2.000e-04,4.24091,0.67798,0.26731,0.07819,0.13582,0.08765,0.14345,0.42909,0.13507,0.29402,19.18947,9.97147,0,7.77,19631.1
134800,449,2.000e-04,3.02916,0.28573,0.86352,0.05165,0.07922,0.05086,0.06338,0.86424,0.63608,0.22816,22.08920,27.28378,0,7.90,19643.7
134900,449,2.000e-04,3.20421,0.54444,0.79116,0.05423,0.07479,0.04392,0.07178,0.35242,0.20207,0.15036,11.03482,6.12239,0,7.82,19656.5
135000,450,2.000e-04,3.70266,0.59188,0.73434,0.09322,0.07464,0.07825,0.06132,0.26721,0.12412,0.14310,8.18046,4.96877,0,1.34,19731.2
135100,450,2.000e-04,2.69679,0.28793,0.19653,0.06976,0.08344,0.06324,0.07284,0.38538,0.10953,0.27584,12.69399,7.08193,0,7.39,19744.7
135200,450,2.000e-04,3.06739,0.54319,0.39529,0.04919,0.09305,0.06681,0.07449,0.44750,0.17762,0.26988,16.25920,8.19896,0,7.69,19757.7
135300,451,2.000e-04,3.39647,0.35596,0.26666,0.08805,0.10573,0.07800,0.08921,0.61606,0.15384,0.46222,16.16331,9.40123,0,7.78,19770.6
135400,451,2.000e-04,2.28773,0.06358,0.39653,0.05752,0.06792,0.06190,0.05275,0.50474,0.13295,0.37179,11.40104,17.02725,0,7.87,19783.3
135500,451,2.000e-04,3.74710,0.42056,0.40039,0.05338,0.13453,0.05265,0.15677,0.34010,0.21545,0.12465,21.22976,8.11759,0,7.86,19796.0
135600,452,2.000e-04,3.74082,0.87665,0.53642,0.05876,0.10665,0.04326,0.09145,0.32143,0.08718,0.23425,17.90149,9.84583,0,8.09,19808.4
135700,452,2.000e-04,2.42176,0.27347,0.07795,0.06067,0.07404,0.05928,0.08538,0.51745,0.26224,0.25521,15.37934,5.96251,0,7.91,19821.0
135800,452,2.000e-04,3.68405,0.74376,0.35575,0.06931,0.11658,0.05765,0.08747,0.27235,0.14171,0.13064,16.06362,9.71744,0,7.93,19833.6
135900,453,2.000e-04,2.44301,0.34368,0.60278,0.05153,0.04687,0.05076,0.05174,0.31458,0.16001,0.15457,11.51893,9.29514,0,7.81,19846.4
136000,453,2.000e-04,2.75009,0.24331,0.45916,0.05378,0.08282,0.04186,0.09448,0.50983,0.29846,0.21137,11.15237,7.22624,0,8.04,19858.9
136100,453,2.000e-04,2.27279,0.10433,0.34141,0.06385,0.06765,0.05270,0.04970,0.45481,0.29829,0.15652,11.78376,7.33623,0,8.06,19871.3
136200,454,2.000e-04,3.01677,0.57762,0.29495,0.07219,0.07547,0.05758,0.07592,0.17629,0.05444,0.12184,10.64677,6.24357,0,7.99,19883.8
136300,454,2.000e-04,3.99103,0.26074,0.83752,0.07247,0.11466,0.06585,0.13846,0.39348,0.17728,0.21620,15.60108,11.74930,0,8.10,19896.1
136400,454,2.000e-04,3.09788,0.45868,0.52745,0.06716,0.08375,0.06380,0.05674,0.38088,0.14059,0.24028,21.26624,11.15372,0,8.10,19908.5
136500,455,2.000e-04,3.31754,0.40460,0.32282,0.08771,0.10054,0.06962,0.07190,0.31541,0.22686,0.08855,17.53158,6.26436,0,7.96,19921.0
136600,455,2.000e-04,3.66754,0.53855,0.38827,0.06494,0.13190,0.05658,0.09789,0.39627,0.20546,0.19081,17.76311,6.78588,0,7.95,19933.6
136700,455,2.000e-04,3.66775,0.37898,0.60160,0.08294,0.10479,0.06858,0.09339,0.38676,0.23948,0.14728,19.87917,11.89122,0,7.94,19946.2
136800,456,2.000e-04,3.13724,0.49884,0.31903,0.05705,0.09762,0.05031,0.10421,0.35262,0.19195,0.16067,15.12000,9.79864,0,7.95,19958.8
136900,456,2.000e-04,3.28879,0.35321,0.53846,0.08073,0.07165,0.07269,0.10200,0.51703,0.21653,0.30050,14.54671,10.28481,0,7.92,19971.4
137000,456,2.000e-04,4.16523,0.64289,0.60167,0.10503,0.10091,0.08749,0.08477,0.51939,0.20553,0.31386,10.66825,12.08139,0,8.22,19983.6
137100,457,2.000e-04,3.86809,0.18143,0.78419,0.11209,0.08704,0.10157,0.08066,0.24075,0.10415,0.13660,17.79065,5.64969,0,7.87,19996.3
137200,457,2.000e-04,3.55132,0.42475,0.45576,0.06585,0.11270,0.06288,0.11418,0.51148,0.29135,0.22013,13.46324,9.15704,0,7.88,20009.0
137300,457,2.000e-04,3.08140,0.45495,0.16941,0.07770,0.08902,0.07328,0.08468,0.30568,0.05040,0.25528,15.55371,5.40901,0,7.85,20021.7
137400,458,2.000e-04,3.25833,0.33839,0.22329,0.05893,0.14254,0.04699,0.08940,0.34504,0.12882,0.21622,15.63549,5.51213,0,7.83,20034.5
137500,458,2.000e-04,2.83998,0.82718,0.27153,0.05131,0.06017,0.05865,0.06664,0.41596,0.31496,0.10100,13.26357,8.63601,0,7.86,20047.2
137600,458,2.000e-04,3.08259,0.52713,0.46196,0.05383,0.07889,0.05920,0.09405,0.27142,0.15444,0.11697,23.48370,7.70688,0,8.08,20059.6
137700,459,2.000e-04,2.67638,0.23298,0.57846,0.07343,0.05841,0.06404,0.04527,0.49706,0.29176,0.20529,11.56843,10.76807,0,8.07,20072.0
137800,459,2.000e-04,2.31326,0.18275,0.24747,0.06030,0.07430,0.05366,0.05374,0.47608,0.23871,0.23736,14.64105,8.49591,0,8.05,20084.4
137900,459,2.000e-04,5.27368,0.48729,0.64213,0.08522,0.22104,0.07686,0.13946,0.22557,0.10230,0.12327,27.18716,4.75213,0,7.84,20097.2
138000,460,2.000e-04,3.12657,0.39228,0.89906,0.06957,0.05874,0.07103,0.03939,0.34365,0.12848,0.21517,21.07628,7.02668,0,1.32,20172.7
138100,460,2.000e-04,3.50834,0.41333,0.38141,0.07293,0.10859,0.08310,0.09659,0.31283,0.15781,0.15502,17.06384,7.36112,0,7.40,20186.2
138200,460,2.000e-04,3.17664,0.62604,0.25820,0.07451,0.07868,0.06619,0.08591,0.35028,0.23096,0.11932,17.48660,8.68422,0,7.84,20199.0
138300,461,2.000e-04,3.05093,0.74584,0.10571,0.07141,0.08143,0.06032,0.07387,0.27156,0.06762,0.20394,10.43453,11.11907,0,7.83,20211.7
138400,461,2.000e-04,3.60467,0.58252,1.26176,0.06379,0.06587,0.05246,0.04028,0.30842,0.22514,0.08329,24.38076,12.21105,0,7.92,20224.4
138500,461,2.000e-04,3.15396,0.23258,0.30111,0.05710,0.12633,0.05248,0.10471,0.48669,0.38088,0.10581,12.26271,10.87326,0,7.97,20236.9
138600,462,2.000e-04,3.26463,0.53273,0.03824,0.06767,0.11912,0.07068,0.09447,0.58270,0.40036,0.18235,20.70193,11.96816,0,8.08,20249.3
138700,462,2.000e-04,2.36231,0.22216,0.14774,0.06831,0.07258,0.05260,0.06412,0.41922,0.18540,0.23382,13.38342,5.91398,0,7.85,20262.0
138800,462,2.000e-04,2.78129,0.27008,0.25524,0.05972,0.09838,0.07673,0.05827,0.61247,0.41983,0.19264,10.87270,11.47554,0,8.80,20273.4
138900,463,2.000e-04,3.46692,0.41063,0.31572,0.09255,0.09277,0.05995,0.11753,0.32890,0.09596,0.23294,18.61989,6.62787,0,7.93,20286.0
139000,463,2.000e-04,3.55034,0.34168,0.26877,0.06325,0.13360,0.05150,0.14278,0.62594,0.16915,0.45679,13.85862,6.73797,0,8.15,20298.3
139100,463,2.000e-04,2.88093,0.28447,0.36293,0.10842,0.04542,0.10260,0.03642,0.35976,0.26280,0.09697,9.81184,10.70687,0,8.09,20310.6
139200,464,2.000e-04,2.81990,0.33065,0.25584,0.06673,0.07503,0.04535,0.11783,0.63720,0.19076,0.44643,10.78189,7.07532,0,7.85,20323.4
139300,464,2.000e-04,2.38247,0.11801,0.21113,0.05250,0.08929,0.04824,0.07885,0.32998,0.16157,0.16841,11.76170,7.09358,0,7.88,20336.1
139400,464,2.000e-04,3.22058,0.35843,0.28036,0.06020,0.10751,0.08477,0.09615,0.34983,0.17052,0.17931,12.87640,11.14381,0,7.87,20348.8
139500,465,2.000e-04,3.15552,0.24835,0.39459,0.10802,0.06628,0.08846,0.06545,0.42055,0.17421,0.24634,16.67951,7.86911,0,7.89,20361.4
139600,465,2.000e-04,3.34415,0.36318,0.21562,0.06160,0.11391,0.07185,0.13020,0.48939,0.19774,0.29165,20.44317,14.61823,0,7.84,20374.2
139700,465,2.000e-04,2.22193,0.14211,0.30940,0.06819,0.05606,0.07191,0.03367,0.18557,0.08568,0.09989,13.15324,7.82421,0,7.81,20387.0
139800,466,2.000e-04,4.00281,0.33059,0.31980,0.05360,0.13990,0.06009,0.22339,0.40571,0.17385,0.23185,18.47136,7.78426,0,7.83,20399.8
139900,466,2.000e-04,4.53147,0.61720,0.96160,0.05889,0.13207,0.05126,0.15736,0.16220,0.06349,0.09872,19.40000,9.74993,0,7.85,20412.5
140000,466,2.000e-04,3.95729,0.42130,0.36377,0.05075,0.15315,0.05560,0.17105,0.41551,0.24552,0.16999,19.54182,9.00785,0,8.11,20424.8
140100,467,2.000e-04,4.02920,0.75478,0.30228,0.10817,0.09629,0.11058,0.07493,0.30142,0.12741,0.17401,21.28777,8.73498,0,8.07,20437.2
140200,467,2.000e-04,3.39513,0.41559,0.29215,0.07264,0.12255,0.05693,0.09018,0.36275,0.15319,0.20957,13.84349,6.70823,0,8.05,20449.6
140300,467,2.000e-04,2.91674,0.26839,0.39057,0.09201,0.07362,0.07556,0.04473,0.36269,0.20252,0.16017,20.07717,3.64332,0,7.83,20462.4
140400,468,2.000e-04,2.59991,0.68055,0.30729,0.05512,0.05561,0.04091,0.06004,0.36543,0.21231,0.15312,20.05783,6.82534,0,7.86,20475.1
140500,468,2.000e-04,3.15441,0.57512,0.47845,0.07502,0.07668,0.06843,0.04834,0.41247,0.07882,0.33365,22.78629,8.02791,0,7.85,20487.9
140600,468,2.000e-04,2.62599,0.40471,0.14725,0.08791,0.06299,0.06722,0.04578,0.33829,0.25407,0.08422,16.84437,8.57287,0,8.11,20500.2
140700,469,2.000e-04,4.53933,0.24520,1.05723,0.07181,0.16230,0.06294,0.11622,0.42187,0.18780,0.23407,24.58950,12.69694,0,8.08,20512.6
140800,469,2.000e-04,2.86890,0.24146,0.37309,0.05706,0.09917,0.06195,0.07646,0.58231,0.28747,0.29484,11.65835,9.71172,0,8.06,20525.0
140900,469,2.000e-04,2.73212,0.39147,0.72795,0.05216,0.05999,0.04885,0.04938,0.13647,0.07444,0.06203,18.25894,4.20049,0,8.09,20537.4
141000,470,2.000e-04,2.89939,0.25643,0.41161,0.06042,0.08513,0.06610,0.08907,0.55227,0.38429,0.16798,18.79605,9.97176,0,1.30,20614.2
141100,470,2.000e-04,2.26286,0.35355,0.26554,0.04577,0.06474,0.04687,0.06087,0.41993,0.24204,0.17789,11.33934,8.27519,0,7.49,20627.6
141200,470,2.000e-04,2.88248,0.75117,0.17400,0.06879,0.07216,0.05499,0.05456,0.51005,0.24246,0.26758,13.86569,11.85192,0,7.93,20640.2
141300,471,2.000e-04,2.34785,0.14318,0.28806,0.05417,0.08351,0.03660,0.07137,0.41758,0.10521,0.31236,14.48119,6.52675,0,7.84,20652.9
141400,471,2.000e-04,3.00153,0.57699,0.12139,0.07990,0.07859,0.06464,0.07902,0.44638,0.27635,0.17003,20.99172,10.76600,0,7.82,20665.7
141500,471,2.000e-04,3.11026,0.34358,0.49030,0.07281,0.08542,0.06101,0.07781,0.27152,0.15087,0.12065,20.08579,7.00867,0,7.79,20678.5
141600,472,2.000e-04,3.44031,0.25032,1.08604,0.06227,0.06764,0.05761,0.10335,0.20370,0.12140,0.08230,24.48207,7.70202,0,7.77,20691.4
141700,472,2.000e-04,2.83901,0.28082,0.46983,0.07289,0.05750,0.10345,0.05345,0.36098,0.18459,0.17639,17.74035,8.13352,0,7.88,20704.1
141800,472,2.000e-04,2.53097,0.28200,0.31551,0.07551,0.05993,0.05450,0.06131,0.54178,0.20706,0.33472,13.93935,6.81157,0,7.92,20716.7
141900,473,2.000e-04,3.50496,0.16900,0.68877,0.07013,0.11984,0.05740,0.09209,0.67131,0.41365,0.25766,16.15484,8.53659,0,7.84,20729.5
142000,473,2.000e-04,3.01283,0.44908,0.26617,0.07300,0.09510,0.05317,0.07015,0.67868,0.23057,0.44811,13.37634,10.84608,0,7.92,20742.1
142100,473,2.000e-04,3.04442,0.47304,0.35921,0.07761,0.08810,0.05666,0.05435,0.66302,0.37611,0.28691,18.29831,11.79891,0,7.82,20754.9
142200,474,2.000e-04,2.73744,0.55710,0.38958,0.04160,0.07973,0.05003,0.06546,0.33129,0.15898,0.17230,19.34405,5.41806,0,7.98,20767.4
142300,474,2.000e-04,4.87670,0.75853,0.26352,0.05673,0.20661,0.05117,0.19309,0.48165,0.36624,0.11541,25.37634,10.35798,0,8.02,20779.9
142400,474,2.000e-04,2.15392,0.36881,0.37041,0.04522,0.05305,0.05732,0.02908,0.23707,0.12022,0.11685,11.14797,7.09021,0,8.03,20792.3
142500,475,2.000e-04,2.78660,0.14860,0.47052,0.07638,0.07761,0.07102,0.05451,0.49159,0.16547,0.32612,17.20154,9.05071,0,7.93,20804.9
142600,475,2.000e-04,2.88237,0.33897,0.16813,0.08591,0.08142,0.08079,0.05962,0.54118,0.10166,0.43952,18.20405,9.09771,0,8.04,20817.4
142700,475,2.000e-04,3.66996,0.13269,0.44491,0.05260,0.13653,0.06624,0.17397,0.29066,0.04145,0.24921,20.42604,10.95714,0,7.87,20830.1
142800,476,2.000e-04,4.05373,0.50822,0.25475,0.06135,0.14875,0.07247,0.16548,0.68354,0.41992,0.26362,13.65320,11.24473,0,7.97,20842.6
142900,476,2.000e-04,3.01548,0.18876,0.54457,0.06633,0.09321,0.05395,0.08339,0.32144,0.16883,0.15261,19.10471,8.07946,0,7.85,20855.4
143000,476,2.000e-04,3.18763,0.53160,0.18105,0.08034,0.08873,0.06983,0.08702,0.50709,0.18729,0.31980,20.96517,8.62617,0,7.88,20868.1
143100,477,2.000e-04,4.02937,0.43253,0.42939,0.05874,0.13565,0.05584,0.18888,0.28813,0.14133,0.14680,22.75407,6.92238,0,7.99,20880.6
143200,477,2.000e-04,2.31216,0.06901,0.13756,0.07530,0.08193,0.05126,0.05540,0.62143,0.38442,0.23701,17.08407,11.22074,0,7.98,20893.1
143300,477,2.000e-04,3.05800,0.55837,0.42925,0.07164,0.07257,0.07220,0.05346,0.34666,0.27964,0.06702,15.15080,7.19514,0,7.85,20905.8
143400,478,2.000e-04,2.74739,0.11281,0.78903,0.06257,0.06504,0.05344,0.06044,0.50712,0.29247,0.21465,12.22364,11.04921,0,8.48,20917.6
143500,478,2.000e-04,2.86775,0.27653,0.38271,0.05243,0.11906,0.04484,0.05389,0.38872,0.19468,0.19404,19.74887,9.87926,0,8.24,20929.8
143600,478,2.000e-04,3.64448,0.36499,0.46010,0.07680,0.10934,0.06820,0.12340,0.31901,0.24911,0.06991,15.00778,9.35494,0,7.85,20942.5
143700,479,2.000e-04,2.53910,0.64862,0.20584,0.05339,0.06842,0.04393,0.04937,0.52500,0.24122,0.28378,16.76286,11.69403,0,7.86,20955.2
143800,479,2.000e-04,2.82602,0.24341,0.24444,0.06988,0.09823,0.06612,0.06529,0.49489,0.25561,0.23927,18.58085,5.82158,0,7.89,20967.9
143900,479,2.000e-04,2.84772,0.51765,0.46974,0.06355,0.06970,0.04774,0.05783,0.63913,0.22328,0.41586,18.09514,11.35831,0,7.77,20980.8
144000,480,2.000e-04,3.47979,0.67872,0.39272,0.05845,0.10678,0.05032,0.10088,0.31432,0.21461,0.09971,18.15952,11.45588,0,1.32,21056.7
144100,480,2.000e-04,3.41055,0.31091,0.45790,0.12570,0.08822,0.04462,0.05590,0.35428,0.22968,0.12460,29.83437,7.37584,0,7.40,21070.3
144200,480,2.000e-04,1.92396,0.29987,0.14115,0.05439,0.05144,0.04634,0.03860,0.40306,0.23338,0.16968,9.59194,7.73517,0,7.81,21083.1
144300,481,2.000e-04,2.46631,0.23197,0.57191,0.05000,0.05794,0.06231,0.05431,0.61878,0.28151,0.33727,9.99684,10.53606,0,7.87,21095.8
144400,481,2.000e-04,3.20002,0.59832,0.82334,0.08020,0.05478,0.05067,0.03504,0.19063,0.05533,0.13530,23.31105,8.51973,0,7.90,21108.4
144500,481,2.000e-04,3.22567,0.24989,0.32317,0.09583,0.08553,0.09209,0.07572,0.46343,0.25130,0.21213,16.03745,7.69910,0,8.12,21120.7
144600,482,2.000e-04,2.34699,0.71287,0.06077,0.05274,0.05619,0.05905,0.03775,0.58993,0.37596,0.21397,12.35217,10.74894,0,8.06,21133.1
144700,482,2.000e-04,2.13083,0.34571,0.06454,0.06582,0.06405,0.03685,0.04752,0.38991,0.21960,0.17031,14.04977,12.66113,0,7.94,21145.7
144800,482,2.000e-04,3.67199,0.49410,0.26487,0.08915,0.11854,0.06668,0.10054,0.22004,0.14693,0.07311,24.73996,6.26112,0,7.80,21158.6
144900,483,2.000e-04,2.58653,0.46449,0.17004,0.06428,0.07331,0.05577,0.05945,0.38712,0.20477,0.18235,13.73023,6.61601,0,8.02,21171.0
145000,483,2.000e-04,2.29185,0.25844,0.62455,0.05008,0.04898,0.04623,0.03742,0.19684,0.07133,0.12551,10.20194,5.41356,0,7.91,21183.7
145100,483,2.000e-04,2.49228,0.23631,0.65158,0.05397,0.05605,0.04180,0.05904,0.30824,0.10702,0.20122,12.76592,10.82445,0,7.88,21196.4
145200,484,2.000e-04,3.90174,0.36383,0.68366,0.04840,0.13993,0.05810,0.13610,0.27235,0.10702,0.16533,16.34593,5.81084,0,7.89,21209.0
145300,484,2.000e-04,2.11508,0.29646,0.09056,0.04756,0.07247,0.04876,0.05680,0.59577,0.36278,0.23298,15.16716,15.84947,0,7.83,21221.8
145400,484,2.000e-04,2.48437,0.35692,0.47796,0.03874,0.06084,0.05575,0.07500,0.50370,0.23009,0.27361,15.67182,9.29812,0,8.04,21234.3
145500,485,2.000e-04,2.46860,0.43783,0.11503,0.08003,0.06068,0.05807,0.04367,0.31341,0.11282,0.20058,16.54645,6.91688,0,7.94,21246.8
145600,485,2.000e-04,2.34986,0.38393,0.31375,0.05334,0.05514,0.04723,0.06624,0.46149,0.28195,0.17954,10.81246,6.30293,0,7.91,21259.5
145700,485,2.000e-04,3.43935,0.52346,0.24452,0.04405,0.14343,0.03934,0.11998,0.57615,0.31723,0.25892,16.14450,9.00380,0,7.92,21272.1
145800,486,2.000e-04,3.25934,0.28313,0.45954,0.05020,0.12546,0.03977,0.11223,0.32861,0.15522,0.17339,11.28432,8.47448,0,7.85,21284.8
145900,486,2.000e-04,2.58146,0.55787,0.22985,0.07947,0.05009,0.06295,0.03668,0.68963,0.42323,0.26640,9.60847,18.21893,0,7.93,21297.4
146000,486,2.000e-04,3.35120,0.19290,1.01495,0.06379,0.08259,0.04713,0.08878,0.47465,0.22258,0.25206,17.06977,7.12534,0,7.97,21310.0
146100,487,2.000e-04,2.60516,0.72780,0.14205,0.05472,0.06095,0.04448,0.07125,0.28595,0.10394,0.18201,14.25944,7.33323,0,8.14,21322.3
146200,487,2.000e-04,2.86141,0.34554,0.32438,0.05527,0.07518,0.06127,0.11613,0.48052,0.22553,0.25499,15.18886,12.04489,0,8.42,21334.2
146300,487,2.000e-04,2.41866,0.47686,0.37411,0.06060,0.04560,0.06106,0.04009,0.20328,0.13851,0.06477,10.62877,7.97791,0,7.98,21346.7
146400,488,2.000e-04,3.58977,0.63222,0.51176,0.08753,0.07674,0.10045,0.06016,0.20087,0.17688,0.02399,20.37089,5.88097,0,7.87,21359.4
146500,488,2.000e-04,3.32978,0.44688,0.20724,0.06544,0.12992,0.05159,0.09283,0.28658,0.14190,0.14468,24.09068,5.56468,0,7.86,21372.1
146600,488,2.000e-04,3.49451,0.38271,0.96179,0.08835,0.06176,0.07488,0.05489,0.23437,0.06362,0.17075,17.40171,5.07953,0,7.81,21384.9
146700,489,2.000e-04,3.06012,0.40671,0.34481,0.06801,0.09386,0.05465,0.08331,0.52334,0.16095,0.36238,14.08964,8.46154,0,7.88,21397.6
146800,489,2.000e-04,3.08577,0.46930,0.18101,0.07022,0.10346,0.06261,0.07712,0.70736,0.31787,0.38949,12.15928,7.53537,0,7.89,21410.3
146900,489,2.000e-04,2.66769,0.22241,0.25863,0.08223,0.06900,0.07684,0.05803,0.46172,0.35424,0.10748,15.90878,8.21740,0,7.87,21423.0
147000,490,2.000e-04,3.06594,0.86042,0.21120,0.05136,0.07773,0.04700,0.09370,0.37616,0.12106,0.25511,14.55645,12.60353,0,1.18,21507.8
147100,490,2.000e-04,2.31092,0.57238,0.16365,0.05810,0.05447,0.05485,0.03498,0.24935,0.13383,0.11552,13.44047,4.58341,0,7.38,21521.3
147200,490,2.000e-04,3.46192,0.21657,0.25211,0.07276,0.12660,0.06401,0.13592,0.22772,0.07890,0.14882,12.80186,10.80911,0,8.18,21533.6
147300,491,2.000e-04,3.25757,0.16221,0.53181,0.04475,0.12435,0.04135,0.13315,0.33658,0.10134,0.23524,18.75430,5.64767,0,7.91,21546.2
147400,491,2.000e-04,3.44407,0.22091,0.48070,0.08902,0.10716,0.07591,0.08022,0.31999,0.11053,0.20945,12.48275,6.85567,0,7.85,21559.0
147500,491,2.000e-04,2.97081,0.52480,0.32618,0.06556,0.08775,0.06261,0.05474,0.37094,0.18614,0.18479,20.20278,5.61916,0,7.92,21571.6
147600,492,2.000e-04,2.62700,0.32320,0.39678,0.05622,0.07453,0.06373,0.05618,0.44016,0.21311,0.22705,7.51783,6.64100,0,7.98,21584.1
147700,492,2.000e-04,2.71537,0.40167,0.43989,0.07397,0.05941,0.06317,0.04482,0.45470,0.23042,0.22428,9.19555,8.49302,0,7.96,21596.7
147800,492,2.000e-04,2.44278,0.50066,0.44611,0.05227,0.05238,0.04382,0.04609,0.38659,0.15146,0.23513,6.44447,6.37691,0,7.91,21609.3
147900,493,2.000e-04,2.61120,0.40957,0.13665,0.05410,0.09985,0.04261,0.06251,0.63487,0.34436,0.29051,14.00049,11.18618,0,7.87,21622.0
148000,493,2.000e-04,2.71393,0.40749,0.48345,0.05056,0.07012,0.04659,0.07667,0.37220,0.21470,0.15750,18.79071,7.11796,0,7.95,21634.6
148100,493,2.000e-04,3.47602,0.42227,0.80013,0.07261,0.08525,0.07096,0.06404,0.58063,0.35378,0.22684,15.57860,9.04359,0,7.88,21647.3
148200,494,2.000e-04,3.15069,0.48875,0.76563,0.06469,0.07880,0.05888,0.03339,0.31790,0.15159,0.16631,22.44267,14.32959,0,7.83,21660.0
148300,494,2.000e-04,2.70355,0.36995,0.49697,0.06292,0.06161,0.04995,0.06830,0.28818,0.20406,0.08412,13.99035,7.51027,0,7.86,21672.8
148400,494,2.000e-04,2.39284,0.32604,0.12587,0.06413,0.05901,0.04110,0.10082,0.48590,0.21423,0.27167,14.81621,7.58240,0,7.80,21685.6
148500,495,2.000e-04,2.80751,0.39584,0.31035,0.06326,0.09006,0.05575,0.05788,0.38534,0.13688,0.24846,15.77160,6.78225,0,7.85,21698.3
148600,495,2.000e-04,3.44265,0.57782,0.30234,0.10826,0.08465,0.07976,0.04691,0.38809,0.21634,0.17176,15.25374,7.63509,0,7.92,21710.9
148700,495,2.000e-04,2.57482,0.20137,0.27892,0.06259,0.08986,0.04977,0.06425,0.45194,0.14711,0.30482,14.83476,12.00733,0,7.83,21723.7
148800,496,2.000e-04,2.92146,0.07960,0.29688,0.06575,0.11085,0.08396,0.07184,0.66498,0.25169,0.41329,17.39031,11.53538,0,7.76,21736.6
148900,496,2.000e-04,4.16149,0.17801,1.24559,0.07112,0.12608,0.07212,0.08106,0.30208,0.18735,0.11473,34.48854,8.99087,0,7.79,21749.4
149000,496,2.000e-04,2.59593,0.31687,0.42869,0.04476,0.06995,0.03965,0.10100,0.37669,0.07851,0.29818,16.00122,7.13275,0,7.85,21762.2
149100,497,2.000e-04,2.46398,0.28437,0.16689,0.06038,0.08125,0.05931,0.05997,0.48884,0.18603,0.30281,12.58875,8.99205,0,7.90,21774.8
149200,497,2.000e-04,6.85655,0.67929,0.50554,0.07565,0.25679,0.06225,0.40721,0.25569,0.17508,0.08061,27.92215,7.16631,0,7.90,21787.5
149300,497,2.000e-04,2.48885,0.13410,0.29550,0.06369,0.07362,0.06047,0.07675,0.50993,0.19260,0.31733,8.53141,17.98275,0,7.76,21800.4
149400,498,2.000e-04,2.74532,0.55144,0.37067,0.05259,0.07779,0.03963,0.06426,0.37894,0.20936,0.16958,13.03650,6.31361,0,7.81,21813.2
149500,498,2.000e-04,3.39730,0.20529,0.52503,0.05573,0.13597,0.04885,0.10115,0.40163,0.17209,0.22954,18.61044,9.99959,0,7.99,21825.7
149600,498,2.000e-04,2.60864,0.22863,0.38292,0.07206,0.06660,0.05796,0.06415,0.49587,0.27154,0.22433,22.02718,7.85084,0,7.88,21838.4
149700,499,2.000e-04,3.00533,0.56270,0.51336,0.07038,0.06492,0.06576,0.04949,0.55200,0.25493,0.29707,9.92423,9.70688,0,7.79,21851.2
149800,499,2.000e-04,2.37340,0.10260,0.17094,0.06502,0.08287,0.05229,0.07190,0.67178,0.33332,0.33846,11.46816,7.04610,0,7.87,21863.9
149900,499,2.000e-04,2.88902,0.98747,0.13558,0.04438,0.07947,0.03830,0.06720,0.34154,0.13590,0.20564,11.13519,9.55378,0,7.73,21876.8
150000,500,2.000e-04,3.30409,0.65848,0.66767,0.06230,0.08074,0.05877,0.05074,0.52000,0.29538,0.22462,22.78558,11.53116,0,1.32,21952.7
150100,500,2.000e-04,4.01290,0.53602,0.63339,0.05880,0.15834,0.04719,0.08724,0.34592,0.25960,0.08632,18.57667,7.86869,0,7.41,21966.2
150200,500,2.000e-04,2.63402,0.26420,0.32572,0.04839,0.09329,0.04932,0.07614,0.46742,0.26759,0.19983,9.71893,12.62870,0,7.77,21979.1
150300,501,1.996e-04,4.16192,0.12214,0.73758,0.05797,0.16300,0.05714,0.16135,0.65846,0.34849,0.30997,16.13370,11.50431,0,7.88,21991.8
150400,501,1.996e-04,3.23335,0.44962,1.18650,0.06775,0.05398,0.04282,0.03316,0.44341,0.22463,0.21878,26.80096,10.84580,0,7.87,22004.5
150500,501,1.996e-04,5.67316,0.47501,0.10091,0.06214,0.27923,0.06427,0.27242,0.17569,0.14017,0.03553,26.59462,5.02845,0,7.90,22017.1
150600,502,1.992e-04,3.17535,0.41914,0.48998,0.10172,0.07355,0.04415,0.05857,0.20194,0.15878,0.04315,16.55525,6.64097,0,7.89,22029.8
150700,502,1.992e-04,2.55193,0.07430,0.32173,0.05714,0.08613,0.04926,0.09540,0.49784,0.19572,0.30212,12.36625,13.46828,0,7.92,22042.4
150800,502,1.992e-04,2.66601,0.40152,0.31241,0.06051,0.07794,0.04785,0.06567,0.34921,0.17508,0.17413,12.11549,6.86332,0,7.84,22055.2
150900,503,1.988e-04,2.91276,0.27743,0.26727,0.05458,0.10910,0.04074,0.10551,0.29697,0.13530,0.16168,19.69557,10.80172,0,7.89,22067.9
151000,503,1.988e-04,4.59413,0.28437,0.64144,0.05629,0.20280,0.04981,0.16568,0.21914,0.07070,0.14844,23.26420,13.62335,0,7.92,22080.5
151100,503,1.988e-04,2.54906,0.29810,0.37481,0.05526,0.06718,0.07183,0.05852,0.38824,0.17477,0.21346,14.01394,8.65692,0,7.84,22093.2
151200,504,1.984e-04,2.83826,0.34249,0.46392,0.03612,0.11999,0.03708,0.05707,0.26974,0.13075,0.13899,19.88901,6.52823,0,8.35,22105.2
151300,504,1.984e-04,2.33387,0.41526,0.43590,0.04126,0.06376,0.03794,0.04855,0.29375,0.12018,0.17357,13.17298,6.31159,0,8.00,22117.7
151400,504,1.984e-04,4.04560,0.53206,0.97946,0.08105,0.10769,0.07161,0.05774,0.43383,0.31662,0.11722,33.62934,7.51505,0,7.98,22130.3
151500,505,1.980e-04,2.66842,0.44318,0.27504,0.05300,0.08878,0.04675,0.05974,0.37948,0.20110,0.17838,12.71003,8.09117,0,7.93,22142.9
151600,505,1.980e-04,2.94405,0.39929,0.28584,0.07294,0.08516,0.05427,0.08132,0.67722,0.46806,0.20916,12.53376,20.24119,0,8.01,22155.4
151700,505,1.980e-04,3.29556,0.49591,0.56797,0.07217,0.07673,0.03684,0.11169,0.27330,0.20663,0.06667,21.02409,6.92057,0,7.96,22167.9
151800,506,1.976e-04,2.96642,0.54096,0.55166,0.06944,0.06123,0.05847,0.05494,0.51016,0.32792,0.18224,10.61670,11.91441,0,7.82,22180.7
151900,506,1.976e-04,3.00162,0.56908,0.34686,0.08283,0.04938,0.06274,0.08997,0.42099,0.21940,0.20159,18.84201,10.99992,0,7.96,22193.3
152000,506,1.976e-04,2.31160,0.35814,0.22531,0.06121,0.06143,0.05527,0.04509,0.65080,0.38204,0.26876,8.78661,10.97450,0,8.61,22204.9
152100,507,1.972e-04,3.94505,0.54952,0.60897,0.08941,0.10385,0.07984,0.09093,0.34629,0.15111,0.19518,15.82961,5.97320,0,7.99,22217.4
152200,507,1.972e-04,3.48135,0.27349,0.55484,0.07670,0.10289,0.06931,0.10212,0.31741,0.16186,0.15555,24.34444,9.39297,0,8.04,22229.8
152300,507,1.972e-04,3.77319,0.29620,0.65706,0.08930,0.11251,0.06571,0.09466,0.36562,0.12621,0.23941,21.58235,7.72953,0,8.01,22242.3
152400,508,1.968e-04,4.38840,0.44113,0.66123,0.07513,0.15588,0.06551,0.12969,0.46353,0.12392,0.33960,21.40587,9.70976,0,8.20,22254.5
152500,508,1.968e-04,2.71252,0.28516,0.18448,0.05039,0.10524,0.05156,0.08577,0.45558,0.28024,0.17535,16.13246,8.05053,0,8.03,22267.0
152600,508,1.968e-04,3.24712,0.30682,0.91376,0.04143,0.09228,0.04372,0.09416,0.35598,0.16089,0.19510,20.91183,10.32260,0,8.00,22279.5
152700,509,1.964e-04,2.47381,0.61033,0.30981,0.04188,0.06185,0.04488,0.05840,0.29449,0.19959,0.09489,9.88142,6.34101,0,8.20,22291.7
152800,509,1.964e-04,3.19702,0.47926,0.32021,0.08162,0.07236,0.08716,0.08439,0.40855,0.18857,0.21998,12.82991,7.15440,0,7.91,22304.3
152900,509,1.964e-04,2.72414,0.22526,0.52882,0.06643,0.07664,0.04469,0.06317,0.28128,0.11754,0.16374,16.60575,6.68506,0,7.91,22317.0
153000,510,1.960e-04,3.44749,0.37766,0.63441,0.09999,0.06951,0.06169,0.08638,0.43550,0.29347,0.14203,15.50312,10.27791,0,1.26,22396.5
153100,510,1.960e-04,3.36680,1.04505,0.83549,0.04769,0.06669,0.03280,0.03569,0.51376,0.20417,0.30959,23.65511,17.57059,0,7.55,22409.7
153200,510,1.960e-04,2.76882,0.32256,0.30298,0.06633,0.07645,0.06805,0.07503,0.40397,0.14590,0.25807,10.18461,5.86561,0,7.90,22422.3
153300,511,1.956e-04,2.74204,0.26994,0.15847,0.06237,0.09999,0.05334,0.08467,0.56677,0.35808,0.20870,8.12583,10.63792,0,7.92,22435.0
153400,511,1.956e-04,4.08173,0.12568,0.35612,0.07239,0.17564,0.07197,0.15196,0.44577,0.18373,0.26204,21.12159,9.46475,0,7.81,22447.8
153500,511,1.956e-04,1.93036,0.28754,0.31576,0.04167,0.05411,0.03341,0.04045,0.23400,0.08644,0.14756,14.00817,8.05397,0,7.88,22460.5
153600,512,1.952e-04,2.39824,0.21916,0.22816,0.05886,0.06744,0.04277,0.09484,0.51406,0.18348,0.33058,13.23359,6.97532,0,7.98,22473.0
153700,512,1.952e-04,2.62892,0.46506,0.19767,0.06346,0.07872,0.05493,0.05394,0.41863,0.25999,0.15864,22.93216,16.66519,0,8.29,22485.1
153800,512,1.952e-04,3.10768,0.51304,0.68289,0.06035,0.06959,0.06682,0.05565,0.25707,0.14555,0.11152,26.18500,6.02709,0,8.10,22497.4
153900,513,1.948e-04,2.32946,0.55986,0.16832,0.05876,0.04405,0.06380,0.05083,0.43054,0.11304,0.31749,10.52370,14.32469,0,8.05,22509.8
154000,513,1.948e-04,3.54075,0.61348,0.35635,0.05775,0.09293,0.05090,0.16192,0.47392,0.21268,0.26124,15.11159,9.05793,0,7.94,22522.4
154100,513,1.948e-04,3.38953,0.39050,0.41035,0.05545,0.12587,0.04173,0.11337,0.40212,0.13149,0.27063,18.69008,5.91426,0,8.04,22534.9
154200,514,1.944e-04,3.07412,0.17202,1.12387,0.06423,0.06140,0.06062,0.04376,0.58800,0.35309,0.23491,23.38201,12.77183,0,8.02,22547.3
154300,514,1.944e-04,2.92348,0.41879,0.43395,0.05490,0.09440,0.05055,0.06500,0.39818,0.21079,0.18739,12.30842,6.77219,0,9.79,22557.6
154400,514,1.944e-04,2.51132,0.26330,0.24439,0.05829,0.06600,0.05285,0.09930,0.46695,0.27517,0.19178,18.39038,13.95500,0,8.28,22569.6
154500,515,1.940e-04,3.22676,0.87901,0.12494,0.04665,0.09379,0.05009,0.11359,0.52412,0.18684,0.33728,19.67900,11.09662,0,8.04,22582.1
154600,515,1.940e-04,2.88581,0.16398,0.83990,0.06450,0.06882,0.06265,0.04710,0.34592,0.17941,0.16652,13.38206,12.11334,0,8.11,22594.4
154700,515,1.940e-04,4.55358,0.34379,0.89115,0.08451,0.15357,0.06945,0.11810,0.34782,0.22172,0.12610,41.37619,11.51259,0,7.82,22607.2
154800,516,1.936e-04,2.38698,0.34404,0.15319,0.07295,0.06260,0.05917,0.04766,0.36026,0.18435,0.17591,14.96180,9.72375,0,8.04,22619.6
154900,516,1.936e-04,2.87542,0.37245,0.53774,0.06440,0.05010,0.06825,0.09579,0.56491,0.17242,0.39249,9.99827,7.46040,0,7.84,22632.4
155000,516,1.936e-04,3.45145,0.85995,0.23250,0.08142,0.08534,0.06089,0.07740,0.65473,0.25818,0.39655,21.47437,16.34979,0,8.25,22644.5
155100,517,1.932e-04,2.39508,0.25042,0.40873,0.05768,0.06827,0.04381,0.05149,0.36252,0.19407,0.16844,12.38449,12.92519,0,7.93,22657.1
155200,517,1.932e-04,2.11446,0.29762,0.25343,0.05606,0.05314,0.04070,0.05358,0.34873,0.15667,0.19206,11.19351,6.81971,0,7.79,22670.0
155300,517,1.932e-04,3.00324,0.22484,0.80592,0.07384,0.06947,0.06242,0.04544,0.48460,0.22963,0.25497,37.08812,11.56133,0,7.86,22682.7
155400,518,1.928e-04,3.38209,0.80017,0.80047,0.06217,0.04822,0.07922,0.05630,0.24761,0.12866,0.11895,16.65340,12.49550,0,7.92,22695.3
155500,518,1.928e-04,2.64172,0.38288,0.37229,0.05146,0.06342,0.08587,0.06168,0.17410,0.12439,0.04971,14.74879,7.87426,0,7.86,22708.0
155600,518,1.928e-04,2.37770,0.38126,0.08957,0.04910,0.08365,0.04494,0.07092,0.74654,0.48590,0.26064,11.18695,8.87145,0,7.93,22720.6
155700,519,1.924e-04,3.05977,0.35043,0.79484,0.06570,0.07657,0.04734,0.05102,0.60544,0.26332,0.34212,16.71598,6.91693,0,7.97,22733.2
155800,519,1.924e-04,3.71738,0.58878,0.41339,0.04624,0.13828,0.04634,0.12767,0.34205,0.10222,0.23983,19.89744,10.28942,0,7.80,22746.0
155900,519,1.924e-04,2.79617,0.20512,0.81418,0.06160,0.06435,0.06018,0.04329,0.47103,0.28429,0.18674,12.98790,21.84817,0,7.89,22758.7
156000,520,1.920e-04,2.55393,0.24423,0.14183,0.04517,0.09580,0.06301,0.08863,0.35910,0.13046,0.22864,19.09764,5.53158,0,1.48,22826.5
156100,520,1.920e-04,3.31816,0.13977,0.66821,0.05725,0.08880,0.06642,0.14352,0.51313,0.26397,0.24916,20.76238,6.23386,0,7.53,22839.8
156200,520,1.920e-04,2.91906,0.63181,0.29453,0.06382,0.07341,0.06333,0.06074,0.38996,0.10880,0.28116,15.40599,8.25047,0,7.87,22852.5
156300,521,1.916e-04,2.88088,0.28670,0.14982,0.07424,0.10215,0.05626,0.07982,0.52610,0.15299,0.37311,14.05422,8.65918,0,7.88,22865.2
156400,521,1.916e-04,2.95252,0.34979,0.33807,0.05998,0.10125,0.04890,0.08156,0.41962,0.22551,0.19411,15.22871,8.27461,0,7.91,22877.8
156500,521,1.916e-04,4.93738,0.27125,0.89574,0.07042,0.19877,0.05143,0.16426,0.41027,0.28155,0.12872,33.67696,8.62282,0,7.86,22890.5
156600,522,1.912e-04,2.13632,0.24545,0.37834,0.05282,0.05977,0.04003,0.03731,0.34532,0.22482,0.12050,10.41386,6.53835,0,8.45,22902.4
156700,522,1.912e-04,2.43928,0.19442,0.64176,0.05501,0.05968,0.05308,0.03817,0.30438,0.05738,0.24700,19.29832,8.17104,0,7.95,22915.0
156800,522,1.912e-04,2.12092,0.43435,0.31880,0.06189,0.03806,0.04268,0.03097,0.26116,0.19036,0.07080,11.76570,8.28007,0,8.04,22927.4
156900,523,1.908e-04,2.78688,0.57746,0.41907,0.07522,0.05032,0.07381,0.03318,0.33060,0.20988,0.12071,18.70718,7.32151,0,7.79,22940.3
157000,523,1.908e-04,3.38322,0.63069,0.42608,0.07597,0.08672,0.05698,0.08293,0.49944,0.21897,0.28047,19.01195,11.77272,0,7.96,22952.8
157100,523,1.908e-04,2.67613,0.10582,0.34366,0.06246,0.08986,0.06473,0.07597,0.57347,0.20097,0.37251,14.19101,9.30357,0,7.91,22965.4
157200,524,1.904e-04,3.61080,0.63160,0.97049,0.04956,0.09382,0.05578,0.05920,0.15123,0.10087,0.05036,22.01916,4.80289,0,7.97,22978.0
157300,524,1.904e-04,3.22823,0.12502,0.65758,0.07996,0.09835,0.06696,0.06556,0.52184,0.12575,0.39609,24.71939,14.77933,0,7.93,22990.6
157400,524,1.904e-04,2.54066,0.27973,0.56771,0.06325,0.05214,0.05937,0.04847,0.35939,0.23731,0.12208,18.58994,8.44804,0,7.77,23003.5
157500,525,1.900e-04,2.91195,0.96271,0.33727,0.06140,0.05160,0.05463,0.04177,0.39911,0.19977,0.19934,10.44399,12.51476,0,7.87,23016.2
157600,525,1.900e-04,2.49259,0.49188,0.37669,0.03252,0.07225,0.05267,0.06260,0.30990,0.11599,0.19391,13.57649,11.01349,0,7.87,23028.9
157700,525,1.900e-04,3.54873,0.65396,0.55847,0.05421,0.11061,0.06097,0.07665,0.58880,0.25533,0.33347,17.69790,11.17329,0,7.84,23041.7
157800,526,1.896e-04,3.14893,0.15672,0.71238,0.05209,0.09981,0.04823,0.10394,0.41557,0.15790,0.25767,16.68526,10.77775,0,7.93,23054.3
157900,526,1.896e-04,2.73486,0.26795,0.62103,0.03736,0.08475,0.03762,0.08734,0.56684,0.14617,0.42067,22.67891,9.22944,0,8.15,23066.5
158000,526,1.896e-04,2.86273,0.30392,0.62661,0.07262,0.06417,0.06334,0.04953,0.55553,0.21955,0.33599,17.58927,9.83123,0,8.28,23078.6
158100,527,1.892e-04,3.28931,0.63442,0.21366,0.05155,0.10935,0.04982,0.11662,0.35167,0.14655,0.20513,26.45998,10.17570,0,7.96,23091.2
158200,527,1.892e-04,3.38823,0.32693,0.56464,0.05894,0.13565,0.04192,0.06824,0.56197,0.11853,0.44344,21.41679,10.98311,0,7.89,23103.8
158300,527,1.892e-04,3.18583,0.46151,0.53997,0.06749,0.08994,0.04797,0.07405,0.63947,0.30566,0.33381,16.82835,14.33065,0,8.04,23116.3
158400,528,1.888e-04,2.59990,0.31698,0.54454,0.04750,0.06887,0.05613,0.05880,0.57436,0.23945,0.33492,10.54911,7.87942,0,7.85,23129.0
158500,528,1.888e-04,2.72198,0.35700,0.29455,0.06268,0.08688,0.05177,0.06319,0.24007,0.13548,0.10459,9.04545,6.40353,0,8.28,23141.1
158600,528,1.888e-04,2.87209,0.25228,0.43407,0.05517,0.09815,0.04424,0.08626,0.42829,0.20663,0.22166,17.95475,9.46379,0,7.94,23153.7
158700,529,1.884e-04,3.63016,0.58583,0.19825,0.06848,0.11679,0.06425,0.13444,0.39416,0.18448,0.20969,12.75806,7.21344,0,7.84,23166.5
158800,529,1.884e-04,2.84080,0.21796,0.70526,0.06123,0.07019,0.05045,0.07022,0.32942,0.13137,0.19804,18.18913,10.11827,0,8.08,23178.8
158900,529,1.884e-04,2.77552,0.28129,0.53402,0.06585,0.06999,0.05145,0.06890,0.31032,0.19275,0.11758,19.08963,6.06429,0,7.83,23191.6
159000,530,1.880e-04,2.91949,0.24163,0.35593,0.06984,0.10072,0.06349,0.05977,0.45734,0.25569,0.20165,25.10378,9.84718,0,1.28,23269.5
159100,530,1.880e-04,2.60470,0.43240,0.23562,0.06359,0.07518,0.05566,0.05414,0.51837,0.25032,0.26806,11.49822,11.98528,0,7.45,23282.9
159200,530,1.880e-04,2.83736,0.31604,0.23422,0.05642,0.10120,0.06792,0.07426,0.37002,0.11735,0.25267,8.69145,6.52712,0,7.92,23295.5
159300,531,1.876e-04,3.31652,0.33834,0.52735,0.05136,0.10764,0.05509,0.11707,0.31173,0.18007,0.13166,16.85060,11.42670,0,7.94,23308.1
159400,531,1.876e-04,3.89956,0.87462,0.92289,0.06391,0.07137,0.05790,0.09196,0.29202,0.08998,0.20203,31.27323,8.08486,0,7.91,23320.8
159500,531,1.876e-04,1.88412,0.16555,0.25331,0.04005,0.06637,0.04746,0.03276,0.67730,0.25587,0.42143,8.75842,13.53854,0,7.75,23333.7
159600,532,1.872e-04,2.66820,0.30743,0.49152,0.06194,0.07002,0.05375,0.05618,0.48467,0.25023,0.23444,13.81522,7.43313,0,7.85,23346.4
159700,532,1.872e-04,3.18281,0.34867,0.57876,0.06841,0.09462,0.05440,0.07062,0.42878,0.35393,0.07485,20.77596,9.71142,0,7.94,23359.0
159800,532,1.872e-04,3.63361,0.64103,0.74117,0.05928,0.09344,0.05498,0.08985,0.27056,0.14562,0.12494,14.90759,8.10133,0,7.85,23371.7
159900,533,1.868e-04,3.32244,0.43940,0.74609,0.05102,0.09446,0.03680,0.09963,0.31089,0.07035,0.24054,17.77822,6.80559,0,7.95,23384.3
160000,533,1.868e-04,4.43970,0.27008,1.01646,0.05140,0.15854,0.04381,0.16694,0.44023,0.21902,0.22122,27.27706,12.61713,0,7.97,23396.9
160100,533,1.868e-04,2.64577,0.13629,0.47086,0.04081,0.08955,0.05756,0.08946,0.24250,0.07298,0.16952,11.81448,6.14403,0,8.02,23409.3
160200,534,1.864e-04,2.89324,0.29474,0.74588,0.06771,0.06247,0.05686,0.05330,0.33888,0.12052,0.21837,21.26905,6.95748,0,7.82,23422.1
160300,534,1.864e-04,3.10424,0.23955,0.38615,0.05784,0.10724,0.04838,0.11718,0.41806,0.22490,0.19316,19.54182,6.91242,0,7.88,23434.8
160400,534,1.864e-04,2.67440,0.35023,0.44700,0.05400,0.07112,0.05426,0.07093,0.47510,0.24809,0.22701,20.38834,9.95252,0,7.82,23447.6
160500,535,1.860e-04,2.43346,0.49687,0.08172,0.05240,0.08198,0.05648,0.04574,1.02886,0.52933,0.49953,18.11982,18.98811,0,7.88,23460.3
160600,535,1.860e-04,2.81479,0.31984,0.54037,0.05528,0.08158,0.04116,0.07604,0.46573,0.23305,0.23269,11.74144,8.26018,0,7.91,23472.9
160700,535,1.860e-04,2.38195,0.36218,0.44292,0.05299,0.06249,0.03434,0.05005,0.38305,0.09693,0.28612,11.72969,6.27380,0,8.45,23484.8
160800,536,1.856e-04,2.97366,0.58688,0.17135,0.04836,0.08763,0.04377,0.12734,0.42105,0.20098,0.22007,17.75361,12.76085,0,8.20,23497.0
160900,536,1.856e-04,3.88785,0.19652,1.10048,0.04046,0.12914,0.04797,0.13100,0.52845,0.36954,0.15891,20.58891,16.36834,0,8.37,23508.9
161000,536,1.856e-04,3.75302,0.73601,0.53677,0.07035,0.10107,0.06199,0.09121,0.33479,0.10104,0.23376,16.68802,11.70039,0,7.96,23521.5
161100,537,1.852e-04,2.51452,0.41703,0.10634,0.06110,0.07259,0.06649,0.06436,0.61492,0.27100,0.34392,6.45489,12.56911,0,7.84,23534.3
161200,537,1.852e-04,3.08426,0.62725,0.22930,0.06426,0.09703,0.04839,0.07456,0.29375,0.11050,0.18325,16.42850,5.84605,0,7.94,23546.8
161300,537,1.852e-04,3.26752,0.41296,0.53282,0.06158,0.09909,0.06289,0.08011,0.46630,0.39887,0.06743,13.54384,15.63474,0,7.91,23559.5
161400,538,1.848e-04,2.95503,0.46257,0.40173,0.06703,0.08247,0.05200,0.06715,0.39574,0.21759,0.17815,9.87781,8.84501,0,7.83,23572.3
161500,538,1.848e-04,2.92872,0.56920,0.51064,0.06141,0.08413,0.04446,0.03424,0.39434,0.32307,0.07127,22.00233,8.44338,0,8.00,23584.8
161600,538,1.848e-04,2.53351,0.25082,0.13750,0.04946,0.09109,0.04156,0.10639,0.26172,0.19066,0.07106,19.02801,5.67819,0,8.27,23596.9
161700,539,1.844e-04,1.81465,0.38956,0.30046,0.05475,0.01997,0.04720,0.02829,0.23669,0.11588,0.12082,14.43175,10.83838,0,8.35,23608.8
161800,539,1.844e-04,3.00190,0.76773,0.18719,0.06116,0.08716,0.04496,0.06781,0.63241,0.23455,0.39786,10.12235,14.91288,0,8.04,23621.3
161900,539,1.844e-04,2.41737,0.15172,0.20839,0.05131,0.08737,0.05183,0.08227,0.33146,0.18512,0.14634,8.83523,6.85299,0,8.06,23633.7
162000,540,1.840e-04,2.72563,0.62590,0.38073,0.05675,0.06372,0.05152,0.05135,0.45512,0.18763,0.26750,19.84217,14.39404,0,1.41,23704.8
162100,540,1.840e-04,3.13814,0.41129,0.56257,0.06589,0.09039,0.05771,0.06258,0.34988,0.12569,0.22419,16.18839,5.01856,0,7.41,23718.3
162200,540,1.840e-04,2.62473,0.59812,0.45768,0.04137,0.06640,0.04633,0.05193,0.40328,0.08739,0.31589,12.50156,8.68496,0,7.82,23731.1
162300,541,1.836e-04,2.89021,0.34710,0.72700,0.05137,0.07938,0.05554,0.04617,0.40904,0.18646,0.22257,26.87299,11.10005,0,7.82,23743.9
162400,541,1.836e-04,2.93324,0.11376,0.27911,0.06857,0.10606,0.07340,0.08543,0.38045,0.18086,0.19959,12.07309,6.21896,0,7.85,23756.6
162500,541,1.836e-04,2.55408,0.34064,0.46359,0.04771,0.07523,0.04116,0.06294,0.44067,0.08407,0.35660,14.39175,9.32452,0,7.88,23769.3
162600,542,1.832e-04,3.22155,0.16738,0.25869,0.04947,0.15767,0.03880,0.10602,0.58652,0.19906,0.38746,16.30144,8.86635,0,7.82,23782.1
162700,542,1.832e-04,2.85304,0.32095,0.42892,0.05825,0.08068,0.06420,0.07857,0.34380,0.14223,0.20157,17.87822,6.46028,0,8.02,23794.6
162800,542,1.832e-04,3.08496,0.53386,0.20363,0.05706,0.12235,0.04763,0.06304,0.31631,0.11978,0.19654,19.72948,6.48694,0,7.74,23807.5
162900,543,1.828e-04,2.65951,0.55599,0.44281,0.05821,0.05634,0.06179,0.04124,0.75965,0.50847,0.25118,16.96606,11.82598,0,7.90,23820.2
163000,543,1.828e-04,2.47603,0.24889,0.15439,0.06845,0.07622,0.06612,0.05907,0.51188,0.29715,0.21473,10.13035,7.47501,0,8.04,23832.6
163100,543,1.828e-04,2.07497,0.22402,0.21081,0.03992,0.06194,0.07167,0.05264,0.70762,0.46197,0.24565,8.68606,9.24572,0,7.91,23845.2
163200,544,1.824e-04,3.86317,0.42651,0.77162,0.08992,0.09032,0.08207,0.09046,0.47790,0.11138,0.36651,19.33845,10.11430,0,7.99,23857.7
163300,544,1.824e-04,2.97304,0.42787,0.22554,0.05535,0.10340,0.04409,0.10233,0.35058,0.17147,0.17911,10.56275,7.80782,0,7.94,23870.3
163400,544,1.824e-04,2.94785,0.47411,0.15110,0.06494,0.09971,0.06374,0.07148,0.42950,0.19578,0.23372,13.79213,8.13679,0,8.00,23882.8
163500,545,1.820e-04,2.70308,0.15842,0.19712,0.06337,0.09768,0.07300,0.07441,0.26473,0.17689,0.08784,16.11322,5.56859,0,7.82,23895.6
163600,545,1.820e-04,3.08452,0.66345,0.15221,0.04898,0.09043,0.05418,0.12077,0.26624,0.16199,0.10425,19.74451,8.28237,0,7.89,23908.3
163700,545,1.820e-04,3.74439,0.52973,0.92101,0.04153,0.13118,0.03562,0.07768,0.45149,0.19774,0.25375,20.27091,8.18939,0,7.86,23921.0
163800,546,1.816e-04,2.45716,0.29903,0.28856,0.04720,0.08886,0.04901,0.05279,0.50810,0.18768,0.32042,11.46626,7.62007,0,8.15,23933.3
163900,546,1.816e-04,2.10572,0.50653,0.36389,0.04318,0.04176,0.04300,0.03417,0.29281,0.13187,0.16094,14.50378,10.27428,0,7.83,23946.1
164000,546,1.816e-04,4.30298,0.37148,0.49809,0.06455,0.16018,0.05260,0.18462,0.22559,0.16420,0.06138,17.51674,13.98507,0,7.76,23958.9
164100,547,1.812e-04,2.78348,0.39148,0.30181,0.06816,0.08002,0.04798,0.07369,0.49408,0.05638,0.43769,17.55177,17.70172,0,7.78,23971.8
164200,547,1.812e-04,3.94475,0.45703,0.27736,0.08581,0.16342,0.05714,0.08647,0.53573,0.20730,0.32844,24.65439,9.68875,0,7.76,23984.7
164300,547,1.812e-04,3.29538,0.17115,0.25686,0.07516,0.10040,0.06509,0.15727,0.38824,0.26321,0.12503,16.93598,12.94358,0,7.86,23997.4
164400,548,1.808e-04,2.74256,0.33678,0.32658,0.04595,0.09034,0.04769,0.09558,0.58939,0.25251,0.33688,23.43661,12.06804,0,7.79,24010.2
164500,548,1.808e-04,2.86163,0.22502,0.21163,0.09081,0.07410,0.07386,0.08133,0.39609,0.24774,0.14835,19.36078,9.29379,0,7.94,24022.8
164600,548,1.808e-04,3.42201,0.38121,0.52229,0.06140,0.11556,0.05126,0.09853,0.28077,0.07523,0.20554,26.74107,7.62431,0,8.14,24035.1
164700,549,1.804e-04,3.24420,0.39278,1.38887,0.04644,0.05535,0.04611,0.04284,0.36980,0.10853,0.26127,28.40691,14.26560,0,7.95,24047.7
164800,549,1.804e-04,3.80070,0.17722,0.47830,0.12238,0.08008,0.10342,0.12071,0.44253,0.17536,0.26718,16.01896,13.56787,0,7.82,24060.5
164900,549,1.804e-04,3.59829,0.93977,0.43968,0.04892,0.09109,0.08132,0.08243,0.49270,0.14491,0.34778,16.66255,13.43295,0,7.76,24073.4
165000,550,1.800e-04,2.24005,0.57688,0.08510,0.04998,0.06166,0.04024,0.05208,0.70022,0.27170,0.42852,6.39212,15.87026,0,1.51,24139.5
165100,550,1.800e-04,2.78479,0.32454,0.30033,0.06290,0.06670,0.05239,0.12039,0.52949,0.25518,0.27431,17.48069,13.07304,0,7.37,24153.0
165200,550,1.800e-04,4.32299,0.70788,0.92259,0.05831,0.09656,0.04373,0.18503,0.15463,0.04675,0.10788,29.06112,4.58465,0,7.79,24165.9
165300,551,1.796e-04,4.24975,0.52964,0.54933,0.05422,0.21093,0.04391,0.05994,0.21505,0.08582,0.12923,34.36348,5.90280,0,7.97,24178.4
165400,551,1.796e-04,3.08546,0.37928,0.66241,0.05902,0.07376,0.04941,0.09380,0.29491,0.11468,0.18023,12.18210,7.04168,0,8.43,24190.3
165500,551,1.796e-04,3.18868,0.44108,0.27164,0.07687,0.09895,0.07634,0.06721,0.27938,0.13052,0.14886,13.00887,5.70278,0,7.91,24202.9
165600,552,1.792e-04,2.42989,0.41833,0.29657,0.04697,0.07296,0.05217,0.05096,0.38662,0.18686,0.19976,22.11905,7.30846,0,7.89,24215.6
165700,552,1.792e-04,2.15024,0.16051,0.29774,0.05104,0.07262,0.04691,0.04417,0.42890,0.16419,0.26472,16.68256,12.64572,0,7.91,24228.2
165800,552,1.792e-04,2.62125,0.12603,0.17863,0.06658,0.09762,0.05147,0.08345,0.52428,0.21223,0.31205,16.26183,8.96275,0,8.08,24240.6
165900,553,1.788e-04,2.97901,0.26460,0.71993,0.05239,0.08301,0.05089,0.07723,0.54586,0.22420,0.32166,15.53891,10.00662,0,8.05,24253.0
166000,553,1.788e-04,3.24608,0.27875,0.63738,0.04291,0.11631,0.04771,0.09983,0.60801,0.29093,0.31708,21.61175,12.34579,0,7.90,24265.7
166100,553,1.788e-04,3.62519,0.41355,0.91052,0.05658,0.12090,0.05451,0.05075,0.30012,0.10849,0.19163,26.26081,6.53780,0,7.97,24278.2
166200,554,1.784e-04,3.12970,0.29340,0.29616,0.06306,0.09255,0.06683,0.12998,0.37920,0.24850,0.13070,25.06473,8.61666,0,8.07,24290.6
166300,554,1.784e-04,3.28797,0.74371,0.34490,0.06454,0.09473,0.05053,0.07081,0.52748,0.14507,0.38241,23.54288,7.29221,0,8.02,24303.1
166400,554,1.784e-04,2.94929,0.28742,0.67884,0.05745,0.07866,0.04153,0.08285,0.34518,0.04363,0.30155,27.07805,7.15143,0,8.15,24315.3
166500,555,1.780e-04,3.20229,0.51407,0.12800,0.05329,0.13214,0.05492,0.08627,0.36901,0.13057,0.23843,20.08422,8.85070,0,7.80,24328.2
166600,555,1.780e-04,2.79593,0.20531,0.46294,0.06534,0.08386,0.04477,0.08236,0.54248,0.08741,0.45507,18.69970,10.08421,0,7.83,24340.9
166700,555,1.780e-04,3.18571,0.22903,0.87757,0.06051,0.08296,0.05762,0.07127,0.34897,0.20474,0.14423,29.95759,9.85556,0,7.83,24353.7
166800,556,1.776e-04,2.84616,0.17892,0.47466,0.06576,0.08705,0.05494,0.07796,0.28901,0.14786,0.14115,11.09709,9.96665,0,7.86,24366.4
166900,556,1.776e-04,4.19067,0.87183,0.67772,0.05974,0.12812,0.06550,0.08701,0.26999,0.16473,0.10527,24.14325,5.95594,0,7.96,24379.0
167000,556,1.776e-04,3.99960,0.63523,0.60116,0.06639,0.13213,0.05689,0.09871,0.55491,0.22394,0.33097,24.72032,11.22268,0,7.87,24391.7
167100,557,1.772e-04,2.36241,0.48190,0.30913,0.06192,0.05201,0.05180,0.03461,0.32646,0.13741,0.18905,17.99725,9.59902,0,7.86,24404.4
167200,557,1.772e-04,2.28649,0.39921,0.28565,0.06585,0.04641,0.05044,0.04536,0.59266,0.29979,0.29287,12.99933,10.61570,0,8.10,24416.8
167300,557,1.772e-04,3.53330,0.47715,0.90978,0.06424,0.09058,0.05432,0.06533,0.24222,0.13908,0.10314,28.97363,7.73676,0,7.97,24429.3
167400,558,1.768e-04,2.53355,0.26410,0.44845,0.05847,0.07337,0.05574,0.04477,0.33670,0.13671,0.20000,17.64027,8.23897,0,7.87,24442.0
167500,558,1.768e-04,3.94255,0.75569,0.83754,0.05676,0.09853,0.05618,0.10309,0.25782,0.19064,0.06718,14.27806,7.00510,0,8.02,24454.5
167600,558,1.768e-04,3.07861,0.33144,0.42685,0.05262,0.09967,0.09140,0.06809,0.29830,0.14639,0.15191,14.05755,7.13210,0,7.93,24467.1
167700,559,1.764e-04,2.17260,0.19553,0.34533,0.05271,0.06496,0.04496,0.04604,0.29456,0.19857,0.09599,14.34463,6.73061,0,7.91,24479.8
167800,559,1.764e-04,4.34125,0.64269,0.91288,0.06805,0.12299,0.05812,0.11692,0.32615,0.22494,0.10121,27.14281,8.13881,0,8.47,24491.6
167900,559,1.764e-04,2.56540,0.36327,0.24942,0.05354,0.08478,0.05594,0.05795,0.66555,0.32201,0.34354,13.91026,8.56247,0,8.69,24503.1
168000,560,1.760e-04,2.97049,0.40982,0.47087,0.05547,0.08297,0.03949,0.10159,0.31432,0.06434,0.24998,16.17641,7.16422,0,1.12,24592.5
168100,560,1.760e-04,2.36858,0.13897,0.40857,0.04936,0.07418,0.03526,0.08188,0.41053,0.19986,0.21067,12.57405,10.80847,0,8.01,24604.9
168200,560,1.760e-04,2.19345,0.31162,0.37248,0.05374,0.05079,0.05303,0.03979,0.31368,0.14192,0.17176,13.19867,7.51048,0,7.83,24617.7
168300,561,1.756e-04,2.24880,0.32995,0.20492,0.03789,0.07345,0.05273,0.06737,0.50697,0.26233,0.24465,14.06561,12.88555,0,7.82,24630.5
168400,561,1.756e-04,2.70093,0.44050,0.40989,0.05778,0.07092,0.04031,0.07238,0.38943,0.22316,0.16627,13.73731,7.14611,0,7.86,24643.2
168500,561,1.756e-04,2.16420,0.17298,0.49254,0.05817,0.05115,0.04139,0.03971,0.25673,0.12886,0.12787,24.65439,10.56654,0,7.92,24655.8
168600,562,1.752e-04,3.01254,0.30672,0.68378,0.06072,0.08932,0.04271,0.06162,0.36651,0.16021,0.20630,21.78798,8.49572,0,7.96,24668.4
168700,562,1.752e-04,3.23351,0.26044,0.37341,0.04942,0.11876,0.06955,0.11402,0.56201,0.27147,0.29054,17.41609,12.36088,0,7.84,24681.2
168800,562,1.752e-04,2.00647,0.32547,0.08241,0.04655,0.06303,0.03400,0.06655,0.35546,0.12621,0.22925,12.76285,6.41392,0,7.93,24693.8
168900,563,1.748e-04,3.44043,0.45089,0.51559,0.06079,0.13461,0.04692,0.05708,0.29457,0.24960,0.04497,28.08342,10.34339,0,7.96,24706.3
169000,563,1.748e-04,2.90621,0.56918,0.38542,0.07020,0.06943,0.05298,0.05807,0.32676,0.15352,0.17324,14.64640,10.42370,0,7.93,24718.9
169100,563,1.748e-04,3.71368,0.44824,0.18156,0.04673,0.14525,0.05791,0.17490,0.62301,0.08817,0.53485,25.00667,16.85213,0,7.91,24731.6
169200,564,1.744e-04,2.94529,0.71928,0.49085,0.07249,0.05046,0.06477,0.03636,0.26143,0.05674,0.20469,17.48626,5.99470,0,8.03,24744.1
169300,564,1.744e-04,2.72508,0.34520,0.90242,0.04661,0.05026,0.04602,0.05574,0.28513,0.14819,0.13694,18.98954,7.16039,0,7.93,24756.7
169400,564,1.744e-04,2.82157,0.38254,0.21641,0.08877,0.06241,0.07997,0.06220,0.50624,0.20904,0.29720,12.61450,8.77933,0,7.95,24769.2
169500,565,1.740e-04,2.57569,0.17419,0.40671,0.06287,0.08042,0.06213,0.05026,0.28452,0.15510,0.12941,15.33513,11.98110,0,8.24,24781.4
169600,565,1.740e-04,2.41453,0.53840,0.45301,0.04879,0.05441,0.04050,0.03772,0.39850,0.24455,0.15395,17.71943,11.86265,0,7.97,24793.9
169700,565,1.740e-04,2.51166,0.37097,0.37284,0.06835,0.05341,0.05870,0.05134,0.49862,0.38919,0.10943,24.04294,11.62195,0,7.90,24806.6
169800,566,1.736e-04,2.40364,0.34668,0.43813,0.05619,0.05980,0.05113,0.04066,0.17487,0.09397,0.08090,12.92138,7.23680,0,7.79,24819.4
169900,566,1.736e-04,2.33459,0.14900,0.58714,0.04389,0.06414,0.03641,0.06723,0.44310,0.06195,0.38115,16.07878,8.93287,0,7.84,24832.2
170000,566,1.736e-04,2.45951,0.46963,0.19888,0.05576,0.06761,0.06106,0.05040,0.19746,0.05500,0.14246,11.24202,6.46071,0,7.95,24844.8
170100,567,1.732e-04,2.95379,0.46306,0.76219,0.06755,0.05500,0.05816,0.04244,0.41241,0.23920,0.17320,15.88369,8.47974,0,8.10,24857.1
170200,567,1.732e-04,1.87948,0.24153,0.47569,0.04184,0.03993,0.03720,0.03171,0.17063,0.07628,0.09435,18.52135,4.13274,0,8.15,24869.4
170300,567,1.732e-04,2.98220,0.51484,0.46867,0.06357,0.08884,0.05272,0.04219,0.16237,0.05776,0.10461,21.03981,10.52763,0,8.67,24880.9
170400,568,1.728e-04,1.65537,0.15218,0.12098,0.05060,0.04838,0.04250,0.03600,0.36628,0.11037,0.25591,18.18200,11.41751,0,8.32,24893.0
170500,568,1.728e-04,2.87631,0.41990,0.17916,0.08068,0.08181,0.08216,0.04831,0.40474,0.22524,0.17950,14.77963,6.88509,0,8.62,24904.6
170600,568,1.728e-04,3.50926,0.37577,0.81134,0.07929,0.09059,0.05380,0.07086,0.28167,0.08671,0.19495,35.27158,11.66445,0,8.05,24917.0
170700,569,1.724e-04,2.68939,0.27794,0.35990,0.06191,0.08428,0.05032,0.06761,0.27045,0.17163,0.09882,18.17042,7.18483,0,7.86,24929.7
170800,569,1.724e-04,3.62023,0.54647,0.36980,0.07686,0.10787,0.06873,0.10261,0.28832,0.11512,0.17320,21.85496,7.46312,0,7.83,24942.5
170900,569,1.724e-04,1.87264,0.17992,0.09623,0.05438,0.04889,0.06363,0.04912,0.38546,0.13993,0.24553,14.52089,8.33875,0,7.95,24955.1
171000,570,1.720e-04,3.10293,0.42852,0.37117,0.06429,0.09379,0.05038,0.09411,0.18191,0.06076,0.12115,16.70944,6.81941,0,1.52,25020.7
171100,570,1.720e-04,4.69526,0.39423,0.31107,0.05087,0.20467,0.05096,0.23595,0.20734,0.13898,0.06836,19.36497,13.29157,0,7.49,25034.1
171200,570,1.720e-04,2.82804,0.36510,0.43925,0.07315,0.06688,0.07093,0.05375,0.20902,0.04229,0.16672,26.91808,4.44352,0,7.81,25046.9
171300,571,1.716e-04,3.99113,0.49441,0.67305,0.03417,0.16712,0.03457,0.12759,0.21556,0.08801,0.12755,25.14101,6.00257,0,8.11,25059.2
171400,571,1.716e-04,2.98109,0.38318,0.44280,0.04644,0.08170,0.05626,0.11848,0.40572,0.15599,0.24973,16.91411,10.35686,0,7.83,25072.0
171500,571,1.716e-04,3.78537,0.39586,1.17940,0.05843,0.09272,0.05264,0.08708,0.36050,0.14785,0.21266,51.51463,7.53587,0,7.92,25084.6
171600,572,1.712e-04,2.27253,0.26725,0.38673,0.06959,0.04875,0.04412,0.04292,0.35220,0.15990,0.19230,15.85493,11.60744,0,7.96,25097.2
171700,572,1.712e-04,3.63755,0.77332,0.54497,0.05120,0.10915,0.06163,0.08154,0.43055,0.26065,0.16989,24.24228,9.24820,0,7.82,25109.9
171800,572,1.712e-04,2.66821,0.30364,0.16656,0.07766,0.08478,0.06419,0.05052,0.37622,0.22294,0.15329,18.05866,10.26789,0,7.97,25122.5
171900,573,1.708e-04,2.34255,0.43749,0.35210,0.04497,0.06352,0.04052,0.05309,0.36952,0.25814,0.11138,17.95046,8.67475,0,8.54,25134.2
172000,573,1.708e-04,2.93929,0.40824,0.52301,0.06724,0.06075,0.05589,0.08974,0.41408,0.25416,0.15992,38.83403,9.97374,0,8.53,25145.9
172100,573,1.708e-04,2.36512,0.42269,0.24744,0.06146,0.06005,0.04258,0.05341,0.40114,0.10274,0.29841,14.04067,7.84095,0,8.35,25157.9
172200,574,1.704e-04,2.61029,0.36348,0.18416,0.05275,0.09239,0.04942,0.07282,0.50655,0.30923,0.19732,15.58720,10.48015,0,8.92,25169.1
172300,574,1.704e-04,2.50198,0.37828,0.29356,0.06231,0.05888,0.05574,0.06789,0.66954,0.42658,0.24296,16.74517,15.11530,0,7.98,25181.7
172400,574,1.704e-04,2.54321,0.10827,0.66641,0.05891,0.06233,0.04853,0.06267,0.35795,0.14230,0.21565,15.87243,9.26818,0,8.07,25194.0
172500,575,1.700e-04,3.01104,0.37495,0.22682,0.06419,0.11330,0.05211,0.07477,0.50488,0.23577,0.26911,20.74939,9.77654,0,8.27,25206.1
172600,575,1.700e-04,3.22202,0.47076,0.25122,0.06157,0.11359,0.04873,0.10097,0.43455,0.08626,0.34829,12.30620,8.60392,0,7.82,25218.9
172700,575,1.700e-04,2.80346,0.19040,0.46259,0.05253,0.09121,0.04514,0.09748,0.40782,0.10275,0.30507,18.83529,7.49818,0,8.05,25231.3
172800,576,1.696e-04,2.94977,0.29712,0.53417,0.04858,0.10060,0.04108,0.08425,0.29117,0.17430,0.11687,11.61050,9.46088,0,7.77,25244.2
172900,576,1.696e-04,2.90225,0.58672,0.12565,0.07407,0.08275,0.06620,0.05814,0.37017,0.14888,0.22129,11.51591,5.42265,0,7.74,25257.1
173000,576,1.696e-04,3.50685,0.25772,0.25222,0.05159,0.13812,0.04883,0.17114,0.49571,0.33439,0.16132,22.49213,13.39123,0,7.80,25269.9
173100,577,1.692e-04,2.93413,0.45230,0.77281,0.05024,0.07060,0.04396,0.05616,0.34109,0.23548,0.10561,27.14452,11.42872,0,7.94,25282.5
173200,577,1.692e-04,3.56439,0.32661,0.52003,0.06248,0.11835,0.06989,0.11202,0.49033,0.36968,0.12065,15.10546,7.94884,0,8.02,25295.0
173300,577,1.692e-04,3.15716,0.58661,0.59920,0.06141,0.08116,0.04913,0.06001,0.27197,0.06920,0.20277,30.63629,6.87815,0,7.99,25307.5
173400,578,1.688e-04,3.80419,0.38113,0.67779,0.06160,0.12008,0.06689,0.11882,0.40647,0.18316,0.22331,17.81383,8.73501,0,8.02,25320.0
173500,578,1.688e-04,3.27308,0.44010,0.57651,0.05119,0.10047,0.05437,0.09359,0.49588,0.21984,0.27604,23.14146,10.10577,0,7.80,25332.8
173600,578,1.688e-04,2.92764,0.41108,0.38389,0.04867,0.08127,0.06068,0.10596,0.41718,0.08622,0.33096,15.41975,6.67418,0,7.85,25345.6
173700,579,1.684e-04,3.18147,0.82471,0.29252,0.05067,0.09861,0.03914,0.07516,0.32380,0.15756,0.16624,24.48645,7.02220,0,7.94,25358.1
173800,579,1.684e-04,3.19217,0.43766,0.65397,0.05356,0.09021,0.05835,0.07422,0.42255,0.30228,0.12027,18.05287,10.64074,0,7.93,25370.7
173900,579,1.684e-04,2.69893,0.30990,0.69345,0.04904,0.06784,0.04481,0.06056,0.21306,0.11334,0.09972,18.77540,10.45140,0,7.85,25383.5
174000,580,1.680e-04,3.06912,0.27009,0.67117,0.05935,0.09531,0.04618,0.07007,0.39137,0.25111,0.14026,22.48093,9.67984,0,1.50,25450.1
174100,580,1.680e-04,2.89458,0.13386,0.71498,0.05574,0.08776,0.05995,0.06219,0.18601,0.06294,0.12307,14.49689,8.28758,0,7.87,25462.8
174200,580,1.680e-04,3.26545,0.18272,0.61692,0.07906,0.08961,0.06331,0.09252,0.42269,0.22020,0.20249,16.60947,8.24275,0,8.42,25474.7
174300,581,1.676e-04,3.23995,0.44245,0.37315,0.04905,0.13353,0.04153,0.07818,0.38000,0.13159,0.24841,18.86217,8.17365,0,7.98,25487.2
174400,581,1.676e-04,2.63396,0.30599,0.35899,0.08407,0.04836,0.06674,0.06219,0.28262,0.15707,0.12556,16.76446,6.99309,0,8.39,25499.1
174500,581,1.676e-04,2.84141,0.47607,0.73213,0.05618,0.05602,0.04958,0.05268,0.51324,0.13844,0.37480,17.20225,10.46240,0,8.45,25511.0
174600,582,1.672e-04,3.77758,0.47507,0.31913,0.06185,0.12696,0.09144,0.12763,0.41949,0.24107,0.17842,23.94792,6.88372,0,7.87,25523.7
174700,582,1.672e-04,2.46868,0.13009,0.21221,0.04612,0.10422,0.04491,0.07967,0.28620,0.10667,0.17953,7.23945,7.26981,0,8.11,25536.0
174800,582,1.672e-04,2.93327,0.42136,0.23031,0.06138,0.09153,0.04652,0.10398,0.72224,0.37607,0.34617,14.12691,11.75711,0,7.93,25548.6
174900,583,1.668e-04,2.84001,0.33749,0.56497,0.04053,0.09236,0.03960,0.08211,0.23900,0.14443,0.09457,13.35369,6.47312,0,7.94,25561.2
175000,583,1.668e-04,2.58828,0.46692,0.09315,0.06526,0.06778,0.06332,0.07624,0.28489,0.13627,0.14862,13.35797,8.61199,0,8.01,25573.7
175100,583,1.668e-04,2.21767,0.46507,0.16029,0.04558,0.06306,0.05747,0.04371,0.43196,0.15832,0.27364,10.62181,9.43718,0,8.05,25586.1
175200,584,1.664e-04,2.34331,0.49913,0.34477,0.03051,0.07425,0.03826,0.05209,0.22554,0.03197,0.19358,28.71465,4.94790,0,7.87,25598.8
175300,584,1.664e-04,3.45812,0.46156,1.18979,0.06608,0.05929,0.05555,0.05507,0.21779,0.13842,0.07937,13.68584,6.55077,0,7.83,25611.6
175400,584,1.664e-04,2.18119,0.35095,0.10869,0.04856,0.06162,0.04151,0.08245,0.40481,0.12445,0.28036,9.24916,5.69568,0,7.89,25624.3
175500,585,1.660e-04,2.11206,0.21925,0.55881,0.04031,0.05124,0.03350,0.05020,0.26774,0.13570,0.13204,16.07968,6.45699,0,7.77,25637.1
175600,585,1.660e-04,4.01551,0.47026,0.65680,0.05767,0.13380,0.05180,0.14297,0.47362,0.10305,0.37056,24.79713,8.83070,0,7.82,25649.9
175700,585,1.660e-04,3.05009,0.30314,0.68436,0.06158,0.09043,0.04449,0.06400,0.42672,0.21027,0.21646,23.62608,8.96707,0,7.84,25662.7
175800,586,1.656e-04,2.59112,0.20921,0.75143,0.06264,0.04887,0.06273,0.04035,0.33331,0.18654,0.14678,26.14492,13.66158,0,7.85,25675.4
175900,586,1.656e-04,2.68964,0.34286,0.67580,0.04875,0.06138,0.04852,0.06542,0.24067,0.09396,0.14671,27.34628,8.87311,0,7.94,25688.0
176000,586,1.656e-04,3.34058,0.45046,0.56797,0.07430,0.08938,0.04989,0.08718,0.33986,0.12870,0.21117,21.91138,9.81449,0,7.96,25700.6
176100,587,1.652e-04,2.74998,0.17663,0.19495,0.05506,0.10008,0.03592,0.12946,0.56396,0.22981,0.33414,24.68773,10.49276,0,7.96,25713.1
176200,587,1.652e-04,2.32768,0.44729,0.22665,0.04742,0.06885,0.04426,0.05394,0.45523,0.08458,0.37065,24.58051,7.44681,0,8.13,25725.4
176300,587,1.652e-04,2.55108,0.55420,0.30708,0.04212,0.08408,0.03518,0.05037,0.60030,0.27113,0.32917,22.60419,9.89085,0,9.07,25736.4
176400,588,1.648e-04,3.14328,0.24375,0.50930,0.04454,0.13847,0.03230,0.07972,0.20182,0.08986,0.11195,19.02966,5.73313,0,7.79,25749.3
176500,588,1.648e-04,2.32804,0.34879,0.46834,0.05086,0.05515,0.04930,0.04086,0.46625,0.19969,0.26656,19.13142,13.06783,0,7.98,25761.8
176600,588,1.648e-04,2.27446,0.23058,0.15437,0.04685,0.09176,0.04371,0.05699,0.39653,0.08568,0.31085,16.21678,10.04063,0,7.99,25774.3
176700,589,1.644e-04,3.24187,0.32132,0.37636,0.05657,0.12281,0.05506,0.09501,0.20465,0.09445,0.11019,12.02064,7.98822,0,8.05,25786.7
176800,589,1.644e-04,3.48306,0.33007,0.40819,0.06655,0.11364,0.07149,0.11709,0.41958,0.09320,0.32638,20.76111,7.59680,0,8.09,25799.1
176900,589,1.644e-04,2.74025,0.44006,0.45037,0.04908,0.08106,0.04171,0.06797,0.29712,0.15583,0.14128,14.77711,7.02337,0,7.83,25811.9
177000,590,1.640e-04,3.07862,0.62138,0.19595,0.09060,0.07226,0.06844,0.05809,0.39910,0.21085,0.18825,16.01216,10.33265,0,1.49,25878.8
177100,590,1.640e-04,2.94710,0.28049,0.56447,0.06689,0.08431,0.04629,0.07172,0.51075,0.28354,0.22721,19.92901,8.67598,0,7.47,25892.2
177200,590,1.640e-04,2.80715,0.63437,0.47064,0.05242,0.06582,0.05127,0.05268,0.24268,0.09736,0.14532,15.02827,6.69938,0,7.80,25905.1
177300,591,1.636e-04,2.65716,0.24663,0.49687,0.07029,0.06078,0.04907,0.07152,0.54583,0.23242,0.31341,13.44900,9.13749,0,7.91,25917.7
177400,591,1.636e-04,3.04777,0.49419,0.40464,0.05292,0.08254,0.03977,0.11910,0.31261,0.09017,0.22244,24.17944,7.51329,0,8.03,25930.2
177500,591,1.636e-04,2.72159,0.26413,0.45408,0.06983,0.06572,0.06713,0.06244,0.27025,0.11511,0.15514,9.04127,9.22771,0,7.88,25942.9
177600,592,1.632e-04,2.62536,0.73263,0.16496,0.06676,0.06130,0.04280,0.04665,0.34378,0.18278,0.16099,14.93540,7.19117,0,8.09,25955.2
177700,592,1.632e-04,2.83873,0.37050,0.89575,0.04125,0.07117,0.03883,0.05082,0.27329,0.10681,0.16649,15.59302,7.97023,0,8.07,25967.6
177800,592,1.632e-04,2.59561,0.28405,0.35496,0.04401,0.08921,0.04144,0.08345,0.36088,0.17490,0.18598,17.99806,10.68207,0,7.87,25980.3
177900,593,1.628e-04,4.00178,0.32832,0.60617,0.08328,0.12221,0.05400,0.14848,0.39951,0.18719,0.21232,31.37961,8.06485,0,7.95,25992.9
178000,593,1.628e-04,2.51429,0.31353,0.49854,0.05644,0.06429,0.05042,0.04857,0.26882,0.13389,0.13493,23.44308,6.22396,0,7.85,26005.6
178100,593,1.628e-04,2.79847,0.59958,0.25456,0.06650,0.06344,0.05294,0.07604,0.44502,0.15297,0.29205,14.79536,13.01544,0,7.91,26018.3
178200,594,1.624e-04,2.78964,0.34832,0.61838,0.04920,0.07533,0.03776,0.07777,0.41970,0.22236,0.19734,13.73336,9.44693,0,8.22,26030.4
178300,594,1.624e-04,3.04905,0.10681,0.31512,0.04641,0.12078,0.04708,0.14396,0.10071,0.05618,0.04453,14.16279,3.94119,0,7.65,26043.5
178400,594,1.624e-04,4.24146,0.64849,0.24624,0.05215,0.18015,0.04563,0.15913,0.29230,0.13540,0.15690,18.00912,8.71490,0,7.95,26056.1
178500,595,1.620e-04,2.87273,0.37406,0.33488,0.08112,0.07458,0.07206,0.04929,0.21051,0.11911,0.09140,9.94738,6.09034,0,7.78,26068.9
178600,595,1.620e-04,2.36162,0.32190,0.30453,0.05185,0.06382,0.03688,0.07882,0.30927,0.06766,0.24161,16.36816,9.97766,0,7.97,26081.5
178700,595,1.620e-04,2.84282,0.25288,0.65752,0.05365,0.08406,0.04372,0.06735,0.42405,0.15190,0.27215,11.91929,7.63339,0,7.85,26094.2
178800,596,1.616e-04,2.64059,0.23607,0.66725,0.06951,0.05568,0.05544,0.04164,0.32321,0.16146,0.16175,24.58350,8.27551,0,7.87,26106.9
178900,596,1.616e-04,2.07700,0.36680,0.27856,0.04624,0.05267,0.04533,0.04318,0.33544,0.10330,0.23215,14.71236,8.98983,0,7.98,26119.4
179000,596,1.616e-04,3.69726,0.75477,0.41127,0.04612,0.12096,0.03716,0.13493,0.45983,0.09137,0.36845,19.92508,13.87719,0,7.80,26132.3
179100,597,1.612e-04,2.91431,0.18260,1.03827,0.06921,0.04299,0.05754,0.05674,0.25749,0.08867,0.16882,16.96039,7.35505,0,7.83,26145.0
179200,597,1.612e-04,2.07202,0.43987,0.34628,0.04714,0.04330,0.03705,0.03924,0.36682,0.20896,0.15787,13.39985,12.74683,0,8.00,26157.5
179300,597,1.612e-04,2.31807,0.08940,0.65286,0.05105,0.06439,0.05422,0.03005,0.47920,0.18119,0.29801,35.84694,6.90417,0,7.83,26170.3
179400,598,1.608e-04,3.34284,0.75349,0.43667,0.06632,0.06470,0.05441,0.11409,0.34632,0.21843,0.12789,21.59105,11.69278,0,7.85,26183.0
179500,598,1.608e-04,2.95666,0.42882,0.43246,0.05041,0.08813,0.03447,0.10752,0.44366,0.04010,0.40356,25.49038,5.88500,0,8.00,26195.5
179600,598,1.608e-04,3.24188,0.54348,0.96199,0.04841,0.07533,0.04287,0.05693,0.61414,0.23935,0.37479,19.19764,17.02332,0,8.09,26207.9
179700,599,1.604e-04,2.53483,0.55465,0.28144,0.05802,0.05925,0.05204,0.05317,0.46977,0.22016,0.24961,9.87850,7.89145,0,8.35,26219.9
179800,599,1.604e-04,2.44468,0.18284,0.21813,0.04761,0.09623,0.04052,0.08053,0.55243,0.19710,0.35533,17.24660,9.36564,0,7.89,26232.6
179900,599,1.604e-04,2.41886,0.20958,0.37602,0.07707,0.05530,0.06586,0.03605,0.69598,0.37660,0.31938,18.91800,13.02151,0,7.95,26245.1
180000,600,1.600e-04,2.52996,0.36463,0.47181,0.05849,0.06322,0.04813,0.04713,0.39790,0.16646,0.23145,13.22345,7.67083,0,1.43,26315.3
180100,600,1.600e-04,2.22824,0.12980,0.04189,0.04913,0.09668,0.03933,0.08035,0.56493,0.26357,0.30136,13.08164,10.67487,0,7.53,26328.6
180200,600,1.600e-04,2.74465,0.59596,0.51415,0.05874,0.05686,0.04952,0.04619,0.37229,0.15494,0.21735,15.19152,6.88505,0,8.07,26341.0
180300,601,1.596e-04,4.25969,0.61078,1.59980,0.04618,0.10227,0.04970,0.06321,0.69924,0.52316,0.17608,30.73573,23.02466,0,7.90,26353.6
180400,601,1.596e-04,2.65681,0.36486,0.60500,0.05786,0.06008,0.05712,0.04439,0.29817,0.15264,0.14552,25.27582,8.37707,0,7.82,26366.4
180500,601,1.596e-04,2.73253,0.66569,0.25473,0.03897,0.08522,0.04608,0.06796,0.48999,0.22756,0.26242,16.80687,11.95133,0,7.85,26379.2
180600,602,1.592e-04,3.43420,0.23820,0.96617,0.07974,0.08435,0.04967,0.06812,0.13807,0.05942,0.07865,29.90674,8.37853,0,8.02,26391.6
180700,602,1.592e-04,2.72622,0.52378,0.50141,0.06773,0.05235,0.05679,0.04326,0.36275,0.21955,0.14321,22.12544,10.16270,0,8.29,26403.7
180800,602,1.592e-04,4.44858,0.66014,0.60083,0.05603,0.14429,0.05338,0.18350,0.15635,0.12261,0.03374,37.92484,10.02408,0,7.79,26416.5
180900,603,1.588e-04,3.45128,0.21808,0.70413,0.06521,0.09598,0.04755,0.13590,0.30022,0.08618,0.21404,26.28557,12.00835,0,7.74,26429.4
181000,603,1.588e-04,2.45656,0.47093,0.30329,0.04967,0.06911,0.03832,0.06059,0.44172,0.18102,0.26070,9.81610,8.31130,0,7.96,26442.0
181100,603,1.588e-04,2.94049,0.47982,0.31698,0.06232,0.09033,0.04562,0.07781,0.56274,0.17568,0.38706,16.82990,15.09027,0,7.82,26454.8
181200,604,1.584e-04,3.86472,0.53403,1.16842,0.08442,0.06884,0.07075,0.05519,0.42585,0.30532,0.12053,23.13549,9.49598,0,7.97,26467.3
181300,604,1.584e-04,2.99765,0.45109,0.67138,0.05578,0.07182,0.05572,0.06412,0.19317,0.11948,0.07369,27.85064,7.05422,0,7.95,26479.9
181400,604,1.584e-04,2.73179,0.45381,0.08442,0.07107,0.07859,0.05863,0.08075,0.56777,0.41625,0.15152,24.03489,12.17864,0,8.29,26492.0
181500,605,1.580e-04,3.33424,0.46191,0.48794,0.04823,0.11418,0.04730,0.10476,0.38480,0.16859,0.21621,17.48794,6.12880,0,7.82,26504.8
181600,605,1.580e-04,2.79761,0.38673,0.49868,0.04630,0.07088,0.04434,0.10374,0.29524,0.12771,0.16752,15.20347,8.17431,0,7.94,26517.3
181700,605,1.580e-04,2.80529,0.54798,0.76414,0.04838,0.06379,0.03849,0.03579,0.50548,0.18090,0.32458,16.20169,9.24961,0,8.09,26529.7
181800,606,1.576e-04,2.66796,0.40372,0.31047,0.07631,0.06244,0.06838,0.04488,0.34440,0.08032,0.26408,14.87242,4.92046,0,8.83,26541.0
181900,606,1.576e-04,3.28579,0.14160,1.16443,0.05389,0.09139,0.04714,0.05824,0.37359,0.26722,0.10638,25.21032,13.57214,0,8.93,26552.2
182000,606,1.576e-04,2.96498,0.34933,1.06430,0.04636,0.06609,0.04548,0.03988,0.24546,0.11725,0.12821,42.09919,9.86812,0,7.90,26564.9
182100,607,1.572e-04,2.57367,0.46611,0.21407,0.04434,0.08711,0.04197,0.07381,0.31159,0.17026,0.14132,18.74031,8.06749,0,7.90,26577.5
182200,607,1.572e-04,4.12551,0.38776,0.49968,0.09882,0.13992,0.06996,0.10016,0.35427,0.17373,0.18054,28.20225,7.79741,0,8.19,26589.8
182300,607,1.572e-04,4.28526,0.30268,0.35497,0.04578,0.20526,0.04079,0.18264,0.48153,0.22567,0.25586,15.61074,15.39410,0,8.03,26602.2
182400,608,1.568e-04,3.05077,0.55157,0.70042,0.05149,0.07699,0.03585,0.06695,0.20756,0.04188,0.16568,24.75251,5.25386,0,7.83,26615.0
182500,608,1.568e-04,2.83877,0.33073,0.58680,0.07275,0.06503,0.05597,0.05272,0.45395,0.19440,0.25955,17.95770,9.57182,0,8.01,26627.5
182600,608,1.568e-04,2.82430,0.35526,0.60270,0.08059,0.05479,0.06738,0.03513,0.36433,0.20173,0.16260,14.13026,8.05228,0,7.86,26640.2
182700,609,1.564e-04,2.29750,0.19679,0.60028,0.03300,0.07514,0.02878,0.05502,0.33672,0.07713,0.25958,20.83154,9.95163,0,7.90,26652.8
182800,609,1.564e-04,2.92830,0.20216,0.35072,0.07906,0.09422,0.05928,0.06923,0.29589,0.11172,0.18417,17.52758,5.79678,0,7.82,26665.6
182900,609,1.564e-04,3.16301,0.43700,0.29872,0.06961,0.11326,0.05918,0.06053,0.53297,0.28818,0.24479,29.89207,10.78240,0,7.90,26678.3
183000,610,1.560e-04,2.54496,0.42416,0.33131,0.04775,0.07747,0.04183,0.06562,0.36512,0.14457,0.22055,8.82073,6.09680,0,1.47,26746.3
183100,610,1.560e-04,2.76858,0.53256,0.64926,0.05493,0.06154,0.05038,0.03403,0.18140,0.09526,0.08614,14.94262,10.41504,0,7.51,26759.6
183200,610,1.560e-04,2.31509,0.11931,0.06400,0.06520,0.07065,0.05208,0.10258,0.61753,0.25386,0.36367,10.33899,17.68581,0,7.93,26772.2
183300,611,1.556e-04,3.52096,0.56733,1.12575,0.06281,0.06303,0.05718,0.05672,0.30029,0.14436,0.15593,27.54802,11.14030,0,7.92,26784.8
183400,611,1.556e-04,3.12847,0.40368,0.24960,0.05976,0.10496,0.06423,0.10137,0.62285,0.19498,0.42787,15.72529,8.04673,0,8.05,26797.2
183500,611,1.556e-04,3.36110,0.34918,0.87059,0.04404,0.11529,0.03653,0.07308,0.27282,0.21582,0.05700,42.22671,7.69371,0,7.84,26810.0
183600,612,1.552e-04,2.48473,0.05969,0.62874,0.04592,0.08944,0.04168,0.04687,0.55860,0.34457,0.21403,24.00662,9.89473,0,7.95,26822.5
183700,612,1.552e-04,2.68155,0.51806,0.42847,0.05277,0.07678,0.04860,0.03931,0.30134,0.15336,0.14798,26.80086,9.36857,0,8.31,26834.6
183800,612,1.552e-04,3.55113,0.59077,0.31326,0.05454,0.12441,0.04714,0.12439,0.26549,0.15338,0.11212,20.27164,6.28286,0,7.88,26847.3
183900,613,1.548e-04,2.22591,0.41147,0.36481,0.05209,0.05143,0.03911,0.04377,0.28029,0.06848,0.21181,19.02833,7.42267,0,7.91,26859.9
184000,613,1.548e-04,1.89308,0.12897,0.18139,0.05354,0.05276,0.04896,0.05499,0.71027,0.31166,0.39861,9.65937,11.55818,0,7.85,26872.7
184100,613,1.548e-04,2.32366,0.43710,0.25175,0.06727,0.04701,0.06515,0.03325,0.33861,0.19583,0.14278,12.60441,5.98654,0,7.94,26885.3
184200,614,1.544e-04,2.89563,0.70033,0.57252,0.04551,0.06194,0.03692,0.07274,0.51014,0.17059,0.33955,20.72840,7.60841,0,7.89,26897.9
184300,614,1.544e-04,3.08688,0.44139,0.71983,0.04284,0.09144,0.04950,0.06708,0.32447,0.04856,0.27591,27.39975,6.63072,0,7.94,26910.5
184400,614,1.544e-04,2.61975,0.18169,0.72702,0.06040,0.05682,0.05717,0.05060,0.27675,0.05815,0.21860,19.34184,7.65395,0,7.79,26923.4
184500,615,1.540e-04,2.81695,0.37887,0.88889,0.05614,0.04794,0.04637,0.05532,0.43287,0.17231,0.26056,18.51121,9.47635,0,7.87,26936.1
184600,615,1.540e-04,3.35158,0.42523,1.14097,0.05929,0.07019,0.05420,0.04392,0.52996,0.37551,0.15446,33.71948,19.15608,0,7.95,26948.7
184700,615,1.540e-04,2.23853,0.08612,0.69519,0.05355,0.05347,0.03988,0.03752,0.15593,0.05727,0.09867,18.07738,5.17093,0,8.22,26960.8
184800,616,1.536e-04,2.56610,0.41676,0.33255,0.07985,0.05367,0.06290,0.03341,0.17677,0.06606,0.11071,15.68324,6.55547,0,8.13,26973.1
184900,616,1.536e-04,2.42944,0.42067,0.16181,0.07372,0.06171,0.05706,0.04146,0.37304,0.12421,0.24883,10.31393,12.09677,0,7.88,26985.8
185000,616,1.536e-04,2.64068,0.17693,1.06591,0.05287,0.04595,0.05240,0.02954,0.36977,0.20535,0.16442,19.92233,11.30347,0,7.68,26998.8
185100,617,1.532e-04,2.64034,0.46675,0.53755,0.04761,0.06551,0.04504,0.05591,0.48758,0.25115,0.23643,13.70990,12.41910,0,7.87,27011.5
185200,617,1.532e-04,2.43639,0.17776,0.32738,0.05157,0.09173,0.04692,0.05273,0.32025,0.12600,0.19425,17.71506,5.73156,0,7.65,27024.6
185300,617,1.532e-04,2.97068,0.31283,0.81148,0.06399,0.06603,0.05260,0.05663,0.29084,0.12611,0.16473,10.03326,7.62081,0,7.98,27037.1
185400,618,1.528e-04,2.73882,0.58096,0.59988,0.03468,0.07350,0.02964,0.06560,0.14997,0.06739,0.08258,17.05033,7.01084,0,8.00,27049.6
185500,618,1.528e-04,3.00061,0.31949,0.41656,0.09320,0.06825,0.08779,0.04222,0.25376,0.12235,0.13141,14.40483,12.39141,0,7.91,27062.3
185600,618,1.528e-04,3.02504,0.36152,1.23061,0.05227,0.04894,0.04344,0.04072,0.27057,0.17723,0.09334,42.07287,9.06184,0,8.81,27073.6
185700,619,1.524e-04,3.51705,0.48092,0.72454,0.06350,0.09929,0.06837,0.06837,0.28684,0.11890,0.16794,17.88828,8.51033,0,7.99,27086.1
185800,619,1.524e-04,2.66841,0.22668,0.75786,0.05303,0.08020,0.04439,0.02593,0.38060,0.16860,0.21199,28.22341,7.74170,0,8.24,27098.3
185900,619,1.524e-04,2.51416,0.29156,0.55239,0.04379,0.07592,0.03760,0.05703,0.86670,0.21694,0.64975,14.11580,9.39675,0,8.02,27110.7
186000,620,1.520e-04,3.61835,0.46501,0.55958,0.09184,0.09631,0.07875,0.06370,0.31688,0.11044,0.20644,20.59031,6.19204,0,1.49,27178.0
186100,620,1.520e-04,2.71398,0.22486,0.89567,0.04908,0.06256,0.04574,0.04968,0.31803,0.08865,0.22939,27.38184,9.16897,0,7.05,27192.2
186200,620,1.520e-04,2.42756,0.46672,0.21321,0.05412,0.06697,0.05177,0.05557,0.54497,0.26023,0.28474,14.51411,10.70861,0,7.98,27204.7
186300,621,1.516e-04,2.33156,0.29334,0.66175,0.03335,0.05820,0.03867,0.05352,0.42415,0.13151,0.29264,14.03923,10.36811,0,7.85,27217.4
186400,621,1.516e-04,2.16501,0.20631,0.16635,0.05674,0.06050,0.05303,0.07095,0.44912,0.15150,0.29762,15.77723,10.54324,0,7.82,27230.2
186500,621,1.516e-04,2.14506,0.25446,0.25496,0.06139,0.04538,0.06271,0.05088,0.56616,0.20492,0.36124,14.05610,7.63233,0,7.82,27243.0
186600,622,1.512e-04,2.78699,0.46167,0.71973,0.06562,0.05648,0.04144,0.03548,0.35955,0.18870,0.17085,23.82113,11.05492,0,7.91,27255.7
186700,622,1.512e-04,3.22365,0.36963,0.56606,0.06501,0.10153,0.05778,0.06672,0.31141,0.15582,0.15560,20.22787,10.33810,0,7.89,27268.3
186800,622,1.512e-04,3.50701,0.49341,0.82891,0.04837,0.11035,0.03951,0.07998,0.38962,0.22478,0.16484,29.56750,8.38326,0,7.91,27281.0
186900,623,1.508e-04,2.78791,0.28394,0.90251,0.05919,0.05476,0.05176,0.04064,0.33826,0.13446,0.20379,9.60979,6.73601,0,7.91,27293.6
187000,623,1.508e-04,4.97893,0.30308,1.49663,0.05854,0.11467,0.05250,0.23691,0.32092,0.15979,0.16113,37.79324,11.07640,0,7.67,27306.7
187100,623,1.508e-04,3.26700,0.29444,0.51654,0.05576,0.12370,0.05806,0.07422,0.49986,0.11431,0.38555,14.88049,8.90332,0,7.86,27319.4
187200,624,1.504e-04,2.84125,0.43212,0.47975,0.05275,0.08023,0.05649,0.06342,0.57940,0.12685,0.45255,29.29725,9.66400,0,8.02,27331.8
187300,624,1.504e-04,2.32159,0.33109,0.14414,0.05776,0.07651,0.05872,0.04201,0.34852,0.23169,0.11682,13.36334,8.81127,0,7.80,27344.7
187400,624,1.504e-04,2.82591,0.38531,0.62788,0.05421,0.07660,0.04409,0.05684,0.38557,0.24488,0.14069,13.84951,10.20720,0,7.93,27357.3
187500,625,1.500e-04,2.42336,0.38556,0.40692,0.03895,0.07558,0.03517,0.06193,0.26313,0.07764,0.18549,17.98579,5.46320,0,7.80,27370.1
187600,625,1.500e-04,3.01801,0.18605,1.18865,0.05542,0.06177,0.04786,0.04642,0.32889,0.23482,0.09407,27.71200,7.50596,0,7.86,27382.8
187700,625,1.500e-04,2.47561,0.19837,0.65759,0.06570,0.04702,0.05558,0.04290,0.26419,0.12639,0.13780,15.89223,7.46476,0,7.88,27395.5
187800,626,1.496e-04,3.62251,0.33764,1.09666,0.06409,0.09255,0.05017,0.07420,0.46635,0.15875,0.30760,38.09302,11.20449,0,7.87,27408.2
187900,626,1.496e-04,3.50288,0.18323,0.84780,0.06352,0.11055,0.06904,0.07719,0.49402,0.31906,0.17496,23.22703,10.19925,0,7.79,27421.1
188000,626,1.496e-04,2.47290,0.41758,0.12590,0.05267,0.06818,0.08830,0.05589,0.36205,0.23165,0.13040,14.30464,8.95123,0,8.22,27433.2
188100,627,1.492e-04,3.36310,0.57638,0.54792,0.06686,0.08050,0.06428,0.08877,0.32872,0.13114,0.19758,30.78377,11.32295,0,7.81,27446.0
188200,627,1.492e-04,3.06997,0.41648,0.64470,0.06308,0.08237,0.05181,0.05906,0.27671,0.09993,0.17679,19.72858,11.25335,0,7.97,27458.6
188300,627,1.492e-04,2.82226,0.34430,0.43962,0.05397,0.08814,0.04324,0.08021,0.35147,0.07138,0.28010,15.91482,6.42664,0,8.68,27470.1
188400,628,1.488e-04,3.01897,0.98363,0.09545,0.06859,0.06106,0.06743,0.06124,0.52470,0.29750,0.22720,22.24657,11.38024,0,8.15,27482.4
188500,628,1.488e-04,2.43246,0.17526,0.49811,0.04766,0.06813,0.05392,0.06631,0.48506,0.28578,0.19928,11.87737,10.83029,0,8.53,27494.1
188600,628,1.488e-04,3.43672,0.40143,0.31783,0.06352,0.10372,0.05917,0.14984,0.32411,0.12107,0.20304,21.58648,7.37623,0,7.82,27506.9
188700,629,1.484e-04,3.12952,0.39760,0.58179,0.06058,0.08087,0.05446,0.09267,0.29576,0.09995,0.19581,17.93679,6.17977,0,7.87,27519.6
188800,629,1.484e-04,3.11823,0.48302,1.05592,0.05513,0.05782,0.04717,0.04278,0.19171,0.08904,0.10267,27.28546,7.36886,0,7.80,27532.4
188900,629,1.484e-04,3.56768,0.65386,1.09412,0.05887,0.07027,0.05152,0.05416,0.32806,0.12501,0.20305,22.46548,13.35407,0,7.86,27545.1
189000,630,1.480e-04,3.30821,0.51605,0.68937,0.05177,0.09618,0.04858,0.07607,0.32501,0.09890,0.22611,12.61823,8.53196,0,1.47,27613.0
189100,630,1.480e-04,2.63673,0.59042,0.67130,0.05494,0.04007,0.06159,0.02341,0.22402,0.14437,0.07965,22.01127,7.46171,0,7.47,27626.4
189200,630,1.480e-04,2.00753,0.18023,0.20898,0.05006,0.06507,0.04585,0.04755,0.65703,0.29216,0.36486,14.50452,11.68699,0,8.00,27638.9
189300,631,1.476e-04,2.86204,0.60256,0.28137,0.06490,0.07404,0.05745,0.06030,0.57716,0.28138,0.29579,13.59615,11.45759,0,7.78,27651.8
189400,631,1.476e-04,3.46407,0.30544,0.44024,0.05851,0.11848,0.04498,0.14472,0.19775,0.08058,0.11717,24.93912,8.67070,0,7.86,27664.5
189500,631,1.476e-04,2.76600,0.29469,0.55994,0.05033,0.09940,0.04012,0.04269,0.39298,0.23480,0.15818,19.64936,6.84566,0,7.89,27677.2
189600,632,1.472e-04,3.81857,0.37193,0.46495,0.08930,0.12197,0.08445,0.08935,0.32353,0.16379,0.15975,14.91777,6.47307,0,8.20,27689.4
189700,632,1.472e-04,2.51442,0.33433,0.10917,0.09163,0.06371,0.06710,0.03640,0.28735,0.18527,0.10208,12.42444,10.44104,0,8.22,27701.5
189800,632,1.472e-04,2.02389,0.23097,0.25506,0.05816,0.05286,0.04973,0.03579,0.32649,0.07078,0.25571,14.80575,4.90001,0,8.20,27713.7
189900,633,1.468e-04,1.92800,0.37089,0.32033,0.04470,0.04039,0.04383,0.03335,0.39645,0.19318,0.20327,9.26024,10.65718,0,8.55,27725.4
190000,633,1.468e-04,2.09250,0.16603,0.24349,0.06758,0.05450,0.05296,0.03948,0.48929,0.24533,0.24397,11.41789,15.15054,0,8.40,27737.3
190100,633,1.468e-04,4.33378,0.85737,0.56153,0.07771,0.11440,0.08224,0.11653,0.43452,0.23851,0.19601,29.02360,16.22274,0,8.23,27749.5
190200,634,1.464e-04,2.98513,0.42617,0.57996,0.03838,0.09316,0.03734,0.09537,0.32125,0.07878,0.24247,19.96314,7.04401,0,7.84,27762.2
190300,634,1.464e-04,4.47832,0.69170,0.96055,0.06993,0.14801,0.04722,0.08210,0.28731,0.14363,0.14367,41.72293,6.01219,0,7.80,27775.1
190400,634,1.464e-04,3.44620,0.29232,0.63850,0.05787,0.11546,0.04660,0.10982,0.54198,0.18683,0.35515,19.29739,9.70318,0,8.06,27787.5
190500,635,1.460e-04,2.86129,0.35032,0.58064,0.03991,0.09961,0.03242,0.07459,0.53426,0.24461,0.28965,19.24502,13.82401,0,8.22,27799.6
190600,635,1.460e-04,3.09358,0.52790,0.47907,0.05858,0.08119,0.04412,0.09366,0.38354,0.17885,0.20469,19.75545,10.12369,0,7.87,27812.3
190700,635,1.460e-04,2.75755,0.26866,0.46152,0.04061,0.11326,0.03352,0.06423,0.25309,0.08587,0.16722,21.85443,10.50083,0,8.03,27824.8
190800,636,1.456e-04,2.25648,0.31464,0.57166,0.03799,0.05657,0.04295,0.04196,0.30660,0.12251,0.18409,24.71453,8.41560,0,7.91,27837.5
190900,636,1.456e-04,3.05164,0.28924,0.93343,0.04912,0.07086,0.04007,0.08576,0.40493,0.17414,0.23078,21.77612,8.56810,0,7.97,27850.0
191000,636,1.456e-04,2.78557,0.59785,0.52859,0.05554,0.04861,0.08599,0.03753,0.16358,0.08372,0.07986,18.86528,10.30522,0,7.98,27862.5
191100,637,1.452e-04,5.51620,0.31679,0.43720,0.04699,0.25611,0.06414,0.28211,0.35225,0.15742,0.19482,31.38707,9.23628,0,7.80,27875.4
191200,637,1.452e-04,2.73069,0.13127,0.50487,0.04485,0.09901,0.04096,0.09023,0.46394,0.22543,0.23851,15.59356,11.15714,0,7.81,27888.2
191300,637,1.452e-04,3.06233,0.37607,0.68547,0.06012,0.08018,0.04684,0.07271,0.53139,0.23941,0.29198,16.99312,13.92216,0,7.78,27901.0
191400,638,1.448e-04,2.58410,0.53066,0.39990,0.04726,0.06805,0.04033,0.05976,0.31931,0.09082,0.22849,23.57599,7.03353,0,7.95,27913.6
191500,638,1.448e-04,2.98658,0.24594,1.19344,0.05641,0.05659,0.04213,0.04132,0.60516,0.16891,0.43624,15.87538,10.81144,0,7.89,27926.3
191600,638,1.448e-04,3.40234,0.31142,1.01240,0.04112,0.08065,0.04197,0.13020,0.26311,0.10773,0.15538,32.63070,14.33351,0,7.80,27939.1
191700,639,1.444e-04,2.88501,0.27945,0.90156,0.04212,0.06739,0.04221,0.07957,0.36188,0.12045,0.24144,16.73020,11.14346,0,7.89,27951.8
191800,639,1.444e-04,2.40537,0.26992,0.08168,0.05795,0.07976,0.05632,0.07902,0.54089,0.29764,0.24325,18.22639,11.95621,0,7.75,27964.7
191900,639,1.444e-04,2.52833,0.30020,0.56923,0.04959,0.06389,0.05405,0.05075,0.42539,0.14813,0.27726,7.57685,6.66851,0,8.07,27977.1
192000,640,1.440e-04,2.46419,0.21712,0.33066,0.05143,0.08373,0.05141,0.06155,0.31160,0.15989,0.15171,17.10170,9.37364,0,1.49,28044.3
192100,640,1.440e-04,2.25959,0.37351,0.33691,0.06280,0.05105,0.03975,0.04239,0.30916,0.26318,0.04598,15.78834,13.13114,0,7.53,28057.5
192200,640,1.440e-04,2.52429,0.34207,0.18839,0.07924,0.06162,0.06837,0.04867,0.14200,0.03863,0.10337,11.88769,3.66856,0,7.87,28070.2
192300,641,1.436e-04,2.67726,0.16174,0.53142,0.05689,0.09127,0.04007,0.06042,0.51940,0.15057,0.36883,18.52912,7.80362,0,8.20,28082.4
192400,641,1.436e-04,2.32646,0.22359,0.17068,0.06531,0.07119,0.05808,0.05536,0.44543,0.13408,0.31135,7.99374,10.05503,0,8.05,28094.8
192500,641,1.436e-04,3.03236,0.39368,0.98499,0.04244,0.06530,0.03330,0.08196,0.16142,0.10727,0.05415,19.95311,9.23640,0,8.08,28107.2
192600,642,1.432e-04,2.15399,0.20149,0.13960,0.05239,0.07985,0.03984,0.05827,0.25525,0.02871,0.22654,23.48437,4.68377,0,7.83,28120.0
192700,642,1.432e-04,3.73138,0.71606,1.06819,0.05675,0.08075,0.04944,0.06499,0.38983,0.12059,0.26924,23.87972,10.64916,0,7.90,28132.7
192800,642,1.432e-04,3.25734,0.66265,0.25508,0.07126,0.10161,0.05338,0.06879,0.35561,0.14468,0.21093,20.97280,10.84994,0,7.96,28145.2
192900,643,1.428e-04,3.08025,0.37034,0.07685,0.03587,0.14050,0.03231,0.14156,0.37105,0.21930,0.15175,23.05470,9.65492,0,7.83,28158.0
193000,643,1.428e-04,3.10788,0.40538,0.40573,0.04786,0.11982,0.03679,0.08719,0.52443,0.19502,0.32941,21.48090,9.01804,0,7.89,28170.6
193100,643,1.428e-04,2.84130,0.32983,0.29101,0.07692,0.07733,0.05509,0.08049,0.43163,0.12785,0.30378,11.77608,14.45698,0,7.71,28183.6
193200,644,1.424e-04,3.20699,0.72913,0.60566,0.04083,0.07063,0.03968,0.11183,0.29595,0.02912,0.26683,52.02821,8.76684,0,7.76,28196.5
193300,644,1.424e-04,3.00250,0.37567,0.57888,0.05352,0.08539,0.04571,0.08605,0.37731,0.26117,0.11614,17.72485,8.15620,0,7.79,28209.3
193400,644,1.424e-04,3.52665,0.53035,0.75287,0.05034,0.10252,0.04309,0.09986,0.26558,0.12560,0.13998,21.96360,6.07748,0,7.83,28222.1
193500,645,1.420e-04,4.23065,1.09750,1.24302,0.05590,0.08087,0.05164,0.05285,0.40010,0.23031,0.16978,48.31717,9.67147,0,7.88,28234.8
193600,645,1.420e-04,2.75325,0.61927,0.42895,0.04565,0.07765,0.03729,0.05712,0.35136,0.12837,0.22299,14.73605,6.16678,0,7.82,28247.6
193700,645,1.420e-04,5.04010,0.24955,0.53817,0.05266,0.23297,0.04524,0.23397,0.24667,0.12734,0.11933,20.90713,7.05583,0,7.87,28260.3
193800,646,1.416e-04,3.62313,0.79597,0.26878,0.06197,0.13722,0.05542,0.05788,0.22503,0.09906,0.12597,40.28111,7.40661,0,8.33,28272.3
193900,646,1.416e-04,4.14537,0.35831,0.09027,0.05795,0.18477,0.04401,0.20990,0.41332,0.17023,0.24309,25.22501,8.23770,0,8.07,28284.7
194000,646,1.416e-04,2.64383,0.26498,0.66193,0.05642,0.06827,0.04630,0.04771,0.30866,0.15235,0.15631,26.50324,12.19955,0,8.31,28296.7
194100,647,1.412e-04,2.71740,0.29482,0.68099,0.06966,0.05793,0.05329,0.03984,0.53028,0.32188,0.20839,13.81179,14.52278,0,7.87,28309.4
194200,647,1.412e-04,3.92788,0.29018,0.94232,0.06791,0.13251,0.05572,0.08251,0.26617,0.10948,0.15669,36.64845,10.61434,0,7.99,28322.0
194300,647,1.412e-04,3.43928,0.26996,0.69762,0.05469,0.11808,0.05327,0.09554,0.37291,0.20909,0.16382,24.74654,11.03271,0,7.88,28334.6
194400,648,1.408e-04,2.74487,0.10124,0.70807,0.06303,0.07376,0.04599,0.06754,0.36311,0.12683,0.23628,34.31150,7.43478,0,7.93,28347.3
194500,648,1.408e-04,2.86867,0.61663,0.62932,0.06385,0.04853,0.05448,0.04531,0.24232,0.11254,0.12979,149.00620,8.71538,0,7.96,28359.8
194600,648,1.408e-04,2.97848,0.25453,0.71625,0.05492,0.08812,0.05113,0.06434,0.55783,0.18299,0.37483,14.75762,11.71361,0,7.89,28372.5
194700,649,1.404e-04,3.11337,0.57891,0.46065,0.08798,0.06003,0.05850,0.06024,0.34479,0.27414,0.07064,21.67691,13.37235,0,7.90,28385.1
194800,649,1.404e-04,2.94915,0.38975,0.34591,0.05687,0.08104,0.05136,0.11551,0.35243,0.08559,0.26684,18.31684,12.52716,0,7.81,28397.9
194900,649,1.404e-04,2.95515,0.47478,0.30228,0.04230,0.11949,0.03147,0.08057,0.22422,0.10167,0.12256,20.37583,8.09517,0,7.80,28410.8
195000,650,1.400e-04,3.44557,0.75606,0.65447,0.04710,0.06514,0.03716,0.14538,0.19827,0.05752,0.14075,26.70353,9.08643,0,1.50,28477.4
195100,650,1.400e-04,2.74044,0.60114,0.39022,0.06783,0.06371,0.04450,0.04225,0.53617,0.19622,0.33995,28.39869,10.36037,0,7.54,28490.7
195200,650,1.400e-04,2.96133,0.59902,0.48342,0.03622,0.09038,0.03074,0.09184,0.14808,0.05927,0.08881,29.61843,5.39452,0,8.00,28503.2
195300,651,1.396e-04,2.53791,0.31391,0.22470,0.07728,0.06528,0.05641,0.05833,0.44219,0.28267,0.15951,15.49727,16.03118,0,7.97,28515.8
195400,651,1.396e-04,2.20261,0.19157,0.49406,0.04529,0.05806,0.03086,0.06584,0.36184,0.13426,0.22758,13.68616,9.00160,0,7.85,28528.5
195500,651,1.396e-04,3.13012,0.22917,0.66660,0.05384,0.10039,0.06228,0.07612,0.29404,0.14420,0.14984,14.81357,11.45922,0,7.90,28541.2
195600,652,1.392e-04,3.78547,0.31793,0.88268,0.06377,0.11919,0.05874,0.09232,0.32656,0.23842,0.08814,31.04509,11.88418,0,7.77,28554.0
195700,652,1.392e-04,2.57407,0.45120,0.35448,0.07222,0.05124,0.06537,0.04138,0.51098,0.19302,0.31796,16.13344,12.11579,0,8.09,28566.4
195800,652,1.392e-04,2.51712,0.43870,0.63154,0.04634,0.06004,0.04100,0.03561,0.36352,0.25433,0.10919,18.65661,9.83777,0,7.84,28579.1
195900,653,1.388e-04,3.08688,0.91833,0.23539,0.06213,0.07685,0.05493,0.05376,0.41753,0.12331,0.29422,12.55871,9.16827,0,7.94,28591.7
196000,653,1.388e-04,2.13432,0.27312,0.27754,0.04025,0.07699,0.03707,0.04518,0.76434,0.39890,0.36545,16.26853,12.54457,0,8.59,28603.4
196100,653,1.388e-04,2.85671,0.55511,0.91229,0.05293,0.04136,0.05566,0.03363,0.29611,0.14092,0.15519,28.97146,8.25318,0,9.27,28614.2
196200,654,1.384e-04,2.85230,0.65096,0.51882,0.06043,0.05975,0.05231,0.04385,0.66301,0.20616,0.45685,22.64064,16.56452,0,8.41,28626.1
196300,654,1.384e-04,3.20888,0.23437,0.73546,0.03774,0.10935,0.03163,0.12201,0.34383,0.09472,0.24911,16.81576,5.98062,0,7.71,28639.0
196400,654,1.384e-04,2.29466,0.54039,0.13161,0.05370,0.06006,0.04040,0.05660,0.30665,0.12899,0.17766,21.62716,6.16059,0,8.36,28651.0
196500,655,1.380e-04,3.35834,0.41665,0.95691,0.04451,0.09782,0.04092,0.07139,0.30600,0.11044,0.19556,27.70579,8.61468,0,8.28,28663.1
196600,655,1.380e-04,2.42933,0.35806,0.69820,0.02767,0.05810,0.02289,0.08018,0.47365,0.24287,0.23079,22.17150,12.16399,0,8.32,28675.1
196700,655,1.380e-04,3.31427,0.32670,0.98434,0.04647,0.08989,0.03888,0.08906,0.10424,0.05275,0.05149,32.02281,4.00673,0,8.53,28686.8
196800,656,1.376e-04,2.81976,0.38880,0.09770,0.05416,0.11936,0.04412,0.07550,0.47024,0.35119,0.11905,22.05168,12.49055,0,8.11,28699.1
196900,656,1.376e-04,3.00879,0.48313,0.37807,0.05498,0.09511,0.05724,0.07209,0.44669,0.22492,0.22178,21.25187,8.80731,0,8.16,28711.4
197000,656,1.376e-04,1.92820,0.24657,0.41155,0.04387,0.04681,0.03583,0.03682,0.21327,0.12931,0.08396,10.93810,8.20917,0,7.90,28724.1
197100,657,1.372e-04,2.21779,0.15750,0.37823,0.04351,0.07095,0.03860,0.06888,0.71449,0.27026,0.44423,13.49285,12.18322,0,7.87,28736.8
197200,657,1.372e-04,2.21361,0.34176,0.34482,0.03242,0.07727,0.02876,0.05726,0.32012,0.17100,0.14913,12.43727,7.19795,0,7.86,28749.5
197300,657,1.372e-04,3.39982,0.74362,0.61589,0.07139,0.06979,0.06526,0.06044,0.50046,0.14181,0.35865,22.88951,9.86410,0,8.04,28761.9
197400,658,1.368e-04,3.15191,0.59482,0.61752,0.05273,0.07949,0.06040,0.06307,0.44028,0.21071,0.22957,17.47627,14.56448,0,8.04,28774.4
197500,658,1.368e-04,3.11633,0.29560,0.23915,0.06329,0.10951,0.05313,0.11759,0.50267,0.24621,0.25646,15.06694,9.81444,0,7.97,28786.9
197600,658,1.368e-04,3.25083,0.45986,0.26647,0.06431,0.09839,0.06161,0.11788,0.39084,0.09326,0.29759,13.79651,12.24507,0,7.85,28799.7
197700,659,1.364e-04,3.10084,0.52417,0.66404,0.05267,0.08436,0.03916,0.06932,0.32281,0.15840,0.16442,36.29583,10.09358,0,7.73,28812.6
197800,659,1.364e-04,1.97080,0.09762,0.33394,0.04023,0.06944,0.03484,0.05367,0.44134,0.10408,0.33726,10.82683,9.26490,0,8.29,28824.7
197900,659,1.364e-04,2.60294,0.49343,0.25957,0.06200,0.06769,0.04790,0.06270,0.34604,0.18797,0.15807,15.61316,8.49236,0,7.88,28837.3
198000,660,1.360e-04,3.01484,0.16472,0.10474,0.06839,0.12676,0.04913,0.10963,0.26801,0.10168,0.16633,34.68116,6.29708,0,1.19,28921.6
198100,660,1.360e-04,3.14176,0.32148,0.57916,0.06060,0.09519,0.06869,0.06796,0.26250,0.10236,0.16013,22.28470,6.29961,0,7.56,28934.9
198200,660,1.360e-04,2.03324,0.21383,0.14205,0.04529,0.07024,0.03596,0.06843,0.64901,0.30836,0.34065,12.93626,9.88652,0,7.87,28947.6
198300,661,1.356e-04,2.72063,0.49543,0.57508,0.03177,0.08345,0.03638,0.06319,0.23952,0.16114,0.07838,18.21752,7.15287,0,7.79,28960.4
198400,661,1.356e-04,2.98111,0.31958,0.67252,0.04397,0.09015,0.04108,0.08849,0.28768,0.10359,0.18409,45.37078,10.01373,0,8.11,28972.7
198500,661,1.356e-04,3.19373,0.25588,0.96626,0.06012,0.08393,0.04258,0.06364,0.12436,0.06891,0.05545,25.29008,7.14505,0,7.80,28985.5
198600,662,1.352e-04,3.32299,0.24921,1.54791,0.05026,0.05609,0.03783,0.05464,0.15642,0.06620,0.09022,41.19991,7.80596,0,7.71,28998.5
198700,662,1.352e-04,2.30401,0.55407,0.58720,0.03575,0.04869,0.03166,0.03200,0.35901,0.17921,0.17981,25.16616,11.81938,0,7.83,29011.3
198800,662,1.352e-04,2.07234,0.32046,0.49831,0.04392,0.04468,0.03825,0.03527,0.41397,0.28880,0.12517,24.42945,10.11110,0,8.61,29022.9
198900,663,1.348e-04,2.48350,0.39170,0.45960,0.06677,0.05335,0.05416,0.03204,0.29655,0.20524,0.09130,17.30739,12.83650,0,7.91,29035.5
199000,663,1.348e-04,3.56090,0.46455,0.26868,0.04381,0.14944,0.03708,0.14197,0.28041,0.09703,0.18338,16.35550,7.48471,0,8.14,29047.8
199100,663,1.348e-04,2.70862,0.34698,0.98716,0.04346,0.05595,0.04063,0.03545,0.23541,0.11714,0.11827,25.69192,11.69257,0,8.13,29060.1
199200,664,1.344e-04,2.49772,0.41195,0.47053,0.06578,0.05291,0.04490,0.04078,0.43404,0.28518,0.14886,24.38503,11.02762,0,7.85,29072.9
199300,664,1.344e-04,3.49255,0.21232,0.91486,0.05909,0.11562,0.05289,0.07078,0.32709,0.16495,0.16214,35.47524,10.85757,0,7.95,29085.4
199400,664,1.344e-04,3.08244,0.12066,0.74280,0.04887,0.12070,0.04355,0.06111,0.40516,0.16962,0.23554,28.14930,18.11631,0,7.80,29098.3
199500,665,1.340e-04,3.27575,0.55058,0.68357,0.07247,0.06898,0.05671,0.06871,0.45958,0.11713,0.34245,26.92505,6.66270,0,7.85,29111.0
199600,665,1.340e-04,3.69306,0.67654,0.79176,0.06732,0.08830,0.05259,0.08110,0.34681,0.18700,0.15981,25.02596,10.69182,0,7.88,29123.7
199700,665,1.340e-04,2.66517,0.13350,0.88181,0.04560,0.07164,0.03468,0.06082,0.42001,0.14546,0.27455,19.87913,9.71851,0,7.86,29136.4
199800,666,1.336e-04,2.67524,0.24913,0.89827,0.05234,0.05305,0.04370,0.05109,0.36540,0.10975,0.25565,28.32001,12.58266,0,7.89,29149.1
199900,666,1.336e-04,2.41092,0.15969,0.78259,0.04019,0.06380,0.04564,0.04011,0.32517,0.02880,0.29637,15.19685,5.62046,0,7.90,29161.7
200000,666,1.336e-04,2.29282,0.25693,0.36525,0.06009,0.05600,0.04159,0.06036,0.30148,0.12724,0.17424,11.66243,11.47613,0,7.80,29174.6
200100,667,1.332e-04,2.50045,0.52664,0.57185,0.04283,0.05732,0.03702,0.04308,0.25306,0.08257,0.17050,21.60698,6.49265,0,7.82,29187.4
200200,667,1.332e-04,5.46778,0.49982,0.27539,0.05178,0.24904,0.04376,0.29310,0.46626,0.20184,0.26441,24.04116,14.12546,0,7.97,29199.9
200300,667,1.332e-04,2.12181,0.28296,0.46216,0.04428,0.03886,0.03310,0.07596,0.30786,0.10061,0.20726,23.08424,7.19156,0,7.86,29212.6
200400,668,1.328e-04,2.80853,0.33826,0.98135,0.04722,0.06392,0.03446,0.04103,0.38183,0.04372,0.33811,21.37845,8.42011,0,7.84,29225.4
200500,668,1.328e-04,2.72990,0.57221,0.47968,0.05045,0.06801,0.04407,0.05462,0.23853,0.13078,0.10775,21.10127,6.77990,0,7.86,29238.1
200600,668,1.328e-04,3.12817,0.47836,0.80331,0.07080,0.05442,0.06484,0.05401,0.37655,0.10227,0.27428,18.97097,7.05966,0,7.72,29251.0
200700,669,1.324e-04,4.84641,0.41771,0.28592,0.04509,0.22138,0.04292,0.25271,0.41951,0.22122,0.19830,31.09114,14.09629,0,8.09,29263.4
200800,669,1.324e-04,2.79207,0.21418,0.33388,0.07147,0.06357,0.06864,0.11008,0.47194,0.17004,0.30190,16.56556,10.12412,0,7.80,29276.2
200900,669,1.324e-04,2.79173,0.41168,0.27548,0.08156,0.06876,0.06360,0.05669,0.32331,0.16415,0.15916,10.38922,6.33414,0,7.85,29289.0
201000,670,1.320e-04,2.34780,0.22220,0.38709,0.04161,0.08701,0.03677,0.05368,0.38120,0.12902,0.25219,22.80401,8.95483,0,1.49,29355.9
201100,670,1.320e-04,3.46769,0.06562,0.62205,0.05805,0.14420,0.04540,0.10611,0.43561,0.08908,0.34654,42.12595,12.67966,0,7.42,29369.4
201200,670,1.320e-04,1.95466,0.19687,0.45230,0.04490,0.04741,0.03337,0.04310,0.45598,0.09085,0.36514,23.73371,11.79009,0,7.87,29382.1
201300,671,1.316e-04,2.23615,0.17736,0.67314,0.03568,0.05088,0.05429,0.04971,0.33840,0.09947,0.23893,20.43099,10.66288,0,8.43,29393.9
201400,671,1.316e-04,2.07505,0.14268,0.31101,0.05196,0.06265,0.04503,0.05002,0.23290,0.07814,0.15476,14.29645,6.86875,0,7.86,29406.6
201500,671,1.316e-04,2.56949,0.38934,0.31757,0.06703,0.06280,0.05404,0.05880,0.33988,0.10049,0.23940,13.77637,8.95270,0,8.01,29419.1
201600,672,1.312e-04,2.95666,0.14792,0.59552,0.06020,0.08855,0.05266,0.09249,0.50987,0.18405,0.32582,16.40900,12.74625,0,7.85,29431.9
201700,672,1.312e-04,2.64126,0.36536,0.07604,0.06081,0.09268,0.06212,0.07089,0.41904,0.20982,0.20922,17.04295,7.14238,0,8.01,29444.4
201800,672,1.312e-04,2.50634,0.31836,0.27274,0.06888,0.06136,0.06066,0.06190,0.50997,0.07864,0.43133,16.60096,9.17367,0,7.86,29457.1
201900,673,1.308e-04,2.17807,0.12958,0.59354,0.04258,0.06331,0.03580,0.04341,0.57062,0.20051,0.37012,14.96132,14.89599,0,7.80,29469.9
202000,673,1.308e-04,2.68854,0.63499,0.55941,0.05621,0.05368,0.04773,0.03132,0.24845,0.12714,0.12131,17.47513,4.48641,0,7.83,29482.7
202100,673,1.308e-04,3.56581,0.55095,1.24056,0.04621,0.08016,0.04027,0.06186,0.10309,0.05906,0.04403,24.22716,4.82258,0,7.59,29495.9
202200,674,1.304e-04,2.31397,0.35056,0.45760,0.05070,0.06261,0.03836,0.03620,0.13502,0.06615,0.06887,18.14794,5.54957,0,7.91,29508.5
202300,674,1.304e-04,2.51799,0.48965,0.56455,0.06283,0.04399,0.04199,0.03713,0.12859,0.05828,0.07031,50.06106,4.03636,0,7.82,29521.3
202400,674,1.304e-04,1.87208,0.14256,0.34099,0.04173,0.05203,0.04180,0.04838,0.30149,0.08707,0.21442,23.66127,9.68497,0,8.21,29533.5
202500,675,1.300e-04,2.37800,0.37481,0.43826,0.06247,0.04884,0.05945,0.03091,0.42276,0.21713,0.20563,17.63010,11.24773,0,7.96,29546.0
202600,675,1.300e-04,2.71290,0.52664,0.45233,0.04947,0.07735,0.03588,0.05726,0.20052,0.07068,0.12984,19.95646,5.09893,0,7.79,29558.9
202700,675,1.300e-04,3.36870,0.33961,0.59754,0.06377,0.09711,0.04631,0.11825,0.34542,0.19476,0.15066,28.41705,13.99495,0,7.80,29571.7
202800,676,1.296e-04,4.54224,0.28554,0.57685,0.08093,0.15628,0.07508,0.18647,0.38481,0.20703,0.17778,23.15404,7.82296,0,7.80,29584.5
202900,676,1.296e-04,2.35552,0.40040,0.52767,0.04573,0.05566,0.04142,0.04127,0.22290,0.09775,0.12515,21.96879,5.51138,0,7.68,29597.5
203000,676,1.296e-04,2.54803,0.20873,0.40438,0.06515,0.07554,0.04757,0.05803,0.27193,0.08617,0.18576,11.79105,5.28826,0,7.98,29610.0
203100,677,1.292e-04,2.80863,0.55114,0.27913,0.05802,0.07648,0.05256,0.07413,0.54160,0.17126,0.37034,12.40614,10.92387,0,8.18,29622.3
203200,677,1.292e-04,2.21305,0.23551,0.46815,0.05877,0.04964,0.04558,0.03950,0.09070,0.04195,0.04875,17.88264,6.30687,0,7.79,29635.1
203300,677,1.292e-04,2.41642,0.28568,0.68715,0.04928,0.05769,0.04510,0.02967,0.23079,0.04493,0.18586,20.06122,8.21689,0,8.04,29647.6
203400,678,1.288e-04,2.39414,0.14358,0.42953,0.05821,0.06633,0.05529,0.05984,0.33826,0.20658,0.13168,22.79535,9.40285,0,8.17,29659.8
203500,678,1.288e-04,2.36498,0.22876,0.78350,0.05144,0.05012,0.03446,0.03297,0.17826,0.11001,0.06825,27.42916,9.77772,0,8.28,29671.9
203600,678,1.288e-04,2.58429,0.27852,0.37281,0.04512,0.09092,0.04247,0.07206,0.22165,0.09436,0.12729,13.07639,4.79792,0,8.00,29684.4
203700,679,1.284e-04,2.97238,0.67455,0.55554,0.06183,0.06671,0.04421,0.04716,0.24908,0.06057,0.18851,16.94668,8.48185,0,7.90,29697.0
203800,679,1.284e-04,2.46727,0.38299,0.13731,0.04752,0.08411,0.03952,0.08661,0.34894,0.05106,0.29789,13.37436,5.98363,0,7.94,29709.7
203900,679,1.284e-04,3.84359,0.21484,0.68160,0.05215,0.12225,0.10392,0.13671,0.31942,0.10423,0.21519,22.57227,8.44894,0,7.93,29722.3
204000,680,1.280e-04,2.14815,0.11490,0.21539,0.04650,0.07279,0.05129,0.07371,0.40447,0.17675,0.22772,16.49798,9.45887,0,1.54,29787.0
204100,680,1.280e-04,2.94366,0.46018,0.40552,0.06421,0.07968,0.05112,0.07668,0.10709,0.04607,0.06102,29.45167,6.95713,0,7.51,29800.3
204200,680,1.280e-04,2.43880,0.07810,0.38043,0.06516,0.07783,0.05351,0.05658,0.41285,0.07331,0.33955,15.71366,9.24343,0,7.84,29813.1
204300,681,1.276e-04,3.29029,0.53483,0.37643,0.04827,0.11095,0.04041,0.11696,0.44510,0.27684,0.16826,27.66650,7.72718,0,7.88,29825.8
204400,681,1.276e-04,2.61390,0.21520,0.90562,0.04937,0.05556,0.04512,0.04365,0.43560,0.22195,0.21365,23.74760,12.65020,0,7.78,29838.6
204500,681,1.276e-04,2.59721,0.22459,0.38535,0.04687,0.07872,0.05122,0.09505,0.39095,0.17630,0.21465,15.50341,9.14252,0,7.87,29851.3
204600,682,1.272e-04,3.30266,0.20698,0.96177,0.04910,0.10956,0.04546,0.06400,0.46155,0.18171,0.27983,30.53505,10.69942,0,7.83,29864.1
204700,682,1.272e-04,2.96556,0.31773,0.62245,0.06570,0.07507,0.06001,0.06354,0.26597,0.09058,0.17539,15.71157,5.86679,0,7.82,29876.9
204800,682,1.272e-04,2.69666,0.39848,0.44550,0.06117,0.05750,0.05998,0.07322,0.46936,0.18557,0.28380,22.47076,14.04272,0,7.94,29889.5
204900,683,1.268e-04,2.52604,0.23608,0.85172,0.04717,0.05482,0.04254,0.04113,0.35328,0.09793,0.25535,39.33580,14.42922,0,7.99,29902.0
205000,683,1.268e-04,2.45808,0.15351,0.79139,0.03483,0.07078,0.03156,0.05985,0.33400,0.06079,0.27320,31.20309,9.60158,0,8.14,29914.3
205100,683,1.268e-04,3.51652,0.73704,0.43025,0.05895,0.11296,0.04375,0.08227,0.39595,0.22102,0.17493,69.77170,12.29457,0,8.11,29926.6
205200,684,1.264e-04,3.71375,0.56522,0.31250,0.05152,0.15123,0.03558,0.12612,0.22237,0.12397,0.09839,22.30036,7.51425,0,8.09,29938.9
205300,684,1.264e-04,2.41713,0.59983,0.27490,0.04978,0.06066,0.05493,0.03267,0.56542,0.31735,0.24806,11.53546,12.54673,0,7.93,29951.6
205400,684,1.264e-04,2.49980,0.50542,0.36893,0.06143,0.05523,0.04679,0.04496,0.56440,0.22046,0.34394,12.55501,11.54862,0,7.85,29964.3
205500,685,1.260e-04,2.86953,0.27408,0.33841,0.05271,0.10411,0.04301,0.09475,0.29102,0.11346,0.17756,10.65385,10.08693,0,7.87,29977.0
205600,685,1.260e-04,3.04801,0.58724,1.20344,0.05482,0.03329,0.04999,0.02526,0.27362,0.17822,0.09540,31.99903,8.68731,0,7.84,29989.8
205700,685,1.260e-04,2.76012,0.45435,0.29815,0.03979,0.10726,0.02723,0.08019,0.66317,0.17589,0.48728,17.75682,12.89412,0,7.86,30002.5
205800,686,1.256e-04,2.95113,0.33810,0.45006,0.04812,0.10320,0.03937,0.09058,0.45978,0.18334,0.27645,35.90262,8.37079,0,7.90,30015.2
205900,686,1.256e-04,3.22863,0.39120,0.75254,0.09256,0.05351,0.08704,0.03780,0.41915,0.21360,0.20555,13.88190,10.23410,0,7.81,30028.0
206000,686,1.256e-04,2.52922,0.40432,0.42660,0.06291,0.05809,0.05188,0.04577,0.19960,0.06220,0.13741,23.60075,8.13654,0,7.84,30040.7
206100,687,1.252e-04,2.88150,0.39539,0.50310,0.07061,0.06896,0.06081,0.05666,0.39799,0.16496,0.23302,19.25127,8.74766,0,7.85,30053.4
206200,687,1.252e-04,2.65333,0.23311,0.95631,0.04135,0.06776,0.03814,0.03643,0.33472,0.16570,0.16902,18.89823,9.88787,0,7.91,30066.1
206300,687,1.252e-04,2.46049,0.26965,0.42101,0.06465,0.05336,0.05192,0.06603,0.44405,0.22228,0.22177,29.93808,11.38376,0,8.03,30078.5
206400,688,1.248e-04,2.07956,0.39399,0.27126,0.04894,0.05633,0.03647,0.03586,0.41272,0.19701,0.21570,25.44131,11.44410,0,7.96,30091.1
206500,688,1.248e-04,3.18906,0.97401,0.99857,0.04511,0.04373,0.04141,0.02420,0.14499,0.06700,0.07799,48.90474,8.29441,0,8.04,30103.5
206600,688,1.248e-04,2.78909,0.48007,0.61401,0.04080,0.07371,0.03603,0.07394,0.59242,0.06128,0.53114,28.72953,17.59549,0,8.17,30115.8
206700,689,1.244e-04,3.44970,0.12378,0.65183,0.04042,0.18008,0.03726,0.05657,0.28680,0.19246,0.09434,28.11671,8.33773,0,8.08,30128.1
206800,689,1.244e-04,2.65783,0.30075,0.75383,0.04499,0.07414,0.03555,0.04684,0.36440,0.14795,0.21644,39.41879,9.31858,0,8.00,30140.7
206900,689,1.244e-04,2.85757,0.79171,0.32756,0.05445,0.06154,0.07111,0.04458,0.21953,0.05337,0.16616,23.68023,8.96181,0,7.92,30153.3
207000,690,1.240e-04,3.62779,0.42643,0.95401,0.03193,0.12790,0.02878,0.10104,0.36752,0.11392,0.25359,13.11606,8.58084,0,1.55,30217.6
207100,690,1.240e-04,2.44577,0.62991,0.36841,0.04108,0.06452,0.03351,0.04478,0.31073,0.06682,0.24391,11.23755,8.21384,0,8.10,30230.0
207200,690,1.240e-04,2.52936,0.23047,0.29155,0.04105,0.08822,0.04578,0.09715,0.66152,0.32778,0.33374,24.61047,18.07206,0,7.56,30243.2
207300,691,1.236e-04,2.62918,0.40962,0.88537,0.05426,0.04419,0.04223,0.02771,0.28969,0.11448,0.17521,31.07307,10.10840,0,7.93,30255.8
207400,691,1.236e-04,2.54474,0.43743,0.31235,0.04642,0.07976,0.04474,0.06189,0.45385,0.27107,0.18277,12.46128,12.99371,0,7.90,30268.5
207500,691,1.236e-04,3.12529,0.38720,0.60078,0.04547,0.10687,0.04350,0.07929,0.33297,0.14727,0.18570,14.02734,9.03423,0,7.89,30281.1
207600,692,1.232e-04,2.25140,0.42228,0.38486,0.04552,0.05378,0.04059,0.04965,0.54233,0.32020,0.22213,21.23528,10.99167,0,8.54,30292.9
207700,692,1.232e-04,3.10288,0.51674,0.23381,0.06693,0.08801,0.06377,0.09681,0.28755,0.08576,0.20180,19.24169,7.39224,0,7.85,30305.6
207800,692,1.232e-04,2.88693,0.29734,0.35475,0.07432,0.07793,0.06233,0.08013,0.16856,0.08904,0.07952,13.16920,6.70122,0,7.84,30318.4
207900,693,1.228e-04,2.44989,0.57649,0.73103,0.03543,0.04233,0.03977,0.03318,0.28601,0.11622,0.16978,24.91171,10.42097,0,7.79,30331.2
208000,693,1.228e-04,2.71938,0.45981,0.39905,0.06889,0.06337,0.06354,0.04405,0.25469,0.12682,0.12788,12.43340,6.83406,0,8.23,30343.3
208100,693,1.228e-04,2.78806,0.08702,1.24090,0.06081,0.04397,0.04788,0.03458,0.34787,0.06986,0.27801,64.47608,13.35758,0,7.81,30356.2
208200,694,1.224e-04,2.28297,0.55850,0.07697,0.05395,0.06509,0.03928,0.05213,0.29722,0.22241,0.07481,13.12217,8.34419,0,8.08,30368.5
208300,694,1.224e-04,2.09514,0.32844,0.18621,0.05135,0.06068,0.03845,0.05358,0.32316,0.17105,0.15211,15.74476,10.78499,0,8.18,30380.8
208400,694,1.224e-04,2.86186,0.67518,0.36480,0.05853,0.04818,0.04538,0.10557,0.31621,0.09721,0.21900,16.63010,12.21706,0,8.15,30393.0
208500,695,1.220e-04,2.34318,0.56507,0.48577,0.05436,0.03624,0.04739,0.02987,0.22530,0.16252,0.06277,14.87375,6.94020,0,8.13,30405.3
208600,695,1.220e-04,2.48327,0.57396,0.39664,0.04503,0.06614,0.03455,0.04564,0.37469,0.13214,0.24256,20.32931,7.51469,0,8.02,30417.8
208700,695,1.220e-04,2.20104,0.30404,0.33030,0.04672,0.06123,0.04492,0.05251,0.23657,0.08123,0.15534,25.14915,7.15748,0,8.06,30430.2
208800,696,1.216e-04,2.89211,0.49532,0.89293,0.05432,0.05096,0.04163,0.04860,0.26821,0.07959,0.18862,24.84384,10.65284,0,8.05,30442.6
208900,696,1.216e-04,2.91855,0.53972,0.70085,0.04461,0.07655,0.03971,0.05356,0.25735,0.13858,0.11877,27.01775,7.55807,0,8.03,30455.1
209000,696,1.216e-04,3.40854,0.31903,0.71480,0.10065,0.04323,0.15313,0.03406,0.27754,0.06026,0.21728,15.15775,5.16599,0,8.01,30467.6
209100,697,1.212e-04,3.41783,0.36544,0.43117,0.05206,0.11217,0.05370,0.14210,0.51613,0.26950,0.24663,25.01980,11.85958,0,7.89,30480.2
209200,697,1.212e-04,2.01316,0.31516,0.39568,0.03809,0.05499,0.03309,0.04121,0.34118,0.05129,0.28989,14.87840,6.07689,0,8.03,30492.7
209300,697,1.212e-04,2.37479,0.21685,0.30000,0.03605,0.09986,0.03295,0.06682,0.15995,0.04515,0.11480,20.97588,5.04253,0,8.01,30505.2
209400,698,1.208e-04,2.58683,0.12350,0.48763,0.05219,0.07920,0.03659,0.09577,0.32007,0.14943,0.17064,16.05995,7.90450,0,7.92,30517.8
209500,698,1.208e-04,2.95287,0.31758,0.68514,0.05807,0.07965,0.04390,0.07068,0.47885,0.23166,0.24719,22.39623,11.08657,0,7.97,30530.4
209600,698,1.208e-04,2.60266,0.43603,0.85556,0.04421,0.04850,0.03634,0.04045,0.19008,0.12502,0.06507,15.04084,6.59909,0,7.84,30543.1
209700,699,1.204e-04,2.68114,0.25065,0.60815,0.06342,0.05817,0.05802,0.06327,0.32697,0.14579,0.18118,16.40622,8.04987,0,7.84,30555.9
209800,699,1.204e-04,3.18296,0.20458,1.45817,0.04493,0.06305,0.03496,0.05312,0.40402,0.22635,0.17766,32.03434,13.11684,0,7.84,30568.6
209900,699,1.204e-04,2.90981,0.33162,0.61164,0.06421,0.07163,0.06280,0.05883,0.37588,0.23790,0.13799,26.17080,8.80298,0,7.79,30581.5
210000,700,1.200e-04,3.53489,0.76600,0.79992,0.06005,0.09070,0.04792,0.04437,0.31368,0.13602,0.17766,31.90603,8.67572,0,1.46,30649.8
210100,700,1.200e-04,2.31803,0.45155,0.19594,0.07271,0.05203,0.04813,0.03649,0.45300,0.23979,0.21321,23.20729,11.42375,0,7.43,30663.2
210200,700,1.200e-04,2.81083,0.32923,1.01004,0.04052,0.06279,0.03587,0.05183,0.20404,0.10174,0.10231,35.84900,7.47788,0,7.75,30676.1
210300,701,1.196e-04,2.46954,0.63844,0.41186,0.05157,0.04382,0.04518,0.04789,0.14459,0.06093,0.08365,28.26027,4.81058,0,7.80,30688.9
210400,701,1.196e-04,2.79985,0.28064,0.92726,0.05121,0.06626,0.04093,0.04251,0.45223,0.18613,0.26610,21.86255,21.47443,0,7.82,30701.7
210500,701,1.196e-04,3.34808,0.56109,0.72785,0.07250,0.07353,0.05592,0.06386,0.21534,0.10215,0.11319,31.25018,10.23966,0,8.00,30714.2
210600,702,1.192e-04,2.23942,0.18464,0.38423,0.04563,0.06696,0.03652,0.07241,0.53471,0.11840,0.41631,19.90309,15.13460,0,7.85,30727.0
210700,702,1.192e-04,2.97216,0.53980,0.68641,0.03755,0.08494,0.03558,0.06862,0.32608,0.07302,0.25306,17.93989,9.92060,0,7.82,30739.8
210800,702,1.192e-04,5.81103,0.27135,0.81508,0.03901,0.26674,0.02782,0.30561,0.33093,0.06122,0.26971,33.34730,9.05126,0,7.87,30752.5
210900,703,1.188e-04,2.81332,0.17111,0.56924,0.07125,0.07176,0.06557,0.06302,0.34339,0.19365,0.14974,15.05392,11.56731,0,7.90,30765.1
211000,703,1.188e-04,2.58442,0.37333,0.29269,0.04283,0.08269,0.05531,0.07733,0.52852,0.23275,0.29577,18.04723,16.12200,0,7.91,30777.8
211100,703,1.188e-04,2.37057,0.38140,0.16698,0.05648,0.07029,0.05592,0.05497,0.37093,0.17529,0.19564,11.33285,12.78314,0,7.98,30790.3
211200,704,1.184e-04,2.95549,0.39697,0.43059,0.05117,0.09665,0.04847,0.08146,0.56844,0.45435,0.11409,24.42681,9.72626,0,8.00,30802.8
211300,704,1.184e-04,2.46771,0.32849,0.35471,0.04864,0.07873,0.04136,0.06081,0.35949,0.08768,0.27181,22.02114,8.54396,0,8.00,30815.3
211400,704,1.184e-04,2.20229,0.42874,0.20930,0.04244,0.06644,0.03761,0.05747,0.49246,0.21282,0.27964,15.46648,14.01756,0,7.95,30827.9
211500,705,1.180e-04,2.77118,0.37832,0.53426,0.05131,0.07741,0.04609,0.06820,0.44661,0.26850,0.17811,21.82768,10.35872,0,8.14,30840.2
211600,705,1.180e-04,2.27582,0.23427,0.57873,0.06507,0.04147,0.05143,0.02806,0.14767,0.05271,0.09495,11.18723,8.59323,0,8.36,30852.1
211700,705,1.180e-04,2.37765,0.27447,0.76446,0.03713,0.05118,0.03635,0.05476,0.45849,0.29436,0.16412,28.20981,14.90797,0,8.00,30864.6
211800,706,1.176e-04,2.19244,0.38190,0.51105,0.04715,0.04780,0.04010,0.02991,0.39412,0.20089,0.19323,15.03697,15.21555,0,7.82,30877.4
211900,706,1.176e-04,2.64123,0.23692,0.49891,0.04294,0.08351,0.04797,0.08022,0.64191,0.19813,0.44378,22.59137,13.74200,0,7.76,30890.3
212000,706,1.176e-04,2.17307,0.08731,0.31397,0.06064,0.07052,0.03656,0.05547,0.28959,0.11473,0.17486,23.66355,10.03285,0,8.25,30902.4
212100,707,1.172e-04,2.83640,0.37719,0.31872,0.07507,0.07551,0.06560,0.06134,0.38604,0.16607,0.21997,9.93914,10.77881,0,8.45,30914.2
212200,707,1.172e-04,2.87383,0.41872,0.96074,0.04328,0.06531,0.03927,0.04241,0.35436,0.15631,0.19805,15.24933,14.29358,0,8.83,30925.6
212300,707,1.172e-04,2.28039,0.16136,0.49341,0.06664,0.04498,0.05656,0.04533,0.21763,0.09840,0.11923,29.79869,5.78793,0,7.84,30938.3
212400,708,1.168e-04,3.23335,0.55494,0.35624,0.08485,0.08207,0.07522,0.05537,0.44054,0.19922,0.24132,16.98175,11.64620,0,7.88,30951.0
212500,708,1.168e-04,2.58766,0.41096,0.75662,0.04155,0.05290,0.02990,0.06524,0.27909,0.07883,0.20025,19.93488,20.07550,0,7.67,30964.1
212600,708,1.168e-04,2.80300,0.28914,0.77420,0.04511,0.07849,0.04225,0.05848,0.16463,0.05449,0.11015,48.61506,5.09609,0,7.94,30976.7
212700,709,1.164e-04,2.98739,0.51591,0.78166,0.05550,0.07662,0.04199,0.03174,0.25792,0.13790,0.12002,29.13981,9.47449,0,7.74,30989.6
212800,709,1.164e-04,3.02425,1.10147,0.45807,0.05428,0.05116,0.04135,0.04070,0.60905,0.20427,0.40477,24.82294,17.76477,0,7.77,31002.4
212900,709,1.164e-04,2.67222,0.27162,0.73826,0.06253,0.04955,0.04943,0.05889,0.48609,0.28330,0.20279,17.42199,15.22424,0,7.93,31015.0
213000,710,1.160e-04,2.56667,0.78088,0.41006,0.05297,0.04942,0.04297,0.02740,0.17470,0.14218,0.03252,23.06027,6.43456,0,1.47,31083.1
213100,710,1.160e-04,2.59853,0.18407,0.41598,0.04153,0.09462,0.03453,0.09286,0.29209,0.07295,0.21914,30.06148,6.48185,0,7.45,31096.6
213200,710,1.160e-04,3.54373,0.27037,0.39748,0.05559,0.14564,0.04508,0.12763,0.34136,0.16662,0.17474,19.57413,13.59713,0,7.79,31109.4
213300,711,1.156e-04,2.94020,0.55001,0.49858,0.06099,0.07135,0.05348,0.06016,0.32090,0.06518,0.25573,15.81510,7.28056,0,7.95,31122.0
213400,711,1.156e-04,2.79621,0.39543,0.31216,0.04340,0.09708,0.03790,0.09886,0.38350,0.14162,0.24188,21.18108,9.46635,0,7.79,31134.8
213500,711,1.156e-04,2.51230,0.26823,0.44435,0.03639,0.09077,0.03552,0.07011,0.46175,0.25077,0.21097,18.57450,9.00499,0,7.82,31147.6
213600,712,1.152e-04,2.29005,0.35886,0.22443,0.05066,0.06988,0.04650,0.05378,0.41179,0.19522,0.21657,14.69258,11.04446,0,7.90,31160.3
213700,712,1.152e-04,2.10911,0.47287,0.25644,0.04326,0.05145,0.04094,0.04560,0.39885,0.09967,0.29918,17.20038,13.90437,0,7.97,31172.8
213800,712,1.152e-04,2.64893,0.28093,0.73217,0.04870,0.07247,0.03585,0.04898,0.22039,0.10699,0.11339,19.66382,9.36132,0,7.80,31185.6
213900,713,1.148e-04,2.78658,0.37658,0.36213,0.06253,0.07983,0.05527,0.06958,0.50753,0.18777,0.31976,16.96824,9.82293,0,7.69,31198.6
214000,713,1.148e-04,2.62472,0.43989,0.38231,0.06821,0.05776,0.06813,0.04044,0.34891,0.08978,0.25913,14.15150,6.81296,0,8.19,31210.9
214100,713,1.148e-04,3.41424,0.28343,0.70508,0.04412,0.11356,0.05719,0.11260,0.38294,0.22565,0.15729,23.98751,7.30842,0,8.00,31223.4
214200,714,1.144e-04,3.46225,0.30402,0.64520,0.06301,0.11255,0.05193,0.09957,0.42049,0.13422,0.28626,18.42753,7.48079,0,8.27,31235.4
214300,714,1.144e-04,2.42483,0.31552,0.63573,0.04380,0.06164,0.04350,0.04035,0.29786,0.11661,0.18125,12.08098,8.77207,0,8.11,31247.8
214400,714,1.144e-04,2.09010,0.16278,0.38221,0.03288,0.06519,0.04261,0.07029,0.32639,0.17579,0.15060,23.68169,10.49573,0,7.76,31260.7
214500,715,1.140e-04,2.59966,0.23153,0.40750,0.03879,0.09968,0.04321,0.07198,0.36544,0.07511,0.29033,16.29599,8.91625,0,7.85,31273.4
214600,715,1.140e-04,2.31443,0.44437,0.36832,0.05634,0.05121,0.04464,0.04061,0.36799,0.18193,0.18606,11.90691,11.11063,0,8.03,31285.9
214700,715,1.140e-04,1.53848,0.15498,0.13000,0.02862,0.05941,0.02600,0.04866,0.34636,0.17136,0.17499,12.20371,8.35670,0,7.77,31298.7
214800,716,1.136e-04,2.77076,0.52963,0.57177,0.03558,0.07511,0.03391,0.07858,0.32750,0.12149,0.20602,41.67925,8.53876,0,7.70,31311.7
214900,716,1.136e-04,2.89871,0.19152,0.66803,0.06571,0.08209,0.06100,0.05124,0.30615,0.14653,0.15962,21.73340,7.45384,0,7.75,31324.6
215000,716,1.136e-04,3.52024,0.19527,0.81588,0.03718,0.10616,0.03810,0.17703,0.43487,0.28291,0.15196,23.54998,16.06141,0,8.50,31336.4
215100,717,1.132e-04,2.38357,0.56269,0.31012,0.04249,0.04259,0.03101,0.10098,0.29716,0.15330,0.14387,19.03884,11.34165,0,8.02,31348.8
215200,717,1.132e-04,3.77195,0.48643,1.71299,0.03741,0.08118,0.03485,0.04249,0.17280,0.05445,0.11835,56.36119,9.15606,0,7.90,31361.5
215300,717,1.132e-04,3.01992,0.46321,0.38379,0.06474,0.08802,0.06241,0.06665,0.24667,0.07079,0.17588,24.04348,6.37309,0,7.90,31374.2
215400,718,1.128e-04,2.86045,0.74608,0.21920,0.06177,0.07566,0.04694,0.05722,0.24206,0.12743,0.11463,17.72859,6.95819,0,8.00,31386.7
215500,718,1.128e-04,3.18331,0.69546,0.78379,0.06436,0.05521,0.06177,0.03991,0.28283,0.11281,0.17003,23.94173,11.79677,0,9.28,31397.4
215600,718,1.128e-04,2.51879,0.45691,0.45554,0.03483,0.08013,0.04012,0.05121,0.41698,0.16406,0.25293,30.20114,10.27520,0,8.72,31408.9
215700,719,1.124e-04,2.56739,0.54531,0.21621,0.05615,0.07182,0.04499,0.06024,0.40378,0.24598,0.15780,15.06560,8.01444,0,8.54,31420.6
215800,719,1.124e-04,3.21801,0.57830,0.45793,0.08384,0.07053,0.07096,0.05664,0.39371,0.15217,0.24154,11.44246,6.78390,0,7.85,31433.4
215900,719,1.124e-04,2.77224,0.33618,0.80430,0.04658,0.06720,0.03711,0.06169,0.42840,0.17758,0.25082,16.07193,13.19910,0,7.82,31446.1
216000,720,1.120e-04,2.94952,0.55621,0.78194,0.05286,0.05540,0.05378,0.05198,0.21981,0.04262,0.17718,26.90943,6.44125,0,1.52,31512.1
216100,720,1.120e-04,2.64921,0.06663,0.69247,0.06709,0.06198,0.05846,0.06141,0.39919,0.14539,0.25380,28.52448,8.38082,0,7.52,31525.4
216200,720,1.120e-04,2.31729,0.08874,0.48328,0.05707,0.07312,0.04448,0.04419,0.54067,0.27889,0.26178,28.19867,17.23305,0,7.82,31538.2
216300,721,1.116e-04,2.72206,0.08934,1.13932,0.04655,0.05750,0.03812,0.05245,0.61777,0.31692,0.30085,27.65532,18.68758,0,7.84,31551.0
216400,721,1.116e-04,2.65743,0.33221,0.61361,0.04898,0.07397,0.03488,0.06154,0.40556,0.20323,0.20233,17.78154,10.89096,0,7.74,31563.9
216500,721,1.116e-04,1.80988,0.27013,0.35228,0.04594,0.03905,0.04020,0.02733,0.38274,0.21338,0.16936,12.70245,10.09126,0,7.80,31576.7
216600,722,1.112e-04,2.74126,0.30589,0.82890,0.05243,0.06321,0.04163,0.04839,0.30995,0.12509,0.18486,41.61570,10.17286,0,7.99,31589.2
216700,722,1.112e-04,4.22281,0.67510,1.27073,0.04028,0.08916,0.03390,0.16261,0.17712,0.10867,0.06845,72.06121,12.00092,0,8.06,31601.6
216800,722,1.112e-04,3.53623,0.79485,0.68008,0.07071,0.06094,0.06284,0.08612,0.22223,0.04375,0.17848,28.10781,9.63669,0,7.93,31614.2
216900,723,1.108e-04,1.91275,0.10230,0.34759,0.04895,0.05825,0.03117,0.04701,0.51997,0.06011,0.45986,15.89756,12.24342,0,7.82,31627.0
217000,723,1.108e-04,2.24130,0.40406,0.57335,0.03801,0.05082,0.03345,0.04167,0.50421,0.22697,0.27724,50.24008,13.76049,0,7.71,31640.0
217100,723,1.108e-04,2.71581,0.32067,0.71765,0.06125,0.05864,0.05036,0.04536,0.33780,0.09592,0.24188,26.53135,7.67383,0,7.73,31652.9
217200,724,1.104e-04,3.56010,0.68585,0.78824,0.04495,0.10311,0.03477,0.08631,0.14123,0.04412,0.09712,24.37273,4.72074,0,7.84,31665.7
217300,724,1.104e-04,3.03470,0.39515,0.35199,0.05958,0.09743,0.05828,0.08522,0.38348,0.16493,0.21855,15.58708,12.46155,0,7.88,31678.4
217400,724,1.104e-04,2.44520,0.33863,0.66461,0.03671,0.06739,0.03124,0.04895,0.28607,0.16832,0.11774,17.94834,11.63962,0,7.82,31691.2
217500,725,1.100e-04,2.82719,0.54375,0.69144,0.05949,0.04999,0.04747,0.05197,0.30048,0.17255,0.12792,29.00383,8.23401,0,7.76,31704.0
217600,725,1.100e-04,3.01778,0.18011,1.41137,0.04892,0.05238,0.03928,0.04337,0.42351,0.27317,0.15034,54.83396,10.07830,0,7.97,31716.6
217700,725,1.100e-04,3.08414,0.63462,0.45631,0.04940,0.09726,0.03648,0.06884,0.22041,0.13659,0.08382,14.74111,8.71509,0,7.83,31729.4
217800,726,1.096e-04,3.33663,0.37904,1.39909,0.04357,0.07321,0.03805,0.04010,0.58209,0.28572,0.29637,23.79674,17.20917,0,7.75,31742.3
217900,726,1.096e-04,2.24282,0.21642,0.77458,0.04573,0.04363,0.04065,0.03099,0.39623,0.16787,0.22836,13.62949,12.51029,0,7.85,31755.0
218000,726,1.096e-04,3.20439,0.35309,0.59185,0.07583,0.07326,0.06367,0.09003,0.45457,0.34789,0.10668,33.25175,14.53284,0,7.83,31767.8
218100,727,1.092e-04,2.77619,0.44728,0.82225,0.05929,0.05009,0.04511,0.03747,0.23977,0.14548,0.09429,22.60601,8.06076,0,7.81,31780.6
218200,727,1.092e-04,2.11900,0.14912,0.29972,0.06094,0.05800,0.05157,0.04456,0.29549,0.13319,0.16230,12.44591,12.01043,0,7.76,31793.5
218300,727,1.092e-04,3.19902,0.34460,0.63309,0.07833,0.07522,0.07893,0.05823,0.33342,0.09169,0.24173,47.09869,6.86650,0,7.93,31806.1
218400,728,1.088e-04,2.02038,0.27719,0.34827,0.03211,0.06220,0.02781,0.06256,0.37412,0.08568,0.28844,18.91981,8.38539,0,7.95,31818.7
218500,728,1.088e-04,3.31520,0.26067,0.60316,0.03988,0.12712,0.04423,0.11203,0.52271,0.12543,0.39727,22.25529,11.59819,0,8.01,31831.2
218600,728,1.088e-04,2.26996,0.51277,0.21018,0.04934,0.06037,0.04180,0.04817,0.36723,0.16604,0.20119,13.32198,11.32095,0,8.00,31843.7
218700,729,1.084e-04,1.90223,0.22658,0.32656,0.03570,0.05404,0.03361,0.05674,0.44343,0.11676,0.32666,14.13220,7.27567,0,8.05,31856.1
218800,729,1.084e-04,2.49584,0.37572,0.27978,0.06467,0.06298,0.05181,0.06096,0.36335,0.15693,0.20643,15.16667,9.46478,0,8.00,31868.6
218900,729,1.084e-04,2.37373,0.28047,0.22606,0.04832,0.07911,0.04170,0.07689,0.48157,0.17120,0.31037,13.70473,10.56343,0,7.91,31881.2
219000,730,1.080e-04,2.28750,0.38654,0.51168,0.04296,0.05886,0.03537,0.03886,0.26470,0.09042,0.17429,35.70508,6.71178,0,1.44,31950.8
219100,730,1.080e-04,2.89633,0.32726,0.84141,0.05322,0.06132,0.04812,0.06833,0.22130,0.14460,0.07669,58.87440,9.57237,0,7.43,31964.3
219200,730,1.080e-04,2.59693,0.24698,0.82294,0.04282,0.06692,0.03831,0.04761,0.07454,0.03792,0.03661,20.42092,5.75999,0,7.95,31976.8
219300,731,1.076e-04,3.03769,0.29660,0.30562,0.04766,0.11979,0.04076,0.11144,0.62193,0.21905,0.40288,24.21124,13.41181,0,8.19,31989.0
219400,731,1.076e-04,2.71130,0.37874,0.25450,0.06285,0.07965,0.05729,0.07331,0.56709,0.28439,0.28270,17.68575,11.84644,0,7.92,32001.7
219500,731,1.076e-04,2.01580,0.23336,0.28466,0.05389,0.05014,0.04571,0.04578,0.22214,0.10373,0.11841,20.48038,6.94247,0,7.76,32014.6
219600,732,1.072e-04,3.33348,0.29543,0.97405,0.06458,0.08036,0.05936,0.06357,0.11676,0.05078,0.06598,39.61117,4.74647,0,7.80,32027.4
219700,732,1.072e-04,2.80131,0.58836,0.49606,0.03406,0.08697,0.02730,0.07402,0.36379,0.09419,0.26959,19.95451,6.95911,0,7.80,32040.2
219800,732,1.072e-04,3.04523,0.24498,1.09678,0.05414,0.06490,0.04602,0.05659,0.36335,0.09172,0.27163,28.18658,10.62937,0,7.87,32052.9
219900,733,1.068e-04,2.62328,0.22919,0.49912,0.04120,0.08935,0.03946,0.07844,0.55303,0.26506,0.28797,26.09418,17.10447,0,7.87,32065.6
220000,733,1.068e-04,2.07929,0.34889,0.34728,0.04530,0.05728,0.04216,0.02931,0.25868,0.11206,0.14662,19.31191,8.10015,0,7.83,32078.4
220100,733,1.068e-04,2.97093,0.35057,0.57536,0.04592,0.08153,0.03578,0.11830,0.26606,0.16013,0.10593,24.47972,13.94797,0,7.77,32091.3
220200,734,1.064e-04,2.70789,0.36593,0.40459,0.04481,0.08908,0.03476,0.08494,0.40454,0.15726,0.24727,19.65425,9.31923,0,7.81,32104.1
220300,734,1.064e-04,2.70579,0.20475,0.79680,0.03874,0.08365,0.03096,0.06511,0.53777,0.17253,0.36523,18.47828,12.57730,0,7.88,32116.8
220400,734,1.064e-04,3.05515,0.76129,0.54644,0.04069,0.07859,0.04554,0.06539,0.39956,0.13254,0.26703,38.75456,10.38567,0,8.04,32129.2
220500,735,1.060e-04,2.78228,0.41725,0.84320,0.05025,0.05285,0.04387,0.05430,0.18919,0.11201,0.07718,16.98264,7.86578,0,7.87,32141.9
220600,735,1.060e-04,6.19396,0.64159,0.24108,0.05214,0.29692,0.04590,0.31824,0.29577,0.13003,0.16574,30.38147,7.21666,0,7.84,32154.7
220700,735,1.060e-04,2.53277,0.53023,0.57374,0.04509,0.05712,0.04214,0.03920,0.36790,0.21555,0.15235,17.43950,8.91338,0,7.83,32167.4
220800,736,1.056e-04,2.62371,0.21694,0.38417,0.04689,0.09867,0.04070,0.07272,0.35437,0.13444,0.21994,15.54503,8.07333,0,7.87,32180.1
220900,736,1.056e-04,2.73559,0.38657,0.52079,0.04656,0.07647,0.03988,0.07971,0.22054,0.07681,0.14372,14.98490,7.35689,0,7.93,32192.7
221000,736,1.056e-04,2.33291,0.54598,0.38294,0.04657,0.05221,0.03905,0.04420,0.44720,0.23150,0.21570,22.15535,12.10866,0,7.99,32205.3
221100,737,1.052e-04,2.37691,0.40763,0.31448,0.06773,0.04873,0.05011,0.04792,0.42065,0.23602,0.18463,15.69365,8.19134,0,7.84,32218.0
221200,737,1.052e-04,2.57321,0.01772,0.61856,0.05979,0.07516,0.04641,0.07108,0.62152,0.21738,0.40414,18.54018,10.08916,0,7.83,32230.8
221300,737,1.052e-04,2.67682,0.46821,0.32919,0.04532,0.09694,0.03562,0.05574,0.25316,0.15825,0.09491,22.11657,9.90598,0,7.97,32243.3
221400,738,1.048e-04,2.49012,0.49568,0.32181,0.04729,0.06445,0.03962,0.07141,0.39553,0.14126,0.25427,15.03392,9.47287,0,7.95,32255.9
221500,738,1.048e-04,2.14973,0.20675,0.67899,0.04888,0.04201,0.04159,0.02942,0.27040,0.18651,0.08390,21.36600,14.09944,0,7.89,32268.6
221600,738,1.048e-04,3.11345,0.36823,0.64594,0.08280,0.06829,0.06730,0.05036,0.26678,0.07130,0.19548,15.61597,5.97741,0,7.77,32281.5
221700,739,1.044e-04,1.97514,0.09049,0.50387,0.03906,0.06490,0.03437,0.03386,0.42514,0.11975,0.30539,19.35102,12.07533,0,7.77,32294.3
221800,739,1.044e-04,2.15398,0.42519,0.39365,0.05222,0.03941,0.04019,0.04357,0.21412,0.11847,0.09566,12.18748,5.78240,0,7.85,32307.1
221900,739,1.044e-04,2.87074,0.34188,0.57549,0.04800,0.08831,0.04314,0.07491,0.36433,0.04859,0.31573,32.53372,8.07252,0,7.99,32319.6
222000,740,1.040e-04,1.86775,0.14255,0.43100,0.03908,0.05222,0.03585,0.04038,0.28020,0.21231,0.06789,34.70163,10.13165,0,1.54,32384.3
222100,740,1.040e-04,2.95606,0.51534,0.55449,0.04595,0.09561,0.03994,0.05418,0.25734,0.15885,0.09849,52.69177,9.58519,0,8.12,32396.7
222200,740,1.040e-04,2.39940,0.13881,0.75424,0.05178,0.04914,0.04351,0.05591,0.17854,0.06680,0.11174,22.63078,6.20293,0,7.88,32409.4
222300,741,1.036e-04,2.00505,0.42145,0.28351,0.05924,0.03648,0.04742,0.02115,0.17583,0.11228,0.06355,29.95934,10.25641,0,7.85,32422.1
222400,741,1.036e-04,2.61076,0.27787,0.74261,0.05049,0.06109,0.04493,0.04998,0.30287,0.12965,0.17322,53.84517,7.76167,0,7.87,32434.8
222500,741,1.036e-04,2.76666,0.38703,0.45076,0.05497,0.07825,0.04238,0.07695,0.36091,0.08918,0.27173,31.81887,7.15888,0,7.86,32447.5
222600,742,1.032e-04,2.38158,0.38797,0.57017,0.05071,0.05048,0.04081,0.04149,0.41443,0.27152,0.14291,25.75578,14.00878,0,7.76,32460.4
222700,742,1.032e-04,2.94930,0.22009,0.36517,0.04784,0.12091,0.04417,0.09113,0.44406,0.16834,0.27572,15.13120,11.11054,0,7.83,32473.2
222800,742,1.032e-04,2.65646,0.05390,1.14033,0.03765,0.05235,0.06372,0.04872,0.35203,0.13602,0.21601,17.96770,11.50771,0,7.83,32486.0
222900,743,1.028e-04,3.35452,0.53217,0.58572,0.05209,0.10122,0.04692,0.09379,0.34324,0.14942,0.19382,37.08510,8.53595,0,7.87,32498.7
223000,743,1.028e-04,2.94783,0.34414,0.58394,0.06563,0.06225,0.05307,0.09512,0.20934,0.07613,0.13321,17.46532,7.19120,0,7.67,32511.7
223100,743,1.028e-04,3.57218,0.59491,0.84331,0.05587,0.09816,0.04826,0.07046,0.28731,0.16790,0.11941,33.86957,9.94128,0,7.85,32524.4
223200,744,1.024e-04,2.13917,0.33736,0.42208,0.03475,0.06705,0.02819,0.04416,0.23430,0.10800,0.12630,24.34419,9.77149,0,7.83,32537.2
223300,744,1.024e-04,3.39587,0.32823,0.63101,0.04235,0.12933,0.03865,0.10531,0.47040,0.16565,0.30476,26.36304,10.20449,0,7.85,32550.0
223400,744,1.024e-04,2.93280,0.30581,1.27906,0.06004,0.03823,0.03336,0.03968,0.25734,0.05134,0.20600,59.02574,8.32246,0,7.88,32562.6
223500,745,1.020e-04,2.19212,0.24895,0.33018,0.05200,0.05552,0.04727,0.06030,0.33107,0.12530,0.20577,24.97440,7.88700,0,7.88,32575.3
223600,745,1.020e-04,3.40006,0.69614,0.96080,0.04786,0.07972,0.03502,0.05845,0.43896,0.08187,0.35709,51.32944,10.66031,0,7.95,32587.9
223700,745,1.020e-04,2.59536,0.52279,0.38019,0.03009,0.08581,0.03510,0.07158,0.50471,0.25020,0.25451,29.67800,10.89225,0,7.80,32600.7
223800,746,1.016e-04,1.98714,0.22230,0.44774,0.04167,0.05427,0.03901,0.03252,0.27399,0.07883,0.19515,15.64564,9.80900,0,7.92,32613.4
223900,746,1.016e-04,2.44344,0.29181,0.22808,0.05266,0.08417,0.04468,0.06638,0.58765,0.28224,0.30541,17.15911,16.23951,0,7.84,32626.1
224000,746,1.016e-04,2.49389,0.55359,0.22487,0.06447,0.06156,0.05634,0.03468,0.40245,0.36156,0.04088,20.93742,9.09309,0,7.86,32638.8
224100,747,1.012e-04,2.50892,0.51799,0.65196,0.05292,0.04300,0.04204,0.03390,0.27109,0.13206,0.13903,12.24285,7.21982,0,7.83,32651.6
224200,747,1.012e-04,2.14594,0.54627,0.20083,0.04949,0.04631,0.05273,0.03544,0.56100,0.39851,0.16250,11.43081,18.07630,0,7.86,32664.3
224300,747,1.012e-04,2.59085,0.50181,0.25927,0.05920,0.06437,0.05724,0.06157,0.21285,0.07617,0.13668,19.49434,8.43943,0,7.90,32677.0
224400,748,1.008e-04,2.42804,0.33617,0.64742,0.04403,0.05607,0.02963,0.05907,0.19490,0.06732,0.12758,20.75194,6.32155,0,7.94,32689.6
224500,748,1.008e-04,2.22447,0.30626,0.41765,0.05681,0.05035,0.04740,0.03839,0.30292,0.12544,0.17748,20.11213,9.67680,0,7.80,32702.4
224600,748,1.008e-04,2.44506,0.34342,0.51817,0.04411,0.06737,0.03808,0.05566,0.38524,0.16549,0.21975,16.58838,10.79611,0,7.86,32715.1
224700,749,1.004e-04,2.14762,0.30669,0.37722,0.05465,0.05494,0.03475,0.03881,0.20733,0.03474,0.17259,21.00762,5.66024,0,7.84,32727.9
224800,749,1.004e-04,2.54419,0.41767,0.61951,0.04691,0.05678,0.03533,0.05868,0.23376,0.11749,0.11627,32.14172,7.54293,0,7.82,32740.7
224900,749,1.004e-04,2.50481,0.48820,0.25291,0.04609,0.07958,0.04106,0.06035,0.26529,0.09651,0.16877,15.69948,8.27751,0,7.86,32753.4
225000,750,1.000e-04,3.64045,0.41228,1.55202,0.05260,0.06594,0.04150,0.05667,0.35190,0.11692,0.23498,28.20398,10.85694,0,1.52,32819.3
225100,750,1.000e-04,3.41866,0.50558,0.80126,0.05491,0.09977,0.04726,0.06574,0.21260,0.05206,0.16053,37.86194,5.98292,0,7.47,32832.7
225200,750,1.000e-04,2.72254,0.35078,0.25363,0.04804,0.08197,0.03762,0.12598,0.51846,0.19133,0.32713,23.40927,13.25025,0,8.02,32845.1
225300,751,9.960e-05,2.98653,0.19854,0.71539,0.05570,0.07888,0.03150,0.11385,0.30055,0.16660,0.13395,28.09650,12.81019,0,7.83,32857.9
225400,751,9.960e-05,3.19919,0.67934,0.71854,0.04557,0.08457,0.03727,0.06270,0.28047,0.11745,0.16302,21.99389,13.86722,0,7.85,32870.6
225500,751,9.960e-05,3.10877,0.62558,0.59225,0.03036,0.08351,0.02974,0.12071,0.22722,0.09778,0.12944,27.07576,7.82413,0,7.90,32883.3
225600,752,9.920e-05,3.57496,0.43799,0.50990,0.06336,0.13134,0.05810,0.07792,0.35349,0.14455,0.20893,21.04362,10.10571,0,7.84,32896.1
225700,752,9.920e-05,2.35491,0.44694,0.46783,0.04629,0.05156,0.03862,0.05372,0.38226,0.17224,0.21002,16.01218,7.84911,0,7.88,32908.7
225800,752,9.920e-05,3.10999,0.62143,0.76864,0.04686,0.07531,0.04376,0.05587,0.43688,0.17192,0.26496,17.87189,10.93257,0,7.86,32921.5
225900,753,9.880e-05,3.09909,0.63108,0.33175,0.03475,0.11629,0.02797,0.09721,0.29504,0.08131,0.21373,26.84613,10.52689,0,7.84,32934.2
226000,753,9.880e-05,2.80901,0.49509,0.52983,0.05808,0.06122,0.04286,0.07536,0.36754,0.19255,0.17499,31.58582,10.27327,0,7.99,32946.7
226100,753,9.880e-05,2.07166,0.18938,0.29014,0.05151,0.05944,0.04497,0.05154,0.57487,0.10929,0.46558,12.92946,14.36144,0,8.07,32959.1
226200,754,9.840e-05,2.25448,0.28236,0.34433,0.04800,0.04986,0.03677,0.09307,0.33389,0.15385,0.18003,13.71832,8.62581,0,7.87,32971.8
226300,754,9.840e-05,2.74804,0.55153,0.38810,0.04530,0.08453,0.03740,0.06463,0.29076,0.11616,0.17460,31.46350,6.29681,0,7.83,32984.6
226400,754,9.840e-05,3.37747,0.84706,0.59906,0.03570,0.10016,0.02925,0.08529,0.28203,0.20897,0.07307,48.35994,9.66593,0,7.85,32997.3
226500,755,9.800e-05,2.60202,0.61682,0.46686,0.04861,0.05254,0.04461,0.05675,0.26212,0.04702,0.21510,32.46567,7.36184,0,8.03,33009.8
226600,755,9.800e-05,2.13508,0.35342,0.29557,0.05153,0.05795,0.03722,0.04104,0.46324,0.19605,0.26718,17.45006,13.43696,0,7.93,33022.4
226700,755,9.800e-05,2.64353,0.34046,0.38189,0.06758,0.06743,0.06697,0.04725,0.23239,0.13322,0.09918,20.16751,10.73126,0,7.88,33035.1
226800,756,9.760e-05,3.72559,0.33001,0.31906,0.04704,0.14168,0.03503,0.20284,0.54615,0.17604,0.37010,21.31495,9.84423,0,7.87,33047.8
226900,756,9.760e-05,2.83654,0.35255,0.72912,0.05518,0.07383,0.04182,0.05112,0.23681,0.06719,0.16962,18.20312,6.96336,0,7.84,33060.5
227000,756,9.760e-05,3.12753,0.48066,1.06628,0.05046,0.06275,0.04712,0.04258,0.24879,0.11303,0.13576,36.74107,8.04035,0,7.97,33073.1
227100,757,9.720e-05,2.45847,0.33456,0.68868,0.04947,0.05698,0.04084,0.03331,0.28491,0.11108,0.17383,21.53235,11.71028,0,7.86,33085.8
227200,757,9.720e-05,2.58014,0.42199,0.35745,0.05545,0.06518,0.04787,0.07101,0.36199,0.05097,0.31102,17.61716,13.24368,0,7.91,33098.4
227300,757,9.720e-05,2.92141,0.29786,0.69949,0.04446,0.09172,0.03734,0.07513,0.50914,0.21967,0.28947,23.88808,13.35513,0,7.84,33111.2
227400,758,9.680e-05,1.93966,0.08832,0.45868,0.04156,0.05997,0.03117,0.04430,0.41704,0.13110,0.28594,23.28401,12.22636,0,7.93,33123.8
227500,758,9.680e-05,3.02214,0.28195,0.88207,0.06195,0.07778,0.04536,0.04681,0.19971,0.03832,0.16139,44.76186,9.62663,0,7.94,33136.4
227600,758,9.680e-05,2.43369,0.25623,0.37662,0.04719,0.07580,0.04858,0.06561,0.24414,0.06020,0.18393,29.02606,10.75402,0,7.92,33149.0
227700,759,9.640e-05,3.02018,0.34220,0.58437,0.03983,0.10948,0.03161,0.08848,0.33530,0.15114,0.18416,24.43847,7.45765,0,8.11,33161.4
227800,759,9.640e-05,2.42267,0.15084,0.63258,0.05544,0.05715,0.04928,0.05338,0.32757,0.15847,0.16910,16.08920,15.05892,0,8.09,33173.7
227900,759,9.640e-05,2.19121,0.18670,0.43109,0.03777,0.06854,0.03969,0.06237,0.31846,0.11176,0.20670,16.24331,9.18443,0,7.92,33186.3
228000,760,9.600e-05,2.71826,0.41987,0.71254,0.05401,0.05454,0.06044,0.03965,0.30636,0.12470,0.18166,27.13854,6.81588,0,1.55,33250.8
228100,760,9.600e-05,4.04884,0.28422,1.03607,0.05784,0.12075,0.04616,0.14237,0.26312,0.07518,0.18794,28.36908,6.39816,0,7.51,33264.2
228200,760,9.600e-05,2.83720,0.43624,0.62275,0.04411,0.06964,0.03538,0.09275,0.32391,0.12091,0.20300,36.38705,10.53881,0,7.85,33276.9
228300,761,9.560e-05,4.76834,0.41043,0.72755,0.06737,0.13622,0.05849,0.26039,0.57648,0.13954,0.43693,30.57203,11.23572,0,7.88,33289.6
228400,761,9.560e-05,2.58883,0.33260,0.70989,0.05686,0.05180,0.05422,0.03773,0.19915,0.08265,0.11651,17.83636,8.71341,0,7.88,33302.3
228500,761,9.560e-05,2.72109,0.61146,0.31672,0.05703,0.07035,0.04332,0.06051,0.42124,0.07639,0.34485,16.24057,14.40157,0,7.97,33314.8
228600,762,9.520e-05,3.24678,0.59542,0.49037,0.06672,0.08652,0.04983,0.07588,0.45692,0.15953,0.29739,26.09700,19.04261,0,7.91,33327.5
228700,762,9.520e-05,2.15283,0.37555,0.48294,0.04029,0.04892,0.03951,0.04093,0.25724,0.06335,0.19389,25.59146,13.79690,0,7.92,33340.1
228800,762,9.520e-05,4.91012,0.67401,0.89051,0.05730,0.15676,0.05343,0.18756,0.30410,0.12768,0.17642,55.20933,9.67732,0,7.84,33352.9
228900,763,9.480e-05,2.46684,0.25878,0.55726,0.04434,0.07410,0.03034,0.06295,0.33521,0.14151,0.19370,26.49499,7.14894,0,7.87,33365.6
229000,763,9.480e-05,2.95993,0.36858,0.44860,0.08336,0.07137,0.05933,0.05974,0.40974,0.13668,0.27306,15.06400,10.29042,0,8.06,33378.0
229100,763,9.480e-05,2.47905,0.28299,0.67932,0.04040,0.06769,0.03659,0.05057,0.22943,0.16533,0.06410,21.91204,13.06658,0,8.04,33390.4
229200,764,9.440e-05,2.75852,0.56314,0.60923,0.04956,0.06038,0.05095,0.04639,0.22463,0.09050,0.13412,33.60083,5.94577,0,8.06,33402.8
229300,764,9.440e-05,1.85888,0.24676,0.11597,0.04276,0.05902,0.03540,0.06028,0.43724,0.07463,0.36261,19.50544,12.82577,0,7.90,33415.5
229400,764,9.440e-05,2.75346,0.30085,0.46820,0.04714,0.09291,0.04583,0.07096,0.18686,0.05447,0.13239,15.95867,6.40310,0,7.88,33428.2
229500,765,9.400e-05,2.91205,0.70999,0.56804,0.03203,0.09283,0.02337,0.05372,0.54282,0.11879,0.42404,31.94494,9.91151,0,7.87,33440.9
229600,765,9.400e-05,2.20865,0.29217,0.44547,0.04848,0.06070,0.04274,0.03309,0.33214,0.09603,0.23611,16.76375,7.65828,0,7.95,33453.5
229700,765,9.400e-05,2.92506,0.42238,0.75558,0.03639,0.08064,0.03803,0.07734,0.41285,0.27673,0.13612,49.19096,22.71620,0,7.91,33466.1
229800,766,9.360e-05,2.64560,0.35087,0.39577,0.06049,0.07238,0.04414,0.06992,0.47842,0.31882,0.15960,17.43043,12.86438,0,7.89,33478.8
229900,766,9.360e-05,2.44618,0.34819,0.71096,0.04351,0.05540,0.04743,0.03214,0.22748,0.10373,0.12375,36.97597,11.17222,0,8.08,33491.1
230000,766,9.360e-05,3.24559,0.66186,0.69843,0.05368,0.07872,0.04406,0.06820,0.30669,0.16197,0.14472,54.44991,9.84529,0,7.87,33503.9
230100,767,9.320e-05,2.86719,0.25976,0.80582,0.07069,0.06353,0.05575,0.03614,0.36490,0.24026,0.12464,20.25773,16.84873,0,7.84,33516.6
230200,767,9.320e-05,2.53105,0.54484,0.42246,0.05597,0.05435,0.04686,0.04525,0.48457,0.26256,0.22201,22.91439,13.65906,0,7.83,33529.4
230300,767,9.320e-05,2.97834,0.48559,0.56851,0.06540,0.07763,0.05577,0.04302,0.20479,0.10692,0.09787,24.39990,5.74336,0,7.84,33542.2
230400,768,9.280e-05,2.59727,0.30838,0.65991,0.05316,0.05623,0.05044,0.05657,0.73299,0.23773,0.49526,17.93645,17.21172,0,7.90,33554.8
230500,768,9.280e-05,2.51445,0.28732,0.51572,0.05580,0.06528,0.04198,0.05813,0.15153,0.10381,0.04772,25.14695,9.70754,0,7.93,33567.4
230600,768,9.280e-05,2.30039,0.23695,0.39614,0.04653,0.07886,0.03161,0.05108,0.36590,0.16587,0.20003,23.09515,10.94797,0,7.85,33580.2
230700,769,9.240e-05,2.67208,0.44535,0.79687,0.03827,0.06094,0.05324,0.03431,0.25261,0.13732,0.11529,29.47058,14.47422,0,7.86,33592.9
230800,769,9.240e-05,2.74592,0.39534,0.40666,0.04361,0.08837,0.03059,0.09424,0.20204,0.08882,0.11321,22.94666,8.22582,0,7.97,33605.4
230900,769,9.240e-05,1.72314,0.21284,0.17003,0.03753,0.05529,0.03092,0.05149,0.30205,0.13615,0.16590,21.83510,11.50432,0,7.88,33618.1
231000,770,9.200e-05,2.23144,0.61243,0.31823,0.03781,0.05671,0.03876,0.03236,0.17121,0.05802,0.11320,19.23574,6.69052,0,1.24,33699.0
231100,770,9.200e-05,3.47808,0.82680,0.88119,0.05062,0.07319,0.03847,0.06793,0.50205,0.20357,0.29847,49.54718,14.81242,0,7.47,33712.3
231200,770,9.200e-05,1.90722,0.18025,0.26343,0.04975,0.04634,0.05990,0.04062,0.56528,0.30232,0.26297,14.13827,14.12022,0,7.85,33725.1
231300,771,9.160e-05,2.71302,0.39183,0.38227,0.06394,0.07424,0.05295,0.05847,0.46657,0.07501,0.39157,21.30618,10.66905,0,7.78,33737.9
231400,771,9.160e-05,2.49271,0.38327,0.22809,0.05641,0.07550,0.05124,0.06122,0.38479,0.19629,0.18850,12.97285,11.78094,0,8.38,33749.9
231500,771,9.160e-05,1.89832,0.34777,0.18476,0.05055,0.04615,0.03744,0.04232,0.64765,0.33696,0.31069,23.75466,16.46253,0,8.06,33762.3
231600,772,9.120e-05,2.77551,0.41453,0.77918,0.05040,0.06033,0.04050,0.05439,0.25750,0.10352,0.15398,41.34731,8.20655,0,8.07,33774.7
231700,772,9.120e-05,2.24365,0.23269,0.43607,0.05050,0.06003,0.04496,0.04895,0.55812,0.19017,0.36795,9.53481,10.94372,0,7.99,33787.2
231800,772,9.120e-05,2.16833,0.19357,0.28353,0.04242,0.07801,0.04048,0.05691,0.43224,0.29012,0.14212,9.85223,9.43419,0,8.02,33799.7
231900,773,9.080e-05,2.22054,0.47204,0.35746,0.03348,0.06386,0.02962,0.05390,0.06801,0.03359,0.03442,16.88077,5.05184,0,7.96,33812.2
232000,773,9.080e-05,2.20470,0.46469,0.24957,0.04397,0.05850,0.04538,0.04778,0.42572,0.17985,0.24588,18.34520,9.97480,0,7.86,33825.0
232100,773,9.080e-05,2.43765,0.23763,0.41098,0.05294,0.08001,0.03300,0.05892,0.43667,0.21049,0.22618,12.52049,15.27119,0,7.83,33837.7
232200,774,9.040e-05,2.23126,0.22432,0.42693,0.05600,0.05945,0.04814,0.03697,0.44735,0.20786,0.23949,19.38441,15.69167,0,7.87,33850.4
232300,774,9.040e-05,2.36681,0.45950,0.34515,0.04979,0.06342,0.04197,0.04405,0.19890,0.12879,0.07011,19.24825,7.11774,0,7.76,33863.3
232400,774,9.040e-05,2.15510,0.44175,0.38746,0.04474,0.05236,0.02909,0.04189,0.46893,0.10744,0.36149,31.11958,11.71780,0,7.86,33876.0
232500,775,9.000e-05,1.81256,0.03584,0.52455,0.03491,0.05366,0.03446,0.03883,0.38793,0.11547,0.27246,12.69574,11.62401,0,8.06,33888.5
232600,775,9.000e-05,2.36855,0.27604,0.84943,0.04713,0.04307,0.03872,0.02949,0.31009,0.13596,0.17413,14.73664,9.17453,0,8.35,33900.4
232700,775,9.000e-05,2.45020,0.59131,0.64210,0.03384,0.05802,0.02533,0.03431,0.40297,0.19362,0.20935,28.18224,12.42388,0,7.90,33913.1
232800,776,8.960e-05,2.18894,0.27951,0.24505,0.05507,0.05698,0.04539,0.06338,0.35578,0.03927,0.31651,16.67562,8.82818,0,7.83,33925.9
232900,776,8.960e-05,2.81031,0.49824,0.55996,0.06210,0.06540,0.05244,0.04297,0.45837,0.22769,0.23068,19.43571,13.48037,0,7.97,33938.4
233000,776,8.960e-05,2.15916,0.29183,0.28415,0.05454,0.05320,0.05180,0.04937,0.48623,0.18370,0.30253,30.94026,15.52154,0,7.93,33951.0
233100,777,8.920e-05,3.08054,0.41895,1.00273,0.04695,0.07090,0.03040,0.06567,0.31300,0.10465,0.20835,32.10263,9.90563,0,7.88,33963.7
233200,777,8.920e-05,1.92293,0.21385,0.37924,0.04689,0.04630,0.03342,0.04616,0.21630,0.03278,0.18352,22.93897,6.59820,0,7.86,33976.4
233300,777,8.920e-05,2.69838,0.44132,0.59227,0.05897,0.06140,0.04848,0.04373,0.30739,0.09558,0.21181,28.22252,10.24123,0,7.94,33989.0
233400,778,8.880e-05,2.43059,0.39674,0.37017,0.05755,0.05831,0.04799,0.05303,0.32560,0.12342,0.20218,18.60538,9.74780,0,8.00,34001.5
233500,778,8.880e-05,3.00161,0.34353,0.56979,0.05068,0.09958,0.04202,0.07513,0.69314,0.36915,0.32399,18.29167,17.87268,0,7.87,34014.2
233600,778,8.880e-05,2.63622,0.22942,0.26721,0.05034,0.08992,0.08740,0.06000,0.27512,0.02862,0.24650,19.12580,6.58199,0,7.91,34026.9
233700,779,8.840e-05,2.17682,0.44199,0.34478,0.04178,0.04942,0.04431,0.05129,0.30620,0.05050,0.25570,17.34051,7.53023,0,7.91,34039.5
233800,779,8.840e-05,2.32296,0.13535,0.40657,0.05273,0.07189,0.04199,0.06499,0.47261,0.12694,0.34566,21.35427,9.35549,0,7.78,34052.4
233900,779,8.840e-05,1.96040,0.19746,0.56288,0.02978,0.04903,0.02764,0.05475,0.38931,0.18279,0.20652,13.05847,11.10137,0,7.91,34065.0
234000,780,8.800e-05,2.18961,0.53482,0.28209,0.04093,0.05627,0.03005,0.05009,0.28784,0.12481,0.16303,25.12171,12.51374,0,1.17,34150.6
234100,780,8.800e-05,2.83723,0.39944,0.61894,0.04318,0.08900,0.03910,0.06031,0.33416,0.10357,0.23059,34.10716,7.16659,0,7.07,34164.8
234200,780,8.800e-05,3.43708,0.85320,0.67653,0.05518,0.08664,0.04064,0.05720,0.41422,0.21198,0.20224,38.44204,11.85863,0,7.87,34177.5
234300,781,8.760e-05,2.50091,0.10497,1.03833,0.04882,0.04754,0.03898,0.03983,0.36248,0.17808,0.18440,20.00521,8.74170,0,7.84,34190.2
234400,781,8.760e-05,1.92062,0.07745,0.35838,0.04854,0.05943,0.04102,0.03998,0.50193,0.20780,0.29413,27.75189,12.32323,0,8.14,34202.5
234500,781,8.760e-05,2.05982,0.53985,0.27274,0.03549,0.05334,0.03294,0.03885,0.53074,0.20598,0.32476,20.15160,10.11068,0,7.94,34215.1
234600,782,8.720e-05,3.17581,0.60764,0.82413,0.06978,0.04985,0.05883,0.05072,0.18386,0.09708,0.08678,29.18502,5.65646,0,7.97,34227.7
234700,782,8.720e-05,2.39484,0.40942,0.55090,0.04403,0.05847,0.03759,0.04431,0.19312,0.07979,0.11333,24.25299,9.44108,0,8.00,34240.2
234800,782,8.720e-05,2.63427,0.34148,0.78088,0.04307,0.05892,0.03543,0.06297,0.26261,0.09144,0.17118,35.43132,12.75341,0,7.87,34252.9
234900,783,8.680e-05,4.55271,0.23460,0.85063,0.07253,0.17732,0.06004,0.13375,0.36769,0.14368,0.22401,26.52439,13.63009,0,7.92,34265.5
235000,783,8.680e-05,3.00688,0.52753,0.62256,0.05226,0.08046,0.04588,0.06004,0.49307,0.13793,0.35514,22.25439,11.46238,0,8.09,34277.9
235100,783,8.680e-05,2.22746,0.10943,0.30235,0.04432,0.08676,0.03621,0.06477,0.32352,0.16990,0.15362,13.85748,11.99600,0,7.83,34290.6
235200,784,8.640e-05,3.31134,0.33072,0.43466,0.06381,0.10392,0.05117,0.12256,0.14760,0.08520,0.06240,14.95341,5.36549,0,7.94,34303.2
235300,784,8.640e-05,3.31772,0.42522,1.19186,0.08648,0.03360,0.07650,0.02346,0.17797,0.06194,0.11603,55.30968,7.58794,0,8.25,34315.3
235400,784,8.640e-05,2.61291,0.17518,0.69856,0.04345,0.08633,0.03768,0.05059,0.38545,0.16484,0.22060,29.65389,15.03404,0,7.84,34328.1
235500,785,8.600e-05,2.36900,0.39077,0.36390,0.05714,0.05344,0.04672,0.05498,0.36818,0.24231,0.12587,27.67683,10.02659,0,7.97,34340.7
235600,785,8.600e-05,2.87350,0.27566,0.58066,0.04400,0.09180,0.03661,0.09523,0.24817,0.13457,0.11360,28.29455,8.25303,0,7.85,34353.4
235700,785,8.600e-05,3.33510,0.29615,0.62941,0.04566,0.11513,0.03634,0.12398,0.45853,0.10118,0.35735,26.51095,13.13256,0,7.90,34366.0
235800,786,8.560e-05,2.13368,0.39661,0.61406,0.03536,0.04556,0.03159,0.03116,0.24169,0.08620,0.15549,20.99117,8.35134,0,7.80,34378.9
235900,786,8.560e-05,2.52352,0.27009,0.55784,0.04619,0.07380,0.03756,0.06158,0.43687,0.20652,0.23035,17.99487,8.76085,0,8.13,34391.2
236000,786,8.560e-05,2.99390,0.55146,0.65159,0.08017,0.04715,0.06743,0.03611,0.46263,0.09544,0.36719,12.03375,10.67991,0,8.16,34403.4
236100,787,8.520e-05,2.42867,0.50778,0.69418,0.04007,0.04310,0.03623,0.04276,0.22661,0.17046,0.05615,17.87145,13.80553,0,8.09,34415.8
236200,787,8.520e-05,2.36652,0.47531,0.33311,0.04756,0.06665,0.04508,0.03812,0.56561,0.25070,0.31490,19.33408,11.93940,0,7.90,34428.4
236300,787,8.520e-05,1.89065,0.70049,0.04673,0.04479,0.03702,0.04012,0.02494,0.35430,0.25984,0.09445,22.83498,19.64643,0,7.88,34441.1
236400,788,8.480e-05,2.71435,0.50077,0.68228,0.06325,0.04669,0.05389,0.03250,0.21155,0.06930,0.14225,40.15582,9.78932,0,7.83,34453.9
236500,788,8.480e-05,3.45457,0.75410,0.82553,0.04564,0.07960,0.04645,0.07805,0.39832,0.31320,0.08512,32.94726,14.56875,0,7.87,34466.6
236600,788,8.480e-05,2.58200,0.27036,0.66145,0.05042,0.06748,0.03566,0.05856,0.45284,0.20653,0.24631,18.35378,13.91550,0,8.07,34479.0
236700,789,8.440e-05,2.35314,0.34533,0.29299,0.04578,0.07499,0.03871,0.06271,0.36288,0.19936,0.16352,35.32499,14.42366,0,8.00,34491.5
236800,789,8.440e-05,2.38802,0.09339,0.60144,0.05246,0.06331,0.04517,0.06192,0.29969,0.06529,0.23440,25.21812,10.47455,0,8.40,34503.4
236900,789,8.440e-05,2.35763,0.26373,0.42597,0.05293,0.04099,0.04584,0.09990,0.25858,0.11064,0.14794,16.87136,8.98708,0,8.09,34515.7
237000,790,8.400e-05,3.68776,1.42950,0.40051,0.05148,0.07987,0.03952,0.06932,0.32949,0.13251,0.19698,49.33241,15.39680,0,1.22,34597.4
237100,790,8.400e-05,2.64833,0.22684,0.63874,0.05520,0.08404,0.04632,0.03176,0.26492,0.17079,0.09413,47.43266,9.84680,0,7.39,34611.0
237200,790,8.400e-05,2.89346,0.77934,0.79183,0.03790,0.05486,0.04009,0.03886,0.32161,0.10021,0.22141,56.95879,8.06873,0,7.76,34623.8
237300,791,8.360e-05,2.81023,0.19894,0.46588,0.04998,0.10301,0.03493,0.08817,0.31846,0.20130,0.11716,23.85794,9.53009,0,8.06,34636.2
237400,791,8.360e-05,1.84489,0.17789,0.50283,0.04075,0.04334,0.03882,0.02582,0.21127,0.09277,0.11850,34.82077,10.36665,0,7.94,34648.8
237500,791,8.360e-05,3.33476,0.40332,1.68055,0.03393,0.06016,0.02386,0.03815,0.14511,0.03874,0.10638,100.41731,9.58045,0,7.79,34661.7
237600,792,8.320e-05,2.63544,0.39322,0.69986,0.04130,0.07060,0.03342,0.05126,0.39303,0.21662,0.17641,14.73887,10.81230,0,7.70,34674.7
237700,792,8.320e-05,2.67846,0.56911,0.23179,0.05561,0.08082,0.04825,0.05441,0.35451,0.05735,0.29715,11.27689,6.18770,0,7.85,34687.4
237800,792,8.320e-05,2.67049,0.37035,0.96456,0.04969,0.03806,0.03686,0.05476,0.25475,0.14816,0.10659,72.96811,11.41867,0,7.92,34700.0
237900,793,8.280e-05,3.06611,0.92015,0.49915,0.06082,0.05284,0.04427,0.05778,0.49915,0.35938,0.13977,28.35205,22.62473,0,8.65,34711.6
238000,793,8.280e-05,3.16563,0.75709,0.76835,0.06083,0.05343,0.05619,0.04335,0.27463,0.12544,0.14919,20.55716,12.33246,0,8.91,34722.8
238100,793,8.280e-05,2.29611,0.10409,0.67485,0.04112,0.07264,0.03394,0.04196,0.14829,0.10209,0.04620,32.15175,4.59970,0,8.32,34734.8
238200,794,8.240e-05,2.85720,0.62210,0.62447,0.04806,0.06231,0.03687,0.06452,0.30523,0.17164,0.13359,38.50283,10.11659,0,7.85,34747.5
238300,794,8.240e-05,2.69798,0.35996,0.64787,0.05699,0.05520,0.04844,0.06520,0.42597,0.20517,0.22080,22.36904,16.52701,0,7.81,34760.4
238400,794,8.240e-05,3.19705,0.55128,1.20094,0.04881,0.05812,0.04192,0.03319,0.45769,0.22913,0.22857,50.82963,17.14217,0,7.86,34773.1
238500,795,8.200e-05,1.90824,0.29560,0.48896,0.03974,0.03927,0.02766,0.03907,0.17156,0.04547,0.12609,15.43991,5.83856,0,8.05,34785.5
238600,795,8.200e-05,2.56392,0.49668,0.28296,0.06016,0.06758,0.04914,0.05224,0.50776,0.22388,0.28388,22.05114,20.45078,0,7.88,34798.2
238700,795,8.200e-05,4.46508,0.52957,1.26802,0.03220,0.12726,0.03067,0.18391,0.35586,0.19626,0.15961,66.29269,17.38513,0,7.83,34811.0
238800,796,8.160e-05,3.37662,0.78121,0.67138,0.07203,0.06609,0.05624,0.05234,0.30185,0.13005,0.17181,23.18084,11.66791,0,7.96,34823.5
238900,796,8.160e-05,1.79136,0.31976,0.22940,0.03873,0.04892,0.04046,0.03268,0.59584,0.22828,0.36756,14.36598,15.33951,0,8.17,34835.8
239000,796,8.160e-05,2.53993,0.34922,0.90242,0.03906,0.05543,0.03296,0.03570,0.38909,0.11517,0.27391,56.99812,10.82890,0,7.80,34848.6
239100,797,8.120e-05,2.98301,0.49025,1.17598,0.03107,0.06366,0.03356,0.04035,0.24584,0.11249,0.13334,20.17146,8.40115,0,8.05,34861.0
239200,797,8.120e-05,2.66570,0.37930,0.51907,0.07605,0.04778,0.06842,0.03738,0.39996,0.16553,0.23443,23.17106,13.36438,0,7.92,34873.6
239300,797,8.120e-05,2.64107,0.46693,0.62713,0.05665,0.05182,0.04980,0.04267,0.25817,0.10067,0.15750,25.41603,8.68850,0,7.95,34886.2
239400,798,8.080e-05,3.51310,0.60103,0.45900,0.03731,0.12810,0.03211,0.12769,0.55203,0.27753,0.27450,37.43383,30.15850,0,7.94,34898.8
239500,798,8.080e-05,2.36451,0.36448,0.38545,0.03250,0.07887,0.04262,0.05757,0.31640,0.11636,0.20003,22.89622,8.52305,0,7.78,34911.7
239600,798,8.080e-05,2.29250,0.38776,0.30885,0.05707,0.05821,0.04633,0.04229,0.53889,0.28287,0.25602,13.92829,11.89465,0,7.77,34924.5
239700,799,8.040e-05,2.84689,0.28072,1.03780,0.03919,0.07234,0.03135,0.05126,0.29319,0.12630,0.16690,28.27084,14.48001,0,7.83,34937.3
239800,799,8.040e-05,1.95851,0.45699,0.21471,0.03825,0.04567,0.03582,0.05371,0.39201,0.13359,0.25842,17.83661,9.17997,0,7.93,34949.9
239900,799,8.040e-05,3.56944,0.35854,0.96671,0.07401,0.08471,0.06298,0.06840,0.27025,0.09457,0.17568,28.93852,9.62445,0,7.89,34962.6
240000,800,8.000e-05,2.90672,0.73111,0.45484,0.05226,0.07189,0.04002,0.05583,0.20548,0.08889,0.11658,22.99155,9.96424,0,1.52,35028.6
240100,800,8.000e-05,3.13897,0.40512,1.06567,0.05559,0.05891,0.04570,0.05893,0.27311,0.13171,0.14140,24.32125,9.93573,0,7.69,35041.6
240200,800,8.000e-05,4.14567,0.29996,1.11955,0.04187,0.14211,0.03330,0.14396,0.49894,0.17945,0.31949,34.24988,8.65918,0,7.88,35054.3
240300,801,7.960e-05,2.69090,0.43247,0.68215,0.04618,0.06997,0.03547,0.04749,0.23367,0.09053,0.14314,35.46883,7.92046,0,7.80,35067.1
240400,801,7.960e-05,2.30628,0.29343,0.45532,0.04576,0.06659,0.03637,0.05043,0.40483,0.19362,0.21121,31.27845,10.70334,0,7.88,35079.8
240500,801,7.960e-05,2.77525,0.13845,0.83467,0.05869,0.05834,0.03973,0.08663,0.31658,0.17434,0.14224,51.19055,15.51742,0,7.76,35092.7
240600,802,7.920e-05,3.47739,0.35944,0.45622,0.05716,0.12339,0.05109,0.12016,0.36061,0.29229,0.06832,24.24582,19.43829,0,7.80,35105.5
240700,802,7.920e-05,2.28588,0.28283,0.28411,0.05681,0.07114,0.04133,0.04656,0.51514,0.27932,0.23581,22.94563,11.39874,0,7.90,35118.2
240800,802,7.920e-05,2.54494,0.23637,0.81589,0.04285,0.06658,0.03223,0.04744,0.18405,0.09317,0.09087,37.57968,9.88948,0,7.97,35130.7
240900,803,7.880e-05,2.02273,0.15684,0.47800,0.04677,0.04405,0.04590,0.05004,0.18301,0.08578,0.09723,16.42337,11.64536,0,8.01,35143.2
241000,803,7.880e-05,2.09956,0.40921,0.20245,0.04812,0.05636,0.05335,0.03527,0.18283,0.06265,0.12018,22.04296,10.86998,0,7.95,35155.8
241100,803,7.880e-05,2.43668,0.12646,0.68450,0.03448,0.08406,0.03403,0.05404,0.48339,0.13242,0.35098,23.91447,14.84427,0,7.84,35168.5
241200,804,7.840e-05,2.58679,0.53204,0.43396,0.04927,0.06268,0.03899,0.06129,0.40592,0.21667,0.18925,25.09408,13.61075,0,7.79,35181.3
241300,804,7.840e-05,3.20749,0.33379,0.50451,0.04231,0.08978,0.03088,0.17879,0.18027,0.14826,0.03202,38.91890,12.14468,0,7.85,35194.1
241400,804,7.840e-05,3.09964,0.42843,0.40457,0.06472,0.09099,0.05313,0.08879,0.43972,0.17070,0.26902,44.34930,11.45179,0,7.83,35206.9
241500,805,7.800e-05,3.48611,0.54174,1.39102,0.03412,0.07410,0.02969,0.06453,0.40928,0.23950,0.16978,34.34523,20.44503,0,7.84,35219.6
241600,805,7.800e-05,2.21285,0.39474,0.28257,0.06545,0.04265,0.05496,0.03595,0.31668,0.12114,0.19554,27.60665,15.13078,0,7.87,35232.3
241700,805,7.800e-05,1.78271,0.37508,0.31406,0.03928,0.03531,0.03131,0.03822,0.24627,0.11209,0.13418,40.19967,10.46429,0,7.71,35245.3
241800,806,7.760e-05,2.28298,0.38633,0.50322,0.04095,0.06197,0.03213,0.04072,0.30077,0.15288,0.14789,21.36572,9.28791,0,7.76,35258.2
241900,806,7.760e-05,2.71262,0.56845,0.62072,0.06774,0.04549,0.05379,0.02445,0.18458,0.10345,0.08112,27.44293,9.08425,0,7.80,35271.0
242000,806,7.760e-05,2.17783,0.35884,0.31856,0.04001,0.07166,0.03340,0.04335,0.34376,0.10013,0.24363,17.55348,10.59830,0,7.79,35283.8
242100,807,7.720e-05,2.77425,0.51092,0.90723,0.04544,0.03761,0.05218,0.05293,0.13198,0.06659,0.06540,42.61603,7.97574,0,8.45,35295.7
242200,807,7.720e-05,2.47464,0.49262,0.39361,0.05008,0.06293,0.04293,0.04873,0.59671,0.35960,0.23712,14.28868,15.25889,0,7.75,35308.6
242300,807,7.720e-05,3.05682,0.68610,0.50339,0.05609,0.08187,0.04255,0.05500,0.22925,0.08123,0.14802,26.99876,12.72194,0,7.80,35321.4
242400,808,7.680e-05,3.33806,1.02641,0.71623,0.05145,0.05705,0.05306,0.04903,0.35447,0.19311,0.16135,25.24888,13.32036,0,7.90,35334.0
242500,808,7.680e-05,3.65423,0.55840,0.36492,0.06490,0.12669,0.04126,0.12172,0.25563,0.15528,0.10035,17.52914,9.67174,0,7.86,35346.8
242600,808,7.680e-05,1.74937,0.29646,0.23012,0.03864,0.04981,0.03518,0.03246,0.42252,0.23665,0.18587,11.47619,15.03382,0,7.91,35359.4
242700,809,7.640e-05,2.37105,0.42983,0.06723,0.06890,0.05979,0.05534,0.06207,0.51864,0.29410,0.22455,14.63888,13.69422,0,7.76,35372.3
242800,809,7.640e-05,2.75231,0.48478,0.30970,0.05298,0.08958,0.04137,0.06507,0.27688,0.06842,0.20846,22.60789,7.55974,0,7.76,35385.2
242900,809,7.640e-05,2.86539,0.84986,0.51104,0.05016,0.05281,0.03718,0.05779,0.40262,0.07146,0.33116,42.30000,24.79161,0,7.85,35397.9
243000,810,7.600e-05,3.05095,0.43506,0.96793,0.04599,0.07402,0.04055,0.04901,0.18749,0.04983,0.13766,32.83406,5.26173,0,1.46,35466.3
243100,810,7.600e-05,2.37406,0.53958,0.41212,0.04344,0.04521,0.04698,0.06020,0.31207,0.03503,0.27704,21.18572,20.27959,0,7.44,35479.7
243200,810,7.600e-05,2.93934,0.20543,0.56391,0.04349,0.08788,0.03824,0.13301,0.17270,0.08173,0.09097,23.33391,8.46215,0,8.06,35492.1
243300,811,7.560e-05,2.32315,0.51823,0.10741,0.06050,0.05613,0.04616,0.06007,0.31826,0.03775,0.28051,23.17173,7.52796,0,7.82,35504.9
243400,811,7.560e-05,1.90479,0.37025,0.14814,0.04719,0.05363,0.04281,0.03285,0.41532,0.13700,0.27832,20.29783,10.20636,0,7.78,35517.7
243500,811,7.560e-05,3.68029,0.61620,0.76795,0.04722,0.10830,0.03797,0.11021,0.31121,0.12732,0.18389,29.76307,12.37003,0,7.81,35530.6
243600,812,7.520e-05,3.11707,0.40741,0.67301,0.07167,0.07513,0.05459,0.05914,0.28443,0.07618,0.20825,11.64636,6.72465,0,7.82,35543.3
243700,812,7.520e-05,2.91882,0.31167,1.20635,0.03936,0.06206,0.03118,0.04613,0.41604,0.17056,0.24548,27.80140,12.92976,0,7.90,35556.0
243800,812,7.520e-05,3.47643,0.29301,0.79449,0.04306,0.11526,0.03585,0.12529,0.29094,0.11361,0.17733,23.35328,10.10931,0,7.85,35568.8
243900,813,7.480e-05,2.96232,0.76905,0.70933,0.04991,0.05688,0.04284,0.04037,0.38508,0.14904,0.23604,33.08150,13.48403,0,7.82,35581.5
244000,813,7.480e-05,2.40821,0.51983,0.46145,0.04393,0.05784,0.02853,0.05332,0.36854,0.16582,0.20272,15.08358,11.04881,0,7.74,35594.5
244100,813,7.480e-05,3.03032,0.75067,0.69500,0.04798,0.06783,0.03425,0.05106,0.40981,0.16580,0.24400,54.72657,17.47367,0,7.82,35607.2
244200,814,7.440e-05,2.01082,0.20792,0.64553,0.03697,0.05065,0.02982,0.02643,0.49564,0.13679,0.35885,37.27665,17.74026,0,8.19,35619.4
244300,814,7.440e-05,2.75104,0.42447,0.30690,0.03752,0.09347,0.02817,0.11379,0.40636,0.21514,0.19123,25.38124,13.51396,0,7.74,35632.4
244400,814,7.440e-05,2.18179,0.28338,0.57564,0.04617,0.04522,0.03587,0.04591,0.21494,0.10097,0.11398,24.47161,13.30874,0,7.87,35645.1
244500,815,7.400e-05,2.38285,0.40877,0.63933,0.05346,0.04242,0.04632,0.02886,0.43251,0.18917,0.24335,33.11882,15.28545,0,7.82,35657.9
244600,815,7.400e-05,1.63060,0.29769,0.21618,0.04691,0.03579,0.03323,0.02471,0.22964,0.16024,0.06940,17.92525,11.38418,0,7.84,35670.6
244700,815,7.400e-05,2.11331,0.28985,0.45267,0.03949,0.05557,0.02788,0.05615,0.20163,0.10958,0.09205,11.97304,8.25601,0,7.81,35683.4
244800,816,7.360e-05,2.62467,0.28721,0.55188,0.07849,0.04578,0.06757,0.04100,0.50141,0.24434,0.25707,21.38933,11.48074,0,7.85,35696.2
244900,816,7.360e-05,3.33306,0.48778,0.61684,0.08679,0.06733,0.08447,0.05298,0.36490,0.09743,0.26748,13.82897,5.60625,0,7.75,35709.1
245000,816,7.360e-05,2.04626,0.30195,0.17063,0.06618,0.04246,0.06051,0.03695,0.22944,0.11389,0.11555,25.96589,10.30535,0,7.82,35721.8
245100,817,7.320e-05,2.71423,0.29004,0.71929,0.05495,0.06090,0.04610,0.06318,0.38225,0.10730,0.27496,14.79204,10.86717,0,7.88,35734.5
245200,817,7.320e-05,1.71230,0.09990,0.37549,0.03311,0.05760,0.02586,0.04010,0.31924,0.12723,0.19202,21.71702,10.12007,0,7.85,35747.3
245300,817,7.320e-05,2.30568,0.42847,0.36642,0.03772,0.06878,0.04162,0.04752,0.40481,0.22279,0.18202,17.42595,12.60255,0,7.77,35760.2
245400,818,7.280e-05,3.05463,0.22602,1.31739,0.04660,0.06548,0.03125,0.04683,0.55575,0.30234,0.25341,26.90264,22.23408,0,7.97,35772.7
245500,818,7.280e-05,2.81455,0.69468,0.41101,0.05528,0.05853,0.04068,0.07350,0.57892,0.31868,0.26024,27.70778,11.75968,0,7.87,35785.4
245600,818,7.280e-05,1.80086,0.28296,0.13473,0.03721,0.06182,0.02850,0.05006,0.38698,0.11799,0.26898,18.23566,11.38099,0,7.83,35798.2
245700,819,7.240e-05,2.91667,0.52829,0.64636,0.06863,0.05454,0.05362,0.04844,0.31914,0.06361,0.25554,17.24916,13.79556,0,7.79,35811.0
245800,819,7.240e-05,2.04817,0.43893,0.40554,0.04988,0.03553,0.03767,0.03225,0.42444,0.23115,0.19329,17.86264,8.98278,0,8.00,35823.5
245900,819,7.240e-05,2.74084,0.41389,1.01564,0.04076,0.04998,0.03542,0.04536,0.12569,0.04437,0.08133,20.42950,6.73797,0,8.46,35835.3
246000,820,7.200e-05,2.49952,0.46219,0.08827,0.05196,0.08317,0.04245,0.07709,0.47850,0.17419,0.30430,14.41728,12.42614,0,1.47,35903.5
246100,820,7.200e-05,3.22539,1.16476,0.43849,0.06123,0.05687,0.04599,0.04223,0.44945,0.15052,0.29893,57.38392,17.83624,0,7.38,35917.0
246200,820,7.200e-05,3.20686,0.69621,0.73120,0.06495,0.06138,0.05649,0.04674,0.50915,0.14301,0.36614,24.84710,20.33054,0,7.72,35930.0
246300,821,7.160e-05,3.20327,0.75060,0.44280,0.04961,0.08232,0.04024,0.09788,0.42606,0.22589,0.20017,19.02386,13.92098,0,7.94,35942.6
246400,821,7.160e-05,2.56948,0.22558,1.03180,0.05079,0.04708,0.03146,0.03523,0.24617,0.04934,0.19683,44.18851,8.29625,0,7.87,35955.3
246500,821,7.160e-05,1.84329,0.32655,0.49898,0.03355,0.03874,0.02954,0.02943,0.31992,0.09431,0.22562,19.62743,8.37089,0,7.78,35968.1
246600,822,7.120e-05,3.25094,0.54521,0.71728,0.08625,0.05189,0.07706,0.04434,0.28080,0.04769,0.23310,27.81010,8.23617,0,7.72,35981.1
246700,822,7.120e-05,2.06529,0.14043,0.40780,0.05479,0.04945,0.03649,0.05845,0.42457,0.22523,0.19934,16.64065,13.55279,0,7.82,35993.9
246800,822,7.120e-05,2.52369,0.31620,0.60850,0.03541,0.08137,0.03241,0.05383,0.32823,0.16336,0.16487,46.54668,16.24195,0,7.90,36006.5
246900,823,7.080e-05,2.70934,0.43547,0.58554,0.04404,0.07597,0.04631,0.05133,0.37498,0.11086,0.26412,37.35866,8.37237,0,8.04,36019.0
247000,823,7.080e-05,2.28957,0.43094,0.52197,0.03889,0.05578,0.03371,0.04427,0.29981,0.09770,0.20212,66.51994,17.33356,0,7.75,36031.9
247100,823,7.080e-05,2.62442,0.26268,0.22293,0.05155,0.10207,0.03958,0.08093,0.17791,0.06029,0.11763,23.04734,7.74052,0,7.83,36044.6
247200,824,7.040e-05,2.71577,0.14785,0.70379,0.04484,0.08800,0.03607,0.07108,0.48216,0.19097,0.29119,13.74607,20.30815,0,7.75,36057.5
247300,824,7.040e-05,2.23765,0.20149,0.72127,0.03865,0.05813,0.02996,0.03945,0.16572,0.09537,0.07035,17.08895,7.58578,0,7.89,36070.2
247400,824,7.040e-05,2.45681,0.30232,0.40735,0.04575,0.07494,0.05352,0.05454,0.32111,0.18677,0.13434,35.23485,12.45197,0,7.87,36082.9
247500,825,7.000e-05,3.71679,0.58020,0.81478,0.08275,0.08863,0.06576,0.05585,0.27109,0.13244,0.13865,33.21557,13.01198,0,7.80,36095.7
247600,825,7.000e-05,2.91724,0.52207,0.42532,0.05805,0.08160,0.04946,0.06521,0.28489,0.07656,0.20833,24.82717,7.87602,0,7.76,36108.6
247700,825,7.000e-05,2.13197,0.33146,0.37861,0.04245,0.06484,0.03105,0.03875,0.23212,0.05043,0.18169,27.23209,7.60454,0,7.67,36121.7
247800,826,6.960e-05,2.25564,0.14835,0.40299,0.06442,0.06521,0.04104,0.04056,0.27782,0.05478,0.22303,30.37845,11.87735,0,7.83,36134.4
247900,826,6.960e-05,2.47871,0.40835,0.33420,0.05197,0.07413,0.03203,0.06300,0.50275,0.12279,0.37995,19.77740,16.60091,0,7.85,36147.2
248000,826,6.960e-05,2.33820,0.43715,0.61689,0.04120,0.05019,0.03854,0.03552,0.42709,0.08201,0.34508,39.25332,10.47886,0,7.89,36159.9
248100,827,6.920e-05,2.70038,0.60198,0.63044,0.05866,0.04520,0.04401,0.04185,0.20588,0.13249,0.07340,27.14803,10.58946,0,8.24,36172.0
248200,827,6.920e-05,2.14030,0.29573,0.21865,0.06129,0.05363,0.05006,0.04527,0.16209,0.08636,0.07574,19.30464,9.04652,0,8.06,36184.4
248300,827,6.920e-05,2.98329,0.41521,0.86552,0.04371,0.08291,0.04110,0.04619,0.37485,0.14807,0.22678,29.53861,11.08561,0,7.79,36197.3
248400,828,6.880e-05,2.36719,0.18627,0.65563,0.04471,0.06320,0.04050,0.04874,0.38060,0.14348,0.23712,17.96627,8.34956,0,7.84,36210.0
248500,828,6.880e-05,2.50012,0.16549,0.80970,0.04508,0.05859,0.03706,0.06059,0.34706,0.05266,0.29440,12.68704,10.95112,0,8.01,36222.5
248600,828,6.880e-05,3.24960,0.40370,0.52413,0.08576,0.07982,0.08715,0.04603,0.22434,0.05588,0.16846,24.90388,9.81040,0,8.07,36234.9
248700,829,6.840e-05,2.52230,0.42365,0.56088,0.04721,0.06447,0.03558,0.04860,0.31833,0.12191,0.19643,24.42227,10.47916,0,7.96,36247.4
248800,829,6.840e-05,3.27721,0.58432,0.63450,0.06604,0.08288,0.05190,0.06194,0.31550,0.05025,0.26525,28.11290,9.91766,0,7.84,36260.2
248900,829,6.840e-05,3.09981,0.68681,0.26993,0.06148,0.09847,0.05206,0.05665,0.14086,0.06517,0.07569,17.29213,5.29362,0,7.85,36272.9
249000,830,6.800e-05,2.58232,0.36344,0.40249,0.04035,0.06918,0.03435,0.10987,0.27152,0.06651,0.20501,33.05495,9.55758,0,1.24,36353.6
249100,830,6.800e-05,1.75307,0.14051,0.19581,0.03745,0.06698,0.02778,0.04671,0.32186,0.11914,0.20272,11.00691,8.27549,0,7.50,36367.0
249200,830,6.800e-05,3.14573,0.59339,1.03099,0.04585,0.06365,0.04072,0.04453,0.28239,0.12687,0.15552,20.72309,10.43516,0,7.83,36379.7
249300,831,6.760e-05,2.77527,0.32426,0.65196,0.04966,0.06798,0.03729,0.08724,0.39296,0.18866,0.20430,27.70636,13.04145,0,7.82,36392.5
249400,831,6.760e-05,2.26347,0.43880,0.39189,0.03685,0.06720,0.02938,0.04909,0.70719,0.28615,0.42104,15.67373,14.55029,0,7.83,36405.3
249500,831,6.760e-05,2.69774,0.36638,0.44654,0.07521,0.05697,0.06155,0.05106,0.49606,0.10880,0.38726,18.60404,15.76140,0,7.84,36418.0
249600,832,6.720e-05,2.98594,0.73671,0.44389,0.06492,0.07021,0.04032,0.05049,0.49520,0.20116,0.29404,30.38192,14.39460,0,7.85,36430.8
249700,832,6.720e-05,2.34119,0.45888,0.38270,0.04755,0.06165,0.03687,0.04466,0.33063,0.09148,0.23915,12.22160,10.63115,0,7.77,36443.7
249800,832,6.720e-05,1.94532,0.32985,0.43866,0.05212,0.03559,0.03966,0.02029,0.16640,0.09505,0.07134,28.19785,7.44807,0,7.74,36456.6
249900,833,6.680e-05,2.41488,0.64465,0.46013,0.04231,0.05334,0.04058,0.03015,0.36785,0.08145,0.28640,26.04547,10.46154,0,7.79,36469.4
250000,833,6.680e-05,2.61115,0.31505,0.69509,0.03738,0.06905,0.03611,0.07123,0.33757,0.07769,0.25988,19.15892,10.29888,0,8.13,36481.7
250100,833,6.680e-05,2.51826,0.43957,0.99881,0.03599,0.04099,0.02752,0.03449,0.22907,0.07716,0.15191,79.89520,8.40936,0,8.11,36494.0
250200,834,6.640e-05,3.43316,0.61569,1.24311,0.05856,0.05207,0.05556,0.03804,0.27494,0.06163,0.21331,66.90893,10.71517,0,8.07,36506.4
250300,834,6.640e-05,3.69774,0.12231,1.17456,0.07636,0.09340,0.06228,0.07838,0.36119,0.14101,0.22017,41.57177,12.44050,0,7.92,36519.1
250400,834,6.640e-05,2.07966,0.21763,0.60389,0.03864,0.04928,0.03141,0.04437,0.16345,0.06063,0.10281,16.86702,8.85001,0,7.96,36531.6
250500,835,6.600e-05,2.29926,0.28463,0.36738,0.04956,0.06898,0.04374,0.04863,0.58417,0.21607,0.36810,25.86955,14.04927,0,7.86,36544.3
250600,835,6.600e-05,2.42972,0.39505,0.47874,0.05875,0.05411,0.04991,0.03557,0.45883,0.21390,0.24493,28.16496,9.65064,0,7.75,36557.2
250700,835,6.600e-05,2.30111,0.47685,0.62045,0.04153,0.04505,0.03526,0.03234,0.28190,0.06409,0.21781,19.00183,8.17512,0,7.79,36570.1
250800,836,6.560e-05,3.10743,0.47924,0.91512,0.03925,0.08735,0.02845,0.06097,0.26185,0.10398,0.15787,20.13609,10.22352,0,7.84,36582.8
250900,836,6.560e-05,3.20067,0.37442,0.80281,0.05649,0.07637,0.06370,0.07526,0.41707,0.09930,0.31777,17.28300,7.80002,0,7.76,36595.7
251000,836,6.560e-05,2.50458,0.25472,0.82935,0.06284,0.03755,0.05270,0.03062,0.36747,0.10115,0.26631,28.27135,9.63021,0,7.80,36608.5
251100,837,6.520e-05,2.13804,0.16917,0.57593,0.05052,0.04580,0.04414,0.04181,0.38362,0.16755,0.21607,21.81328,9.85672,0,7.86,36621.3
251200,837,6.520e-05,2.17449,0.41073,0.29379,0.06934,0.03845,0.05041,0.02800,0.28421,0.18147,0.10274,20.26805,10.37784,0,7.83,36634.0
251300,837,6.520e-05,2.16023,0.10093,0.48013,0.02955,0.06625,0.05716,0.06707,0.38381,0.17428,0.20953,19.42032,14.61961,0,7.83,36646.8
251400,838,6.480e-05,2.58394,0.54380,0.69929,0.04357,0.04946,0.03652,0.04558,0.26913,0.16907,0.10006,26.94452,12.57873,0,7.84,36659.6
251500,838,6.480e-05,2.18058,0.16834,0.53732,0.04321,0.06069,0.03326,0.05393,0.31481,0.20380,0.11101,33.54425,9.83444,0,7.75,36672.5
251600,838,6.480e-05,2.26923,0.40550,0.36068,0.04126,0.06468,0.03560,0.05313,0.55871,0.18026,0.37845,12.13527,11.35869,0,7.75,36685.4
251700,839,6.440e-05,2.63244,0.49935,0.56194,0.05326,0.06188,0.04217,0.04179,0.13654,0.04706,0.08949,25.94173,10.47161,0,7.79,36698.2
251800,839,6.440e-05,2.10056,0.20417,0.63274,0.03887,0.05127,0.02893,0.04351,0.45680,0.24160,0.21521,45.20202,12.35890,0,7.79,36711.1
251900,839,6.440e-05,2.15770,0.27701,0.56794,0.05088,0.04394,0.04256,0.03034,0.29137,0.11911,0.17226,38.62631,9.46570,0,7.82,36723.9
252000,840,6.400e-05,2.44150,0.60070,0.25718,0.06020,0.05326,0.05057,0.03921,0.30186,0.09661,0.20525,37.45111,9.66382,0,1.54,36788.8
252100,840,6.400e-05,2.37971,0.27205,0.63768,0.04794,0.05995,0.04429,0.03392,0.30056,0.08212,0.21844,32.19004,11.75847,0,7.52,36802.0
252200,840,6.400e-05,2.23151,0.38416,0.17154,0.05202,0.06697,0.03908,0.05811,0.34769,0.10440,0.24329,48.00980,9.39671,0,7.93,36814.7
252300,841,6.360e-05,2.32371,0.16026,0.57823,0.04207,0.06416,0.03634,0.06822,0.44313,0.08052,0.36261,27.47891,12.91016,0,7.84,36827.4
252400,841,6.360e-05,3.99314,0.44829,1.59234,0.04505,0.08414,0.04217,0.08996,0.31754,0.21618,0.10136,56.02359,17.25976,0,7.85,36840.2
252500,841,6.360e-05,2.63195,0.45234,0.29968,0.04833,0.07568,0.03830,0.08967,0.23023,0.11746,0.11277,25.68492,12.22877,0,7.84,36852.9
252600,842,6.320e-05,1.99500,0.52948,0.36377,0.04608,0.03516,0.03100,0.02687,0.30080,0.06618,0.23461,14.48199,9.54951,0,7.90,36865.6
252700,842,6.320e-05,3.46079,0.26916,1.02039,0.05424,0.08547,0.04555,0.10926,0.19141,0.03571,0.15570,48.78325,8.38186,0,7.85,36878.3
252800,842,6.320e-05,1.79461,0.32446,0.26936,0.02364,0.04938,0.02366,0.07046,0.23673,0.12792,0.10881,31.91730,14.12055,0,7.76,36891.2
252900,843,6.280e-05,2.86264,0.35600,0.48119,0.04847,0.08535,0.03611,0.10134,0.34721,0.14509,0.20212,22.98017,10.50040,0,7.88,36903.9
253000,843,6.280e-05,2.52418,0.47307,0.56404,0.05170,0.05038,0.04691,0.04634,0.23250,0.13054,0.10197,23.80091,10.80724,0,7.81,36916.7
253100,843,6.280e-05,2.37864,0.23221,0.89193,0.03843,0.05398,0.02502,0.04106,0.29553,0.12947,0.16606,31.12737,11.47092,0,7.64,36929.8
253200,844,6.240e-05,2.71405,0.54725,0.56661,0.04566,0.06723,0.03471,0.05954,0.18470,0.08323,0.10147,21.58035,8.17300,0,7.74,36942.7
253300,844,6.240e-05,2.14572,0.27907,0.27797,0.05774,0.05626,0.04739,0.04235,0.15505,0.10277,0.05228,13.40121,6.53768,0,7.86,36955.4
253400,844,6.240e-05,2.27251,0.35175,0.61902,0.03944,0.05407,0.03071,0.04263,0.50861,0.11287,0.39574,16.99495,14.35933,0,7.89,36968.1
253500,845,6.200e-05,2.15851,0.11233,0.82670,0.04304,0.04593,0.03239,0.03358,0.44136,0.22583,0.21553,23.46865,13.86404,0,7.72,36981.1
253600,845,6.200e-05,2.71413,0.55697,0.81030,0.03786,0.05955,0.02988,0.04467,0.37999,0.02885,0.35114,19.39143,7.45222,0,7.80,36993.9
253700,845,6.200e-05,2.67565,0.41669,1.05190,0.04716,0.04370,0.03158,0.02811,0.22336,0.15481,0.06855,26.80041,9.11147,0,7.70,37006.9
253800,846,6.160e-05,3.08630,0.44130,0.37761,0.06450,0.08463,0.05203,0.10320,0.22253,0.04986,0.17267,24.14868,5.05722,0,7.76,37019.8
253900,846,6.160e-05,3.99868,0.82610,0.70552,0.05934,0.11619,0.04140,0.10095,0.37849,0.08470,0.29378,38.28401,12.95785,0,7.80,37032.6
254000,846,6.160e-05,2.35776,0.21088,0.71243,0.04727,0.05784,0.03436,0.04231,0.43870,0.14796,0.29074,23.71898,8.08743,0,7.90,37045.2
254100,847,6.120e-05,3.04489,0.54387,0.73963,0.04566,0.08009,0.03510,0.06568,0.31806,0.07239,0.24567,30.28811,9.84567,0,7.90,37057.9
254200,847,6.120e-05,2.52843,0.45234,0.48912,0.03913,0.06771,0.03510,0.06861,0.42606,0.19994,0.22612,37.65082,11.13269,0,7.81,37070.7
254300,847,6.120e-05,2.07965,0.20060,0.52029,0.04028,0.05182,0.03698,0.05056,0.22170,0.04317,0.17853,20.29747,9.43666,0,7.83,37083.5
254400,848,6.080e-05,3.28591,0.38319,0.85069,0.06445,0.08606,0.03751,0.07187,0.27993,0.20466,0.07527,82.78713,11.26129,0,7.73,37096.4
254500,848,6.080e-05,2.92099,0.78705,0.25206,0.05697,0.07766,0.05194,0.05518,0.42619,0.16942,0.25677,12.52313,8.81417,0,7.90,37109.0
254600,848,6.080e-05,2.88729,0.39678,0.63952,0.05342,0.07467,0.05462,0.05940,0.46179,0.10653,0.35526,20.25554,12.43731,0,7.93,37121.7
254700,849,6.040e-05,1.78136,0.40116,0.39135,0.03307,0.03921,0.02602,0.02719,0.30500,0.09801,0.20699,22.54154,11.43296,0,7.81,37134.5
254800,849,6.040e-05,1.98604,0.10335,0.47947,0.03803,0.06175,0.02978,0.05131,0.69145,0.26472,0.42673,29.56071,18.51320,0,8.00,37147.0
254900,849,6.040e-05,2.59733,0.61720,0.58942,0.04233,0.05580,0.03299,0.04888,0.09672,0.04211,0.05461,20.14942,5.42646,0,7.81,37159.8
255000,850,6.000e-05,2.26458,0.33339,0.27606,0.03760,0.07670,0.02901,0.07342,0.74164,0.49154,0.25010,23.63246,19.02875,0,1.51,37225.9
255100,850,6.000e-05,2.05282,0.40323,0.39767,0.04292,0.04516,0.03953,0.03470,0.40400,0.21129,0.19271,30.57081,12.64381,0,7.55,37239.1
255200,850,6.000e-05,2.50823,0.31727,0.33796,0.06096,0.07341,0.05033,0.05154,0.33008,0.25959,0.07050,23.57831,14.53102,0,8.03,37251.6
255300,851,5.960e-05,1.74817,0.26061,0.10047,0.04657,0.04961,0.04487,0.04019,0.64521,0.22998,0.41523,13.80861,17.16074,0,7.94,37264.2
255400,851,5.960e-05,2.78155,0.53680,0.47014,0.04853,0.07389,0.03712,0.07296,0.26854,0.17203,0.09652,17.71412,8.95430,0,7.85,37276.9
255500,851,5.960e-05,2.49365,0.39487,0.45291,0.04398,0.07867,0.03291,0.05098,0.24450,0.09142,0.15307,22.44522,11.39974,0,7.82,37289.7
255600,852,5.920e-05,3.63743,0.82736,0.38097,0.05271,0.12352,0.03839,0.09496,0.28498,0.22164,0.06333,35.06171,11.15545,0,7.81,37302.5
255700,852,5.920e-05,3.51633,0.39844,0.89746,0.04832,0.09720,0.04012,0.11292,0.24287,0.12086,0.12201,29.75445,11.60402,0,7.75,37315.4
255800,852,5.920e-05,2.74600,0.54381,0.67947,0.04011,0.06403,0.04485,0.05141,0.29809,0.12129,0.17681,24.09858,11.00491,0,7.80,37328.2
255900,853,5.880e-05,2.60510,0.17352,0.81669,0.03701,0.06990,0.03038,0.07878,0.41171,0.14659,0.26512,28.64307,11.98314,0,7.82,37341.0
256000,853,5.880e-05,2.43529,0.29739,0.55263,0.03320,0.07782,0.03000,0.06502,0.27117,0.06797,0.20319,56.06977,10.39636,0,7.91,37353.7
256100,853,5.880e-05,2.08879,0.24944,0.30993,0.04972,0.05292,0.04031,0.06028,0.22946,0.13354,0.09593,31.91247,13.93465,0,8.14,37365.9
256200,854,5.840e-05,3.38812,0.51950,1.00321,0.08085,0.05168,0.07070,0.03733,0.30026,0.11055,0.18971,85.35337,11.59278,0,7.90,37378.6
256300,854,5.840e-05,2.39106,0.08062,1.18499,0.03832,0.04145,0.02923,0.03632,0.19504,0.07683,0.11821,19.95957,13.74343,0,7.77,37391.5
256400,854,5.840e-05,2.42314,0.40504,0.72828,0.03955,0.05903,0.02570,0.03510,0.42588,0.26575,0.16013,31.80725,14.30842,0,7.85,37404.2
256500,855,5.800e-05,2.55445,0.35218,0.64180,0.05981,0.04741,0.05020,0.04745,0.39359,0.24409,0.14950,25.34016,13.17834,0,7.76,37417.1
256600,855,5.800e-05,2.24495,0.31435,0.32644,0.06113,0.05094,0.04791,0.04878,0.32044,0.08750,0.23294,18.47354,6.79431,0,7.84,37429.8
256700,855,5.800e-05,3.21187,0.44786,0.92180,0.04355,0.08861,0.03125,0.07286,0.37734,0.19212,0.18521,51.51542,25.88366,0,7.98,37442.4
256800,856,5.760e-05,2.17739,0.42044,0.37149,0.04830,0.04445,0.05005,0.04154,0.39180,0.24910,0.14269,20.64051,10.00353,0,7.99,37454.9
256900,856,5.760e-05,2.25210,0.75185,0.17580,0.04009,0.05718,0.03244,0.03791,0.37349,0.14647,0.22702,34.28976,18.83583,0,7.85,37467.6
257000,856,5.760e-05,2.61737,0.69555,0.50734,0.04750,0.04234,0.04403,0.05918,0.34087,0.26663,0.07425,51.08939,11.47268,0,7.86,37480.3
257100,857,5.720e-05,2.54073,0.33816,0.61704,0.03974,0.07185,0.03349,0.06044,0.39705,0.17695,0.22010,69.04927,11.53334,0,7.91,37493.0
257200,857,5.720e-05,3.11485,0.57320,1.04367,0.04350,0.05352,0.05055,0.05500,0.27280,0.09888,0.17392,65.30636,13.05818,0,7.98,37505.5
257300,857,5.720e-05,2.24112,0.45529,0.46839,0.05220,0.04029,0.05108,0.02743,0.27187,0.16357,0.10830,30.36885,12.14075,0,7.82,37518.3
257400,858,5.680e-05,1.65382,0.23180,0.30279,0.04136,0.03855,0.03398,0.03003,0.33696,0.18084,0.15612,22.56479,10.72851,0,7.83,37531.1
257500,858,5.680e-05,2.54668,0.30117,0.83081,0.03015,0.07039,0.02966,0.05219,0.20346,0.16751,0.03595,15.42638,9.87586,0,8.05,37543.5
257600,858,5.680e-05,2.15723,0.54576,0.54775,0.03476,0.03634,0.03115,0.03940,0.25533,0.14053,0.11480,40.72669,11.50390,0,7.80,37556.3
257700,859,5.640e-05,2.60824,0.48554,0.75135,0.06020,0.03944,0.04790,0.02708,0.36063,0.19207,0.16855,33.68937,15.23115,0,7.85,37569.0
257800,859,5.640e-05,2.84962,0.41149,1.22123,0.03783,0.04978,0.02462,0.04353,0.38932,0.14184,0.24748,33.75007,9.74508,0,7.78,37581.9
257900,859,5.640e-05,2.60042,0.54495,0.36901,0.04108,0.08168,0.03191,0.05985,0.35729,0.05893,0.29836,22.50584,15.48872,0,7.79,37594.7
258000,860,5.600e-05,1.88280,0.46206,0.24118,0.03901,0.04807,0.02610,0.03565,0.36968,0.11762,0.25206,21.99074,9.47766,0,1.53,37659.9
258100,860,5.600e-05,2.27722,0.67986,0.39527,0.04482,0.03718,0.03559,0.04083,0.45396,0.06793,0.38602,19.32403,10.59408,0,7.53,37673.2
258200,860,5.600e-05,2.02086,0.26162,0.42543,0.04496,0.04924,0.03417,0.04418,0.23618,0.12418,0.11200,18.55397,7.70129,0,7.87,37685.9
258300,861,5.560e-05,2.39440,0.38396,0.63193,0.04722,0.04836,0.04757,0.03697,0.40140,0.13465,0.26675,45.86789,12.67282,0,7.80,37698.7
258400,861,5.560e-05,2.34136,0.31873,0.63329,0.04363,0.05873,0.03469,0.03847,0.26054,0.12798,0.13255,38.87911,13.24071,0,7.85,37711.5
258500,861,5.560e-05,2.69956,0.31392,0.69523,0.04868,0.06997,0.03906,0.06173,0.46749,0.26588,0.20161,26.57837,16.29838,0,7.82,37724.3
258600,862,5.520e-05,3.14180,0.38681,0.21581,0.05066,0.12592,0.04571,0.10897,0.41755,0.15914,0.25841,33.61830,9.75770,0,7.84,37737.0
258700,862,5.520e-05,3.13025,0.61983,0.58239,0.05128,0.09242,0.03899,0.05923,0.21068,0.08634,0.12434,26.99785,9.42597,0,7.78,37749.9
258800,862,5.520e-05,2.54344,0.41214,0.39453,0.06949,0.05547,0.05435,0.04309,0.48455,0.17888,0.30568,10.39513,15.30303,0,7.83,37762.7
258900,863,5.480e-05,3.50767,0.56758,0.74809,0.05474,0.10534,0.04508,0.07315,0.30162,0.11386,0.18776,46.82764,10.15954,0,7.86,37775.4
259000,863,5.480e-05,2.01930,0.26773,0.39749,0.04084,0.05872,0.03625,0.03543,0.39778,0.20112,0.19666,20.38192,12.87769,0,7.83,37788.1
259100,863,5.480e-05,2.99673,0.51122,1.22658,0.04020,0.04164,0.04135,0.04677,0.23660,0.10600,0.13060,35.21766,17.41749,0,7.84,37800.9
259200,864,5.440e-05,2.35340,0.31403,0.26105,0.05482,0.06952,0.03679,0.07020,0.87331,0.41837,0.45494,24.48565,19.23352,0,7.81,37813.7
259300,864,5.440e-05,2.18548,0.28747,0.32264,0.02386,0.08300,0.02150,0.07985,0.55688,0.17906,0.37783,28.33652,16.51231,0,7.96,37826.3
259400,864,5.440e-05,2.62893,0.20481,0.58062,0.03616,0.09379,0.03517,0.07362,0.36560,0.07950,0.28610,21.08614,12.14584,0,8.13,37838.6
259500,865,5.400e-05,2.68537,0.32514,0.70669,0.03981,0.08278,0.03062,0.05490,0.21746,0.06113,0.15633,33.22969,9.12958,0,8.03,37851.0
259600,865,5.400e-05,3.15321,0.50654,0.40478,0.04664,0.10690,0.03771,0.10358,0.57033,0.29260,0.27773,25.54191,13.94004,0,7.83,37863.8
259700,865,5.400e-05,3.35191,0.66060,0.54022,0.07983,0.06294,0.07107,0.07360,0.36127,0.19471,0.16656,29.56476,9.81998,0,7.87,37876.5
259800,866,5.360e-05,2.12100,0.37634,0.11401,0.04681,0.06687,0.04364,0.05513,0.55823,0.15584,0.40239,10.15640,13.49341,0,7.79,37889.4
259900,866,5.360e-05,2.59420,0.37273,0.67353,0.04075,0.07102,0.03251,0.05354,0.21562,0.15895,0.05666,23.01736,11.88485,0,7.83,37902.1
260000,866,5.360e-05,2.48248,0.38731,0.49999,0.04796,0.06255,0.03764,0.06037,0.39495,0.15269,0.24226,29.95809,12.63678,0,8.35,37914.1
260100,867,5.320e-05,2.36619,0.14976,0.25327,0.05548,0.08345,0.04685,0.06792,0.70803,0.31839,0.38964,13.60511,12.10819,0,8.48,37925.9
260200,867,5.320e-05,3.74995,0.52190,0.70866,0.03786,0.13463,0.03241,0.12649,0.28179,0.14407,0.13772,38.04388,12.65284,0,7.97,37938.4
260300,867,5.320e-05,2.39015,0.27124,0.63385,0.03298,0.06907,0.02865,0.06426,0.47044,0.15088,0.31955,22.57981,16.23809,0,7.99,37950.9
260400,868,5.280e-05,2.46235,0.28628,0.51490,0.03432,0.09305,0.02544,0.05205,0.44439,0.20571,0.23867,43.12450,19.08084,0,8.00,37963.4
260500,868,5.280e-05,3.01524,0.28722,1.19698,0.04619,0.06297,0.04640,0.04149,0.46413,0.04342,0.42070,32.76031,7.63924,0,7.81,37976.3
260600,868,5.280e-05,1.92923,0.03098,0.54983,0.03891,0.05818,0.02795,0.04756,0.17744,0.04974,0.12770,24.64414,9.44473,0,7.89,37988.9
260700,869,5.240e-05,2.89230,0.29490,1.30271,0.05687,0.03716,0.04148,0.02940,0.34880,0.16864,0.18016,23.08872,11.29908,0,7.88,38001.6
260800,869,5.240e-05,2.46696,0.35953,0.56922,0.04353,0.04777,0.03441,0.09064,0.44795,0.14029,0.30766,22.29655,11.27513,0,7.82,38014.4
260900,869,5.240e-05,1.97718,0.06097,0.61557,0.02851,0.06538,0.02456,0.04778,0.43189,0.12092,0.31098,10.43148,8.86903,0,7.79,38027.2
261000,870,5.200e-05,2.82278,0.58529,0.61938,0.03731,0.07489,0.02735,0.07187,0.13796,0.09268,0.04528,32.16722,9.76678,0,1.54,38092.2
261100,870,5.200e-05,2.67899,0.46724,0.75038,0.05257,0.05496,0.04083,0.03637,0.45247,0.09016,0.36231,27.13643,12.32138,0,7.46,38105.6
261200,870,5.200e-05,2.46976,0.58952,0.61133,0.04835,0.04289,0.04034,0.03096,0.35660,0.21339,0.14321,34.98888,10.61528,0,7.85,38118.3
261300,871,5.160e-05,2.34250,0.46108,0.69102,0.04859,0.03482,0.03629,0.03496,0.23177,0.08461,0.14716,34.17766,11.23501,0,7.80,38131.1
261400,871,5.160e-05,2.81134,0.71048,0.50734,0.05614,0.05756,0.04315,0.04815,0.39951,0.25095,0.14856,33.42237,13.80037,0,7.82,38143.9
261500,871,5.160e-05,4.28722,0.43506,0.77286,0.04570,0.16213,0.03219,0.16801,0.16922,0.03857,0.13065,32.81970,10.03997,0,7.86,38156.7
261600,872,5.120e-05,2.30648,0.41073,0.45659,0.04564,0.06126,0.03165,0.04238,0.35597,0.11648,0.23949,23.56152,9.84286,0,7.89,38169.3
261700,872,5.120e-05,2.11411,0.38111,0.34065,0.04567,0.04647,0.04437,0.04982,0.54190,0.22496,0.31694,17.09277,22.56186,0,7.88,38182.0
261800,872,5.120e-05,1.54961,0.24394,0.16335,0.03280,0.05148,0.02777,0.03213,0.37825,0.07424,0.30401,24.01898,15.42787,0,7.84,38194.8
261900,873,5.080e-05,3.18613,0.44208,0.64464,0.05492,0.09087,0.03992,0.08838,0.31617,0.12526,0.19091,16.74525,9.44677,0,7.82,38207.6
262000,873,5.080e-05,2.13101,0.30242,0.63100,0.04266,0.04188,0.03067,0.03975,0.17480,0.04508,0.12972,24.96364,8.95304,0,7.83,38220.3
262100,873,5.080e-05,3.04827,0.41249,1.03765,0.04262,0.07055,0.03207,0.06120,0.40208,0.21097,0.19112,40.66884,19.36297,0,7.87,38233.0
262200,874,5.040e-05,2.25832,0.34056,0.21300,0.05754,0.05881,0.04554,0.06271,0.43184,0.23406,0.19778,37.04375,28.10258,0,7.80,38245.8
262300,874,5.040e-05,3.58952,0.77374,0.16901,0.05998,0.12208,0.05070,0.11453,0.18586,0.07837,0.10750,17.29061,6.26351,0,7.76,38258.7
262400,874,5.040e-05,2.19078,0.52871,0.31229,0.03963,0.05834,0.03189,0.04212,0.28453,0.04906,0.23548,9.36454,8.63337,0,7.82,38271.5
262500,875,5.000e-05,1.81404,0.30876,0.30129,0.04489,0.04446,0.03436,0.02773,0.38140,0.23235,0.14905,13.21687,12.26626,0,7.98,38284.1
262600,875,5.000e-05,2.30455,0.24923,0.54509,0.04032,0.07083,0.03317,0.04659,0.54645,0.21153,0.33493,20.44141,15.67661,0,8.08,38296.4
262700,875,5.000e-05,2.54944,0.36984,0.44506,0.04707,0.07232,0.03487,0.07325,0.35484,0.10930,0.24554,25.49783,9.93877,0,8.06,38308.8
262800,876,4.960e-05,2.30726,0.66027,0.53526,0.04146,0.03192,0.03419,0.04139,0.44220,0.15146,0.29074,29.23055,10.81870,0,8.16,38321.1
262900,876,4.960e-05,2.06885,0.21708,0.44173,0.04721,0.05640,0.03362,0.04116,0.45006,0.26977,0.18029,32.25773,13.80947,0,8.56,38332.8
263000,876,4.960e-05,2.61781,0.34936,0.35238,0.03117,0.09580,0.02393,0.10535,0.23603,0.09947,0.13656,41.45739,9.75923,0,7.80,38345.6
263100,877,4.920e-05,2.52402,0.21039,0.88420,0.05001,0.05308,0.03877,0.04095,0.24977,0.09237,0.15739,32.12703,8.30684,0,7.71,38358.6
263200,877,4.920e-05,3.97085,0.25860,0.32677,0.04760,0.19945,0.03873,0.14427,0.23735,0.06246,0.17488,25.80120,10.17222,0,7.93,38371.2
263300,877,4.920e-05,2.80578,0.38895,0.59432,0.05342,0.07112,0.04546,0.06997,0.25820,0.09940,0.15880,22.07614,8.23819,0,7.88,38383.9
263400,878,4.880e-05,2.42734,0.54309,0.19074,0.06126,0.06129,0.05945,0.03416,0.40379,0.20278,0.20101,37.99768,20.69567,0,7.84,38396.6
263500,878,4.880e-05,2.89677,0.39682,0.67132,0.05128,0.07642,0.04263,0.06771,0.41701,0.08472,0.33229,37.82961,19.09540,0,7.78,38409.5
263600,878,4.880e-05,1.84268,0.45933,0.22058,0.04942,0.03027,0.04822,0.02495,0.36283,0.23652,0.12631,24.28922,13.29429,0,7.77,38422.3
263700,879,4.840e-05,2.08600,0.36578,0.53117,0.03963,0.04616,0.03288,0.03335,0.34963,0.22165,0.12798,44.41969,12.75121,0,7.67,38435.4
263800,879,4.840e-05,2.51015,0.41364,0.44957,0.04853,0.07218,0.03548,0.05250,0.25830,0.05349,0.20480,17.49513,11.12653,0,7.87,38448.1
263900,879,4.840e-05,1.97202,0.13376,0.27078,0.04034,0.06191,0.03209,0.07691,0.36709,0.13996,0.22713,21.21115,17.11094,0,7.84,38460.8
264000,880,4.800e-05,2.67014,0.38133,0.37904,0.05815,0.06898,0.04602,0.08166,0.20086,0.06492,0.13594,33.23322,12.64155,0,1.54,38525.6
264100,880,4.800e-05,2.60138,0.55168,0.61471,0.04409,0.05726,0.03935,0.04495,0.38414,0.26477,0.11936,21.38511,20.86741,0,7.36,38539.2
264200,880,4.800e-05,2.95936,0.33513,0.31105,0.05881,0.09684,0.05484,0.09648,0.52753,0.15663,0.37090,26.31516,13.18736,0,7.76,38552.1
264300,881,4.760e-05,2.97042,0.22312,0.85420,0.04610,0.09827,0.03835,0.05154,0.23830,0.12987,0.10843,41.19621,13.58910,0,7.71,38565.1
264400,881,4.760e-05,2.21527,0.24625,0.61430,0.04768,0.04818,0.03594,0.04328,0.40983,0.09376,0.31607,14.92138,16.74049,0,7.78,38577.9
264500,881,4.760e-05,2.02419,0.20986,0.59232,0.02874,0.05784,0.02450,0.04674,0.68294,0.23255,0.45039,17.82792,20.84014,0,7.77,38590.8
264600,882,4.720e-05,2.98590,0.51990,0.92197,0.05999,0.05175,0.05057,0.03476,0.27475,0.13500,0.13975,50.77802,12.22641,0,7.75,38603.7
264700,882,4.720e-05,1.95769,0.23700,0.64231,0.02942,0.04930,0.02474,0.03350,0.15135,0.06176,0.08959,33.20580,6.88711,0,7.82,38616.5
264800,882,4.720e-05,2.18191,0.29702,0.63832,0.03657,0.05701,0.03080,0.03137,0.16397,0.03857,0.12540,48.33291,7.29851,0,7.86,38629.3
264900,883,4.680e-05,2.57650,0.39516,0.79279,0.04418,0.05457,0.03234,0.04788,0.28870,0.06384,0.22486,30.41382,10.38477,0,7.79,38642.1
265000,883,4.680e-05,2.61104,0.57174,0.58955,0.04957,0.05374,0.04548,0.03785,0.17778,0.09926,0.07852,40.50885,9.14411,0,7.71,38655.1
265100,883,4.680e-05,2.51564,0.41290,0.80018,0.03961,0.04956,0.03239,0.04977,0.25272,0.11310,0.13962,43.32730,9.32440,0,7.83,38667.8
265200,884,4.640e-05,2.78891,0.52630,0.49348,0.05267,0.07082,0.04143,0.06542,0.24539,0.07815,0.16724,20.62352,17.76971,0,7.85,38680.6
265300,884,4.640e-05,3.35733,0.38986,0.92912,0.05524,0.08593,0.05588,0.06945,0.34718,0.18562,0.16155,54.12244,13.77959,0,7.89,38693.3
265400,884,4.640e-05,2.14421,0.47995,0.36224,0.04213,0.05457,0.03135,0.03565,0.20885,0.08881,0.12004,18.38775,9.28174,0,7.88,38705.9
265500,885,4.600e-05,2.44814,0.59269,0.54646,0.03470,0.05400,0.02708,0.05732,0.18271,0.09221,0.09050,39.23839,10.85615,0,7.84,38718.7
265600,885,4.600e-05,2.30909,0.24846,0.69630,0.04239,0.05407,0.03812,0.04183,0.21750,0.12439,0.09311,24.69788,11.32689,0,7.83,38731.5
265700,885,4.600e-05,2.61795,0.43699,0.28123,0.04046,0.09327,0.02630,0.08619,0.17498,0.07532,0.09966,33.81330,9.83754,0,7.84,38744.2
265800,886,4.560e-05,2.16980,0.17396,0.75724,0.03724,0.05416,0.02700,0.03792,0.35701,0.07798,0.27903,25.42828,8.72834,0,7.86,38756.9
265900,886,4.560e-05,2.38549,0.40705,0.67665,0.05515,0.04093,0.04105,0.02715,0.16303,0.06081,0.10222,39.11428,8.10365,0,7.79,38769.8
266000,886,4.560e-05,2.24269,0.56400,0.39769,0.05050,0.04017,0.03860,0.03626,0.32930,0.10503,0.22427,40.52773,9.11053,0,7.81,38782.6
266100,887,4.520e-05,2.45427,0.35157,0.51333,0.04782,0.06325,0.04125,0.05449,0.29489,0.16034,0.13456,28.16345,11.46167,0,7.80,38795.4
266200,887,4.520e-05,2.48759,0.46786,0.17828,0.03746,0.09994,0.03335,0.06016,0.25319,0.11903,0.13416,36.96968,11.62634,0,7.79,38808.2
266300,887,4.520e-05,2.90852,0.21709,0.65261,0.03522,0.11328,0.02839,0.08237,0.23538,0.08078,0.15459,39.97363,10.19573,0,7.82,38821.0
266400,888,4.480e-05,2.18949,0.23269,0.57326,0.06087,0.04451,0.03475,0.03118,0.46185,0.17759,0.28427,14.37747,12.59289,0,7.82,38833.8
266500,888,4.480e-05,5.85861,0.37692,0.28869,0.04008,0.31133,0.03307,0.30271,0.42171,0.17390,0.24781,33.90494,11.28041,0,7.85,38846.6
266600,888,4.480e-05,3.37378,0.49828,1.02623,0.06580,0.05108,0.05605,0.08005,0.31885,0.15144,0.16741,46.17174,15.85663,0,7.81,38859.4
266700,889,4.440e-05,2.07826,0.21061,0.45655,0.04999,0.05396,0.03892,0.03541,0.42291,0.13991,0.28300,36.17791,16.47362,0,7.82,38872.1
266800,889,4.440e-05,2.20360,0.27402,0.36119,0.04967,0.05671,0.04521,0.05570,0.29463,0.05318,0.24145,20.54361,9.93081,0,7.78,38885.0
266900,889,4.440e-05,2.38646,0.30186,0.51676,0.05394,0.05387,0.04023,0.05770,0.40496,0.19738,0.20759,22.54700,14.68423,0,7.81,38897.8
267000,890,4.400e-05,2.41830,0.48062,0.50045,0.05073,0.05671,0.03503,0.03754,0.30858,0.06135,0.24723,16.42634,6.63848,0,1.55,38962.2
267100,890,4.400e-05,2.48981,0.36265,0.59049,0.03956,0.06877,0.02654,0.06415,0.18107,0.04700,0.13407,23.20606,4.29427,0,7.43,38975.7
267200,890,4.400e-05,1.91240,0.29873,0.34157,0.04452,0.04583,0.04238,0.03133,0.33000,0.15874,0.17126,11.88249,11.38088,0,7.85,38988.4
267300,891,4.360e-05,2.51294,0.25203,0.42914,0.05563,0.07503,0.04726,0.05779,0.31903,0.09179,0.22724,11.37195,10.26296,0,7.74,39001.4
267400,891,4.360e-05,2.56978,0.40319,0.67132,0.05011,0.04959,0.04061,0.05904,0.27372,0.15652,0.11721,19.42563,12.45456,0,7.70,39014.4
267500,891,4.360e-05,2.32443,0.31291,0.61265,0.03627,0.06223,0.02933,0.05345,0.40771,0.08288,0.32483,23.56217,10.19850,0,7.77,39027.2
267600,892,4.320e-05,2.81957,0.54996,0.56990,0.06611,0.05431,0.05385,0.04524,0.21252,0.12743,0.08508,36.89928,7.71061,0,7.71,39040.2
267700,892,4.320e-05,2.61349,0.48249,0.45610,0.05433,0.06560,0.04631,0.04880,0.17168,0.07182,0.09986,21.48120,9.38587,0,7.78,39053.0
267800,892,4.320e-05,2.92408,0.56929,0.77362,0.05318,0.06780,0.04252,0.03176,0.22868,0.06055,0.16813,42.00789,7.94171,0,7.85,39065.8
267900,893,4.280e-05,2.10585,0.15600,0.55623,0.05243,0.04925,0.04056,0.03482,0.50750,0.19703,0.31047,18.96848,16.29809,0,7.85,39078.5
268000,893,4.280e-05,2.37559,0.44608,0.67115,0.04313,0.04500,0.04611,0.02930,0.30193,0.15467,0.14726,30.07974,11.86807,0,7.78,39091.4
268100,893,4.280e-05,1.95213,0.26645,0.41791,0.03978,0.05254,0.03309,0.03581,0.43188,0.11275,0.31912,28.43674,14.99268,0,7.81,39104.2
268200,894,4.240e-05,2.15930,0.18290,0.90138,0.02937,0.05068,0.02186,0.03304,0.45455,0.22768,0.22687,37.21190,15.54028,0,7.81,39117.0
268300,894,4.240e-05,2.20863,0.38400,0.33285,0.05592,0.04916,0.05265,0.03555,0.32408,0.14366,0.18042,18.44205,11.77632,0,7.86,39129.7
268400,894,4.240e-05,2.39847,0.16112,0.35098,0.04161,0.09875,0.03092,0.06565,0.33765,0.16698,0.17066,22.99631,7.53098,0,7.87,39142.4
268500,895,4.200e-05,3.05308,0.86731,0.47359,0.04343,0.08253,0.03407,0.05643,0.30438,0.11271,0.19166,25.20804,12.67036,0,7.92,39155.0
268600,895,4.200e-05,2.80371,0.30588,0.82470,0.04227,0.07708,0.03304,0.06289,0.30309,0.08840,0.21470,39.49862,11.69937,0,7.77,39167.9
268700,895,4.200e-05,2.86637,0.58259,0.80958,0.04904,0.06367,0.03929,0.03013,0.14085,0.07956,0.06129,39.39696,14.70667,0,7.86,39180.6
268800,896,4.160e-05,3.39241,0.55367,0.94482,0.05569,0.07112,0.04715,0.07800,0.35276,0.18498,0.16778,33.91022,15.14459,0,7.88,39193.3
268900,896,4.160e-05,2.53346,0.33920,0.73402,0.05551,0.04634,0.05103,0.03733,0.27984,0.16795,0.11189,29.86205,13.14720,0,7.82,39206.1
269000,896,4.160e-05,2.07792,0.40489,0.38914,0.04408,0.04814,0.03364,0.03870,0.26158,0.08700,0.17458,38.94896,14.77026,0,7.81,39218.9
269100,897,4.120e-05,1.98286,0.32715,0.54402,0.03900,0.04127,0.03034,0.03145,0.30541,0.17435,0.13106,37.34086,10.98580,0,7.81,39231.7
269200,897,4.120e-05,2.91202,0.47895,0.52249,0.03623,0.09968,0.02782,0.08247,0.21791,0.09305,0.12487,29.92966,8.97937,0,7.81,39244.5
269300,897,4.120e-05,2.51260,0.45846,0.67619,0.04599,0.05237,0.03551,0.04337,0.28812,0.18748,0.10064,36.86445,13.87687,0,7.82,39257.3
269400,898,4.080e-05,2.48172,0.23842,0.35866,0.07006,0.06578,0.05121,0.05403,0.66825,0.33725,0.33100,27.81869,12.40367,0,7.83,39270.1
269500,898,4.080e-05,2.18245,0.14046,0.62633,0.04181,0.05624,0.03716,0.04986,0.56658,0.22504,0.34154,27.19543,18.57803,0,7.84,39282.8
269600,898,4.080e-05,3.01069,0.67191,0.33661,0.06202,0.07817,0.05206,0.06799,0.36936,0.10296,0.26640,24.42254,20.30743,0,7.84,39295.6
269700,899,4.040e-05,1.70215,0.21934,0.27796,0.04629,0.04167,0.03638,0.02868,0.32948,0.17910,0.15037,35.69352,10.38720,0,7.86,39308.3
269800,899,4.040e-05,2.57537,0.50328,0.61377,0.05889,0.04235,0.05161,0.03758,0.23088,0.14099,0.08989,38.53283,10.56754,0,7.84,39321.1
269900,899,4.040e-05,1.63726,0.24528,0.27957,0.03902,0.03874,0.03844,0.02852,0.38061,0.16973,0.21088,13.94471,13.78872,0,7.83,39333.8
270000,900,4.000e-05,2.75173,0.57373,0.65830,0.04969,0.06046,0.03876,0.04488,0.41681,0.17547,0.24134,33.09323,18.37187,0,1.53,39399.0
270100,900,4.000e-05,2.67110,0.39020,1.08199,0.04602,0.04199,0.03620,0.02757,0.33328,0.15810,0.17518,44.21061,10.89773,0,7.50,39412.4
270200,900,4.000e-05,2.64883,0.79336,0.31227,0.03655,0.07138,0.03321,0.05957,0.29794,0.10969,0.18825,19.17030,9.29755,0,7.92,39425.0
270300,901,3.960e-05,3.17651,0.35481,1.08946,0.04415,0.06722,0.04519,0.07853,0.16669,0.07492,0.09177,59.64156,7.78496,0,7.91,39437.7
270400,901,3.960e-05,1.81403,0.24480,0.31601,0.04383,0.04266,0.03594,0.04173,0.49851,0.26870,0.22982,11.86161,17.74352,0,7.87,39450.4
270500,901,3.960e-05,3.30022,0.53812,0.92031,0.06172,0.07449,0.05225,0.04369,0.36423,0.12618,0.23805,38.63013,18.60774,0,7.89,39463.0
270600,902,3.920e-05,1.95772,0.15402,0.35303,0.05135,0.05474,0.04067,0.03729,0.23120,0.10684,0.12436,22.92562,13.59729,0,7.87,39475.7
270700,902,3.920e-05,2.44566,0.44895,0.44404,0.05736,0.05347,0.04359,0.04528,0.19548,0.04031,0.15518,14.22933,6.19311,0,7.92,39488.4
270800,902,3.920e-05,2.82873,0.57551,0.60533,0.04246,0.07704,0.04149,0.04909,0.32538,0.04317,0.28221,34.67469,10.79218,0,7.91,39501.0
270900,903,3.880e-05,1.59615,0.16398,0.23626,0.04373,0.04149,0.04066,0.02809,0.46972,0.18299,0.28674,16.53456,11.55006,0,7.80,39513.8
271000,903,3.880e-05,2.29614,0.28827,0.42656,0.03307,0.07749,0.03362,0.06152,0.27364,0.20963,0.06401,22.40486,11.41601,0,7.98,39526.4
271100,903,3.880e-05,3.09084,0.47521,1.52748,0.04719,0.02990,0.04387,0.01957,0.31200,0.16185,0.15015,39.51398,14.13118,0,7.82,39539.1
271200,904,3.840e-05,2.19738,0.57039,0.39448,0.05286,0.03582,0.03874,0.03042,0.39404,0.15324,0.24080,15.71570,17.49262,0,7.80,39552.0
271300,904,3.840e-05,1.95178,0.23532,0.49910,0.03806,0.04974,0.03615,0.03174,0.22886,0.05290,0.17597,33.35398,9.17337,0,7.85,39564.7
271400,904,3.840e-05,2.01952,0.27279,0.20927,0.05661,0.05190,0.05025,0.04023,0.23261,0.05318,0.17943,22.57143,8.33180,0,7.89,39577.4
271500,905,3.800e-05,3.49350,0.43084,0.85570,0.06532,0.07992,0.05824,0.09267,0.38471,0.24834,0.13637,29.83422,12.00563,0,7.85,39590.1
271600,905,3.800e-05,2.69480,0.13566,0.26148,0.05447,0.10589,0.04014,0.09868,0.23321,0.13244,0.10077,37.00949,8.38760,0,7.93,39602.7
271700,905,3.800e-05,2.72827,0.52007,0.73418,0.03352,0.07658,0.02510,0.04950,0.31059,0.13389,0.17670,56.57868,11.74489,0,7.80,39615.5
271800,906,3.760e-05,2.14602,0.42841,0.18967,0.03764,0.07128,0.03602,0.05173,0.48324,0.05261,0.43063,22.31342,10.77932,0,7.97,39628.1
271900,906,3.760e-05,2.27756,0.38266,0.34477,0.05070,0.05158,0.04183,0.06365,0.48205,0.23268,0.24937,22.45909,16.54224,0,7.99,39640.6
272000,906,3.760e-05,2.53237,0.39099,0.89773,0.04534,0.04578,0.03236,0.03413,0.31628,0.12913,0.18715,35.47422,10.20394,0,7.76,39653.5
272100,907,3.720e-05,3.51443,0.46840,0.79898,0.03706,0.10602,0.03098,0.13226,0.25324,0.07584,0.17740,35.81581,15.53606,0,7.80,39666.3
272200,907,3.720e-05,2.22653,0.26547,0.59867,0.04339,0.05222,0.03244,0.04883,0.20659,0.08947,0.11712,24.49320,8.08631,0,7.75,39679.2
272300,907,3.720e-05,3.98518,0.57282,0.73015,0.03848,0.13903,0.03087,0.15054,0.26604,0.19426,0.07179,49.76168,9.55326,0,7.75,39692.1
272400,908,3.680e-05,2.37682,0.54078,0.33863,0.06215,0.04238,0.04808,0.04235,0.36102,0.13834,0.22268,30.59044,10.44015,0,7.82,39704.9
272500,908,3.680e-05,2.61966,0.19533,0.59472,0.03838,0.08606,0.02928,0.08778,0.43070,0.09553,0.33517,22.37418,11.50520,0,8.03,39717.4
272600,908,3.680e-05,2.36023,0.57766,0.51926,0.04111,0.04922,0.03470,0.03731,0.29900,0.14849,0.15051,21.70807,13.96497,0,7.98,39729.9
272700,909,3.640e-05,2.46743,0.38226,1.03409,0.04171,0.03298,0.03391,0.02693,0.21986,0.05286,0.16699,21.23091,11.66934,0,7.85,39742.6
272800,909,3.640e-05,2.50688,0.35347,0.66977,0.04226,0.05837,0.04269,0.05277,0.35985,0.04841,0.31143,59.86077,12.18737,0,7.81,39755.4
272900,909,3.640e-05,2.82622,0.33119,0.45922,0.04946,0.09828,0.04360,0.06809,0.14863,0.08338,0.06525,29.23114,7.53029,0,8.04,39767.9
273000,910,3.600e-05,2.41525,0.21391,0.50949,0.04236,0.06621,0.03372,0.08750,0.42683,0.21453,0.21230,21.53219,17.12988,0,1.49,39834.9
273100,910,3.600e-05,2.21415,0.28645,0.42199,0.04227,0.04947,0.03702,0.08063,0.24152,0.08907,0.15245,31.87810,9.83214,0,7.48,39848.3
273200,910,3.600e-05,2.05010,0.57260,0.08889,0.04340,0.06247,0.03187,0.03410,0.67856,0.34026,0.33830,29.07243,38.01973,0,7.76,39861.2
273300,911,3.560e-05,2.20307,0.32369,0.37110,0.04576,0.05831,0.03621,0.05730,0.17236,0.05316,0.11920,55.07029,7.27245,0,7.78,39874.0
273400,911,3.560e-05,2.55034,0.43689,0.35773,0.06425,0.05747,0.05668,0.05102,0.31889,0.21128,0.10761,29.27842,12.43283,0,7.82,39886.8
273500,911,3.560e-05,2.06183,0.26298,0.47146,0.04875,0.04661,0.03473,0.04002,0.39218,0.09547,0.29671,12.61767,9.98074,0,7.76,39899.7
273600,912,3.520e-05,2.37268,0.23443,1.04300,0.03414,0.04533,0.02386,0.03625,0.17788,0.13151,0.04638,59.72150,11.65424,0,7.86,39912.4
273700,912,3.520e-05,2.16050,0.39822,0.30773,0.04389,0.06347,0.03787,0.03833,0.42742,0.14940,0.27801,33.45635,14.92305,0,7.82,39925.2
273800,912,3.520e-05,2.13244,0.44670,0.22967,0.04859,0.05747,0.03786,0.04122,0.47091,0.14301,0.32790,21.90752,16.90770,0,7.95,39937.8
273900,913,3.480e-05,2.19229,0.58501,0.49412,0.04198,0.03537,0.03764,0.03029,0.37084,0.12801,0.24283,60.05514,13.86117,0,8.00,39950.3
274000,913,3.480e-05,2.47260,0.44746,0.78857,0.04090,0.04977,0.03124,0.03473,0.22988,0.04907,0.18081,23.36655,10.75737,0,7.85,39963.0
274100,913,3.480e-05,4.27279,0.51793,0.66054,0.06003,0.14867,0.04649,0.15498,0.19250,0.07353,0.11897,85.32088,7.17179,0,7.82,39975.8
274200,914,3.440e-05,1.94598,0.35631,0.26715,0.04111,0.05627,0.03131,0.03843,0.43283,0.26622,0.16661,19.32199,9.63675,0,7.82,39988.6
274300,914,3.440e-05,1.97300,0.25232,0.32904,0.04454,0.05724,0.03433,0.04044,0.18365,0.07073,0.11293,15.20729,8.74092,0,7.98,40001.1
274400,914,3.440e-05,2.24466,0.21719,0.46924,0.04303,0.07007,0.03383,0.05161,0.21709,0.06600,0.15110,24.66644,8.45560,0,7.77,40014.0
274500,915,3.400e-05,2.54441,0.38698,0.38164,0.06392,0.05861,0.04142,0.06868,0.40097,0.11620,0.28477,37.14906,11.32649,0,7.72,40026.9
274600,915,3.400e-05,2.71810,0.47271,0.70873,0.05060,0.06156,0.04087,0.04213,0.37416,0.10050,0.27366,23.00316,10.00501,0,7.81,40039.8
274700,915,3.400e-05,1.84646,0.35715,0.32706,0.03610,0.04872,0.02700,0.03580,0.50656,0.16539,0.34116,37.15420,16.75872,0,7.83,40052.5
274800,916,3.360e-05,2.71526,0.43567,0.70138,0.05773,0.05652,0.04658,0.04057,0.33317,0.12061,0.21256,26.63365,10.68652,0,7.82,40065.3
274900,916,3.360e-05,2.52624,0.47064,0.64752,0.03914,0.06343,0.02759,0.04888,0.44636,0.23121,0.21515,44.05082,14.59496,0,7.82,40078.1
275000,916,3.360e-05,2.47520,0.45664,0.64670,0.04585,0.05010,0.04525,0.03721,0.23278,0.04710,0.18568,32.63506,9.50030,0,7.79,40090.9
275100,917,3.320e-05,2.29079,0.10445,0.59973,0.04051,0.06758,0.02871,0.07243,0.19735,0.05968,0.13768,20.10261,7.36569,0,7.81,40103.7
275200,917,3.320e-05,1.71207,0.15148,0.33764,0.04034,0.04435,0.03056,0.04463,0.31729,0.12898,0.18831,31.78283,12.50027,0,7.82,40116.5
275300,917,3.320e-05,2.14717,0.31234,0.63284,0.03585,0.05010,0.02741,0.04108,0.39943,0.22611,0.17331,19.23820,13.94282,0,7.93,40129.1
275400,918,3.280e-05,2.96712,0.53935,1.10957,0.04565,0.05045,0.03305,0.03839,0.35074,0.19384,0.15690,39.43710,8.76305,0,7.93,40141.7
275500,918,3.280e-05,2.72956,0.83430,0.50597,0.03842,0.06041,0.03164,0.04858,0.36789,0.16707,0.20082,26.30334,9.03877,0,7.77,40154.6
275600,918,3.280e-05,3.58218,0.24154,0.32890,0.03722,0.15287,0.03025,0.19191,0.47403,0.24625,0.22777,30.79652,17.98869,0,7.78,40167.4
275700,919,3.240e-05,2.50322,0.38895,0.61906,0.04548,0.06533,0.03577,0.04165,0.53800,0.10522,0.43279,49.90098,11.51511,0,7.75,40180.4
275800,919,3.240e-05,2.71641,0.45507,0.73826,0.05142,0.05255,0.05471,0.04197,0.37644,0.11104,0.26541,17.19962,9.55998,0,7.85,40193.1
275900,919,3.240e-05,2.22013,0.38765,0.43362,0.05315,0.05103,0.03881,0.03261,0.25608,0.08924,0.16684,11.61198,12.03504,0,7.83,40205.9
276000,920,3.200e-05,3.46139,0.23017,0.54626,0.04908,0.12501,0.03463,0.15416,0.39317,0.24464,0.14853,32.89976,14.81550,0,1.48,40273.4
276100,920,3.200e-05,2.61107,0.73583,0.33454,0.04596,0.06286,0.04097,0.04954,0.40330,0.19404,0.20926,24.30621,12.05661,0,7.35,40287.0
276200,920,3.200e-05,1.62861,0.27079,0.26348,0.02469,0.04964,0.02554,0.04467,0.40116,0.23773,0.16343,26.69979,20.89554,0,7.83,40299.7
276300,921,3.160e-05,2.69270,0.39288,0.91705,0.05554,0.04131,0.05021,0.03265,0.36741,0.25094,0.11647,48.47312,14.49550,0,7.76,40312.6
276400,921,3.160e-05,2.00062,0.46912,0.38641,0.04416,0.03818,0.03463,0.02971,0.48660,0.13332,0.35328,31.79530,13.43421,0,7.58,40325.8
276500,921,3.160e-05,2.48260,0.54869,0.62767,0.04318,0.04675,0.03391,0.04749,0.30380,0.17577,0.12803,23.63299,8.35418,0,8.06,40338.2
276600,922,3.120e-05,1.79455,0.11362,0.41255,0.03890,0.05003,0.03379,0.04202,0.48943,0.13194,0.35750,19.36794,12.68806,0,7.76,40351.1
276700,922,3.120e-05,1.66280,0.34910,0.16036,0.03026,0.05372,0.02366,0.03905,0.45087,0.23815,0.21273,9.31987,12.50793,0,7.91,40363.7
276800,922,3.120e-05,1.96945,0.49509,0.53872,0.03440,0.03362,0.02874,0.02235,0.29191,0.18520,0.10671,78.02621,18.59301,0,7.72,40376.7
276900,923,3.080e-05,2.43377,0.66029,0.73380,0.02469,0.05180,0.02215,0.03279,0.35409,0.09738,0.25670,24.70033,12.07050,0,7.75,40389.6
277000,923,3.080e-05,3.04159,0.54464,0.82526,0.04403,0.07250,0.03739,0.06389,0.29253,0.09458,0.19795,35.45780,14.03274,0,7.82,40402.4
277100,923,3.080e-05,2.28668,0.36474,0.32254,0.05456,0.05890,0.04438,0.04859,0.34132,0.05765,0.28367,21.61803,8.65971,0,7.72,40415.3
277200,924,3.040e-05,2.23259,0.44178,0.33505,0.03896,0.06192,0.03085,0.05853,0.24898,0.13732,0.11166,15.49804,13.17386,0,7.83,40428.1
277300,924,3.040e-05,3.06270,0.46284,0.87152,0.03437,0.07678,0.03310,0.09026,0.25620,0.07342,0.18278,35.87864,12.81585,0,7.57,40441.3
277400,924,3.040e-05,2.07259,0.69431,0.23738,0.03518,0.04879,0.02966,0.03059,0.43790,0.10805,0.32985,29.78189,13.49089,0,7.85,40454.0
277500,925,3.000e-05,2.09684,0.26402,0.39344,0.05922,0.04562,0.04451,0.03369,0.41909,0.18277,0.23632,11.67068,11.79858,0,7.78,40466.9
277600,925,3.000e-05,2.33181,0.33102,0.45098,0.04790,0.05380,0.03543,0.07114,0.19841,0.09275,0.10565,30.45458,9.32172,0,7.82,40479.7
277700,925,3.000e-05,3.14178,0.34341,0.87857,0.08556,0.05044,0.07313,0.03883,0.44439,0.24431,0.20008,41.58157,16.95183,0,7.78,40492.5
277800,926,2.960e-05,2.33550,0.37865,0.50879,0.04260,0.06424,0.03218,0.04376,0.18529,0.07259,0.11271,35.05084,11.68485,0,7.78,40505.4
277900,926,2.960e-05,3.06439,0.58343,0.57173,0.03878,0.10049,0.02856,0.07475,0.21480,0.10628,0.10852,30.15777,16.71001,0,7.86,40518.1
278000,926,2.960e-05,3.59872,0.73547,0.59019,0.04257,0.11919,0.03941,0.09168,0.31067,0.15090,0.15978,42.33674,13.17812,0,7.82,40530.9
278100,927,2.920e-05,2.93155,0.47374,1.18621,0.04026,0.05053,0.03329,0.03947,0.20155,0.05277,0.14878,39.03804,7.71460,0,7.60,40544.1
278200,927,2.920e-05,2.15992,0.27188,0.64466,0.04441,0.04373,0.03867,0.03373,0.20526,0.09752,0.10775,27.50896,12.61578,0,7.73,40557.0
278300,927,2.920e-05,2.24282,0.30990,0.65323,0.05118,0.03848,0.05282,0.02380,0.30538,0.14858,0.15680,40.65515,10.46470,0,7.88,40569.7
278400,928,2.880e-05,2.46530,0.59089,0.63249,0.04798,0.04023,0.04363,0.02834,0.18606,0.06396,0.12210,20.67517,9.86174,0,8.13,40582.0
278500,928,2.880e-05,3.42247,0.66653,0.50442,0.05250,0.09962,0.04791,0.09815,0.32070,0.18557,0.13513,29.20957,10.86035,0,7.89,40594.7
278600,928,2.880e-05,3.45621,0.52598,0.67233,0.08430,0.07037,0.07496,0.06730,0.35571,0.17164,0.18408,45.25418,10.49836,0,7.96,40607.2
278700,929,2.840e-05,2.52652,0.51641,0.35918,0.05278,0.06008,0.04373,0.06075,0.33090,0.05975,0.27115,22.71054,16.09022,0,7.93,40619.8
278800,929,2.840e-05,3.62757,0.40431,1.00746,0.07502,0.08516,0.06186,0.06095,0.18549,0.05671,0.12878,30.95494,8.21022,0,7.81,40632.6
278900,929,2.840e-05,2.47501,0.32072,0.62869,0.04095,0.06300,0.03954,0.05769,0.23776,0.15116,0.08660,23.30039,11.38100,0,7.82,40645.4
279000,930,2.800e-05,2.02457,0.20499,0.50893,0.03405,0.06279,0.02580,0.04267,0.30869,0.13989,0.16881,28.32825,14.36281,0,1.46,40713.8
279100,930,2.800e-05,2.30987,0.52989,0.53675,0.03576,0.05050,0.02601,0.05010,0.40927,0.07482,0.33445,31.96609,10.99339,0,7.40,40727.3
279200,930,2.800e-05,2.48424,0.30107,0.46578,0.03840,0.07252,0.02796,0.09367,0.36160,0.22211,0.13949,40.04567,16.16001,0,7.68,40740.3
279300,931,2.760e-05,2.64635,0.28400,0.95645,0.02634,0.07528,0.02249,0.05546,0.33118,0.12200,0.20917,41.12791,15.64853,0,7.71,40753.3
279400,931,2.760e-05,3.36201,0.43357,0.54381,0.04555,0.09005,0.03148,0.17424,0.50694,0.10171,0.40523,49.66605,11.32129,0,7.86,40766.0
279500,931,2.760e-05,2.44948,0.41683,0.74800,0.04568,0.04345,0.03234,0.04633,0.44618,0.23333,0.21285,26.87859,11.45545,0,8.04,40778.5
279600,932,2.720e-05,2.83349,0.55638,0.66120,0.06162,0.05260,0.05453,0.04023,0.40525,0.29624,0.10900,26.59016,22.77449,0,8.01,40791.0
279700,932,2.720e-05,2.59607,0.30006,0.41005,0.04492,0.08781,0.03262,0.07911,0.35811,0.11749,0.24062,17.55709,9.10495,0,7.85,40803.7
279800,932,2.720e-05,2.83132,0.73185,0.46882,0.04667,0.06894,0.03606,0.05887,0.19526,0.14204,0.05322,15.00896,8.41033,0,7.86,40816.4
279900,933,2.680e-05,2.64273,0.56337,0.57726,0.04928,0.05131,0.03813,0.06110,0.29124,0.22641,0.06483,17.74165,9.12732,0,7.69,40829.4
280000,933,2.680e-05,2.37586,0.45240,0.61385,0.03843,0.05561,0.03073,0.04311,0.27544,0.13375,0.14169,24.96878,11.91178,0,7.78,40842.3
280100,933,2.680e-05,2.21076,0.27471,0.52395,0.02853,0.07330,0.02254,0.05624,0.34221,0.18168,0.16053,22.35361,14.47637,0,7.83,40855.1
280200,934,2.640e-05,2.98539,0.76258,0.79968,0.05405,0.04714,0.04136,0.04090,0.28825,0.14259,0.14566,34.67169,13.91210,0,7.81,40867.9
280300,934,2.640e-05,1.91973,0.18734,0.54752,0.03556,0.04941,0.03165,0.03538,0.25066,0.09206,0.15860,16.51861,9.59369,0,7.89,40880.5
280400,934,2.640e-05,2.62511,0.65677,0.64304,0.05711,0.03678,0.04580,0.03147,0.25509,0.17775,0.07734,31.11332,11.78693,0,7.88,40893.2
280500,935,2.600e-05,2.68273,0.68976,0.38817,0.05105,0.05994,0.04339,0.05559,0.33965,0.14565,0.19400,22.22362,13.27952,0,7.89,40905.9
280600,935,2.600e-05,2.45090,0.66614,0.42647,0.03866,0.04643,0.04131,0.06017,0.43719,0.26270,0.17449,19.48607,15.29799,0,7.84,40918.7
280700,935,2.600e-05,2.31635,0.38689,0.45573,0.04560,0.05918,0.03584,0.04936,0.35447,0.13386,0.22061,27.00336,11.95261,0,7.94,40931.3
280800,936,2.560e-05,5.88899,0.32033,0.31217,0.04722,0.29968,0.04703,0.31047,0.31430,0.22472,0.08959,47.86605,15.59046,0,8.12,40943.6
280900,936,2.560e-05,2.40847,0.25557,0.46067,0.05817,0.06326,0.04942,0.04615,0.29600,0.07358,0.22242,26.36184,20.30255,0,8.10,40955.9
281000,936,2.560e-05,3.48491,0.50549,0.53335,0.04725,0.12788,0.03283,0.10613,0.30831,0.10685,0.20146,26.02153,10.06979,0,8.10,40968.3
281100,937,2.520e-05,2.23074,0.35737,0.53640,0.03750,0.05959,0.03190,0.04131,0.42983,0.20269,0.22714,29.32957,10.02269,0,8.06,40980.7
281200,937,2.520e-05,2.49960,0.46040,0.67040,0.05790,0.04322,0.04452,0.02699,0.32982,0.23653,0.09329,27.77477,9.32271,0,8.08,40993.0
281300,937,2.520e-05,2.82412,0.41787,0.97014,0.04380,0.05839,0.03328,0.04956,0.45907,0.19358,0.26548,31.92251,10.79158,0,8.06,41005.4
281400,938,2.480e-05,2.07746,0.26569,0.38030,0.04073,0.06143,0.02831,0.05366,0.41118,0.14973,0.26145,38.73835,9.39414,0,8.10,41017.8
281500,938,2.480e-05,2.59055,0.53848,0.57163,0.04417,0.06089,0.02981,0.05614,0.42957,0.29816,0.13141,18.20873,11.71280,0,8.10,41030.1
281600,938,2.480e-05,2.91483,0.55681,0.76364,0.05249,0.06437,0.04010,0.04507,0.31681,0.06351,0.25330,13.98773,11.25099,0,8.09,41042.5
281700,939,2.440e-05,1.86888,0.54817,0.18635,0.03655,0.04530,0.02775,0.03542,0.29164,0.08936,0.20228,31.60629,9.93273,0,8.09,41054.9
281800,939,2.440e-05,2.27773,0.36137,0.41371,0.03653,0.07014,0.02549,0.06170,0.32222,0.04736,0.27486,25.22151,14.12113,0,8.01,41067.3
281900,939,2.440e-05,2.15875,0.50828,0.43849,0.03894,0.04775,0.03435,0.03465,0.27131,0.13327,0.13805,16.25607,12.56798,0,7.89,41080.0
282000,940,2.400e-05,2.31539,0.37317,0.33551,0.05434,0.05769,0.04517,0.05211,0.53056,0.10616,0.42440,17.60643,15.41146,0,1.53,41145.3
282100,940,2.400e-05,2.57620,0.25223,0.97892,0.04389,0.05585,0.03156,0.03796,0.22147,0.05416,0.16730,40.04017,9.74383,0,7.38,41158.9
282200,940,2.400e-05,2.42238,0.39777,0.60115,0.04202,0.06041,0.03056,0.04927,0.48172,0.19185,0.28987,35.03742,11.08779,0,7.83,41171.6
282300,941,2.360e-05,2.31610,0.39684,0.54495,0.04510,0.04949,0.03360,0.05209,0.36700,0.20600,0.16100,24.66800,14.50650,0,7.80,41184.5
282400,941,2.360e-05,2.78988,0.35502,0.88720,0.04985,0.06091,0.03925,0.04877,0.44926,0.16032,0.28894,21.17472,22.68191,0,7.80,41197.3
282500,941,2.360e-05,2.97613,0.36910,0.63112,0.05668,0.09014,0.04703,0.05452,0.16656,0.05232,0.11424,18.57947,7.42876,0,7.84,41210.0
282600,942,2.320e-05,3.16667,0.42712,0.67490,0.04356,0.07922,0.03640,0.13097,0.27561,0.14699,0.12862,41.97802,10.76658,0,7.90,41222.7
282700,942,2.320e-05,2.24591,0.28059,0.35664,0.03588,0.07216,0.03566,0.07000,0.52798,0.08086,0.44712,24.62635,13.99347,0,7.91,41235.3
282800,942,2.320e-05,2.68067,0.45008,0.74461,0.04876,0.05716,0.03975,0.04560,0.40951,0.15501,0.25450,18.46925,17.79174,0,7.83,41248.1
282900,943,2.280e-05,2.22803,0.52466,0.38879,0.04816,0.04145,0.03892,0.04478,0.33909,0.14873,0.19036,33.84897,10.12319,0,7.83,41260.9
283000,943,2.280e-05,3.11002,0.38440,1.07280,0.05241,0.07062,0.03869,0.04582,0.27159,0.14611,0.12548,42.16590,11.96698,0,7.87,41273.6
283100,943,2.280e-05,2.80308,0.25497,0.76794,0.04017,0.08653,0.03382,0.06881,0.25315,0.08405,0.16910,30.76701,16.33047,0,7.95,41286.1
283200,944,2.240e-05,4.92225,0.54204,0.18669,0.04118,0.23539,0.03695,0.24862,0.56173,0.22478,0.33695,32.71932,12.37350,0,7.89,41298.8
283300,944,2.240e-05,3.18012,0.62959,0.72836,0.07006,0.06039,0.06128,0.04226,0.19804,0.06276,0.13528,64.89922,11.57050,0,9.19,41309.7
283400,944,2.240e-05,2.64151,0.52041,0.65538,0.04508,0.05869,0.03605,0.04956,0.17891,0.10649,0.07242,35.20807,7.27070,0,8.26,41321.8
283500,945,2.200e-05,1.77553,0.36962,0.28444,0.03364,0.04692,0.02435,0.03883,0.50402,0.15809,0.34594,14.70415,16.06112,0,8.12,41334.1
283600,945,2.200e-05,2.55907,0.43750,0.82415,0.04349,0.05100,0.03113,0.03939,0.17540,0.03684,0.13856,19.05378,7.75713,0,8.29,41346.2
283700,945,2.200e-05,2.54331,0.41512,0.66285,0.04323,0.05374,0.03139,0.06772,0.39046,0.14254,0.24792,21.70967,8.81484,0,9.30,41357.0
283800,946,2.160e-05,2.48547,0.44165,0.50305,0.04685,0.06027,0.03968,0.05423,0.31822,0.14225,0.17596,25.38072,8.86430,0,8.16,41369.2
283900,946,2.160e-05,2.00306,0.21044,0.52861,0.02768,0.06425,0.02220,0.04674,0.42348,0.25700,0.16648,36.23599,24.22972,0,8.14,41381.5
284000,946,2.160e-05,2.94525,0.38194,0.60582,0.07440,0.06615,0.06295,0.04744,0.29560,0.19754,0.09806,56.30036,7.88884,0,8.15,41393.8
284100,947,2.120e-05,2.32056,0.49816,0.46510,0.03102,0.05877,0.02381,0.06806,0.19713,0.14638,0.05076,32.54439,11.61153,0,8.08,41406.1
284200,947,2.120e-05,2.34903,0.58656,0.59758,0.04064,0.04593,0.02980,0.03004,0.24767,0.15186,0.09581,34.84283,11.41981,0,8.21,41418.3
284300,947,2.120e-05,2.00390,0.29052,0.18764,0.03566,0.07233,0.02739,0.06178,0.38857,0.14545,0.24312,24.95971,15.44566,0,8.29,41430.4
284400,948,2.080e-05,2.00170,0.32563,0.43351,0.05078,0.03801,0.04076,0.03017,0.44812,0.20170,0.24642,21.29870,14.16696,0,8.33,41442.4
284500,948,2.080e-05,2.29114,0.38127,0.59081,0.04187,0.05476,0.03626,0.03428,0.30589,0.14307,0.16282,21.51825,10.50657,0,8.11,41454.7
284600,948,2.080e-05,2.29033,0.50677,0.33317,0.03438,0.05208,0.03024,0.08692,0.24628,0.09698,0.14930,28.80855,8.55179,0,7.74,41467.6
284700,949,2.040e-05,2.35069,0.42671,0.16562,0.05938,0.06134,0.04780,0.06243,0.42797,0.12875,0.29922,15.84665,12.41136,0,7.75,41480.6
284800,949,2.040e-05,2.06271,0.56524,0.23471,0.03784,0.04923,0.02634,0.05207,0.17192,0.05295,0.11898,42.61173,7.58006,0,7.78,41493.4
284900,949,2.040e-05,2.69920,0.29217,1.15017,0.02762,0.06251,0.02160,0.04951,0.25771,0.10775,0.14996,20.85778,13.63538,0,7.83,41506.2
285000,950,2.000e-05,3.02771,0.58980,0.60067,0.05234,0.07082,0.04421,0.07692,0.24963,0.05373,0.19590,39.24262,7.05020,0,1.51,41572.6
285100,950,2.000e-05,2.03457,0.28854,0.31208,0.05243,0.03520,0.06055,0.05099,0.30150,0.18758,0.11393,23.04395,10.11621,0,7.56,41585.8
285200,950,2.000e-05,3.46296,0.49744,0.59174,0.03841,0.10711,0.03045,0.15326,0.29649,0.08750,0.20900,24.43020,9.89542,0,7.85,41598.6
285300,951,1.960e-05,2.04620,0.36352,0.34334,0.04236,0.05123,0.03990,0.04079,0.49279,0.15913,0.33366,18.59706,18.35694,0,7.80,41611.4
285400,951,1.960e-05,1.80433,0.21397,0.28600,0.03647,0.05856,0.02511,0.04570,0.35216,0.15656,0.19560,24.06994,11.88575,0,7.78,41624.2
285500,951,1.960e-05,2.39450,0.27955,0.55389,0.04463,0.06625,0.03733,0.05313,0.37962,0.17901,0.20061,22.08438,13.40371,0,7.75,41637.1
285600,952,1.920e-05,3.08725,0.38927,0.57900,0.07550,0.06930,0.06300,0.07120,0.55339,0.29353,0.25986,40.09758,15.85260,0,7.86,41649.9
285700,952,1.920e-05,1.77206,0.25797,0.48528,0.03775,0.03612,0.02941,0.02861,0.37212,0.13991,0.23220,21.51060,17.98547,0,8.04,41662.3
285800,952,1.920e-05,2.12859,0.33485,0.27582,0.04318,0.06559,0.03214,0.05392,0.36200,0.11574,0.24626,18.61669,10.85083,0,8.48,41674.1
285900,953,1.880e-05,2.89071,0.46342,0.58297,0.03560,0.08609,0.02539,0.10009,0.33554,0.17208,0.16346,51.51595,18.14114,0,7.78,41687.0
286000,953,1.880e-05,2.89067,0.34452,0.35387,0.03457,0.11832,0.03323,0.09944,0.38920,0.05924,0.32996,22.83954,11.16184,0,7.77,41699.8
286100,953,1.880e-05,2.49611,0.58498,0.65241,0.04674,0.04327,0.04040,0.03133,0.35012,0.06223,0.28789,23.92818,7.06222,0,7.92,41712.5
286200,954,1.840e-05,2.75559,0.45383,0.69867,0.05271,0.06825,0.04395,0.03474,0.32748,0.12885,0.19862,33.02196,12.68913,0,7.89,41725.1
286300,954,1.840e-05,1.81658,0.15872,0.47327,0.03618,0.05052,0.02839,0.03512,0.45265,0.14974,0.30292,29.25809,13.63207,0,7.82,41737.9
286400,954,1.840e-05,2.82481,0.39415,0.84590,0.03885,0.06825,0.03045,0.07231,0.47033,0.20009,0.27024,37.26369,17.04891,0,8.41,41749.8
286500,955,1.800e-05,2.66644,0.37665,0.61799,0.03418,0.08608,0.02528,0.06857,0.21654,0.06743,0.14910,16.58717,13.40749,0,7.87,41762.5
286600,955,1.800e-05,3.27981,0.51274,0.70951,0.02499,0.10207,0.03808,0.11930,0.25317,0.10687,0.14630,33.59670,13.27584,0,8.05,41774.9
286700,955,1.800e-05,2.01103,0.46088,0.48433,0.04104,0.03440,0.02741,0.03488,0.40494,0.14250,0.26245,36.42847,13.84718,0,7.86,41787.7
286800,956,1.760e-05,1.86700,0.44129,0.22385,0.03525,0.04917,0.03640,0.03512,0.23321,0.11889,0.11431,24.07132,11.30383,0,7.83,41800.4
286900,956,1.760e-05,2.23588,0.38223,0.43548,0.04540,0.04547,0.03984,0.06205,0.32404,0.10160,0.22244,16.90844,8.53523,0,7.90,41813.1
287000,956,1.760e-05,1.54665,0.18707,0.25331,0.03575,0.04167,0.02697,0.03945,0.26414,0.08855,0.17559,15.95691,10.92828,0,7.76,41826.0
287100,957,1.720e-05,3.01893,0.50369,1.15436,0.05370,0.03607,0.03949,0.05314,0.21806,0.08457,0.13349,42.21148,13.27662,0,7.82,41838.7
287200,957,1.720e-05,2.33480,0.28757,0.87103,0.03742,0.04776,0.02811,0.03677,0.26113,0.16088,0.10025,26.11275,12.60370,0,7.83,41851.5
287300,957,1.720e-05,2.52231,0.67300,0.36258,0.04004,0.05751,0.03720,0.06506,0.27477,0.07104,0.20373,29.31503,11.90011,0,7.96,41864.1
287400,958,1.680e-05,2.66615,0.54821,0.49639,0.05352,0.06469,0.04789,0.03999,0.25544,0.08780,0.16764,18.83753,6.47734,0,7.89,41876.8
287500,958,1.680e-05,3.08057,0.56853,1.11774,0.04238,0.03984,0.03852,0.07590,0.20961,0.08371,0.12590,41.86927,8.86563,0,8.97,41887.9
287600,958,1.680e-05,2.33347,0.40186,0.57916,0.04353,0.05187,0.02980,0.04988,0.42654,0.21718,0.20936,31.46249,13.57535,0,9.51,41898.4
287700,959,1.640e-05,2.86073,0.57194,0.69712,0.03116,0.08360,0.02396,0.06486,0.52343,0.15967,0.36376,56.64073,12.02339,0,10.04,41908.4
287800,959,1.640e-05,2.21213,0.41067,0.42387,0.04123,0.05495,0.03222,0.05094,0.14690,0.07642,0.07048,30.27493,5.39907,0,9.48,41918.9
287900,959,1.640e-05,2.84541,0.36161,0.94122,0.03602,0.07595,0.02565,0.05891,0.23304,0.05128,0.18176,38.50431,9.09282,0,7.98,41931.4
288000,960,1.600e-05,2.41753,0.32335,0.73766,0.05178,0.04582,0.04115,0.03495,0.31534,0.13383,0.18151,43.21053,21.81399,0,1.54,41996.6
288100,960,1.600e-05,2.64498,0.58128,0.39727,0.05046,0.07079,0.04050,0.05029,0.29689,0.08053,0.21636,31.53138,6.58589,0,7.44,42010.0
288200,960,1.600e-05,3.15276,0.36819,0.86115,0.07931,0.05707,0.06249,0.04943,0.15914,0.10470,0.05444,28.56058,9.67418,0,7.84,42022.7
288300,961,1.560e-05,2.08359,0.35500,0.49299,0.03879,0.04868,0.03222,0.03996,0.27770,0.07982,0.19788,17.88258,11.53366,0,7.83,42035.5
288400,961,1.560e-05,3.02409,0.42773,0.39334,0.04695,0.09506,0.03710,0.11949,0.52512,0.25291,0.27221,21.07726,16.25784,0,7.93,42048.1
288500,961,1.560e-05,3.16674,0.63992,0.80380,0.04283,0.07233,0.03654,0.07773,0.24934,0.12946,0.11989,32.91748,10.60229,0,7.80,42060.9
288600,962,1.520e-05,2.53339,0.24384,0.70804,0.05978,0.05258,0.04832,0.04328,0.29082,0.21931,0.07150,33.61148,8.66958,0,7.86,42073.7
288700,962,1.520e-05,2.10604,0.51337,0.37883,0.04171,0.04399,0.04146,0.02992,0.19309,0.07423,0.11885,27.84632,11.28841,0,7.76,42086.6
288800,962,1.520e-05,1.95114,0.47388,0.32269,0.04188,0.03790,0.03463,0.03671,0.22497,0.06432,0.16065,20.29010,6.63102,0,7.83,42099.3
288900,963,1.480e-05,2.04651,0.45473,0.30591,0.05132,0.04136,0.03895,0.03287,0.22344,0.03824,0.18520,29.03790,9.36809,0,7.74,42112.3
289000,963,1.480e-05,2.74913,0.40447,0.84410,0.04198,0.05987,0.03341,0.06299,0.36241,0.14332,0.21909,27.98629,13.61032,0,7.80,42125.1
289100,963,1.480e-05,3.24785,0.66662,0.71771,0.04908,0.08550,0.03833,0.06520,0.18076,0.05131,0.12945,30.49224,9.43942,0,7.70,42138.1
289200,964,1.440e-05,2.65357,0.33021,0.65814,0.03976,0.08060,0.03287,0.05946,0.21159,0.11104,0.10055,44.59863,8.77214,0,8.04,42150.5
289300,964,1.440e-05,2.33279,0.33993,0.84007,0.04202,0.04460,0.03078,0.02653,0.14620,0.09134,0.05486,27.58202,7.09080,0,7.88,42163.2
289400,964,1.440e-05,1.98000,0.41334,0.53045,0.02854,0.04616,0.02423,0.03362,0.34879,0.13202,0.21677,41.39042,11.60773,0,7.74,42176.1
289500,965,1.400e-05,2.13159,0.45910,0.52913,0.03352,0.04988,0.02613,0.03574,0.35549,0.21766,0.13784,34.56641,14.07771,0,7.44,42189.5
289600,965,1.400e-05,2.61130,0.39737,0.68422,0.05391,0.05860,0.04291,0.03799,0.20698,0.13991,0.06706,54.70794,13.76519,0,8.25,42201.7
289700,965,1.400e-05,2.52420,0.34081,0.76586,0.04444,0.05429,0.03910,0.04695,0.25958,0.08525,0.17433,25.97647,12.19330,0,7.47,42215.0
289800,966,1.360e-05,2.63049,0.49757,0.50236,0.04462,0.07103,0.03295,0.06187,0.52295,0.34127,0.18168,32.64656,12.71090,0,7.69,42228.0
289900,966,1.360e-05,2.46395,0.52650,0.64053,0.04709,0.04492,0.04394,0.03143,0.29441,0.11802,0.17639,23.05146,8.30075,0,7.80,42240.9
290000,966,1.360e-05,2.88158,0.64609,0.81570,0.04305,0.06218,0.03380,0.03970,0.40161,0.12046,0.28115,43.55915,17.96986,0,7.80,42253.7
290100,967,1.320e-05,2.46171,0.36187,0.68865,0.05557,0.04484,0.04659,0.03484,0.19848,0.08672,0.11176,30.58582,13.04273,0,7.83,42266.5
290200,967,1.320e-05,2.46861,0.40134,0.62631,0.03697,0.07303,0.02975,0.03844,0.20818,0.10573,0.10245,28.99363,13.11983,0,7.74,42279.4
290300,967,1.320e-05,2.06981,0.31159,0.53986,0.04596,0.03777,0.04100,0.03521,0.30904,0.14321,0.16583,35.86723,16.57539,0,7.80,42292.2
290400,968,1.280e-05,2.52342,0.66791,0.42860,0.04449,0.05598,0.03947,0.04498,0.26309,0.06906,0.19404,18.47390,12.48098,0,7.78,42305.1
290500,968,1.280e-05,1.80223,0.21777,0.29214,0.04523,0.04490,0.03966,0.03855,0.22038,0.09313,0.12725,25.55327,8.89004,0,7.80,42317.9
290600,968,1.280e-05,2.01667,0.40969,0.31310,0.03958,0.05045,0.02954,0.04919,0.26439,0.10590,0.15849,25.01662,14.69463,0,7.54,42331.1
290700,969,1.240e-05,2.19349,0.41996,0.52731,0.04394,0.04771,0.03414,0.03181,0.33515,0.22272,0.11243,34.48702,13.51864,0,7.59,42344.3
290800,969,1.240e-05,1.96309,0.17486,0.58120,0.03881,0.04865,0.03284,0.03364,0.48666,0.14364,0.34302,20.02821,12.62828,0,7.89,42357.0
290900,969,1.240e-05,2.53185,0.44035,0.24187,0.06795,0.06142,0.05468,0.05652,0.39722,0.13537,0.26186,18.29601,10.81662,0,7.86,42369.7
291000,970,1.200e-05,2.27840,0.44597,0.54691,0.04077,0.04688,0.02848,0.05333,0.23364,0.03807,0.19556,20.61158,6.75707,0,1.51,42435.9
291100,970,1.200e-05,2.72556,0.18045,0.33926,0.02356,0.11272,0.02737,0.14124,0.41549,0.19512,0.22037,23.40944,14.87397,0,6.78,42450.7
291200,970,1.200e-05,2.13846,0.14702,0.89921,0.02900,0.05275,0.02336,0.03158,0.56263,0.07273,0.48990,25.05286,17.01604,0,7.58,42463.9
291300,971,1.160e-05,2.32600,0.28251,0.73715,0.04045,0.05487,0.03293,0.03771,0.39606,0.13752,0.25855,38.37358,9.90333,0,7.93,42476.5
291400,971,1.160e-05,2.62209,0.53295,0.56039,0.05254,0.05633,0.04288,0.04514,0.32034,0.14584,0.17450,27.70728,12.11187,0,7.83,42489.3
291500,971,1.160e-05,2.63818,0.65588,0.74035,0.03206,0.05480,0.02653,0.04814,0.34109,0.11798,0.22311,44.43264,14.73083,0,7.85,42502.0
291600,972,1.120e-05,2.27144,0.16852,0.52032,0.03185,0.08159,0.02831,0.06133,0.59952,0.29729,0.30223,15.57471,18.21357,0,7.87,42514.7
291700,972,1.120e-05,2.76149,0.37065,0.65255,0.04966,0.07172,0.04295,0.06194,0.32679,0.08350,0.24329,15.42202,12.59068,0,7.91,42527.3
291800,972,1.120e-05,3.42321,0.40773,0.69567,0.07219,0.07409,0.06014,0.11125,0.28697,0.15349,0.13348,44.20690,14.24502,0,7.93,42540.0
291900,973,1.080e-05,2.44913,0.52933,0.66775,0.04457,0.04353,0.03384,0.04037,0.30592,0.12531,0.18060,23.59860,11.88927,0,8.07,42552.4
292000,973,1.080e-05,2.37331,0.29475,0.21604,0.04796,0.08378,0.04146,0.06756,0.40615,0.13113,0.27502,31.43906,11.53482,0,8.05,42564.8
292100,973,1.080e-05,3.41982,0.78697,0.72792,0.03598,0.08023,0.02719,0.12138,0.42979,0.22324,0.20655,33.70535,14.99779,0,8.06,42577.2
292200,974,1.040e-05,2.95786,0.50550,0.43830,0.04737,0.09588,0.04104,0.07526,0.36624,0.09605,0.27019,14.82313,16.45467,0,8.00,42589.7
292300,974,1.040e-05,2.37226,0.62991,0.67149,0.04087,0.03744,0.02594,0.03161,0.26029,0.10563,0.15466,16.85709,13.85140,0,7.97,42602.2
292400,974,1.040e-05,2.12101,0.62641,0.29868,0.02934,0.05340,0.02721,0.04650,0.44721,0.17105,0.27616,16.91128,15.43169,0,8.02,42614.7
292500,975,1.000e-05,2.27218,0.39864,0.82495,0.04023,0.03756,0.03204,0.02209,0.57137,0.32586,0.24551,43.86613,16.99894,0,7.91,42627.3
292600,975,1.000e-05,3.05201,0.27818,0.60715,0.06451,0.07591,0.05183,0.10068,0.47851,0.35424,0.12427,31.17464,19.59032,0,8.06,42639.7
292700,975,1.000e-05,2.33942,0.27940,0.84341,0.03801,0.05098,0.02911,0.03623,0.33813,0.09670,0.24143,22.73327,9.00800,0,8.41,42651.6
292800,976,9.600e-06,2.99170,0.45933,0.61976,0.05109,0.07031,0.03953,0.10019,0.39003,0.30629,0.08375,37.70393,15.72897,0,7.91,42664.3
292900,976,9.600e-06,2.30394,0.35102,0.59013,0.05776,0.03976,0.04699,0.03053,0.37428,0.22889,0.14540,34.91463,17.41711,0,8.04,42676.7
293000,976,9.600e-06,2.86567,0.46654,0.75456,0.05143,0.06814,0.03887,0.05091,0.26638,0.05571,0.21068,30.10774,7.22174,0,9.01,42687.8
293100,977,9.200e-06,2.10070,0.46674,0.44018,0.03579,0.05113,0.02630,0.03862,0.39959,0.07998,0.31961,40.39677,10.85585,0,9.47,42698.4
293200,977,9.200e-06,2.67485,0.54522,0.44984,0.05056,0.07068,0.03918,0.05430,0.21577,0.05400,0.16178,13.76063,6.65704,0,9.36,42709.1
293300,977,9.200e-06,2.03157,0.43934,0.53840,0.02711,0.03637,0.02149,0.06231,0.18195,0.09069,0.09126,24.08205,10.93621,0,8.91,42720.3
293400,978,8.800e-06,1.78853,0.40458,0.43150,0.03171,0.03584,0.02437,0.03103,0.18110,0.10908,0.07202,27.91748,10.43630,0,8.08,42732.7
293500,978,8.800e-06,2.18858,0.38797,0.42895,0.04290,0.05321,0.03203,0.05007,0.24588,0.07044,0.17543,16.14462,6.63647,0,7.95,42745.2
293600,978,8.800e-06,3.67224,0.41064,2.13913,0.03565,0.04285,0.03506,0.03243,0.48703,0.25153,0.23550,113.76685,23.60296,0,8.02,42757.7
293700,979,8.400e-06,2.79311,0.60227,1.09508,0.03572,0.03669,0.04973,0.02459,0.16477,0.06046,0.10431,82.10040,10.35126,0,7.99,42770.2
293800,979,8.400e-06,3.07293,0.71463,0.62090,0.04823,0.06555,0.04174,0.07819,0.23421,0.11337,0.12085,43.52399,13.78873,0,8.00,42782.7
293900,979,8.400e-06,2.85553,0.30919,0.47033,0.04567,0.08470,0.03717,0.11728,0.37886,0.15096,0.22790,42.40953,12.21705,0,8.03,42795.2
294000,980,8.000e-06,2.08129,0.59886,0.28184,0.05565,0.03012,0.04517,0.02341,0.24567,0.07452,0.17115,26.26463,10.32408,0,1.53,42860.4
294100,980,8.000e-06,1.91012,0.32595,0.48346,0.03428,0.04497,0.02924,0.03239,0.53188,0.21359,0.31829,28.35666,16.26356,0,7.54,42873.6
294200,980,8.000e-06,2.33402,0.38591,0.43874,0.04357,0.05975,0.03388,0.06135,0.35888,0.09159,0.26729,33.38310,11.00886,0,7.93,42886.2
294300,981,7.600e-06,1.91022,0.32391,0.52177,0.02784,0.04929,0.02414,0.03450,0.32681,0.10236,0.22446,33.84153,21.17789,0,7.79,42899.1
294400,981,7.600e-06,2.26581,0.47053,0.63373,0.03196,0.04898,0.02948,0.04095,0.42193,0.16757,0.25435,21.88873,16.61928,0,7.95,42911.6
294500,981,7.600e-06,3.10936,0.41312,0.38177,0.06683,0.08950,0.05479,0.09546,0.37927,0.12426,0.25502,29.38796,10.86247,0,7.87,42924.3
294600,982,7.200e-06,2.23680,0.42612,0.55719,0.04144,0.04638,0.03287,0.04218,0.19771,0.08571,0.11200,24.83437,9.78142,0,7.99,42936.9
294700,982,7.200e-06,2.24582,0.42663,0.24681,0.05223,0.06203,0.04347,0.04249,0.29898,0.15892,0.14006,32.35218,13.39869,0,8.44,42948.7
294800,982,7.200e-06,2.32788,0.43820,0.35733,0.04811,0.06227,0.03638,0.04934,0.62905,0.18720,0.44185,19.10263,16.85381,0,8.45,42960.5
294900,983,6.800e-06,2.63434,0.36345,0.84591,0.03861,0.06599,0.02582,0.04998,0.43489,0.15712,0.27777,21.00728,14.51794,0,8.03,42973.0
295000,983,6.800e-06,2.44555,0.45061,0.58961,0.03578,0.06673,0.02931,0.04673,0.22652,0.08776,0.13876,19.68840,7.06646,0,8.04,42985.4
295100,983,6.800e-06,2.28145,0.27057,0.51703,0.03214,0.06780,0.02919,0.06970,0.32569,0.09392,0.23177,36.37855,13.41162,0,8.04,42997.9
295200,984,6.400e-06,3.02365,0.26344,0.72072,0.04008,0.10720,0.03208,0.08124,0.35701,0.05217,0.30485,47.67171,13.49965,0,7.90,43010.5
295300,984,6.400e-06,2.55528,0.52522,0.47051,0.06347,0.05164,0.05514,0.02654,0.41074,0.09516,0.31557,61.27804,12.60343,0,7.86,43023.3
295400,984,6.400e-06,2.70607,0.29569,1.27013,0.03125,0.05081,0.02757,0.03636,0.63552,0.33334,0.30219,63.63932,19.04459,0,7.82,43036.1
295500,985,6.000e-06,1.87905,0.26807,0.54663,0.03687,0.03988,0.02911,0.03026,0.28630,0.08612,0.20017,32.67964,11.52230,0,7.87,43048.8
295600,985,6.000e-06,1.95341,0.32420,0.35367,0.03832,0.05064,0.02970,0.04750,0.46828,0.27736,0.19092,28.12053,13.58441,0,7.85,43061.5
295700,985,6.000e-06,3.64826,0.64363,0.24818,0.03754,0.14252,0.02606,0.16511,0.25500,0.02463,0.23037,35.21683,8.16039,0,7.79,43074.4
295800,986,5.600e-06,2.33228,0.50023,0.76442,0.04072,0.03521,0.03911,0.02257,0.26516,0.12866,0.13650,60.56482,12.48322,0,7.92,43087.0
295900,986,5.600e-06,1.79808,0.34404,0.47781,0.03743,0.03262,0.02849,0.02664,0.23247,0.06898,0.16349,35.47998,9.87644,0,7.80,43099.8
296000,986,5.600e-06,1.67878,0.36400,0.33304,0.03503,0.03257,0.02996,0.03117,0.34741,0.12342,0.22400,21.55760,11.96177,0,7.72,43112.8
296100,987,5.200e-06,3.65547,0.57752,0.57065,0.05190,0.11967,0.04682,0.11151,0.29555,0.08200,0.21356,33.69135,10.62570,0,7.78,43125.6
296200,987,5.200e-06,2.35281,0.53738,0.43601,0.03492,0.06190,0.02549,0.05675,0.16747,0.08636,0.08111,32.93850,10.22073,0,7.79,43138.5
296300,987,5.200e-06,2.33208,0.51243,0.38697,0.05067,0.05462,0.03695,0.03901,0.43372,0.21278,0.22094,26.25503,13.84563,0,7.81,43151.3
296400,988,4.800e-06,2.33438,0.05472,0.56784,0.03938,0.06972,0.02731,0.09685,0.29199,0.02678,0.26521,25.28744,11.17409,0,7.86,43164.0
296500,988,4.800e-06,3.59420,0.51637,0.38117,0.06704,0.11794,0.05408,0.11530,0.45750,0.21808,0.23942,35.66576,19.36662,0,7.92,43176.6
296600,988,4.800e-06,2.62682,0.48900,0.86598,0.05206,0.03975,0.04144,0.02931,0.38367,0.12352,0.26015,27.89862,10.66413,0,8.00,43189.1
296700,989,4.400e-06,2.05788,0.35698,0.41222,0.05439,0.03702,0.04465,0.03028,0.29923,0.05250,0.24673,15.84794,7.21678,0,7.99,43201.6
296800,989,4.400e-06,2.51480,0.51828,0.59990,0.03368,0.07483,0.02731,0.03499,0.27610,0.16809,0.10801,34.78611,17.40110,0,8.04,43214.0
296900,989,4.400e-06,2.29585,0.62355,0.57875,0.04263,0.03592,0.03289,0.02872,0.22163,0.02966,0.19197,27.40039,11.08214,0,8.06,43226.5
297000,990,4.000e-06,3.05836,0.38297,0.62098,0.07631,0.07122,0.06110,0.05472,0.47514,0.24480,0.23034,15.01488,14.35633,0,1.53,43291.9
297100,990,4.000e-06,2.17634,0.34781,0.61194,0.03299,0.05539,0.02744,0.03913,0.38997,0.12138,0.26859,17.87446,12.57309,0,7.47,43305.3
297200,990,4.000e-06,3.05955,0.39515,0.66265,0.07147,0.07423,0.05742,0.05152,0.25241,0.15305,0.09936,24.48930,10.79924,0,7.85,43318.1
297300,991,3.600e-06,3.20316,0.50920,0.97559,0.04648,0.07040,0.03225,0.07766,0.25638,0.09447,0.16191,36.10875,10.38922,0,7.83,43330.8
297400,991,3.600e-06,2.18909,0.13144,0.98169,0.03178,0.04682,0.02644,0.03155,0.46203,0.20439,0.25765,47.69085,23.99073,0,7.82,43343.6
297500,991,3.600e-06,2.89328,0.61644,0.66710,0.05341,0.06549,0.04100,0.04314,0.29550,0.04336,0.25214,29.26416,12.53643,0,7.89,43356.3
297600,992,3.200e-06,2.48700,0.33727,0.56735,0.04250,0.06804,0.03789,0.05750,0.38306,0.09695,0.28611,27.86282,16.81720,0,7.89,43369.0
297700,992,3.200e-06,1.96646,0.35689,0.33428,0.03723,0.06101,0.02549,0.03310,0.42165,0.11272,0.30893,44.17885,14.27399,0,8.12,43381.3
297800,992,3.200e-06,2.59814,0.52753,0.10202,0.05884,0.07695,0.04144,0.08071,0.52504,0.33320,0.19184,24.37140,14.35484,0,7.88,43394.0
297900,993,2.800e-06,2.72229,0.64623,0.46170,0.04483,0.06506,0.03517,0.06793,0.56844,0.32323,0.24521,30.51987,15.59892,0,7.80,43406.8
298000,993,2.800e-06,2.52079,0.55197,0.61604,0.04085,0.05618,0.02849,0.04801,0.43231,0.21751,0.21480,30.91616,16.82262,0,8.00,43419.3
298100,993,2.800e-06,1.79699,0.21807,0.34806,0.04121,0.04629,0.03090,0.04027,0.29733,0.08586,0.21147,19.20942,14.70291,0,7.75,43432.2
298200,994,2.400e-06,2.65449,0.51419,0.63314,0.04969,0.05980,0.03725,0.04520,0.28427,0.14371,0.14056,38.91016,11.10371,0,7.76,43445.1
298300,994,2.400e-06,2.43823,0.31809,0.74609,0.04522,0.05661,0.03175,0.03940,0.24309,0.11921,0.12388,27.62240,10.47026,0,7.79,43457.9
298400,994,2.400e-06,2.17584,0.25654,0.67667,0.03250,0.06053,0.02708,0.03540,0.22605,0.11836,0.10769,80.89510,14.49811,0,7.86,43470.7
298500,995,2.000e-06,2.12624,0.40152,0.47022,0.04254,0.04819,0.03037,0.03906,0.35347,0.15075,0.20271,53.52079,11.78855,0,7.85,43483.4
298600,995,2.000e-06,2.75404,0.63533,0.59886,0.06023,0.05056,0.04765,0.03475,0.24489,0.06641,0.17848,23.11440,10.19853,0,7.94,43496.0
298700,995,2.000e-06,2.50649,0.62374,0.43401,0.05624,0.05142,0.03625,0.03818,0.18854,0.02345,0.16509,21.49432,6.43007,0,7.84,43508.7
298800,996,1.600e-06,2.46055,0.76538,0.35559,0.03380,0.05942,0.02483,0.05665,0.35149,0.06991,0.28158,33.32909,7.78025,0,7.81,43521.5
298900,996,1.600e-06,2.56524,0.49885,0.43080,0.04251,0.06069,0.03770,0.08301,0.15201,0.07533,0.07668,48.76549,11.25388,0,7.81,43534.3
299000,996,1.600e-06,2.71131,0.57258,0.81982,0.06040,0.03174,0.04898,0.03052,0.30032,0.18722,0.11310,34.17138,13.13979,0,7.85,43547.1
299100,997,1.200e-06,2.86226,0.31736,0.84676,0.06955,0.05103,0.05205,0.04641,0.23286,0.12115,0.11171,64.92742,12.82795,0,7.86,43559.8
299200,997,1.200e-06,2.46596,0.28981,0.60325,0.04553,0.06693,0.03888,0.05079,0.47540,0.22734,0.24806,13.11601,13.11134,0,7.80,43572.6
299300,997,1.200e-06,2.62901,0.40976,0.36289,0.03442,0.09283,0.03080,0.08599,0.28621,0.16116,0.12505,14.32487,16.96377,0,7.80,43585.4
299400,998,8.000e-07,2.99014,0.74291,0.65053,0.04551,0.07275,0.03166,0.05117,0.24657,0.08935,0.15722,37.62052,10.00125,0,7.79,43598.3
299500,998,8.000e-07,2.08585,0.53242,0.35299,0.03593,0.04963,0.03042,0.03853,0.26179,0.10783,0.15396,15.84879,9.51048,0,8.03,43610.7
299600,998,8.000e-07,2.52772,0.08389,1.00693,0.03385,0.06126,0.02568,0.07148,0.30270,0.11611,0.18659,53.26610,12.45985,0,7.89,43623.4
299700,999,4.000e-07,2.16387,0.30460,0.35909,0.04509,0.06392,0.03240,0.04962,0.38104,0.20992,0.17113,27.39094,15.14833,0,7.89,43636.1
299800,999,4.000e-07,2.34110,0.50429,0.36153,0.03558,0.07101,0.02858,0.05330,0.28443,0.08872,0.19571,28.18210,10.58737,0,7.86,43648.8
299900,999,4.000e-07,2.18599,0.37827,0.62678,0.04469,0.04283,0.03402,0.02714,0.37906,0.17112,0.20794,34.85442,9.84276,0,7.86,43661.5
299999,999,4.000e-07,2.63909,0.34383,0.51776,0.04807,0.08500,0.03616,0.05319,0.30897,0.05174,0.25723,19.81130,12.89468,0,7.95,43674.0
