step,epoch,lr,loss_G,gan_AB,gan_BA,cyc_A,cyc_B,idt_A,idt_B,loss_D,D_A,D_B,gn_G,gn_D,nan,imgs_per_sec,elapsed_s
0,0,2.000e-04,14.06650,2.57729,2.15093,0.64703,0.60343,0.64361,0.59080,3.78910,1.74620,2.04290,127.31654,70.95196,0,1.82,0.5
100,0,2.000e-04,5.24960,0.40689,0.31161,0.33502,0.28328,0.33056,0.24529,0.65771,0.36401,0.29370,31.94831,11.94135,0,7.77,13.4
200,0,2.000e-04,3.56843,0.39264,0.40078,0.23247,0.15835,0.19024,0.13812,0.63829,0.32636,0.31193,30.98097,22.02866,0,7.98,25.9
300,1,2.000e-04,4.11933,0.32968,0.39431,0.27829,0.18307,0.26579,0.16964,0.52666,0.24017,0.28649,22.26454,17.43169,0,8.17,38.2
400,1,2.000e-04,5.26752,0.17056,0.19653,0.22664,0.45562,0.22185,0.37380,0.75297,0.40367,0.34930,24.57664,17.79813,0,8.11,50.5
500,1,2.000e-04,5.19548,0.16904,0.21025,0.44876,0.18403,0.42627,0.23463,0.51140,0.25978,0.25161,23.13427,11.84785,0,8.00,63.0
600,2,2.000e-04,5.97986,0.37586,0.32984,0.50731,0.19366,0.52345,0.18426,0.46682,0.18510,0.28172,25.75123,7.24398,0,8.05,75.4
700,2,2.000e-04,4.04277,0.45521,0.13094,0.25480,0.22523,0.21475,0.20784,0.49676,0.24870,0.24806,16.79345,19.75647,0,8.04,87.9
800,2,2.000e-04,4.60750,0.34048,0.76378,0.25458,0.22226,0.24182,0.20579,0.70211,0.42435,0.27777,24.18795,29.46253,0,8.06,100.3
900,3,2.000e-04,5.06837,0.34199,0.43357,0.25177,0.30846,0.25101,0.34566,0.74901,0.38757,0.36143,23.32502,24.24509,0,8.00,112.8
1000,3,2.000e-04,3.24509,0.30916,0.40024,0.17596,0.16311,0.18435,0.15178,0.52541,0.28850,0.23690,18.05898,14.50772,0,7.84,125.5
1100,3,2.000e-04,4.42639,0.35519,0.43134,0.32960,0.16442,0.30138,0.16654,0.50684,0.25057,0.25628,16.68169,15.57932,0,7.94,138.1
1200,4,2.000e-04,6.58701,0.42826,0.31562,0.24461,0.57020,0.25711,0.45054,0.60143,0.23400,0.36743,24.48111,21.95290,0,7.85,150.9
1300,4,2.000e-04,3.67758,0.32075,0.38994,0.19597,0.20852,0.18219,0.19558,0.64961,0.28523,0.36438,15.21563,22.62915,0,8.29,162.9
1400,4,2.000e-04,4.08791,0.28698,0.25989,0.21857,0.25527,0.20098,0.26776,0.59093,0.30086,0.29008,17.47246,21.38114,0,7.79,175.7
1500,5,2.000e-04,3.68439,0.44880,0.37764,0.18568,0.21281,0.15643,0.18979,0.61078,0.30351,0.30727,30.10021,27.21144,0,8.18,188.0
1600,5,2.000e-04,5.11888,0.28792,0.33817,0.33675,0.27496,0.34105,0.23263,0.42109,0.20555,0.21554,22.36192,10.96482,0,7.83,200.7
1700,5,2.000e-04,4.60364,0.20409,0.35123,0.21506,0.37024,0.19429,0.25443,0.49776,0.22535,0.27241,32.36357,14.94784,0,7.74,213.6
1800,6,2.000e-04,5.11623,0.25253,0.25700,0.41204,0.21199,0.42652,0.16811,0.56637,0.27059,0.29577,21.02161,18.40009,0,7.78,226.5
1900,6,2.000e-04,3.03200,0.40211,0.23026,0.15177,0.18655,0.15655,0.12666,0.54308,0.36144,0.18164,13.19928,19.59627,0,7.79,239.3
2000,6,2.000e-04,4.10610,0.27993,0.41475,0.14382,0.31713,0.12772,0.31495,0.49713,0.25359,0.24354,13.37093,26.61522,0,7.93,251.9
2100,7,2.000e-04,3.30230,0.25227,0.36815,0.13203,0.23087,0.12366,0.22328,0.44181,0.18685,0.25496,13.67616,18.34267,0,7.93,264.5
2200,7,2.000e-04,5.39537,0.41593,0.76099,0.15165,0.43537,0.13946,0.37389,0.61726,0.32425,0.29300,22.83085,23.00913,0,7.89,277.2
2300,7,2.000e-04,3.07628,0.40144,0.31048,0.10704,0.21523,0.08489,0.21632,0.76467,0.44545,0.31922,11.50369,26.35591,0,7.71,290.2
2400,8,2.000e-04,3.58944,0.25705,0.45622,0.18295,0.20022,0.17687,0.20726,0.46744,0.20761,0.25983,9.47148,11.69151,0,7.70,303.2
2500,8,2.000e-04,2.55764,0.14501,0.38295,0.11418,0.16654,0.12101,0.12943,0.60923,0.32138,0.28785,11.43844,15.35242,0,7.74,316.1
2600,8,2.000e-04,4.98577,0.71726,0.25272,0.26891,0.27487,0.24602,0.27274,0.66190,0.27726,0.38464,18.72467,33.93726,0,7.84,328.9
2700,9,2.000e-04,3.71696,0.28534,0.45358,0.22188,0.18360,0.21512,0.16515,0.53883,0.25687,0.28196,13.43122,16.51066,0,8.00,341.4
2800,9,2.000e-04,4.14470,0.40936,0.18607,0.17128,0.32646,0.12389,0.30033,0.43213,0.22352,0.20861,16.16899,7.61747,0,8.53,353.1
2900,9,2.000e-04,3.76865,0.23866,0.59883,0.27314,0.12742,0.22599,0.14535,0.50658,0.19808,0.30850,19.56057,24.07925,0,9.28,363.9
3000,10,2.000e-04,4.16489,0.18675,0.37952,0.28713,0.23341,0.24669,0.15169,0.56386,0.25613,0.30773,20.41041,13.85157,0,1.50,430.6
3100,10,2.000e-04,2.40098,0.22694,0.15645,0.15466,0.12681,0.14295,0.10114,0.72404,0.42975,0.29429,16.49259,25.77316,0,7.45,444.0
3200,10,2.000e-04,3.54588,0.42043,0.21120,0.21460,0.18099,0.23324,0.14129,0.56695,0.26860,0.29835,26.68215,10.15029,0,7.81,456.8
3300,11,2.000e-04,2.91171,0.26609,0.28661,0.18543,0.13850,0.17244,0.12331,0.69819,0.28381,0.41438,11.93484,36.84779,0,8.15,469.0
3400,11,2.000e-04,3.64501,0.13967,0.11693,0.31873,0.13440,0.29725,0.15187,0.59770,0.35711,0.24059,16.55171,16.92097,0,7.72,482.0
3500,11,2.000e-04,3.43255,0.36205,0.33493,0.12372,0.25092,0.12698,0.21799,0.43129,0.28638,0.14491,14.61849,13.19190,0,8.51,493.7
3600,12,2.000e-04,3.26633,0.32880,0.15982,0.20490,0.17811,0.22240,0.12266,0.48192,0.25962,0.22230,14.70465,15.86359,0,8.57,505.4
3700,12,2.000e-04,2.84540,0.48063,0.19123,0.12080,0.16980,0.12567,0.16254,0.59204,0.23903,0.35301,9.30107,15.27640,0,7.84,518.2
3800,12,2.000e-04,3.65536,0.36686,0.44312,0.19859,0.20355,0.16264,0.17123,0.55208,0.22043,0.33164,19.01954,19.44423,0,7.85,530.9
3900,13,2.000e-04,3.64020,0.24074,0.24540,0.17774,0.25148,0.16443,0.23876,0.41826,0.27145,0.14681,16.59177,16.12228,0,8.31,542.9
4000,13,2.000e-04,3.85811,0.36938,0.16588,0.17662,0.28951,0.16169,0.23520,0.56120,0.32018,0.24102,17.74215,15.33791,0,9.54,553.4
4100,13,2.000e-04,3.43003,0.43157,0.24136,0.22933,0.12485,0.24763,0.14685,0.63982,0.32792,0.31190,17.99116,27.61989,0,8.19,565.6
4200,14,2.000e-04,3.66213,0.37673,0.29627,0.16981,0.21378,0.17848,0.24998,0.40601,0.19860,0.20741,16.47430,11.56554,0,8.67,577.1
4300,14,2.000e-04,5.47831,0.25147,0.61634,0.17784,0.46191,0.17187,0.39283,0.59742,0.25749,0.33993,19.03449,14.72017,0,7.72,590.1
4400,14,2.000e-04,4.00876,0.45862,0.48204,0.29132,0.13326,0.27433,0.10375,0.45573,0.31978,0.13595,21.52472,35.04959,0,7.94,602.7
4500,15,2.000e-04,3.73491,0.19494,0.32300,0.19704,0.27732,0.15033,0.18774,0.56997,0.32830,0.24167,20.24413,6.15234,0,8.04,615.2
4600,15,2.000e-04,4.07749,0.42084,0.45405,0.28724,0.13124,0.30364,0.14045,0.52808,0.27213,0.25595,22.11945,20.12708,0,7.94,627.7
4700,15,2.000e-04,2.61349,0.31882,0.14295,0.13832,0.15014,0.15938,0.12439,0.39903,0.19134,0.20769,12.21547,14.18859,0,7.89,640.4
4800,16,2.000e-04,4.48380,0.64161,0.25138,0.32013,0.18172,0.27990,0.15271,0.79898,0.30707,0.49191,21.00735,43.34979,0,7.83,653.2
4900,16,2.000e-04,3.65507,0.61859,0.21651,0.18489,0.20107,0.18319,0.17289,0.53880,0.19960,0.33920,13.26567,29.91289,0,8.17,665.4
5000,16,2.000e-04,3.47235,0.10730,0.23318,0.28727,0.13003,0.28274,0.13542,0.67861,0.27239,0.40622,13.83934,18.22661,0,8.92,676.6
5100,17,2.000e-04,2.63835,0.22760,0.26968,0.11315,0.17172,0.11651,0.17018,0.49837,0.25852,0.23985,11.57261,12.38711,0,8.15,688.9
5200,17,2.000e-04,3.08152,0.13543,0.41721,0.17954,0.15714,0.18523,0.15295,0.47988,0.27012,0.20976,8.88319,24.27861,0,7.79,701.7
5300,17,2.000e-04,2.43248,0.26759,0.13721,0.15568,0.11653,0.15833,0.10833,0.55229,0.44326,0.10903,8.38330,17.90420,0,8.16,714.0
5400,18,2.000e-04,3.66912,0.18611,0.29673,0.16551,0.25717,0.16889,0.26026,0.45482,0.16923,0.28559,10.58417,18.27560,0,8.24,726.1
5500,18,2.000e-04,3.23976,0.15346,0.35613,0.19752,0.19703,0.17098,0.13197,0.58451,0.37645,0.20806,13.42104,9.50010,0,8.33,738.1
5600,18,2.000e-04,4.82484,0.88976,0.09558,0.27380,0.27864,0.15389,0.27702,0.76620,0.22808,0.53812,26.35348,42.21458,0,7.71,751.1
5700,19,2.000e-04,2.78380,0.22744,0.45972,0.17783,0.11120,0.16378,0.09682,0.46910,0.29932,0.16978,9.12793,16.22581,0,7.91,763.7
5800,19,2.000e-04,2.66104,0.17077,0.38421,0.11069,0.16799,0.11108,0.17398,0.56107,0.25966,0.30141,9.54415,17.14238,0,7.82,776.5
5900,19,2.000e-04,5.01221,0.32858,0.52070,0.33077,0.23158,0.33120,0.20926,0.54245,0.30213,0.24032,17.64664,12.09293,0,7.88,789.2
6000,20,2.000e-04,3.61556,0.15603,0.58265,0.10959,0.27169,0.14096,0.24722,0.41206,0.19345,0.21861,18.32931,22.38848,0,1.53,854.8
6100,20,2.000e-04,2.89594,0.43818,0.46851,0.08023,0.17817,0.11554,0.16335,0.43411,0.17940,0.25471,10.25107,17.29879,0,7.35,868.4
6200,20,2.000e-04,3.35265,0.19119,0.38913,0.14519,0.23620,0.15839,0.18777,0.47939,0.25416,0.22524,10.64279,15.34943,0,7.81,881.2
6300,21,2.000e-04,3.44155,0.20484,0.46199,0.17339,0.22489,0.12596,0.18736,0.50170,0.32101,0.18069,12.61621,16.53451,0,7.84,893.9
6400,21,2.000e-04,2.62784,0.32631,0.23981,0.19462,0.08019,0.19919,0.07587,0.49618,0.30136,0.19482,16.31276,11.40854,0,8.38,905.9
6500,21,2.000e-04,3.82315,0.55881,0.17310,0.26383,0.16547,0.23358,0.14431,0.55613,0.24125,0.31488,14.06883,23.31584,0,7.85,918.6
6600,22,2.000e-04,3.37694,0.17955,0.30518,0.18888,0.19776,0.19053,0.19307,0.67841,0.32592,0.35250,11.79665,21.30413,0,7.81,931.4
6700,22,2.000e-04,2.22703,0.12019,0.09508,0.14871,0.12772,0.16319,0.08866,0.66856,0.31127,0.35729,11.60284,24.62147,0,7.77,944.3
6800,22,2.000e-04,4.54670,0.28545,0.55438,0.16784,0.34948,0.15524,0.29286,0.64494,0.25881,0.38613,22.89094,27.22157,0,7.68,957.3
6900,23,2.000e-04,2.83571,0.21108,0.57476,0.09332,0.19900,0.09038,0.14492,0.43136,0.21008,0.22128,15.00734,17.23606,0,7.81,970.1
7000,23,2.000e-04,3.27957,0.36088,0.22152,0.20427,0.17648,0.18602,0.13135,0.40733,0.28308,0.12425,12.80384,12.67199,0,7.85,982.9
7100,23,2.000e-04,2.40157,0.36603,0.27314,0.11237,0.12275,0.12598,0.10874,0.56675,0.25236,0.31439,9.30390,9.40618,0,7.86,995.6
7200,24,2.000e-04,4.69305,0.19382,0.37676,0.32488,0.22674,0.27364,0.27211,0.47713,0.26470,0.21243,25.13510,7.28920,0,7.79,1008.4
7300,24,2.000e-04,2.49149,0.24300,0.37753,0.10284,0.14135,0.10617,0.15382,0.54996,0.31897,0.23099,12.38565,19.75144,0,7.84,1021.2
7400,24,2.000e-04,3.70244,0.34661,0.30374,0.22257,0.17049,0.25278,0.18194,0.59378,0.30161,0.29217,16.60848,16.04319,0,7.71,1034.2
7500,25,2.000e-04,2.93398,0.43727,0.44536,0.12028,0.15440,0.13097,0.14022,0.40216,0.20500,0.19716,12.47592,18.70428,0,7.82,1047.0
7600,25,2.000e-04,4.00065,0.34518,0.40450,0.20451,0.24561,0.17034,0.22980,0.43292,0.28735,0.14557,13.30119,12.48546,0,7.73,1059.9
7700,25,2.000e-04,2.88950,0.35283,0.14259,0.13900,0.17561,0.15803,0.17039,0.67150,0.29622,0.37528,9.94771,6.22291,0,7.94,1072.5
7800,26,2.000e-04,2.92603,0.34888,0.48028,0.09751,0.19609,0.09643,0.15514,0.60572,0.18643,0.41928,13.62640,18.31226,0,8.06,1084.9
7900,26,2.000e-04,2.79289,0.27338,0.47529,0.13749,0.15003,0.12718,0.11549,0.53903,0.29078,0.24825,13.39588,10.09652,0,7.86,1097.6
8000,26,2.000e-04,2.81683,0.48459,0.15299,0.16778,0.11581,0.15466,0.14987,0.65197,0.26894,0.38303,19.14067,26.42718,0,7.79,1110.5
8100,27,2.000e-04,2.29946,0.32507,0.39001,0.08684,0.13298,0.08859,0.10552,0.36983,0.15785,0.21198,6.91243,9.41081,0,7.82,1123.2
8200,27,2.000e-04,2.97620,0.73640,0.04579,0.14744,0.15205,0.13396,0.14466,0.42790,0.28327,0.14464,9.79078,16.71225,0,7.78,1136.1
8300,27,2.000e-04,3.19556,0.26415,0.29421,0.23814,0.13563,0.19095,0.11640,0.49061,0.30169,0.18891,11.82188,8.09278,0,7.88,1148.8
8400,28,2.000e-04,3.32717,0.10695,0.34194,0.18275,0.21611,0.15069,0.20290,0.34734,0.15504,0.19230,10.53427,17.43672,0,7.83,1161.6
8500,28,2.000e-04,3.11789,0.31803,0.61773,0.12810,0.16337,0.14928,0.14064,0.67481,0.37433,0.30048,9.75466,20.59264,0,7.75,1174.5
8600,28,2.000e-04,2.72424,0.11433,0.23594,0.13992,0.16844,0.14094,0.19192,0.66781,0.31798,0.34983,16.93096,18.82655,0,7.66,1187.5
8700,29,2.000e-04,2.95096,0.41762,0.22488,0.16347,0.15379,0.15543,0.13344,0.57425,0.24710,0.32715,10.40693,16.94305,0,7.69,1200.5
8800,29,2.000e-04,3.85230,1.63390,0.57344,0.12685,0.08771,0.14641,0.08245,0.64232,0.28703,0.35529,10.02462,30.09881,0,7.89,1213.2
8900,29,2.000e-04,3.68435,0.49502,0.59952,0.21198,0.12791,0.23346,0.12269,0.39884,0.19357,0.20527,15.35793,14.03710,0,8.80,1224.6
9000,30,2.000e-04,3.44218,0.23950,0.53708,0.17252,0.17353,0.17276,0.20139,0.36330,0.26187,0.10142,12.24514,13.21226,0,1.56,1288.6
9100,30,2.000e-04,3.00515,0.19200,0.47815,0.19221,0.12973,0.17032,0.11979,0.30148,0.12926,0.17222,12.04447,9.76448,0,7.41,1302.1
9200,30,2.000e-04,3.97084,0.32163,0.16019,0.16200,0.31959,0.16924,0.26319,0.40766,0.24293,0.16473,13.91467,11.76441,0,7.94,1314.7
9300,31,2.000e-04,2.48148,0.42547,0.26835,0.12676,0.11185,0.13061,0.10724,0.42474,0.15775,0.26699,7.91595,29.00474,0,7.86,1327.4
9400,31,2.000e-04,4.30830,0.69130,0.34369,0.21785,0.29217,0.19462,0.09467,0.40258,0.21225,0.19034,21.55172,12.51715,0,7.90,1340.1
9500,31,2.000e-04,2.39680,0.17470,0.17109,0.15273,0.13184,0.16075,0.09053,0.47113,0.21991,0.25122,10.25028,13.49938,0,7.86,1352.8
9600,32,2.000e-04,3.35545,0.25620,0.30717,0.23801,0.13563,0.24162,0.12794,0.43491,0.22172,0.21319,14.16632,15.92631,0,7.87,1365.5
9700,32,2.000e-04,2.77819,0.20130,0.07360,0.18631,0.14709,0.21082,0.12369,0.51349,0.22716,0.28632,14.41410,12.52103,0,7.79,1378.4
9800,32,2.000e-04,2.37212,0.41449,0.23971,0.18300,0.04703,0.13940,0.08769,0.31922,0.16494,0.15429,12.99313,8.72908,0,7.78,1391.2
9900,33,2.000e-04,2.83119,0.29290,0.22759,0.16576,0.15667,0.16214,0.11727,0.38968,0.18576,0.20392,16.92586,18.28131,0,7.70,1404.2
10000,33,2.000e-04,3.76561,0.37159,0.50555,0.24096,0.15554,0.22993,0.13246,0.39226,0.12660,0.26566,16.80460,8.08278,0,7.87,1416.9
10100,33,2.000e-04,3.26473,0.45711,0.40451,0.16311,0.16636,0.14589,0.15640,0.52709,0.24117,0.28592,15.19780,21.26956,0,7.75,1429.8
10200,34,2.000e-04,3.50173,0.27012,0.43937,0.15477,0.22337,0.17265,0.18796,0.49206,0.28681,0.20525,12.01119,16.00807,0,7.87,1442.5
10300,34,2.000e-04,3.68029,0.19715,0.28883,0.17886,0.25134,0.19720,0.22013,0.36127,0.15558,0.20569,20.75165,24.26419,0,7.84,1455.3
10400,34,2.000e-04,2.36468,0.15799,0.25064,0.12309,0.14664,0.08793,0.15502,0.66739,0.31034,0.35705,14.96765,20.22249,0,7.84,1468.0
10500,35,2.000e-04,2.13167,0.28089,0.07903,0.10918,0.11564,0.16420,0.09485,0.38029,0.17837,0.20192,11.82105,6.62880,0,7.77,1480.9
10600,35,2.000e-04,2.43783,0.38223,0.29089,0.12172,0.10647,0.11382,0.13569,0.49336,0.29555,0.19781,8.75677,14.20098,0,7.84,1493.7
10700,35,2.000e-04,2.23484,0.48910,0.04279,0.13065,0.11126,0.12227,0.07510,0.32036,0.18080,0.13956,8.33979,15.62318,0,7.83,1506.4
10800,36,2.000e-04,3.12405,0.07552,0.34910,0.22472,0.15057,0.20876,0.12043,0.58587,0.27942,0.30646,16.51394,17.70917,0,7.71,1519.4
10900,36,2.000e-04,3.53714,0.37960,0.25933,0.10649,0.27824,0.10391,0.28591,0.48356,0.21729,0.26627,35.21190,17.04678,0,7.77,1532.3
11000,36,2.000e-04,2.73823,0.65212,0.33669,0.12405,0.10774,0.12280,0.11337,0.46650,0.20406,0.26244,10.36062,15.98246,0,7.81,1545.1
11100,37,2.000e-04,3.32821,0.15880,0.45070,0.14781,0.25180,0.13922,0.14904,0.44827,0.29184,0.15643,20.55945,12.70480,0,7.85,1557.8
11200,37,2.000e-04,2.47982,0.02208,0.54581,0.12135,0.13698,0.12835,0.11977,0.58409,0.30037,0.28372,9.59313,12.62940,0,7.89,1570.5
11300,37,2.000e-04,3.18241,0.06895,0.35358,0.14222,0.22661,0.13655,0.22974,0.59428,0.25936,0.33493,13.46051,20.54125,0,7.91,1583.1
11400,38,2.000e-04,2.33776,0.39042,0.19525,0.09846,0.13633,0.08459,0.14667,0.32071,0.18941,0.13130,9.36685,12.19280,0,7.99,1595.7
11500,38,2.000e-04,3.97586,0.49905,0.51242,0.13314,0.26505,0.11714,0.27225,0.43942,0.24093,0.19849,13.11327,13.09546,0,7.87,1608.4
11600,38,2.000e-04,2.83570,0.38602,0.19824,0.15727,0.14240,0.16591,0.13533,0.55001,0.21197,0.33804,15.37088,10.83024,0,7.81,1621.2
11700,39,2.000e-04,2.48477,0.14407,0.37996,0.13245,0.15973,0.10346,0.09648,0.52622,0.25945,0.26677,12.54694,6.72999,0,7.89,1633.8
11800,39,2.000e-04,3.03988,0.36020,0.23297,0.24588,0.08770,0.21742,0.09411,0.43824,0.23476,0.20348,11.49403,14.62574,0,7.83,1646.6
11900,39,2.000e-04,2.79041,0.40243,0.30288,0.11392,0.14870,0.10185,0.20695,0.59420,0.18376,0.41044,7.24326,12.54822,0,7.85,1659.3
12000,40,2.000e-04,2.98774,0.51827,0.47972,0.11404,0.15263,0.09198,0.17059,0.49774,0.28047,0.21727,12.20737,12.46705,0,1.56,1723.6
12100,40,2.000e-04,3.14429,0.33325,0.16710,0.22637,0.13591,0.23835,0.09468,0.45728,0.30766,0.14962,13.36867,23.06592,0,7.29,1737.3
12200,40,2.000e-04,2.40745,0.16313,0.30187,0.12682,0.14686,0.10974,0.11988,0.43122,0.13878,0.29244,11.75372,19.35370,0,7.91,1749.9
12300,41,2.000e-04,2.69458,0.38493,0.23793,0.15505,0.11806,0.15272,0.12973,0.63663,0.32636,0.31027,10.85006,11.83838,0,7.89,1762.6
12400,41,2.000e-04,3.32335,0.64075,0.32766,0.18493,0.13816,0.16351,0.13229,0.29267,0.16294,0.12973,12.25380,12.11641,0,8.33,1774.6
12500,41,2.000e-04,3.28354,0.27706,0.28612,0.20114,0.18607,0.17491,0.13882,0.26255,0.10490,0.15764,16.87036,8.72726,0,9.30,1785.4
12600,42,2.000e-04,2.54382,0.10446,0.29986,0.12412,0.18367,0.09932,0.14090,0.44575,0.29293,0.15281,11.59064,15.05754,0,8.90,1796.6
12700,42,2.000e-04,2.98573,0.54644,0.45447,0.16915,0.08121,0.18414,0.10907,0.47688,0.17193,0.30495,9.80846,16.16201,0,8.10,1808.9
12800,42,2.000e-04,1.80369,0.20589,0.09558,0.10519,0.11100,0.09323,0.07527,0.53966,0.32466,0.21500,8.77165,5.62406,0,7.92,1821.6
12900,43,2.000e-04,2.62341,0.49742,0.06702,0.15844,0.12299,0.13946,0.12125,0.49797,0.26278,0.23519,10.33327,26.33744,0,7.85,1834.3
13000,43,2.000e-04,2.28146,0.10818,0.46070,0.09735,0.14433,0.09029,0.11139,0.42955,0.14627,0.28327,15.98763,12.46384,0,7.87,1847.0
13100,43,2.000e-04,2.74793,0.37257,0.32356,0.12875,0.15453,0.08180,0.17236,0.34786,0.10820,0.23966,10.45549,8.32211,0,7.91,1859.7
13200,44,2.000e-04,2.68157,0.45586,0.12633,0.17207,0.13081,0.13525,0.09874,0.61712,0.39789,0.21922,13.15489,22.74559,0,8.07,1872.0
13300,44,2.000e-04,2.48957,0.16365,0.12854,0.13423,0.17868,0.11720,0.13593,0.40151,0.24919,0.15232,12.26678,15.00243,0,9.01,1883.1
13400,44,2.000e-04,2.26864,0.34472,0.33841,0.08985,0.12489,0.08025,0.12449,0.44188,0.16318,0.27870,8.06280,18.82754,0,8.89,1894.4
13500,45,2.000e-04,4.57122,0.65796,0.34254,0.29244,0.20932,0.26962,0.15514,0.66947,0.27899,0.39047,18.41427,26.45031,0,8.82,1905.7
13600,45,2.000e-04,2.63892,0.47801,0.35433,0.12481,0.08880,0.16922,0.12619,0.44284,0.22290,0.21995,11.60029,14.76460,0,8.43,1917.6
13700,45,2.000e-04,2.37635,0.45797,0.17224,0.09195,0.14194,0.09384,0.13684,0.44540,0.29687,0.14853,12.12772,12.72282,0,7.97,1930.1
13800,46,2.000e-04,2.53332,0.27053,0.25385,0.12317,0.15737,0.12526,0.11724,0.50827,0.21483,0.29344,12.26158,7.87982,0,7.90,1942.8
13900,46,2.000e-04,2.97628,0.40298,0.31054,0.17147,0.13357,0.16645,0.12857,0.38406,0.18111,0.20295,10.74606,8.58381,0,8.05,1955.2
14000,46,2.000e-04,3.00594,0.37580,0.29668,0.16487,0.12939,0.15897,0.18590,0.38335,0.18803,0.19531,12.09771,10.38576,0,7.88,1967.9
14100,47,2.000e-04,3.25952,0.72609,0.22167,0.13880,0.16742,0.12917,0.18308,0.49281,0.20025,0.29256,12.56352,15.97251,0,7.96,1980.5
14200,47,2.000e-04,3.72506,0.51280,0.83556,0.19689,0.15250,0.11855,0.13337,0.70340,0.35076,0.35264,12.31426,18.98201,0,7.90,1993.1
14300,47,2.000e-04,2.24197,0.10639,0.51670,0.11579,0.11241,0.09919,0.09197,0.57374,0.29846,0.27527,16.26060,14.50700,0,7.84,2005.9
14400,48,2.000e-04,3.29060,0.30191,0.45451,0.16731,0.18003,0.13921,0.17978,0.42454,0.20141,0.22313,16.34645,8.87009,0,7.85,2018.6
14500,48,2.000e-04,3.25204,0.46954,0.06077,0.24135,0.12466,0.23190,0.12477,0.49021,0.26529,0.22492,14.02246,17.12508,0,7.83,2031.4
14600,48,2.000e-04,2.81361,0.50332,0.37143,0.16210,0.10379,0.15436,0.08941,0.40911,0.17614,0.23297,10.79820,15.69298,0,7.94,2044.0
14700,49,2.000e-04,2.74035,0.38697,0.34139,0.16912,0.10788,0.14809,0.10271,0.49520,0.20670,0.28850,9.07269,6.94981,0,8.35,2055.9
14800,49,2.000e-04,2.27534,0.16525,0.12114,0.14577,0.08154,0.22866,0.11230,0.50835,0.19720,0.31114,12.02779,13.88291,0,8.46,2067.8
14900,49,2.000e-04,1.80591,0.17732,0.24895,0.09411,0.09533,0.09456,0.07842,0.50124,0.30878,0.19245,8.43489,11.66627,0,8.09,2080.1
15000,50,2.000e-04,3.32447,0.34979,0.68381,0.09372,0.22805,0.09942,0.17339,0.43739,0.25568,0.18171,13.81902,15.05585,0,1.10,2171.1
15100,50,2.000e-04,2.62422,0.05115,0.10839,0.17131,0.17981,0.15946,0.12417,0.31903,0.22579,0.09324,11.37152,12.60010,0,7.49,2184.4
15200,50,2.000e-04,2.60173,0.29440,0.32104,0.13131,0.13844,0.11607,0.13894,0.44783,0.15899,0.28884,10.45702,7.58918,0,7.80,2197.2
15300,51,2.000e-04,2.25172,0.34776,0.52867,0.06649,0.11759,0.06307,0.11889,0.53293,0.25137,0.28156,8.91492,14.61348,0,7.78,2210.1
15400,51,2.000e-04,2.63446,0.24283,0.37385,0.18654,0.10520,0.15897,0.06467,0.42586,0.24079,0.18508,12.39852,14.14032,0,7.79,2222.9
15500,51,2.000e-04,2.38674,0.02590,0.30296,0.14170,0.12325,0.16122,0.13203,0.63152,0.29686,0.33467,8.49090,18.68269,0,7.90,2235.6
15600,52,2.000e-04,3.02040,0.33926,0.68330,0.14897,0.11912,0.15850,0.10447,0.51587,0.28008,0.23580,9.02648,10.97436,0,7.86,2248.3
15700,52,2.000e-04,2.04420,0.10831,0.14896,0.15425,0.09725,0.12669,0.08507,0.53920,0.24612,0.29308,13.46857,11.02408,0,7.94,2260.9
15800,52,2.000e-04,2.70623,0.25729,0.54229,0.10568,0.14928,0.09329,0.15945,0.45182,0.27963,0.17219,8.87802,12.36072,0,7.88,2273.6
15900,53,2.000e-04,2.75842,0.32111,0.33067,0.13554,0.13443,0.13462,0.16810,0.72561,0.38015,0.34546,8.82115,11.69320,0,7.81,2286.4
16000,53,2.000e-04,4.22558,0.60245,0.25748,0.17096,0.30214,0.18547,0.21460,0.36227,0.13438,0.22789,14.40893,19.07906,0,7.96,2299.0
16100,53,2.000e-04,3.62400,0.60423,0.15480,0.23168,0.16848,0.20767,0.13800,0.43830,0.10066,0.33764,11.66629,10.25183,0,8.76,2310.4
16200,54,2.000e-04,2.16702,0.49111,0.05238,0.10748,0.11797,0.10439,0.09412,0.66717,0.40646,0.26071,12.46714,16.01593,0,8.08,2322.8
16300,54,2.000e-04,5.13142,0.30301,0.36870,0.14917,0.46004,0.15966,0.40581,0.44772,0.30659,0.14113,17.42011,12.59568,0,7.79,2335.6
16400,54,2.000e-04,1.93040,0.10679,0.40718,0.11144,0.08461,0.09686,0.07762,0.67265,0.32468,0.34797,10.84647,11.08289,0,7.77,2348.5
16500,55,2.000e-04,3.97564,0.29055,0.82030,0.15346,0.24159,0.10562,0.25018,0.35133,0.22345,0.12788,13.26659,10.56960,0,7.74,2361.4
16600,55,2.000e-04,3.13205,0.17295,0.59667,0.12304,0.17730,0.15007,0.19423,0.62620,0.13285,0.49335,7.65672,19.39563,0,7.92,2374.0
16700,55,2.000e-04,1.97879,0.09516,0.11057,0.12993,0.11959,0.11414,0.09603,0.49698,0.22686,0.27013,8.96056,8.76820,0,7.78,2386.9
16800,56,2.000e-04,2.90815,0.87488,0.05596,0.10531,0.10364,0.16267,0.21035,0.57245,0.18787,0.38458,12.72743,13.11203,0,7.79,2399.7
16900,56,2.000e-04,3.01541,0.11809,0.87280,0.11494,0.14243,0.15547,0.13960,0.49764,0.29373,0.20392,12.97896,22.03320,0,7.81,2412.5
17000,56,2.000e-04,2.31054,0.37827,0.20250,0.14580,0.09498,0.11213,0.09822,0.30145,0.17479,0.12666,10.91350,9.11400,0,8.12,2424.8
17100,57,2.000e-04,2.70160,0.39781,0.51235,0.12502,0.11450,0.11240,0.12514,0.54943,0.18268,0.36675,8.22269,11.31630,0,8.73,2436.3
17200,57,2.000e-04,2.10128,0.21150,0.44045,0.10694,0.08900,0.12559,0.06226,0.29810,0.20231,0.09579,6.17483,7.81287,0,7.79,2449.1
17300,57,2.000e-04,2.45607,0.13515,0.22828,0.13863,0.14807,0.13764,0.12601,0.53068,0.40803,0.12265,15.46927,14.49539,0,7.78,2462.0
17400,58,2.000e-04,2.58640,0.65012,0.39810,0.10237,0.09828,0.11897,0.09501,0.43835,0.24267,0.19568,8.92643,15.53672,0,7.78,2474.8
17500,58,2.000e-04,2.26770,0.33618,0.14726,0.12120,0.12196,0.09106,0.13633,0.53255,0.20412,0.32843,8.53277,9.94765,0,7.75,2487.7
17600,58,2.000e-04,2.20751,0.12021,0.44631,0.12374,0.09191,0.13864,0.08645,0.28593,0.16086,0.12506,4.46263,13.83456,0,7.82,2500.5
17700,59,2.000e-04,3.31231,0.46681,0.45270,0.17562,0.14068,0.11646,0.20806,0.47512,0.27471,0.20040,10.52694,11.16158,0,7.87,2513.2
17800,59,2.000e-04,2.45684,0.34817,0.47589,0.10593,0.09731,0.15873,0.08789,0.53130,0.33240,0.19890,8.00851,20.08419,0,7.91,2525.9
17900,59,2.000e-04,3.65044,0.18579,0.66304,0.12350,0.22461,0.17373,0.25069,0.56356,0.22390,0.33966,15.66596,13.14676,0,7.79,2538.7
18000,60,2.000e-04,3.00221,0.38013,0.10853,0.14353,0.19903,0.13452,0.18578,0.77276,0.37585,0.39691,14.77670,20.11557,0,1.51,2604.8
18100,60,2.000e-04,2.52042,0.79086,0.08930,0.10626,0.09930,0.11965,0.12534,0.58368,0.19065,0.39303,9.62942,12.88651,0,7.39,2618.3
18200,60,2.000e-04,3.76313,0.67337,0.11934,0.19463,0.20634,0.20362,0.18261,0.62909,0.23535,0.39374,18.25912,20.06884,0,7.72,2631.3
18300,61,2.000e-04,3.17535,0.79263,0.33662,0.15204,0.12710,0.14502,0.11515,0.59187,0.24083,0.35104,8.78302,22.47296,0,7.85,2644.0
18400,61,2.000e-04,2.33541,0.10651,0.16447,0.19594,0.09898,0.14506,0.09087,0.35480,0.16985,0.18495,11.21462,6.93505,0,7.85,2656.7
18500,61,2.000e-04,2.60935,0.28201,0.13850,0.12335,0.17022,0.09922,0.18917,0.50806,0.28965,0.21841,12.15762,13.16447,0,7.81,2669.5
18600,62,2.000e-04,2.74270,0.18969,0.48641,0.13915,0.14519,0.12686,0.13109,0.51875,0.26512,0.25363,14.54393,16.61431,0,7.87,2682.3
18700,62,2.000e-04,2.82796,0.43473,0.28193,0.17526,0.11491,0.16249,0.10169,0.34948,0.12807,0.22142,11.32810,11.13610,0,7.88,2694.9
18800,62,2.000e-04,3.28026,0.68164,0.57336,0.09378,0.17651,0.09854,0.17100,0.58739,0.25084,0.33655,7.42106,16.49308,0,7.92,2707.6
18900,63,2.000e-04,2.77228,0.41789,0.39274,0.15373,0.11458,0.14463,0.10341,0.45221,0.21217,0.24004,9.35059,18.07957,0,7.94,2720.2
19000,63,2.000e-04,3.73421,0.16532,0.12708,0.25999,0.17508,0.32965,0.17693,0.52217,0.25924,0.26293,15.70115,7.38523,0,7.84,2732.9
19100,63,2.000e-04,3.02528,0.22182,0.41855,0.17789,0.11323,0.22080,0.15091,0.30337,0.17163,0.13173,18.65436,13.20506,0,7.86,2745.6
19200,64,2.000e-04,4.41726,0.53386,0.37591,0.11889,0.35483,0.11465,0.34090,0.47025,0.21851,0.25174,14.37497,11.02979,0,7.94,2758.2
19300,64,2.000e-04,3.06740,0.33367,0.47874,0.12260,0.17709,0.12632,0.17631,0.49582,0.19520,0.30063,11.74210,9.71988,0,8.57,2769.9
19400,64,2.000e-04,2.02891,0.02942,0.06463,0.13358,0.11759,0.16325,0.10836,0.48709,0.14020,0.34689,8.54900,13.92506,0,8.23,2782.0
19500,65,2.000e-04,2.81421,0.23722,0.57368,0.13224,0.16018,0.11125,0.10525,0.36639,0.16762,0.19877,12.09603,7.79025,0,7.89,2794.7
19600,65,2.000e-04,2.39783,0.68283,0.26461,0.11909,0.06907,0.13280,0.07103,0.37377,0.12025,0.25351,6.69356,10.22504,0,7.78,2807.6
19700,65,2.000e-04,2.49109,0.45990,0.37405,0.11539,0.11808,0.11402,0.08190,0.34185,0.13638,0.20546,10.73068,10.71099,0,7.74,2820.5
19800,66,2.000e-04,2.16153,0.12088,0.52628,0.12737,0.08700,0.09976,0.07725,0.43190,0.23105,0.20085,9.23633,15.56862,0,7.84,2833.3
19900,66,2.000e-04,3.10343,0.43405,0.56536,0.19061,0.10255,0.15317,0.10212,0.39793,0.23153,0.16639,10.32088,8.12843,0,8.22,2845.4
20000,66,2.000e-04,3.17686,0.34158,0.69489,0.12631,0.14700,0.18210,0.12745,0.52190,0.30723,0.21467,10.71718,21.74824,0,8.12,2857.7
20100,67,2.000e-04,2.66719,0.30199,0.59881,0.12383,0.10452,0.15482,0.09504,0.27805,0.14806,0.12999,12.41413,8.82742,0,7.89,2870.4
20200,67,2.000e-04,2.71842,0.59229,0.31207,0.18984,0.07897,0.10871,0.07929,0.27221,0.14395,0.12826,15.01713,10.28711,0,7.88,2883.1
20300,67,2.000e-04,2.48808,0.22795,0.70096,0.07407,0.12595,0.10142,0.12221,0.50816,0.26670,0.24146,9.57855,16.01774,0,7.95,2895.7
20400,68,2.000e-04,2.56790,0.16296,0.19547,0.12344,0.15940,0.12112,0.19700,0.40158,0.22995,0.17162,16.78466,20.84396,0,8.00,2908.2
20500,68,2.000e-04,2.26796,0.20851,0.28259,0.12782,0.10791,0.12454,0.11474,0.65893,0.34154,0.31739,12.23509,10.93752,0,7.92,2920.8
20600,68,2.000e-04,3.19184,0.55424,0.53552,0.17416,0.08620,0.22230,0.09782,0.49567,0.31114,0.18453,9.85628,12.06343,0,7.92,2933.4
20700,69,2.000e-04,3.19811,0.28513,0.26597,0.11099,0.26589,0.09522,0.20983,0.34252,0.20217,0.14035,8.72393,16.29938,0,7.88,2946.1
20800,69,2.000e-04,3.04034,0.31188,0.42564,0.14416,0.15909,0.14987,0.16475,0.57865,0.21861,0.36004,6.14561,17.92578,0,7.84,2958.9
20900,69,2.000e-04,3.25129,0.45648,0.13996,0.25057,0.11857,0.22504,0.09861,0.59675,0.18631,0.41045,17.80125,6.51079,0,7.87,2971.6
21000,70,2.000e-04,2.46678,0.33950,0.23998,0.15616,0.09259,0.14694,0.11049,0.63731,0.32310,0.31420,10.13306,14.70378,0,1.39,3043.5
21100,70,2.000e-04,2.02074,0.34908,0.39786,0.09548,0.08771,0.08396,0.05919,0.26581,0.07806,0.18775,14.16263,4.88408,0,7.39,3057.1
21200,70,2.000e-04,3.37234,0.17962,0.57175,0.11445,0.23887,0.09122,0.25052,0.33468,0.18320,0.15148,14.56434,8.11650,0,7.74,3070.0
21300,71,2.000e-04,2.42379,0.28286,0.32440,0.10199,0.12664,0.15934,0.11001,0.55012,0.32369,0.22643,12.35201,12.25597,0,7.81,3082.8
21400,71,2.000e-04,2.97334,0.43118,0.61910,0.12402,0.13554,0.13029,0.11982,0.41179,0.28917,0.12262,19.90357,16.93556,0,7.85,3095.5
21500,71,2.000e-04,3.67893,0.63945,0.24449,0.15641,0.25034,0.12406,0.18043,0.61275,0.29473,0.31803,15.99014,14.27312,0,7.87,3108.2
21600,72,2.000e-04,2.82401,0.25603,0.58583,0.11507,0.16590,0.11482,0.11610,0.38675,0.17452,0.21223,14.66427,9.49973,0,7.90,3120.9
21700,72,2.000e-04,2.77673,0.06708,0.09886,0.21818,0.12563,0.24599,0.11072,0.52320,0.20819,0.31501,12.99281,19.08163,0,7.84,3133.7
21800,72,2.000e-04,2.51522,0.39113,0.37333,0.13299,0.09468,0.11453,0.13043,0.49206,0.20787,0.28419,9.15830,9.77588,0,7.89,3146.3
21900,73,2.000e-04,2.00335,0.26055,0.23205,0.10661,0.10000,0.12331,0.06777,0.70110,0.33356,0.36754,10.78560,16.95350,0,7.92,3159.0
22000,73,2.000e-04,1.88542,0.18007,0.15172,0.13184,0.08122,0.14092,0.05440,0.50583,0.19358,0.31225,7.98339,14.81529,0,7.96,3171.5
22100,73,2.000e-04,2.28301,0.24314,0.47270,0.10384,0.11179,0.09295,0.10267,0.39867,0.24336,0.15531,6.87195,10.48737,0,8.46,3183.3
22200,74,2.000e-04,3.12345,0.21912,0.43781,0.17038,0.15851,0.17543,0.15339,0.60007,0.28528,0.31480,10.48723,15.04933,0,7.97,3195.9
22300,74,2.000e-04,2.51821,0.03699,0.69392,0.15647,0.09714,0.13160,0.07609,0.48893,0.25662,0.23231,6.77877,13.26530,0,8.37,3207.8
22400,74,2.000e-04,2.39248,0.57770,0.09687,0.15570,0.06273,0.14756,0.10275,0.61344,0.21289,0.40055,12.14370,16.50262,0,7.98,3220.4
22500,75,2.000e-04,2.20606,0.72866,0.23985,0.09140,0.07449,0.08374,0.07950,0.56929,0.16219,0.40709,6.06316,11.24402,0,7.98,3232.9
22600,75,2.000e-04,3.44692,0.35911,0.28754,0.12479,0.23443,0.10629,0.29539,0.50743,0.14557,0.36186,17.67023,10.32741,0,7.80,3245.7
22700,75,2.000e-04,3.00293,0.47821,0.33439,0.15248,0.15248,0.13844,0.12775,0.54113,0.33791,0.20322,14.28326,16.71136,0,7.85,3258.5
22800,76,2.000e-04,2.08419,0.21513,0.33676,0.14116,0.07448,0.11748,0.06418,0.36450,0.18674,0.17776,11.76132,8.95892,0,8.06,3270.9
22900,76,2.000e-04,3.27087,0.52678,0.15688,0.15712,0.17681,0.18194,0.18509,0.69976,0.32332,0.37644,8.99946,21.06835,0,8.16,3283.1
23000,76,2.000e-04,2.05136,0.20119,0.13233,0.14061,0.08968,0.13771,0.08884,0.48005,0.19443,0.28562,9.42231,15.94918,0,7.80,3295.9
23100,77,2.000e-04,2.18603,0.31258,0.31620,0.11651,0.10340,0.10655,0.07653,0.51331,0.17113,0.34218,8.59823,13.39900,0,7.86,3308.7
23200,77,2.000e-04,1.98860,0.44100,0.12651,0.09612,0.08480,0.13606,0.07054,0.45844,0.22348,0.23496,10.11415,8.04246,0,7.86,3321.4
23300,77,2.000e-04,2.33537,0.18400,0.58758,0.08277,0.13459,0.08862,0.10218,0.45207,0.28855,0.16352,15.18155,11.92500,0,7.91,3334.0
23400,78,2.000e-04,2.36555,0.09578,0.38185,0.13220,0.12183,0.10824,0.13886,0.42926,0.21089,0.21836,11.91806,13.17936,0,7.88,3346.7
23500,78,2.000e-04,2.03515,0.21737,0.11787,0.08107,0.11375,0.14969,0.14064,0.45913,0.19628,0.26285,8.15934,9.63099,0,7.81,3359.5
23600,78,2.000e-04,3.81089,0.35546,0.31203,0.16397,0.25979,0.15768,0.25218,0.64324,0.35641,0.28682,17.14844,22.39390,0,7.85,3372.3
23700,79,2.000e-04,2.05015,0.34865,0.28304,0.08069,0.11145,0.10097,0.08215,0.29308,0.12633,0.16675,11.92998,9.29819,0,7.84,3385.0
23800,79,2.000e-04,2.91790,0.23587,0.51126,0.13900,0.13462,0.18701,0.13406,0.45590,0.24398,0.21192,19.34136,15.74618,0,7.83,3397.8
23900,79,2.000e-04,2.06120,0.29698,0.29237,0.11090,0.09501,0.09400,0.08292,0.39824,0.26990,0.12835,9.27866,6.89997,0,7.82,3410.6
24000,80,2.000e-04,3.36343,0.34872,0.99847,0.14649,0.10552,0.19285,0.10962,0.36706,0.26148,0.10558,51.00604,10.66170,0,1.23,3491.7
24100,80,2.000e-04,2.50548,0.24414,0.59807,0.13371,0.08650,0.13437,0.09051,0.37650,0.16943,0.20707,11.35093,13.44262,0,7.44,3505.1
24200,80,2.000e-04,3.31225,0.45983,0.50798,0.15973,0.13755,0.16673,0.17647,0.38969,0.15928,0.23041,19.53969,10.42429,0,7.80,3518.0
24300,81,2.000e-04,2.50979,0.54019,0.58004,0.08284,0.08595,0.11039,0.10785,0.34837,0.11466,0.23371,6.73094,8.41188,0,7.80,3530.8
24400,81,2.000e-04,2.45098,0.31253,0.12080,0.10550,0.18127,0.08928,0.14424,0.54252,0.32548,0.21704,13.87464,18.58206,0,7.89,3543.5
24500,81,2.000e-04,1.80982,0.21503,0.16082,0.11340,0.06975,0.13159,0.07569,0.40145,0.20970,0.19176,9.64670,10.84073,0,7.87,3556.2
24600,82,2.000e-04,3.40674,0.58290,0.63124,0.11672,0.17264,0.10551,0.19280,0.21393,0.15240,0.06153,13.65894,10.25146,0,7.85,3568.9
24700,82,2.000e-04,2.85355,0.22834,0.61080,0.06460,0.21386,0.08421,0.16463,0.35129,0.18704,0.16426,14.48328,17.53255,0,7.86,3581.6
24800,82,2.000e-04,2.23653,0.08894,0.19258,0.10211,0.17620,0.14988,0.07550,0.65315,0.41561,0.23754,17.87486,12.17993,0,7.82,3594.4
24900,83,2.000e-04,2.47677,0.33136,0.35828,0.13998,0.07689,0.19585,0.08528,0.25138,0.18606,0.06533,12.14743,9.87544,0,7.77,3607.3
25000,83,2.000e-04,1.63829,0.14851,0.26959,0.08989,0.07620,0.06881,0.08708,0.47780,0.16196,0.31584,9.07091,17.25344,0,7.87,3620.0
25100,83,2.000e-04,2.40691,0.76886,0.17213,0.10103,0.09506,0.10353,0.09066,0.31357,0.10240,0.21116,7.33591,13.47322,0,7.81,3632.8
25200,84,2.000e-04,2.56068,0.38690,0.48022,0.13006,0.12295,0.10148,0.06992,0.41324,0.22689,0.18635,28.00964,6.18160,0,7.79,3645.6
25300,84,2.000e-04,2.17741,0.10686,0.12913,0.08923,0.18446,0.09035,0.13884,0.30725,0.08304,0.22422,10.41726,14.58309,0,7.80,3658.4
25400,84,2.000e-04,2.80522,0.37499,0.32105,0.17793,0.09722,0.18536,0.10801,0.46411,0.09960,0.36451,10.98450,6.61486,0,7.82,3671.2
25500,85,2.000e-04,2.54779,0.40106,0.58625,0.13999,0.06419,0.15628,0.05956,0.32007,0.24276,0.07731,12.44073,12.31648,0,7.83,3684.0
25600,85,2.000e-04,2.25954,0.08457,0.28147,0.14518,0.11666,0.13286,0.10086,0.45899,0.18532,0.27367,17.40074,8.64902,0,7.86,3696.7
25700,85,2.000e-04,2.22433,0.20786,0.02991,0.09682,0.16419,0.14680,0.12581,0.64533,0.37457,0.27075,9.81164,22.04284,0,7.80,3709.5
25800,86,2.000e-04,2.66632,0.51931,0.03839,0.12906,0.13939,0.16576,0.14080,0.33125,0.22394,0.10731,9.70338,15.10567,0,7.80,3722.3
25900,86,2.000e-04,2.72657,0.49411,0.45496,0.13401,0.09777,0.13891,0.10852,0.38836,0.12805,0.26031,13.79817,12.83533,0,7.96,3734.9
26000,86,2.000e-04,2.58249,0.23755,0.66392,0.12559,0.11116,0.13953,0.05938,0.30011,0.14434,0.15576,39.96104,6.47348,0,7.81,3747.7
26100,87,2.000e-04,2.21121,0.02956,0.27193,0.14351,0.11360,0.11617,0.13350,0.95428,0.26683,0.68745,22.75326,20.96164,0,7.87,3760.4
26200,87,2.000e-04,2.09502,0.49378,0.12402,0.09749,0.10105,0.10795,0.08587,0.60192,0.20256,0.39936,12.90181,16.39626,0,7.85,3773.2
26300,87,2.000e-04,2.11592,0.04722,0.87909,0.07113,0.08635,0.07973,0.08114,0.99720,0.38346,0.61374,10.68524,21.92547,0,7.78,3786.0
26400,88,2.000e-04,2.59636,0.41837,0.08161,0.19177,0.09621,0.16541,0.09719,0.51179,0.08765,0.42414,13.21306,11.99340,0,8.10,3798.4
26500,88,2.000e-04,2.19844,0.07016,0.21492,0.13419,0.11572,0.09783,0.16771,0.50223,0.22263,0.27960,19.16476,16.15961,0,7.92,3811.0
26600,88,2.000e-04,3.16597,0.33862,0.38109,0.12671,0.20289,0.11277,0.20653,0.31539,0.10230,0.21309,27.99955,9.42505,0,7.86,3823.7
26700,89,2.000e-04,2.15876,0.09714,0.40744,0.13657,0.08212,0.14872,0.07557,0.55156,0.34775,0.20381,9.58653,18.71636,0,7.85,3836.4
26800,89,2.000e-04,3.68907,0.38193,0.58823,0.16850,0.18430,0.16488,0.21707,0.34424,0.17698,0.16726,14.39584,11.58565,0,7.77,3849.3
26900,89,2.000e-04,2.87223,0.40870,0.29767,0.13645,0.19155,0.11303,0.09732,0.61112,0.27435,0.33677,19.39842,13.26175,0,7.84,3862.1
27000,90,2.000e-04,2.19775,0.29616,0.38901,0.09744,0.10949,0.08884,0.10234,0.44581,0.18019,0.26563,9.31448,6.14207,0,1.28,3940.1
27100,90,2.000e-04,2.75656,0.35362,0.27793,0.12885,0.15886,0.13356,0.14103,0.40422,0.19868,0.20553,10.59624,9.71754,0,7.44,3953.5
27200,90,2.000e-04,2.39276,0.15110,0.59726,0.09275,0.12594,0.08926,0.13111,0.28570,0.08287,0.20283,12.11662,14.71780,0,7.87,3966.3
27300,91,2.000e-04,2.10817,0.14881,0.66315,0.11159,0.06705,0.09190,0.06931,0.49752,0.20025,0.29727,11.04786,16.39916,0,8.21,3978.4
27400,91,2.000e-04,2.79073,0.12608,0.85525,0.11039,0.15036,0.09526,0.10699,0.69221,0.33080,0.36141,23.21712,25.45184,0,8.34,3990.4
27500,91,2.000e-04,3.40215,0.70386,0.26316,0.15409,0.16999,0.16468,0.16121,0.78095,0.30754,0.47341,9.62210,17.59338,0,8.47,4002.2
27600,92,2.000e-04,2.36755,0.32195,0.25177,0.11730,0.14375,0.08433,0.11111,0.76624,0.30727,0.45897,14.78238,18.65152,0,8.00,4014.7
27700,92,2.000e-04,3.22625,0.21272,0.49673,0.26090,0.08950,0.22195,0.08397,0.64342,0.21416,0.42926,25.80791,18.41245,0,7.89,4027.4
27800,92,2.000e-04,2.61159,0.47868,0.11019,0.15561,0.08496,0.26733,0.06063,0.42679,0.21453,0.21226,17.04818,17.12246,0,7.88,4040.1
27900,93,2.000e-04,2.25477,0.34142,0.52584,0.09292,0.08640,0.11559,0.08077,0.42127,0.15438,0.26689,11.27171,13.34607,0,7.91,4052.7
28000,93,2.000e-04,2.54265,0.25126,0.69759,0.09453,0.11617,0.09303,0.12309,0.39244,0.18264,0.20981,11.39594,6.28595,0,8.01,4065.2
28100,93,2.000e-04,3.01179,0.30988,0.20181,0.10385,0.25427,0.09754,0.18624,0.41764,0.23420,0.18345,10.21084,9.88129,0,7.81,4078.0
28200,94,2.000e-04,2.79328,0.50805,0.65607,0.14453,0.06989,0.17058,0.05224,0.18906,0.07533,0.11373,12.42736,7.79257,0,8.18,4090.2
28300,94,2.000e-04,1.94664,0.17351,0.24884,0.11577,0.08726,0.11789,0.08578,0.47768,0.27765,0.20003,14.00699,15.10147,0,7.83,4103.0
28400,94,2.000e-04,2.41906,0.39772,0.42200,0.10796,0.11180,0.09928,0.10094,0.62524,0.29173,0.33351,10.29808,12.90241,0,7.86,4115.7
28500,95,2.000e-04,2.05171,0.12001,0.05656,0.16534,0.08813,0.12022,0.12289,0.84735,0.47461,0.37275,14.28809,25.16057,0,8.02,4128.2
28600,95,2.000e-04,3.32167,0.22667,1.11929,0.11267,0.17115,0.11102,0.11162,0.50274,0.35829,0.14445,37.88704,18.27130,0,7.98,4140.7
28700,95,2.000e-04,3.04242,0.32016,0.11435,0.11892,0.21066,0.12992,0.25409,0.48288,0.18930,0.29357,12.83947,9.76881,0,8.00,4153.2
28800,96,2.000e-04,2.21077,0.18090,0.05471,0.13302,0.13504,0.12910,0.12486,0.30532,0.12829,0.17704,9.60387,12.62779,0,7.92,4165.9
28900,96,2.000e-04,2.31772,0.31448,0.37994,0.12079,0.09719,0.11678,0.09657,0.56443,0.25449,0.30994,13.47767,14.85497,0,7.92,4178.5
29000,96,2.000e-04,2.06606,0.28661,0.16058,0.08710,0.10990,0.09971,0.15385,0.55114,0.35157,0.19957,10.47088,21.31797,0,7.85,4191.2
29100,97,2.000e-04,2.78035,0.21751,0.71922,0.13774,0.12723,0.10820,0.09930,0.49146,0.24923,0.24223,20.49307,15.06969,0,7.73,4204.2
29200,97,2.000e-04,3.44060,0.14317,0.30091,0.15193,0.27389,0.13437,0.21261,0.40625,0.28518,0.12107,23.07201,18.29546,0,7.74,4217.1
29300,97,2.000e-04,2.31129,0.19254,0.21419,0.13177,0.13143,0.13832,0.09711,0.52121,0.35105,0.17016,10.44468,11.30078,0,7.82,4229.9
29400,98,2.000e-04,1.61564,0.31038,0.16969,0.08762,0.06401,0.08245,0.06852,0.34498,0.22744,0.11754,6.22011,14.51484,0,7.84,4242.6
29500,98,2.000e-04,2.35474,0.34836,0.10063,0.15441,0.12577,0.10610,0.09583,0.40117,0.16625,0.23492,13.41884,11.06542,0,7.74,4255.5
29600,98,2.000e-04,2.77206,0.89537,0.26519,0.11630,0.11851,0.08451,0.09047,0.50706,0.30698,0.20008,10.10038,18.67248,0,7.91,4268.2
29700,99,2.000e-04,1.95905,0.12418,0.15989,0.08800,0.11564,0.10971,0.15299,0.64586,0.32496,0.32090,17.35052,14.66187,0,7.72,4281.1
29800,99,2.000e-04,2.31979,0.25734,0.51232,0.09887,0.10508,0.08081,0.13132,0.56735,0.15138,0.41597,15.32206,11.80022,0,7.79,4294.0
29900,99,2.000e-04,2.62868,0.52933,0.12091,0.16239,0.08560,0.16640,0.12900,0.40304,0.13770,0.26533,12.01713,13.06292,0,7.81,4306.8
30000,100,2.000e-04,1.93235,0.37478,0.33003,0.07837,0.08906,0.07801,0.07816,0.66551,0.41299,0.25252,7.22164,15.46254,0,1.49,4373.7
30100,100,2.000e-04,2.54671,0.32325,0.88877,0.08721,0.09674,0.07270,0.09327,0.51280,0.16455,0.34825,40.90825,13.85854,0,7.34,4387.3
30200,100,2.000e-04,2.53800,0.29599,0.07414,0.13338,0.14365,0.10574,0.20734,0.37615,0.10040,0.27575,11.51849,6.63531,0,7.75,4400.2
30300,101,2.000e-04,2.55031,0.38101,0.34922,0.15550,0.10321,0.10395,0.10666,0.36953,0.12244,0.24709,14.69418,10.61365,0,7.81,4413.0
30400,101,2.000e-04,2.05791,0.12056,0.47246,0.12817,0.07734,0.09500,0.07993,0.52246,0.28136,0.24110,12.82877,10.60373,0,7.84,4425.8
30500,101,2.000e-04,2.64899,0.12767,0.22713,0.13347,0.14060,0.25460,0.11492,0.79120,0.48019,0.31101,10.34081,13.72687,0,7.74,4438.7
30600,102,2.000e-04,2.10876,0.13589,0.49318,0.11640,0.07277,0.15138,0.06215,0.46361,0.32993,0.13367,10.47954,15.31007,0,7.77,4451.6
30700,102,2.000e-04,2.13488,0.59756,0.14532,0.09129,0.09219,0.10434,0.08549,0.55058,0.29782,0.25276,8.10460,14.88903,0,7.74,4464.5
30800,102,2.000e-04,2.56657,0.31923,0.28534,0.12374,0.15230,0.12326,0.10947,0.35067,0.16601,0.18466,10.31852,12.34781,0,7.70,4477.5
30900,103,2.000e-04,3.25232,0.42170,1.15672,0.10208,0.10740,0.15624,0.09437,0.30127,0.13837,0.16289,14.53863,14.63217,0,7.82,4490.2
31000,103,2.000e-04,2.17964,0.08345,0.40165,0.15468,0.09364,0.09725,0.08393,0.42309,0.19066,0.23243,14.25117,8.32952,0,7.86,4503.0
31100,103,2.000e-04,2.75780,0.41583,0.48172,0.15740,0.10513,0.10765,0.11140,0.49747,0.09858,0.39889,15.37583,13.08620,0,7.79,4515.8
31200,104,2.000e-04,3.41397,0.68230,0.21902,0.07947,0.26783,0.07087,0.23962,0.39686,0.18458,0.21227,13.75260,16.42809,0,7.81,4528.6
31300,104,2.000e-04,2.50069,0.44614,0.29329,0.09858,0.12638,0.12575,0.12881,0.32760,0.18061,0.14699,11.31239,7.95201,0,7.84,4541.3
31400,104,2.000e-04,2.21579,0.34991,0.66360,0.07403,0.08103,0.08013,0.09066,0.40367,0.23772,0.16595,13.11407,7.94629,0,7.80,4554.2
31500,105,2.000e-04,3.25657,0.39356,0.20761,0.16645,0.18058,0.17487,0.19324,0.69063,0.31186,0.37878,17.18201,9.28447,0,7.88,4566.9
31600,105,2.000e-04,2.55516,0.43568,0.40936,0.14148,0.09110,0.12556,0.09332,0.33945,0.13948,0.19997,16.90117,7.41439,0,7.83,4579.6
31700,105,2.000e-04,3.07805,0.38110,1.23280,0.08077,0.09156,0.09700,0.14400,0.43622,0.24739,0.18883,19.94022,11.61087,0,7.80,4592.5
31800,106,2.000e-04,2.42840,0.37146,0.48208,0.10548,0.10934,0.09675,0.10353,0.45406,0.25570,0.19836,19.29170,5.37753,0,7.76,4605.3
31900,106,2.000e-04,2.81885,0.59801,0.50963,0.13129,0.09776,0.11791,0.10847,0.40961,0.16851,0.24110,14.17996,14.76502,0,7.79,4618.2
32000,106,2.000e-04,2.01768,0.18384,0.44003,0.06581,0.11698,0.07977,0.11216,0.35599,0.14994,0.20605,11.38166,6.41861,0,7.81,4631.0
32100,107,2.000e-04,2.76374,0.36643,0.86632,0.09610,0.10111,0.10081,0.11715,0.44991,0.30796,0.14196,14.16312,10.26901,0,7.94,4643.6
32200,107,2.000e-04,3.10948,0.73351,0.74750,0.13129,0.09387,0.12917,0.07190,0.23587,0.05568,0.18019,19.70033,14.12639,0,7.82,4656.4
32300,107,2.000e-04,2.61988,0.43193,0.71134,0.10173,0.11196,0.08161,0.08166,0.39514,0.24006,0.15508,18.98273,10.95587,0,7.75,4669.3
32400,108,2.000e-04,2.10628,0.17016,0.27874,0.09320,0.12361,0.08786,0.14148,0.73295,0.53490,0.19805,19.57606,18.58374,0,7.76,4682.2
32500,108,2.000e-04,2.62359,0.57056,0.45572,0.10742,0.10274,0.11375,0.10486,0.53423,0.24199,0.29223,17.81429,14.57261,0,7.84,4694.9
32600,108,2.000e-04,2.54982,0.56044,0.47345,0.10870,0.09638,0.08559,0.11062,0.53849,0.27177,0.26672,18.04261,13.48862,0,7.82,4707.7
32700,109,2.000e-04,2.50227,0.48742,0.28739,0.09221,0.12610,0.11026,0.14410,0.39246,0.15373,0.23873,15.13797,9.10177,0,7.81,4720.5
32800,109,2.000e-04,2.09625,0.40847,0.47546,0.07831,0.08056,0.08238,0.08482,0.40868,0.20239,0.20629,6.53708,9.50211,0,7.88,4733.2
32900,109,2.000e-04,2.27881,0.30979,0.25578,0.11229,0.11605,0.14905,0.07956,0.33936,0.20684,0.13252,9.43740,6.64410,0,7.75,4746.1
33000,110,2.000e-04,2.25937,0.23866,0.00658,0.14583,0.10845,0.19002,0.10709,0.54873,0.18373,0.36500,9.24724,12.53407,0,1.53,4811.5
33100,110,2.000e-04,2.49578,0.08978,0.54909,0.12421,0.11138,0.12108,0.15050,0.49574,0.35680,0.13894,13.46878,9.79663,0,7.34,4825.1
33200,110,2.000e-04,2.56202,0.49496,0.19439,0.11391,0.15181,0.14763,0.07001,0.50512,0.22583,0.27929,11.88302,12.64794,0,7.90,4837.8
33300,111,2.000e-04,2.82989,0.34716,0.54735,0.07258,0.18319,0.07964,0.18296,0.62915,0.35511,0.27404,14.54101,9.33072,0,7.84,4850.5
33400,111,2.000e-04,2.73077,0.25587,0.05666,0.14662,0.14839,0.13905,0.23824,0.33160,0.10459,0.22701,16.42728,6.35714,0,7.74,4863.5
33500,111,2.000e-04,3.24550,0.60356,0.48051,0.10881,0.20900,0.10893,0.12001,0.41672,0.14466,0.27206,15.57673,12.08759,0,7.85,4876.2
33600,112,2.000e-04,2.50169,0.74976,0.14829,0.12044,0.10134,0.11305,0.08484,0.51637,0.12566,0.39071,9.53580,20.19925,0,7.87,4888.9
33700,112,2.000e-04,2.86036,0.33385,0.89630,0.09402,0.13625,0.07976,0.11179,0.33831,0.10498,0.23334,13.59603,11.67771,0,7.81,4901.7
33800,112,2.000e-04,2.17786,0.43736,0.76318,0.08137,0.05115,0.07151,0.05436,0.62797,0.44481,0.18316,28.63840,25.65863,0,7.83,4914.5
33900,113,2.000e-04,2.95917,0.29166,0.26284,0.11055,0.22579,0.10507,0.18412,0.50337,0.33086,0.17251,18.64450,14.06534,0,7.79,4927.3
34000,113,2.000e-04,3.45356,0.38581,0.69686,0.14469,0.18541,0.11841,0.16974,0.40350,0.07968,0.32383,14.58549,10.10099,0,7.86,4940.0
34100,113,2.000e-04,2.68025,0.34323,1.13813,0.08950,0.07612,0.08327,0.06504,0.79422,0.49272,0.30150,18.52661,21.76101,0,7.87,4952.7
34200,114,2.000e-04,2.05810,0.24244,0.50934,0.07369,0.08620,0.09219,0.11057,0.36191,0.22475,0.13715,10.13170,7.99461,0,7.79,4965.6
34300,114,2.000e-04,2.32017,0.44169,0.18094,0.14802,0.09915,0.10415,0.08053,0.51653,0.26041,0.25613,11.64748,10.54342,0,7.76,4978.5
34400,114,2.000e-04,2.32695,0.15155,0.19878,0.08643,0.16255,0.10637,0.18631,0.69134,0.49145,0.19989,10.89598,14.86211,0,7.75,4991.4
34500,115,2.000e-04,2.49713,0.71039,0.05198,0.10064,0.12878,0.09413,0.14095,0.81315,0.40385,0.40930,8.74866,27.12113,0,7.98,5003.9
34600,115,2.000e-04,2.16723,0.39786,0.28787,0.09913,0.11415,0.10240,0.06364,0.47863,0.26533,0.21330,8.48655,9.95647,0,7.84,5016.7
34700,115,2.000e-04,1.96151,0.09015,0.31717,0.07615,0.12174,0.10980,0.11610,0.31643,0.11956,0.19687,11.97997,12.17949,0,7.79,5029.5
34800,116,2.000e-04,2.41415,0.46448,0.12493,0.11636,0.12275,0.14312,0.10854,0.41229,0.32856,0.08374,11.74055,13.09150,0,7.79,5042.3
34900,116,2.000e-04,1.79192,0.13601,0.14260,0.08396,0.11166,0.09806,0.11602,0.67702,0.39915,0.27787,9.64423,10.53699,0,7.75,5055.2
35000,116,2.000e-04,1.50857,0.18387,0.03549,0.09200,0.07372,0.11526,0.06899,0.48278,0.23426,0.24853,7.65947,11.20040,0,7.87,5067.9
35100,117,2.000e-04,2.08174,0.13591,0.24035,0.09077,0.13709,0.09611,0.13036,0.58857,0.26425,0.32431,8.76892,8.69245,0,7.89,5080.6
35200,117,2.000e-04,2.78786,0.06976,0.25633,0.10005,0.27201,0.08010,0.16049,0.64401,0.37635,0.26766,17.45490,7.76703,0,7.82,5093.4
35300,117,2.000e-04,2.02059,0.35499,0.27710,0.09495,0.09503,0.09011,0.08534,0.55269,0.13416,0.41853,5.45408,15.39359,0,7.82,5106.2
35400,118,2.000e-04,2.14307,0.38554,0.18732,0.11186,0.11447,0.09743,0.07800,0.46690,0.27224,0.19465,9.80326,10.26219,0,7.83,5119.0
35500,118,2.000e-04,3.09333,0.15247,0.61082,0.15511,0.17630,0.09620,0.17300,0.39400,0.15105,0.24295,37.77340,6.36078,0,7.74,5131.9
35600,118,2.000e-04,2.79979,0.31735,0.07633,0.10827,0.19487,0.10589,0.25027,0.34468,0.06061,0.28407,16.55861,5.41077,0,7.74,5144.8
35700,119,2.000e-04,2.04879,0.35026,0.37137,0.10454,0.07888,0.10339,0.06063,0.27475,0.09476,0.17999,19.04695,8.86829,0,7.83,5157.6
35800,119,2.000e-04,2.54168,0.25978,0.56407,0.14614,0.07599,0.17354,0.06933,0.43608,0.21666,0.21942,15.45780,15.36419,0,8.16,5169.8
35900,119,2.000e-04,2.22967,0.24066,0.13295,0.10103,0.15717,0.14352,0.08251,0.73160,0.25803,0.47357,16.99431,6.44012,0,8.90,5181.1
36000,120,2.000e-04,2.72966,0.38379,0.49122,0.13276,0.11323,0.12241,0.12747,0.44067,0.19037,0.25031,13.47611,14.36551,0,1.00,5281.1
36100,120,2.000e-04,2.16539,0.40208,0.53044,0.10763,0.07221,0.07208,0.06139,0.46357,0.23230,0.23127,12.25159,19.63192,0,7.35,5294.7
36200,120,2.000e-04,1.85250,0.27123,0.30896,0.10591,0.05752,0.10470,0.07735,0.23268,0.09192,0.14076,10.66280,5.58820,0,7.74,5307.6
36300,121,2.000e-04,2.46745,0.50902,0.26931,0.08895,0.13154,0.11444,0.12024,0.67076,0.23756,0.43320,12.86824,14.07709,0,7.83,5320.4
36400,121,2.000e-04,2.62602,0.06487,0.80352,0.12553,0.10314,0.13511,0.11060,0.39409,0.14971,0.24438,15.70501,16.35880,0,7.84,5333.1
36500,121,2.000e-04,1.99391,0.29293,0.22113,0.10692,0.08945,0.08887,0.11034,0.37339,0.11881,0.25458,9.73894,8.74784,0,7.83,5345.9
36600,122,2.000e-04,2.88708,0.21580,0.24848,0.11416,0.20648,0.12259,0.20526,0.34235,0.10273,0.23962,11.98681,7.76318,0,7.80,5358.7
36700,122,2.000e-04,2.73899,0.54992,0.39012,0.10450,0.13256,0.11007,0.13538,0.56967,0.33919,0.23048,18.94164,13.82457,0,7.81,5371.5
36800,122,2.000e-04,2.34100,0.25228,0.48133,0.11692,0.10089,0.11027,0.09707,0.47223,0.28334,0.18889,8.03215,13.54716,0,7.81,5384.3
36900,123,2.000e-04,2.59475,0.59796,0.19943,0.12368,0.11521,0.09894,0.14222,0.70720,0.38857,0.31862,11.51090,16.44072,0,7.79,5397.2
37000,123,2.000e-04,2.04775,0.48639,0.42658,0.08385,0.06562,0.07902,0.07595,0.48144,0.19243,0.28901,7.58143,7.14518,0,7.82,5410.0
37100,123,2.000e-04,2.64867,0.62860,0.19508,0.11829,0.12670,0.11381,0.12620,0.52032,0.24135,0.27897,8.08140,12.30442,0,7.93,5422.6
37200,124,2.000e-04,3.16650,0.64010,0.30889,0.10974,0.18945,0.08754,0.20110,0.25133,0.12344,0.12789,13.53250,10.48036,0,7.89,5435.2
37300,124,2.000e-04,2.82995,0.31296,0.42911,0.08123,0.19070,0.10280,0.18849,0.79523,0.44141,0.35381,15.12090,14.15354,0,7.79,5448.1
37400,124,2.000e-04,2.21818,0.46539,0.43968,0.09863,0.08762,0.08425,0.06848,0.34775,0.20438,0.14336,11.35347,7.27615,0,7.78,5460.9
37500,125,2.000e-04,4.72442,0.49736,0.46187,0.15160,0.36049,0.14320,0.33869,0.55168,0.19329,0.35839,44.44717,9.83226,0,7.74,5473.8
37600,125,2.000e-04,2.71423,0.50474,0.39711,0.18061,0.07129,0.10918,0.11196,0.19166,0.11690,0.07476,16.20555,9.48297,0,7.88,5486.5
37700,125,2.000e-04,2.17632,0.63520,0.08355,0.11834,0.08870,0.08299,0.08595,0.72373,0.34517,0.37856,8.20874,18.81886,0,7.79,5499.4
37800,126,2.000e-04,2.38568,0.22310,0.63095,0.12786,0.08580,0.10154,0.08378,0.64797,0.39180,0.25616,15.71816,12.96195,0,7.83,5512.1
37900,126,2.000e-04,2.05414,0.20069,0.13779,0.12932,0.10851,0.11066,0.09995,0.34167,0.09613,0.24554,8.94893,6.99802,0,7.73,5525.1
38000,126,2.000e-04,2.58674,0.31813,0.39235,0.10947,0.14395,0.10414,0.13953,0.37284,0.12171,0.25113,11.11717,7.20368,0,7.75,5538.0
38100,127,2.000e-04,1.95191,0.04775,0.34534,0.07870,0.10662,0.10542,0.14748,0.44296,0.22437,0.21859,10.29766,13.13782,0,7.81,5550.8
38200,127,2.000e-04,3.14655,0.65994,0.54119,0.14942,0.13348,0.11091,0.10147,0.55781,0.24535,0.31246,16.17127,9.22320,0,7.64,5563.9
38300,127,2.000e-04,2.75540,0.98421,0.10719,0.10718,0.12187,0.10355,0.10396,0.29512,0.10219,0.19293,8.67830,12.94308,0,7.87,5576.6
38400,128,2.000e-04,2.79279,0.43497,0.29031,0.14486,0.15012,0.10026,0.13678,0.36789,0.13397,0.23391,11.87176,6.94773,0,7.98,5589.1
38500,128,2.000e-04,2.36408,0.50112,0.57130,0.09689,0.08286,0.07919,0.07798,0.35021,0.14151,0.20869,10.19206,5.96408,0,7.90,5601.8
38600,128,2.000e-04,2.46899,0.40234,0.21808,0.14931,0.09083,0.13630,0.12286,0.42267,0.25638,0.16629,7.05559,10.34255,0,7.85,5614.5
38700,129,2.000e-04,2.23965,0.29413,0.60460,0.10558,0.08160,0.09224,0.06977,0.32817,0.19662,0.13155,17.82856,7.96843,0,7.80,5627.3
38800,129,2.000e-04,2.99355,0.87526,0.37683,0.12898,0.11395,0.12025,0.09048,0.44807,0.09952,0.34855,10.46065,23.36550,0,7.81,5640.2
38900,129,2.000e-04,2.18446,0.33846,0.40322,0.09929,0.10441,0.09221,0.07750,0.44587,0.24231,0.20356,12.58324,6.67603,0,7.81,5653.0
39000,130,2.000e-04,1.76670,0.32805,0.07427,0.08121,0.10191,0.11945,0.06007,0.62093,0.26133,0.35961,8.99937,9.42508,0,1.39,5725.1
39100,130,2.000e-04,2.61256,0.32085,0.41069,0.14208,0.11466,0.13790,0.10103,0.37768,0.15838,0.21930,12.35869,6.74606,0,7.41,5738.6
39200,130,2.000e-04,2.27632,0.31434,0.64618,0.09678,0.08766,0.07942,0.07802,0.33806,0.24268,0.09538,10.14196,12.42806,0,7.81,5751.4
39300,131,2.000e-04,1.91919,0.19851,0.32399,0.09176,0.08986,0.11555,0.07990,0.53450,0.33101,0.20349,8.93790,14.82292,0,7.77,5764.3
39400,131,2.000e-04,2.01717,0.36762,0.23801,0.09543,0.06658,0.15275,0.08786,0.27289,0.07935,0.19354,8.69889,5.92804,0,7.87,5777.0
39500,131,2.000e-04,3.34388,0.19151,0.42640,0.13398,0.23968,0.10395,0.23913,0.45159,0.33276,0.11883,18.42828,10.13479,0,7.84,5789.7
39600,132,2.000e-04,2.47278,0.20753,0.51856,0.14192,0.10085,0.13286,0.08028,0.42777,0.23973,0.18804,8.78402,6.13468,0,7.97,5802.3
39700,132,2.000e-04,2.51361,0.19159,0.33234,0.17502,0.09528,0.17323,0.08203,0.46829,0.17978,0.28851,9.58096,6.14675,0,8.08,5814.7
39800,132,2.000e-04,2.53373,0.24805,0.29080,0.10714,0.16381,0.10179,0.15427,0.30996,0.05600,0.25396,11.79153,4.52615,0,8.08,5827.0
39900,133,2.000e-04,2.61572,0.61122,0.40351,0.12309,0.09345,0.12127,0.08604,0.36942,0.14457,0.22485,11.82857,8.88440,0,8.07,5839.4
40000,133,2.000e-04,1.72871,0.11348,0.14148,0.07366,0.13298,0.07014,0.10606,0.40863,0.19258,0.21605,9.24786,8.69284,0,8.07,5851.8
40100,133,2.000e-04,2.24487,0.02311,0.12927,0.09909,0.18230,0.10865,0.16557,0.60621,0.32697,0.27924,13.89793,17.87173,0,8.10,5864.2
40200,134,2.000e-04,2.39978,0.35707,0.25907,0.15687,0.08382,0.14517,0.08692,0.35663,0.18954,0.16710,10.33306,13.14242,0,8.24,5876.3
40300,134,2.000e-04,2.15944,0.51289,0.20256,0.09014,0.10394,0.08488,0.10455,0.41588,0.17777,0.23811,10.49588,7.82630,0,9.79,5886.5
40400,134,2.000e-04,2.74482,0.35701,0.34917,0.14769,0.14771,0.13572,0.08894,0.23981,0.12951,0.11030,15.96965,6.43270,0,9.99,5896.5
40500,135,2.000e-04,2.06795,0.06119,0.24870,0.09874,0.11977,0.10377,0.16243,0.54042,0.18431,0.35612,11.05961,13.41714,0,10.01,5906.5
40600,135,2.000e-04,5.43992,0.43857,0.46338,0.12476,0.51569,0.14176,0.39253,0.27257,0.10375,0.16882,17.22017,6.78773,0,8.08,5918.9
40700,135,2.000e-04,1.66944,0.20579,0.23299,0.09421,0.07992,0.07917,0.06484,0.68303,0.26988,0.41315,7.51642,8.54394,0,8.05,5931.3
40800,136,2.000e-04,2.04252,0.19919,0.59981,0.07899,0.08606,0.07849,0.08882,0.40697,0.23440,0.17257,9.21108,6.95525,0,8.12,5943.6
40900,136,2.000e-04,2.68735,0.53679,0.52701,0.12559,0.09896,0.12319,0.07713,0.31029,0.21482,0.09547,9.24663,12.11456,0,8.05,5956.1
41000,136,2.000e-04,2.83189,0.19803,0.67824,0.16621,0.11720,0.12152,0.09391,0.37654,0.12948,0.24706,12.97762,7.62424,0,8.05,5968.5
41100,137,2.000e-04,2.63099,0.51386,0.81097,0.06687,0.09219,0.07994,0.12439,0.37157,0.25013,0.12144,19.82798,9.35260,0,8.05,5980.9
41200,137,2.000e-04,2.60130,0.70923,0.14729,0.10343,0.13144,0.09962,0.12856,0.50277,0.30514,0.19763,11.39448,9.21036,0,7.91,5993.5
41300,137,2.000e-04,3.06291,0.43638,0.07621,0.07724,0.24507,0.06552,0.30998,0.52388,0.26421,0.25967,13.03631,9.11415,0,7.95,6006.1
41400,138,2.000e-04,1.52619,0.15391,0.19135,0.09021,0.06119,0.11089,0.05868,0.48730,0.33111,0.15619,9.23844,9.26612,0,7.91,6018.8
41500,138,2.000e-04,2.31314,0.26573,0.26714,0.11910,0.12783,0.15768,0.06057,0.33941,0.18823,0.15118,16.49079,8.06543,0,7.83,6031.5
41600,138,2.000e-04,2.28072,0.31879,0.22488,0.15130,0.10203,0.10442,0.08375,0.30372,0.22646,0.07726,12.42934,13.38595,0,7.76,6044.4
41700,139,2.000e-04,2.78538,0.57056,0.41138,0.11173,0.13801,0.07686,0.14502,0.44590,0.15747,0.28843,17.03419,12.07854,0,7.77,6057.3
41800,139,2.000e-04,2.78691,0.59941,0.29852,0.08959,0.14908,0.10007,0.17817,0.60485,0.38060,0.22425,12.15922,12.37297,0,7.78,6070.1
41900,139,2.000e-04,2.12396,0.55590,0.22112,0.09937,0.09125,0.08760,0.06993,0.29426,0.15360,0.14066,8.63592,10.91916,0,9.15,6081.1
42000,140,2.000e-04,2.63630,0.47764,0.52969,0.07093,0.14722,0.06273,0.15257,0.48041,0.24702,0.23339,35.39074,12.11190,0,1.38,6153.3
42100,140,2.000e-04,2.47227,0.33131,0.38345,0.08913,0.15181,0.11699,0.10414,0.37084,0.08069,0.29015,15.72161,10.34446,0,7.43,6166.8
42200,140,2.000e-04,2.45081,0.27625,0.21420,0.08811,0.15679,0.13227,0.16207,0.45274,0.35106,0.10168,13.14755,14.34041,0,7.84,6179.5
42300,141,2.000e-04,2.33509,0.40803,0.43585,0.10710,0.08959,0.11721,0.08591,0.58101,0.28280,0.29821,17.46146,7.64142,0,7.85,6192.3
42400,141,2.000e-04,2.44014,0.51711,0.32360,0.10044,0.11878,0.09537,0.10598,0.44791,0.19700,0.25092,9.77020,12.13588,0,7.84,6205.0
42500,141,2.000e-04,2.01875,0.28294,0.60006,0.07100,0.08361,0.07198,0.07312,0.30005,0.14390,0.15615,7.64066,9.71766,0,7.84,6217.8
42600,142,2.000e-04,2.42221,0.39660,0.32894,0.07715,0.15058,0.06769,0.15552,0.53137,0.15966,0.37171,5.41898,17.36132,0,7.78,6230.6
42700,142,2.000e-04,2.67920,0.13038,0.36006,0.12467,0.19302,0.09704,0.14308,0.62244,0.35883,0.26361,14.27398,7.88123,0,7.87,6243.4
42800,142,2.000e-04,1.95016,0.18267,0.21297,0.11354,0.10567,0.11125,0.07213,0.27290,0.13375,0.13915,9.89600,17.60661,0,7.97,6255.9
42900,143,2.000e-04,2.69577,0.30252,0.74246,0.15511,0.07629,0.13934,0.05817,0.29575,0.10770,0.18805,10.63873,4.85025,0,7.82,6268.7
43000,143,2.000e-04,3.37352,0.67450,0.35515,0.08131,0.26359,0.11776,0.12999,0.43020,0.24764,0.18256,17.45802,11.71289,0,7.81,6281.5
43100,143,2.000e-04,2.27324,0.12500,0.10035,0.13480,0.15251,0.12434,0.12019,0.57574,0.23673,0.33901,11.28334,17.52962,0,8.00,6294.0
43200,144,2.000e-04,1.81779,0.25276,0.38111,0.06406,0.06098,0.11855,0.10493,0.34902,0.18783,0.16119,11.44684,9.72920,0,7.91,6306.6
43300,144,2.000e-04,3.11418,0.38018,0.73435,0.09736,0.18137,0.09759,0.14481,0.73457,0.49048,0.24409,23.78618,7.15383,0,7.83,6319.4
43400,144,2.000e-04,3.92031,0.72549,0.14465,0.13503,0.26426,0.15980,0.26167,0.45209,0.19287,0.25922,15.89907,9.50693,0,7.79,6332.2
43500,145,2.000e-04,2.68033,0.32989,0.80803,0.11223,0.08903,0.11443,0.10000,0.40458,0.30632,0.09826,11.74507,8.94297,0,7.80,6345.1
43600,145,2.000e-04,2.22401,0.56270,0.33951,0.11771,0.07356,0.09894,0.04724,0.55933,0.36616,0.19317,11.17412,18.57814,0,7.82,6357.9
43700,145,2.000e-04,2.47031,0.35066,0.30339,0.10609,0.13346,0.13084,0.11658,0.52968,0.33175,0.19793,12.99510,9.88751,0,7.91,6370.5
43800,146,2.000e-04,2.08001,0.42011,0.28923,0.08146,0.10239,0.06819,0.11239,0.33932,0.14838,0.19094,8.58761,7.67866,0,8.02,6383.0
43900,146,2.000e-04,2.16405,0.16781,0.50248,0.09418,0.10184,0.11138,0.09409,0.34839,0.14216,0.20622,10.07658,6.61401,0,7.92,6395.6
44000,146,2.000e-04,2.15600,0.13587,0.40243,0.12256,0.09531,0.12977,0.08156,0.33737,0.14541,0.19195,9.81958,11.84996,0,7.85,6408.4
44100,147,2.000e-04,2.46302,0.14237,0.71342,0.13155,0.10098,0.11547,0.06235,0.45770,0.23315,0.22454,15.24368,13.42250,0,7.88,6421.0
44200,147,2.000e-04,1.90074,0.38832,0.13857,0.10154,0.08160,0.11502,0.06825,0.55948,0.22246,0.33702,12.21866,6.51781,0,7.75,6433.9
44300,147,2.000e-04,2.41820,0.22841,0.33429,0.08963,0.15428,0.11900,0.13537,0.59456,0.27446,0.32010,13.90675,10.80525,0,7.76,6446.8
44400,148,2.000e-04,1.85156,0.25255,0.30431,0.06646,0.10523,0.06598,0.10853,0.41506,0.28741,0.12765,11.46322,15.18250,0,7.74,6459.8
44500,148,2.000e-04,3.17724,0.71569,0.29965,0.08938,0.18931,0.08848,0.21890,0.30735,0.18336,0.12399,14.87731,8.20928,0,7.72,6472.7
44600,148,2.000e-04,1.52728,0.19389,0.20649,0.07495,0.07898,0.07750,0.06540,0.45291,0.24030,0.21261,9.29942,5.53318,0,7.74,6485.6
44700,149,2.000e-04,1.99929,0.10145,0.38825,0.11786,0.08938,0.10396,0.08539,0.70253,0.44968,0.25286,7.08486,16.16464,0,7.83,6498.4
44800,149,2.000e-04,3.39017,0.72630,0.99127,0.09066,0.10069,0.12097,0.16538,0.48785,0.33914,0.14871,11.01068,8.56292,0,7.83,6511.2
44900,149,2.000e-04,2.67286,0.58842,0.56042,0.08194,0.12477,0.08290,0.11328,0.59974,0.21060,0.38913,13.15512,7.72349,0,7.81,6524.0
45000,150,2.000e-04,2.07354,0.20353,0.34353,0.10210,0.10606,0.07564,0.11863,0.21913,0.08375,0.13537,14.54835,10.55620,0,1.51,6590.0
45100,150,2.000e-04,2.00175,0.44737,0.38181,0.08650,0.06926,0.07670,0.08080,0.28096,0.14189,0.13906,11.26356,15.37247,0,7.41,6603.5
45200,150,2.000e-04,1.91949,0.34512,0.03121,0.09000,0.08960,0.13102,0.12706,0.47086,0.22979,0.24108,9.34086,9.25186,0,7.82,6616.3
45300,151,2.000e-04,2.06268,0.22263,0.32997,0.08859,0.09500,0.13495,0.10191,0.51280,0.21150,0.30130,12.16000,8.14598,0,7.83,6629.1
45400,151,2.000e-04,2.16429,0.34192,0.16688,0.09872,0.11489,0.15234,0.08264,0.42855,0.09314,0.33542,13.97651,7.92573,0,7.91,6641.7
45500,151,2.000e-04,1.68892,0.39020,0.23404,0.05768,0.09734,0.05967,0.05616,0.41625,0.30946,0.10679,12.10816,14.50821,0,7.90,6654.4
45600,152,2.000e-04,2.64589,0.71193,0.47957,0.11878,0.07843,0.12365,0.06369,0.28974,0.13813,0.15162,13.46607,8.61525,0,7.85,6667.1
45700,152,2.000e-04,2.61519,0.55232,0.25518,0.08324,0.15271,0.11609,0.13509,0.39721,0.25382,0.14339,13.49136,6.34944,0,7.89,6679.8
45800,152,2.000e-04,2.78489,0.33167,0.57965,0.06432,0.17513,0.06647,0.20406,0.54982,0.23482,0.31500,14.08825,11.56946,0,7.88,6692.5
45900,153,2.000e-04,2.55599,0.25825,0.26307,0.09225,0.17453,0.14254,0.13778,0.34098,0.17619,0.16480,13.12144,10.98500,0,7.97,6705.0
46000,153,2.000e-04,2.87022,0.41683,0.49897,0.09140,0.16702,0.10699,0.15794,0.41798,0.22304,0.19494,14.29301,7.65118,0,7.84,6717.8
46100,153,2.000e-04,2.48010,0.46786,0.65645,0.10464,0.08007,0.09788,0.07501,0.34314,0.21007,0.13308,10.80758,9.79193,0,7.81,6730.6
46200,154,2.000e-04,2.47449,0.49721,0.26388,0.11860,0.11471,0.09879,0.11996,0.35427,0.16912,0.18515,8.99387,9.97653,0,7.83,6743.4
46300,154,2.000e-04,1.69237,0.31626,0.14917,0.08281,0.08100,0.06021,0.10295,0.24832,0.09166,0.15666,8.55183,7.41345,0,7.80,6756.2
46400,154,2.000e-04,1.71798,0.20421,0.18562,0.11491,0.06772,0.10078,0.06522,0.35186,0.15840,0.19346,13.00086,12.93313,0,7.93,6768.8
46500,155,2.000e-04,2.08023,0.37344,0.09484,0.11692,0.10702,0.09791,0.09899,0.30331,0.10852,0.19479,10.37897,6.33639,0,7.91,6781.4
46600,155,2.000e-04,3.00895,0.20792,0.56573,0.13903,0.15717,0.12498,0.17674,0.40221,0.17847,0.22374,11.83394,9.51082,0,7.91,6794.1
46700,155,2.000e-04,2.48103,0.53813,0.33645,0.10740,0.13093,0.10683,0.05909,0.59851,0.21611,0.38239,17.34224,7.26315,0,7.94,6806.7
46800,156,2.000e-04,2.61013,0.28039,0.72121,0.12427,0.10231,0.09690,0.09335,0.64196,0.38034,0.26161,9.69290,14.78848,0,7.95,6819.2
46900,156,2.000e-04,3.36005,0.49936,0.51661,0.12287,0.25807,0.10262,0.07315,0.57315,0.49612,0.07704,18.20164,11.73334,0,7.98,6831.8
47000,156,2.000e-04,2.92827,0.29168,0.41548,0.10550,0.19881,0.09928,0.18054,0.27908,0.10022,0.17886,16.56098,9.05030,0,7.92,6844.4
47100,157,2.000e-04,2.04045,0.33950,0.35277,0.09269,0.07920,0.11508,0.08041,0.61906,0.44472,0.17434,12.12931,5.69675,0,7.87,6857.1
47200,157,2.000e-04,2.23118,0.55615,0.12347,0.08103,0.12346,0.11013,0.10152,0.34033,0.15027,0.19006,20.81067,12.18508,0,7.69,6870.1
47300,157,2.000e-04,2.39019,0.31461,0.42212,0.10432,0.12176,0.07583,0.13338,0.34427,0.23230,0.11197,12.11051,8.70989,0,7.74,6883.0
47400,158,2.000e-04,2.17576,0.41554,0.45664,0.11708,0.05582,0.12658,0.04906,0.43185,0.23525,0.19660,11.57244,6.26657,0,8.00,6895.5
47500,158,2.000e-04,1.34386,0.19520,0.04949,0.05838,0.08697,0.07916,0.06982,0.45722,0.22892,0.22831,7.63912,7.89172,0,8.08,6907.9
47600,158,2.000e-04,1.95803,0.39641,0.25970,0.09905,0.07524,0.11947,0.05271,0.32983,0.24076,0.08907,11.45719,6.47095,0,8.23,6920.0
47700,159,2.000e-04,2.16169,0.20692,0.34585,0.08703,0.12526,0.08518,0.13381,0.70538,0.24146,0.46392,12.56461,12.31162,0,7.82,6932.8
47800,159,2.000e-04,2.73954,0.62472,0.45036,0.11889,0.11346,0.11168,0.08941,0.46639,0.21603,0.25036,10.10096,9.49004,0,7.80,6945.6
47900,159,2.000e-04,2.80267,0.39905,0.82174,0.11694,0.09337,0.11338,0.09874,0.62196,0.50164,0.12032,8.45047,16.01324,0,7.80,6958.4
48000,160,2.000e-04,2.71833,0.38942,0.84262,0.12759,0.07069,0.12444,0.07352,0.26752,0.09469,0.17283,12.96338,11.43396,0,1.55,7022.9
48100,160,2.000e-04,2.49293,0.71123,0.32743,0.12815,0.06510,0.11612,0.07907,0.66421,0.30241,0.36180,12.38008,7.03474,0,7.31,7036.5
48200,160,2.000e-04,2.55437,0.46890,0.33830,0.05557,0.19275,0.05274,0.14949,0.37837,0.27910,0.09927,17.65948,7.87948,0,7.86,7049.3
48300,161,2.000e-04,2.22648,0.47975,0.22522,0.06478,0.13358,0.09622,0.11568,0.44358,0.20903,0.23455,10.47000,7.52033,0,7.84,7062.0
48400,161,2.000e-04,3.12457,0.49873,0.45173,0.11293,0.18716,0.11067,0.15880,0.29531,0.19031,0.10500,13.57056,5.84420,0,7.83,7074.8
48500,161,2.000e-04,2.10131,0.44880,0.44290,0.10049,0.06093,0.09957,0.06143,0.37499,0.18987,0.18511,9.25092,8.82766,0,7.79,7087.6
48600,162,2.000e-04,2.90274,1.02734,0.53160,0.12066,0.06951,0.10412,0.05305,0.26299,0.07455,0.18844,14.27943,10.84581,0,7.79,7100.4
48700,162,2.000e-04,3.51259,1.08293,0.41140,0.13100,0.14289,0.10822,0.15131,0.47777,0.22721,0.25056,20.58135,12.25247,0,7.70,7113.4
48800,162,2.000e-04,1.96396,0.50897,0.39985,0.07526,0.05269,0.10276,0.06339,0.26469,0.13709,0.12760,7.22979,6.25437,0,7.78,7126.3
48900,163,2.000e-04,2.61252,0.62718,0.42995,0.14234,0.07241,0.12110,0.07155,0.41752,0.20307,0.21445,12.23631,8.84388,0,7.82,7139.1
49000,163,2.000e-04,2.01671,0.52316,0.09416,0.11429,0.06906,0.11969,0.07336,0.57407,0.18431,0.38976,6.35243,10.70765,0,7.84,7151.8
49100,163,2.000e-04,2.54338,0.30819,0.02282,0.10309,0.21470,0.07659,0.17276,0.63032,0.37778,0.25254,11.55773,11.80736,0,7.84,7164.6
49200,164,2.000e-04,2.01836,0.43104,0.17753,0.10151,0.08437,0.10762,0.08455,0.42877,0.35481,0.07397,8.77823,9.07902,0,8.35,7176.6
49300,164,2.000e-04,3.21368,0.36060,0.53262,0.15591,0.17151,0.10316,0.17019,0.78293,0.35142,0.43150,12.21723,15.17808,0,7.87,7189.3
49400,164,2.000e-04,5.94496,0.37446,0.76792,0.17851,0.49611,0.11785,0.45394,0.49445,0.17392,0.32053,25.01768,16.88067,0,7.91,7201.9
49500,165,2.000e-04,2.05532,0.28296,0.59048,0.08150,0.06546,0.09131,0.08753,0.57090,0.25648,0.31441,19.29502,6.70279,0,7.91,7214.5
49600,165,2.000e-04,3.03650,0.77618,0.19295,0.13511,0.14615,0.15196,0.11248,0.25945,0.17108,0.08837,18.40271,7.94952,0,7.86,7227.3
49700,165,2.000e-04,2.66785,0.32752,0.41413,0.10056,0.16635,0.09810,0.13855,0.27464,0.05889,0.21574,14.12801,11.66061,0,7.82,7240.1
49800,166,2.000e-04,2.58035,0.32558,0.42576,0.10040,0.14268,0.10376,0.14169,0.53098,0.42281,0.10817,16.50299,20.10840,0,8.03,7252.5
49900,166,2.000e-04,2.44841,0.65482,0.44592,0.11136,0.08512,0.08084,0.06527,0.38866,0.25071,0.13795,10.55707,11.17420,0,8.02,7265.0
50000,166,2.000e-04,3.05148,0.10055,0.61128,0.13475,0.17620,0.15614,0.15783,0.55647,0.29131,0.26515,9.24115,10.99980,0,7.83,7277.8
50100,167,2.000e-04,1.74790,0.46455,0.12712,0.07929,0.07861,0.07571,0.07100,0.67404,0.30948,0.36455,8.98656,9.21489,0,7.84,7290.5
50200,167,2.000e-04,2.62714,0.31280,0.61777,0.11101,0.10514,0.09703,0.14930,0.84313,0.24705,0.59607,11.25324,11.99054,0,7.80,7303.3
50300,167,2.000e-04,2.15134,0.26886,0.34731,0.08470,0.12246,0.08606,0.11370,0.51022,0.34157,0.16865,12.95402,9.73476,0,7.96,7315.9
50400,168,2.000e-04,2.88216,0.37645,0.07227,0.21044,0.11298,0.24170,0.08482,0.33984,0.12864,0.21120,14.75701,6.98135,0,8.00,7328.4
50500,168,2.000e-04,2.32144,0.29087,0.40969,0.10486,0.11196,0.10192,0.11279,0.51078,0.27572,0.23506,8.86891,7.17727,0,8.68,7339.9
50600,168,2.000e-04,2.35935,0.43918,0.23944,0.13088,0.09580,0.12803,0.09091,0.24106,0.10159,0.13947,11.19398,7.76332,0,7.93,7352.5
50700,169,2.000e-04,2.13182,0.32601,0.63324,0.09555,0.06255,0.10342,0.04941,0.60055,0.34784,0.25271,7.59642,10.68790,0,7.81,7365.3
50800,169,2.000e-04,2.40098,0.40417,0.22956,0.09787,0.11119,0.14365,0.14514,0.65114,0.34076,0.31038,14.59321,11.82571,0,7.78,7378.2
50900,169,2.000e-04,2.04083,0.25942,0.45527,0.08896,0.08784,0.10324,0.07361,0.65941,0.27970,0.37971,8.40124,10.73221,0,7.83,7390.9
51000,170,2.000e-04,2.24609,0.48203,0.27253,0.10254,0.08640,0.10525,0.11348,0.54737,0.28159,0.26577,12.73322,8.31988,0,1.56,7454.9
51100,170,2.000e-04,1.42689,0.28032,0.17709,0.06203,0.06364,0.06979,0.06665,0.35834,0.23536,0.12298,9.97232,6.30716,0,7.46,7468.3
51200,170,2.000e-04,2.69198,0.56836,0.31555,0.08606,0.15886,0.11726,0.11614,0.37192,0.24560,0.12632,19.34462,5.92512,0,8.41,7480.2
51300,171,2.000e-04,2.23356,0.29805,0.45625,0.08606,0.12221,0.07372,0.10146,0.52578,0.06425,0.46154,16.49589,11.99142,0,7.91,7492.9
51400,171,2.000e-04,5.87364,0.17116,0.54214,0.07251,0.59531,0.06347,0.66503,0.29424,0.14092,0.15332,16.72199,6.92189,0,8.04,7505.3
51500,171,2.000e-04,2.08233,0.63716,0.26347,0.10592,0.05650,0.07922,0.06862,0.31018,0.24173,0.06846,11.63058,8.32175,0,8.12,7517.6
51600,172,2.000e-04,2.09164,0.43965,0.32940,0.08358,0.09106,0.07086,0.10890,0.36859,0.22137,0.14722,7.90514,6.21390,0,8.06,7530.0
51700,172,2.000e-04,2.64459,0.38728,0.21918,0.12575,0.14626,0.10689,0.16436,0.31585,0.11403,0.20182,13.34394,10.65121,0,7.79,7542.9
51800,172,2.000e-04,2.77289,0.47825,0.33812,0.08321,0.19415,0.08178,0.14611,0.39331,0.20548,0.18783,16.22861,7.59070,0,7.79,7555.7
51900,173,2.000e-04,1.99233,0.44127,0.18751,0.08753,0.10642,0.07077,0.08673,0.41732,0.22142,0.19590,6.38459,9.83659,0,7.85,7568.5
52000,173,2.000e-04,2.55513,0.30464,0.32225,0.11913,0.13588,0.16700,0.09427,0.26113,0.16761,0.09351,12.11349,5.72922,0,7.89,7581.1
52100,173,2.000e-04,2.01272,0.26193,0.19366,0.08703,0.13051,0.07046,0.11731,0.49225,0.26613,0.22613,7.30636,6.20756,0,7.87,7593.8
52200,174,2.000e-04,1.80215,0.35185,0.23046,0.08371,0.07133,0.09791,0.07995,0.61644,0.26828,0.34816,7.35684,9.58435,0,7.83,7606.6
52300,174,2.000e-04,2.19399,0.35732,0.37369,0.09609,0.10329,0.08865,0.09778,0.33076,0.10613,0.22463,8.50566,12.32622,0,7.83,7619.4
52400,174,2.000e-04,2.57078,0.81170,0.39409,0.10533,0.08590,0.08181,0.08173,0.31842,0.21277,0.10565,11.27177,6.25098,0,7.83,7632.1
52500,175,2.000e-04,2.15619,0.26692,0.56426,0.07894,0.08362,0.11416,0.09072,0.44126,0.24247,0.19879,12.10443,8.69437,0,7.82,7644.9
52600,175,2.000e-04,2.15225,0.28350,0.34181,0.09177,0.08476,0.11423,0.14349,0.23448,0.07555,0.15894,14.43443,7.44545,0,7.83,7657.7
52700,175,2.000e-04,2.44653,0.84224,0.22014,0.09003,0.09825,0.08241,0.09469,0.65449,0.30152,0.35297,10.67034,10.36146,0,7.77,7670.6
52800,176,2.000e-04,2.14174,0.27200,0.20962,0.08503,0.13137,0.08641,0.14484,0.42317,0.22584,0.19733,8.35485,5.18648,0,7.82,7683.4
52900,176,2.000e-04,3.34924,0.64894,0.33249,0.08645,0.23479,0.08338,0.22126,0.38022,0.13545,0.24477,25.88438,7.69105,0,7.86,7696.1
53000,176,2.000e-04,2.34396,0.56360,0.48773,0.08073,0.08765,0.10137,0.07893,0.46679,0.24626,0.22053,9.72900,15.49434,0,7.73,7709.0
53100,177,2.000e-04,3.31293,0.18375,1.59049,0.11975,0.09392,0.11756,0.07056,0.45427,0.25246,0.20181,7.95025,17.55328,0,7.78,7721.9
53200,177,2.000e-04,1.73553,0.53845,0.21358,0.06295,0.07668,0.07182,0.04233,0.33622,0.13951,0.19672,13.26330,8.71871,0,7.79,7734.7
53300,177,2.000e-04,2.62537,0.53870,0.89602,0.13305,0.04838,0.07542,0.03799,0.28276,0.21857,0.06419,9.41987,7.62449,0,7.91,7747.4
53400,178,2.000e-04,2.05064,0.03462,0.36499,0.10808,0.10742,0.12208,0.10734,0.43218,0.20946,0.22272,10.25749,10.75223,0,8.08,7759.7
53500,178,2.000e-04,2.02884,0.44668,0.24141,0.09328,0.06284,0.11645,0.10761,0.16814,0.04093,0.12721,10.98333,6.36952,0,8.06,7772.2
53600,178,2.000e-04,2.16539,0.62451,0.30485,0.08341,0.07260,0.07732,0.10509,0.70773,0.50200,0.20573,19.84905,10.50465,0,7.86,7784.9
53700,179,2.000e-04,2.10110,0.23840,0.42245,0.11114,0.07491,0.13871,0.06528,0.53360,0.26093,0.27267,15.89314,10.98298,0,7.78,7797.7
53800,179,2.000e-04,2.41136,0.69117,0.44734,0.08395,0.07631,0.10891,0.07970,0.52174,0.24600,0.27574,13.86233,15.95653,0,7.81,7810.5
53900,179,2.000e-04,1.99100,0.46536,0.51854,0.05951,0.07239,0.06521,0.07382,0.18567,0.09836,0.08731,8.78676,8.76466,0,8.03,7823.0
54000,180,2.000e-04,2.86918,0.50752,0.59592,0.11017,0.13650,0.10407,0.10889,0.77528,0.22083,0.55445,16.20616,18.96733,0,1.46,7891.4
54100,180,2.000e-04,1.99406,0.13882,0.32232,0.08322,0.12096,0.12002,0.08479,0.65688,0.37186,0.28502,14.43015,7.96508,0,7.56,7904.6
54200,180,2.000e-04,2.77653,0.83370,0.39873,0.12753,0.08088,0.12228,0.07854,0.32219,0.25271,0.06948,15.96289,6.47175,0,7.84,7917.4
54300,181,2.000e-04,2.09075,0.20910,0.31923,0.07623,0.13673,0.08675,0.11231,0.35100,0.19426,0.15675,10.45604,8.08767,0,7.83,7930.1
54400,181,2.000e-04,1.93609,0.36316,0.30480,0.06385,0.09261,0.08620,0.10815,0.55265,0.27636,0.27629,3.84209,12.90019,0,8.02,7942.6
54500,181,2.000e-04,2.59010,0.80946,0.17196,0.11271,0.09742,0.15807,0.06515,0.70864,0.27836,0.43028,11.49197,18.63545,0,7.86,7955.3
54600,182,2.000e-04,1.94182,0.31906,0.60672,0.07763,0.06188,0.06717,0.06022,0.30556,0.09021,0.21535,12.91663,5.54578,0,7.92,7968.0
54700,182,2.000e-04,1.99325,0.19788,0.15772,0.09665,0.10910,0.10346,0.14010,0.36480,0.16664,0.19816,12.90633,12.26042,0,7.90,7980.6
54800,182,2.000e-04,3.38563,0.46240,0.59921,0.11624,0.19753,0.12901,0.17304,0.24537,0.12105,0.12432,15.61062,6.84413,0,7.83,7993.4
54900,183,2.000e-04,2.77132,0.71363,0.62866,0.09617,0.09680,0.09183,0.09385,0.22356,0.09656,0.12700,18.87733,9.26388,0,7.89,8006.1
55000,183,2.000e-04,2.72924,0.56513,0.39511,0.08894,0.12370,0.10702,0.17529,0.29825,0.09755,0.20070,13.97897,9.83482,0,7.73,8019.0
55100,183,2.000e-04,1.55068,0.45079,0.09850,0.06763,0.08059,0.04852,0.05560,0.37276,0.15548,0.21728,5.94351,9.61659,0,7.91,8031.6
55200,184,2.000e-04,2.10444,0.30803,0.27045,0.10522,0.10014,0.11276,0.08689,0.48739,0.23177,0.25563,9.22304,10.51380,0,7.86,8044.4
55300,184,2.000e-04,1.95011,0.18274,0.51668,0.09885,0.06809,0.07149,0.09492,0.46883,0.22873,0.24010,8.16635,6.09085,0,8.29,8056.4
55400,184,2.000e-04,2.21971,0.58060,0.13094,0.09759,0.10040,0.11346,0.09382,0.38286,0.17936,0.20350,13.09207,8.81117,0,7.92,8069.1
55500,185,2.000e-04,1.62190,0.13165,0.21898,0.10156,0.06707,0.11305,0.05820,0.36074,0.22296,0.13778,7.47624,8.07036,0,8.25,8081.2
55600,185,2.000e-04,2.20090,0.27004,0.42135,0.09498,0.12335,0.08435,0.08280,0.27180,0.11086,0.16094,12.92708,5.96263,0,7.82,8094.0
55700,185,2.000e-04,2.00718,0.25437,0.12766,0.07136,0.12274,0.07448,0.18739,0.35159,0.12895,0.22264,12.25741,9.54540,0,7.76,8106.9
55800,186,2.000e-04,2.26124,0.51725,0.35864,0.11055,0.08081,0.09462,0.07679,0.31733,0.23428,0.08305,9.12937,8.33370,0,7.81,8119.7
55900,186,2.000e-04,2.11692,0.28238,0.56677,0.09880,0.07321,0.09202,0.07107,0.21404,0.10617,0.10788,10.09001,6.88704,0,7.85,8132.4
56000,186,2.000e-04,1.57332,0.17504,0.26843,0.08608,0.07484,0.07509,0.05502,0.39341,0.22580,0.16761,8.95665,11.52772,0,7.86,8145.1
56100,187,2.000e-04,1.98025,0.54750,0.09649,0.08372,0.08523,0.11418,0.08241,0.85587,0.37533,0.48054,12.20116,30.50504,0,7.85,8157.9
56200,187,2.000e-04,2.22562,0.21768,0.47991,0.14182,0.07084,0.10888,0.07701,0.44647,0.19334,0.25313,9.59968,13.03689,0,7.80,8170.7
56300,187,2.000e-04,1.90169,0.22950,0.07589,0.07809,0.13611,0.06937,0.14076,0.78915,0.31053,0.47862,8.42074,19.15991,0,7.87,8183.4
56400,188,2.000e-04,2.47363,0.26972,0.21968,0.14706,0.14565,0.11404,0.09424,0.34441,0.28144,0.06296,17.22401,7.53625,0,7.78,8196.3
56500,188,2.000e-04,2.30790,0.25948,0.36266,0.09085,0.14906,0.07750,0.11699,0.43355,0.24819,0.18536,20.97651,12.57281,0,7.83,8209.0
56600,188,2.000e-04,3.30656,0.94300,0.10202,0.18609,0.13204,0.13662,0.13174,0.50768,0.13309,0.37459,17.10749,13.30675,0,7.73,8222.0
56700,189,2.000e-04,1.78188,0.25438,0.21077,0.07501,0.09903,0.08078,0.09782,0.31235,0.15686,0.15549,9.02199,8.62691,0,7.70,8234.9
56800,189,2.000e-04,2.58875,0.24050,0.30759,0.12732,0.14635,0.11651,0.15240,0.47230,0.32363,0.14868,12.45151,7.39654,0,7.76,8247.8
56900,189,2.000e-04,2.00797,0.18744,0.46734,0.09091,0.09071,0.09574,0.08229,0.44759,0.17459,0.27300,13.76378,14.14100,0,7.84,8260.6
57000,190,2.000e-04,1.72816,0.43389,0.36442,0.07885,0.05624,0.06188,0.03990,0.30603,0.23037,0.07565,13.17293,9.45204,0,1.28,8338.8
57100,190,2.000e-04,2.63848,0.81696,0.50023,0.08154,0.09717,0.07350,0.09759,0.63212,0.31455,0.31757,15.57264,14.39151,0,7.36,8352.4
57200,190,2.000e-04,1.82284,0.47326,0.10184,0.07651,0.08147,0.09307,0.09006,0.53764,0.32310,0.21454,7.29920,13.38198,0,7.67,8365.4
57300,191,2.000e-04,2.07416,0.41963,0.49542,0.08094,0.07926,0.06428,0.07897,0.55681,0.37778,0.17904,10.91792,8.71740,0,7.68,8378.5
57400,191,2.000e-04,1.79777,0.17855,0.42817,0.08267,0.07484,0.08357,0.07782,0.48251,0.27439,0.20812,9.46412,7.54049,0,7.70,8391.4
57500,191,2.000e-04,2.36947,0.50889,0.61858,0.07989,0.09251,0.08552,0.06648,0.58393,0.48787,0.09606,9.83586,17.13512,0,7.70,8404.4
57600,192,2.000e-04,2.51412,0.24179,0.21904,0.10420,0.17742,0.08830,0.16978,0.53572,0.34919,0.18653,14.07825,7.15800,0,7.75,8417.3
57700,192,2.000e-04,1.80579,0.05835,0.58265,0.08490,0.06771,0.08095,0.07976,0.70888,0.25461,0.45427,8.23981,19.34364,0,7.75,8430.2
57800,192,2.000e-04,2.60618,0.22586,0.68995,0.09695,0.13314,0.09096,0.12503,0.30945,0.15737,0.15208,15.43619,6.07871,0,7.81,8443.0
57900,193,2.000e-04,2.60028,0.60022,0.59212,0.10102,0.09797,0.08107,0.08412,0.43679,0.24794,0.18884,7.35017,14.00005,0,7.79,8455.9
58000,193,2.000e-04,1.77646,0.24102,0.40843,0.08288,0.07746,0.07969,0.05043,0.39534,0.27759,0.11775,16.75365,11.83933,0,7.77,8468.7
58100,193,2.000e-04,1.94501,0.37536,0.30294,0.08459,0.08800,0.08251,0.07898,0.31762,0.20216,0.11546,17.32496,11.28786,0,7.83,8481.5
58200,194,2.000e-04,3.53417,1.21203,0.21477,0.12612,0.15199,0.11750,0.16923,0.36488,0.05112,0.31376,11.41992,21.00445,0,7.75,8494.4
58300,194,2.000e-04,2.76016,0.22562,0.22837,0.08181,0.21558,0.10183,0.22585,0.49529,0.11038,0.38491,14.80077,9.51074,0,7.75,8507.3
58400,194,2.000e-04,1.89311,0.18537,0.30528,0.09788,0.09705,0.07763,0.09349,0.50749,0.21081,0.29667,10.26791,10.35630,0,7.73,8520.3
58500,195,2.000e-04,1.81801,0.36630,0.17878,0.11387,0.06303,0.10631,0.04907,0.20816,0.11927,0.08889,11.21053,6.76743,0,7.78,8533.1
58600,195,2.000e-04,1.77811,0.07487,0.17700,0.11165,0.10471,0.11864,0.05914,0.67253,0.36882,0.30372,16.77805,18.82983,0,7.81,8545.9
58700,195,2.000e-04,2.34869,0.10426,0.49308,0.11863,0.11864,0.09057,0.13543,0.33537,0.12291,0.21246,13.52283,12.21413,0,7.79,8558.8
58800,196,2.000e-04,1.80465,0.26429,0.17105,0.06980,0.11215,0.07716,0.10666,0.35967,0.18505,0.17462,11.08738,6.74653,0,7.76,8571.7
58900,196,2.000e-04,2.95773,0.73004,0.53287,0.07635,0.12866,0.11950,0.14842,0.14573,0.05060,0.09513,20.40232,7.12911,0,7.73,8584.6
59000,196,2.000e-04,3.12008,1.02082,0.15071,0.09341,0.16829,0.09094,0.16508,0.36565,0.21566,0.15000,22.07409,9.54575,0,7.73,8597.5
59100,197,2.000e-04,1.84504,0.26332,0.26429,0.10083,0.08865,0.07724,0.07076,0.50374,0.26321,0.24053,8.40271,7.26239,0,7.74,8610.5
59200,197,2.000e-04,1.82311,0.30087,0.25714,0.08657,0.07853,0.10351,0.07233,0.46029,0.27442,0.18587,10.48720,10.17660,0,7.75,8623.4
59300,197,2.000e-04,1.83748,0.31854,0.22526,0.08680,0.08619,0.07169,0.09980,0.69879,0.38362,0.31517,8.25032,10.79111,0,7.74,8636.3
59400,198,2.000e-04,2.19741,0.40579,0.02610,0.08793,0.14587,0.11091,0.12770,0.41121,0.10504,0.30617,9.66538,8.04274,0,7.72,8649.2
59500,198,2.000e-04,2.01485,0.17545,0.30837,0.09596,0.09694,0.11975,0.10687,0.55427,0.14359,0.41069,12.29233,6.78704,0,7.84,8662.0
59600,198,2.000e-04,2.34793,0.46577,0.60263,0.09707,0.06878,0.10442,0.07570,0.31368,0.15253,0.16115,18.78502,6.83478,0,7.82,8674.8
59700,199,2.000e-04,1.76871,0.50016,0.11461,0.07851,0.07503,0.05413,0.10036,0.38731,0.24951,0.13780,11.89590,5.07687,0,7.71,8687.7
59800,199,2.000e-04,2.40778,0.62643,0.35877,0.11143,0.07898,0.11350,0.07471,0.41190,0.22649,0.18542,16.79919,11.60166,0,7.90,8700.4
59900,199,2.000e-04,2.16618,0.28714,0.40853,0.10045,0.12002,0.07837,0.06891,0.64735,0.37496,0.27239,10.99899,6.99342,0,7.82,8713.2
60000,200,2.000e-04,2.19354,0.69623,0.28769,0.08846,0.07570,0.10206,0.05348,0.63021,0.32142,0.30880,10.82244,14.40629,0,1.20,8796.5
60100,200,2.000e-04,2.02694,0.33052,0.31160,0.10512,0.07369,0.09207,0.10422,0.30685,0.10172,0.20513,6.72494,7.32222,0,7.44,8809.9
60200,200,2.000e-04,2.17696,0.67816,0.22909,0.07075,0.09838,0.05978,0.10985,0.39990,0.18324,0.21667,16.70323,6.16728,0,7.82,8822.7
60300,201,2.000e-04,2.62374,0.42059,0.24226,0.09111,0.15821,0.07493,0.21079,0.50372,0.29210,0.21162,10.35781,7.72575,0,7.85,8835.5
60400,201,2.000e-04,1.97493,0.34420,0.46125,0.06824,0.09613,0.06591,0.07313,0.49845,0.25568,0.24277,11.18885,5.76570,0,7.78,8848.3
60500,201,2.000e-04,2.10962,0.09334,0.85851,0.07873,0.07597,0.07386,0.07985,0.64860,0.38611,0.26249,11.56089,19.05006,0,8.36,8860.3
60600,202,2.000e-04,2.41102,0.30907,0.22440,0.09492,0.15947,0.11377,0.12846,0.35829,0.14522,0.21307,13.66235,4.51962,0,7.81,8873.1
60700,202,2.000e-04,1.70721,0.44625,0.22938,0.07717,0.05512,0.08450,0.06356,0.40690,0.23776,0.16915,10.49801,5.05657,0,7.83,8885.9
60800,202,2.000e-04,1.76180,0.25213,0.33116,0.09309,0.07592,0.07408,0.05931,0.44078,0.14352,0.29727,11.23132,9.84443,0,7.98,8898.4
60900,203,2.000e-04,2.71403,0.50205,0.25519,0.10941,0.15168,0.13542,0.12511,0.35745,0.14559,0.21186,20.23815,6.58256,0,7.92,8911.0
61000,203,2.000e-04,2.38577,0.22569,0.19741,0.14324,0.12671,0.14369,0.10149,0.19529,0.05243,0.14286,10.17777,3.77209,0,8.01,8923.5
61100,203,2.000e-04,2.74373,0.52617,0.32106,0.15750,0.11476,0.09464,0.11944,0.55821,0.31755,0.24066,16.30046,11.50835,0,8.01,8936.0
61200,204,2.000e-04,2.04772,0.49864,0.23616,0.10415,0.07736,0.08658,0.07557,0.08419,0.02737,0.05683,13.22633,3.58642,0,8.01,8948.4
61300,204,2.000e-04,1.96646,0.62162,0.26848,0.06758,0.07896,0.06868,0.06877,0.35584,0.19424,0.16160,9.39798,4.19080,0,7.96,8961.0
61400,204,2.000e-04,1.93151,0.24251,0.44017,0.07055,0.10283,0.07226,0.08051,0.29593,0.13694,0.15899,9.74599,8.87996,0,8.01,8973.5
61500,205,2.000e-04,2.06635,0.18366,0.35205,0.09277,0.12065,0.07769,0.10771,0.36390,0.20918,0.15472,9.16667,5.77161,0,8.17,8985.7
61600,205,2.000e-04,2.17701,0.57069,0.23707,0.09459,0.08346,0.09744,0.09416,0.58408,0.21061,0.37347,7.07756,8.52052,0,8.89,8997.0
61700,205,2.000e-04,2.13113,0.33314,0.21125,0.07981,0.13247,0.07614,0.13399,0.37859,0.17007,0.20853,8.89180,10.10352,0,7.88,9009.7
61800,206,2.000e-04,2.51826,0.54939,0.37934,0.09676,0.13244,0.07777,0.09964,0.32982,0.08642,0.24340,13.50639,6.51252,0,7.91,9022.3
61900,206,2.000e-04,1.89449,0.35345,0.38553,0.09321,0.06539,0.09655,0.04846,0.46323,0.28421,0.17902,9.90452,11.32637,0,7.87,9035.0
62000,206,2.000e-04,1.93431,0.51739,0.34712,0.08307,0.07183,0.06765,0.05046,0.50498,0.19453,0.31044,14.43790,8.34527,0,7.89,9047.7
62100,207,2.000e-04,2.13175,0.31020,0.24431,0.08837,0.14138,0.07576,0.09562,0.56963,0.32594,0.24369,11.82602,8.95712,0,8.09,9060.0
62200,207,2.000e-04,2.37961,0.25523,0.64004,0.13666,0.06414,0.14763,0.04449,0.62893,0.38593,0.24300,15.35960,18.05439,0,8.81,9071.4
62300,207,2.000e-04,2.55916,0.34783,0.32055,0.06276,0.17829,0.05730,0.21693,0.52416,0.23592,0.28824,13.42429,6.85587,0,8.27,9083.5
62400,208,2.000e-04,2.29112,0.08221,0.49804,0.09210,0.13155,0.08444,0.15261,0.88072,0.58414,0.29658,13.00624,16.23390,0,7.81,9096.3
62500,208,2.000e-04,1.80885,0.14583,0.51365,0.08442,0.07956,0.06202,0.06976,0.54931,0.29036,0.25895,17.88833,12.83000,0,8.05,9108.7
62600,208,2.000e-04,2.11530,0.50815,0.19324,0.10293,0.08280,0.09396,0.10015,0.39418,0.13014,0.26404,15.04014,7.04029,0,7.93,9121.3
62700,209,2.000e-04,2.51222,0.19738,0.73432,0.11345,0.08649,0.15471,0.07761,0.34403,0.14055,0.20348,19.20388,17.84468,0,8.47,9133.1
62800,209,2.000e-04,2.28696,0.65576,0.28595,0.08940,0.10185,0.08728,0.06833,0.42994,0.16288,0.26705,10.37958,7.98065,0,7.85,9145.9
62900,209,2.000e-04,2.75219,0.31668,0.62886,0.16939,0.08447,0.12654,0.08841,0.40048,0.17536,0.22512,12.98199,9.19723,0,7.92,9158.5
63000,210,2.000e-04,2.12930,0.49764,0.32327,0.07125,0.11299,0.05557,0.09930,0.54913,0.37421,0.17492,13.61559,11.89409,0,1.51,9224.5
63100,210,2.000e-04,2.27966,0.49217,0.05999,0.07898,0.14765,0.07278,0.16495,0.44243,0.19692,0.24551,12.68280,9.51508,0,7.41,9238.0
63200,210,2.000e-04,2.47451,0.52995,0.63663,0.07091,0.09740,0.09147,0.09508,0.53639,0.33181,0.20458,8.80678,7.82979,0,8.00,9250.5
63300,211,2.000e-04,2.24346,0.50964,0.61893,0.07295,0.06975,0.07750,0.08307,0.34638,0.20310,0.14328,11.45787,7.37892,0,8.00,9263.0
63400,211,2.000e-04,2.51897,0.38565,0.30932,0.07250,0.20537,0.07298,0.10088,0.40096,0.23425,0.16671,17.19791,5.94241,0,7.84,9275.8
63500,211,2.000e-04,2.82829,0.18933,1.15261,0.06547,0.12620,0.08666,0.12455,0.44782,0.29533,0.15249,9.39259,11.57505,0,7.83,9288.6
63600,212,2.000e-04,2.12860,0.49412,0.36420,0.09537,0.07241,0.08276,0.08979,0.30110,0.14135,0.15975,9.09406,7.16423,0,7.74,9301.5
63700,212,2.000e-04,2.29035,0.24390,0.38161,0.10540,0.12222,0.11274,0.09794,0.40968,0.28321,0.12646,14.79659,11.87129,0,7.84,9314.2
63800,212,2.000e-04,3.10868,0.68581,0.67203,0.09150,0.10283,0.17829,0.13339,0.55054,0.28174,0.26880,16.67386,14.87954,0,8.69,9325.7
63900,213,2.000e-04,2.56738,0.37960,0.55566,0.08904,0.14117,0.09825,0.09417,0.47484,0.37417,0.10067,13.41159,12.38072,0,7.77,9338.6
64000,213,2.000e-04,2.25419,0.26831,0.38599,0.09944,0.12702,0.09767,0.08937,0.37177,0.16351,0.20826,9.09366,15.64512,0,7.94,9351.2
64100,213,2.000e-04,2.45441,0.72831,0.44820,0.10030,0.06900,0.08224,0.09032,0.22632,0.16640,0.05992,11.60865,8.15209,0,7.86,9363.9
64200,214,2.000e-04,1.81267,0.16514,0.26546,0.08634,0.09337,0.11885,0.07456,0.45017,0.21935,0.23082,11.29978,9.36911,0,8.03,9376.4
64300,214,2.000e-04,2.27808,0.41326,0.18567,0.12808,0.09313,0.14200,0.08723,0.61796,0.29745,0.32051,12.99979,9.60912,0,9.56,9386.9
64400,214,2.000e-04,2.21848,0.28798,0.31154,0.07656,0.16205,0.06256,0.10780,0.50823,0.33651,0.17173,13.84630,8.41563,0,9.87,9397.0
64500,215,2.000e-04,3.71324,0.44214,0.39796,0.08802,0.29033,0.06099,0.33157,0.22830,0.10389,0.12440,14.45760,5.04687,0,7.96,9409.6
64600,215,2.000e-04,2.48104,0.42755,0.33194,0.11939,0.11363,0.10722,0.11536,0.42771,0.29187,0.13585,12.00449,14.37561,0,7.82,9422.3
64700,215,2.000e-04,2.30418,0.60751,0.37411,0.08404,0.08749,0.07974,0.10621,0.34311,0.21493,0.12817,11.13492,7.17067,0,7.96,9434.9
64800,216,2.000e-04,2.19005,0.44762,0.29025,0.07942,0.12226,0.06851,0.10899,0.42674,0.22528,0.20146,9.08406,9.48422,0,7.90,9447.5
64900,216,2.000e-04,1.90086,0.43554,0.23219,0.06965,0.09851,0.07578,0.08114,0.47078,0.20784,0.26294,12.80578,4.59066,0,7.94,9460.1
65000,216,2.000e-04,2.13702,0.44161,0.30919,0.09363,0.10309,0.07278,0.08828,0.53433,0.18770,0.34663,15.45171,6.36085,0,8.14,9472.4
65100,217,2.000e-04,5.10275,0.64249,0.56020,0.08414,0.41928,0.06972,0.48345,0.30222,0.10523,0.19699,17.38506,5.56501,0,8.10,9484.8
65200,217,2.000e-04,2.18893,0.51057,0.13728,0.09848,0.10945,0.09082,0.10974,0.53997,0.28285,0.25712,8.93431,10.32562,0,8.06,9497.2
65300,217,2.000e-04,1.54612,0.19463,0.31447,0.10340,0.05228,0.07217,0.03126,0.21098,0.05909,0.15189,9.85541,5.24812,0,7.81,9510.0
65400,218,2.000e-04,2.50252,0.58964,0.30905,0.12152,0.09030,0.13499,0.08291,0.18562,0.10216,0.08346,12.85966,6.71153,0,7.89,9522.7
65500,218,2.000e-04,2.33109,0.15518,0.43129,0.09855,0.14581,0.12075,0.08837,0.36161,0.11186,0.24975,14.12673,9.08763,0,7.70,9535.6
65600,218,2.000e-04,1.86383,0.21430,0.44528,0.07467,0.09276,0.06712,0.07971,0.30400,0.21782,0.08618,7.74448,6.98931,0,8.01,9548.1
65700,219,2.000e-04,2.93056,0.02687,0.48545,0.10783,0.21128,0.11351,0.21558,0.54590,0.25865,0.28726,15.32564,14.14974,0,8.45,9560.0
65800,219,2.000e-04,2.43877,0.34645,0.54093,0.11017,0.10489,0.09527,0.09517,0.31536,0.16662,0.14874,10.42448,11.91324,0,8.04,9572.4
65900,219,2.000e-04,2.00264,0.51392,0.20514,0.06264,0.11636,0.06098,0.09446,0.37937,0.24306,0.13631,13.73161,9.05647,0,8.33,9584.4
66000,220,2.000e-04,1.67068,0.11644,0.17457,0.09579,0.08765,0.07683,0.10816,0.48140,0.26705,0.21436,7.82902,6.45694,0,1.53,9649.6
66100,220,2.000e-04,2.39433,0.56150,0.50699,0.08842,0.09161,0.05635,0.11391,0.38679,0.13353,0.25326,8.38640,7.53204,0,7.56,9662.9
66200,220,2.000e-04,2.08435,0.28175,0.34568,0.07750,0.09448,0.08545,0.15334,0.40637,0.28080,0.12557,14.18797,9.47453,0,8.06,9675.3
66300,221,2.000e-04,2.21350,0.56582,0.19776,0.09397,0.10507,0.09699,0.08492,0.45603,0.35145,0.10458,9.90251,8.14251,0,8.11,9687.6
66400,221,2.000e-04,2.37525,0.27436,0.57292,0.09498,0.11749,0.08746,0.09880,0.28327,0.11486,0.16841,11.66519,17.62436,0,8.01,9700.1
66500,221,2.000e-04,1.73024,0.46491,0.01373,0.10100,0.06690,0.08836,0.07648,0.68512,0.23575,0.44937,15.38991,14.17102,0,8.07,9712.5
66600,222,2.000e-04,2.27213,0.22578,0.45240,0.09419,0.10403,0.11112,0.13002,0.58112,0.17547,0.40565,12.15117,6.43177,0,7.83,9725.3
66700,222,2.000e-04,1.80326,0.25396,0.17773,0.10078,0.08756,0.08836,0.08359,0.50486,0.19990,0.30496,13.38713,7.05542,0,7.97,9737.8
66800,222,2.000e-04,1.62116,0.21221,0.06867,0.09193,0.09258,0.07719,0.08991,0.44108,0.13093,0.31015,9.93804,7.48245,0,8.52,9749.6
66900,223,2.000e-04,2.23428,0.26412,0.84084,0.07188,0.07417,0.07836,0.08128,0.29930,0.07876,0.22053,10.60740,5.26604,0,7.93,9762.2
67000,223,2.000e-04,2.58857,0.46038,0.60175,0.08337,0.11744,0.08183,0.12712,0.32284,0.16317,0.15967,14.85572,8.05501,0,7.89,9774.8
67100,223,2.000e-04,2.15512,0.43937,0.21299,0.09928,0.08972,0.12291,0.10018,0.43569,0.20058,0.23511,13.08604,10.21060,0,7.86,9787.5
67200,224,2.000e-04,2.30600,0.41038,0.31605,0.09651,0.13345,0.06904,0.10287,0.71814,0.34724,0.37091,8.30068,12.66801,0,7.83,9800.3
67300,224,2.000e-04,2.16818,0.33102,0.28398,0.07916,0.12586,0.07505,0.13619,0.47285,0.27691,0.19594,13.03636,8.09418,0,8.02,9812.8
67400,224,2.000e-04,2.46618,0.34043,0.20123,0.10206,0.16858,0.10324,0.12529,0.38338,0.17233,0.21106,14.97620,8.81131,0,7.90,9825.4
67500,225,2.000e-04,2.01158,0.36798,0.34751,0.06844,0.08856,0.10063,0.10381,0.62218,0.37942,0.24276,9.72543,10.66997,0,7.87,9838.2
67600,225,2.000e-04,2.30035,0.15169,0.37848,0.08679,0.16194,0.06546,0.14515,0.68359,0.28787,0.39572,11.50379,10.26009,0,8.02,9850.6
67700,225,2.000e-04,2.04714,0.35091,0.18532,0.11989,0.08338,0.11403,0.08380,0.35069,0.13977,0.21092,9.25652,5.55279,0,7.95,9863.2
67800,226,2.000e-04,2.03109,0.33979,0.55360,0.06508,0.09041,0.06147,0.08263,0.40974,0.20197,0.20777,7.74830,8.74259,0,7.92,9875.8
67900,226,2.000e-04,2.12697,0.34165,0.47775,0.09278,0.08317,0.08326,0.08787,0.36510,0.20514,0.15995,17.97319,7.06866,0,7.87,9888.5
68000,226,2.000e-04,2.16462,0.32121,0.47150,0.09959,0.08251,0.09120,0.09336,0.35378,0.19293,0.16084,6.79120,6.80061,0,7.85,9901.3
68100,227,2.000e-04,2.03884,0.52613,0.33530,0.08137,0.07683,0.08106,0.07350,0.47698,0.29710,0.17989,13.72864,7.82970,0,7.82,9914.1
68200,227,2.000e-04,2.36952,0.37814,0.53051,0.09640,0.10645,0.07536,0.10328,0.39231,0.23831,0.15400,11.61533,12.94946,0,7.82,9926.9
68300,227,2.000e-04,1.74641,0.28677,0.35720,0.07323,0.07630,0.07306,0.06885,0.50823,0.28258,0.22565,11.04377,8.60383,0,7.85,9939.6
68400,228,2.000e-04,2.67397,1.02524,0.31443,0.12141,0.06085,0.11383,0.05539,0.37685,0.16286,0.21398,7.85127,16.51387,0,7.83,9952.4
68500,228,2.000e-04,1.78401,0.40231,0.10616,0.08838,0.07452,0.10874,0.07568,0.59024,0.23301,0.35723,8.58495,13.70975,0,7.90,9965.0
68600,228,2.000e-04,3.52760,0.41601,0.29150,0.15731,0.19625,0.12776,0.29316,0.28446,0.15912,0.12534,18.24045,8.65106,0,8.18,9977.2
68700,229,2.000e-04,1.98032,0.23961,0.28087,0.12128,0.07498,0.12186,0.06954,0.70561,0.44282,0.26279,7.99338,11.89561,0,8.07,9989.6
68800,229,2.000e-04,2.28305,0.31037,0.46807,0.11633,0.08135,0.11663,0.08985,0.51091,0.30078,0.21013,9.80792,8.21140,0,8.04,10002.1
68900,229,2.000e-04,1.72224,0.29536,0.25155,0.07583,0.08609,0.06983,0.07645,0.61782,0.26117,0.35665,10.09028,8.69916,0,8.06,10014.5
69000,230,2.000e-04,2.48698,0.31837,0.24387,0.08389,0.13503,0.09395,0.23811,0.54141,0.28778,0.25363,11.22671,9.94729,0,1.52,10080.5
69100,230,2.000e-04,2.29377,0.26084,0.30357,0.09056,0.15539,0.07936,0.12048,0.38477,0.09573,0.28904,10.51250,8.04166,0,7.44,10093.9
69200,230,2.000e-04,2.81056,0.66835,0.26016,0.11405,0.13262,0.12159,0.13788,0.54632,0.34018,0.20614,15.63945,11.08111,0,7.85,10106.7
69300,231,2.000e-04,2.52343,0.58948,0.33043,0.13142,0.08626,0.12119,0.08486,0.40547,0.26244,0.14304,8.84334,8.40323,0,7.80,10119.5
69400,231,2.000e-04,2.05139,0.07209,0.28338,0.08677,0.14242,0.06973,0.15025,0.45008,0.19578,0.25430,7.84645,9.66761,0,7.83,10132.3
69500,231,2.000e-04,2.03375,0.39040,0.13817,0.12118,0.08220,0.11111,0.08420,0.36810,0.20525,0.16285,9.64185,13.43438,0,7.88,10144.9
69600,232,2.000e-04,2.66814,0.45463,0.25780,0.07681,0.19727,0.06106,0.17306,0.55804,0.16410,0.39394,14.43115,9.59714,0,7.89,10157.6
69700,232,2.000e-04,2.00689,0.17910,0.21774,0.08451,0.14397,0.08280,0.10427,0.24803,0.11046,0.13757,10.35503,6.65798,0,7.79,10170.4
69800,232,2.000e-04,2.21486,0.09926,0.17050,0.07388,0.20081,0.05281,0.17585,0.38497,0.14841,0.23656,12.06154,6.42412,0,7.81,10183.2
69900,233,2.000e-04,4.80227,0.80775,0.35744,0.08893,0.41271,0.09649,0.35507,0.45337,0.32990,0.12347,14.84123,9.09806,0,7.81,10196.0
70000,233,2.000e-04,2.03046,0.42329,0.11564,0.10969,0.10000,0.10271,0.07452,0.20817,0.09630,0.11187,13.36177,5.42590,0,7.93,10208.7
70100,233,2.000e-04,2.09575,0.52085,0.30144,0.08909,0.08357,0.06934,0.09472,0.39818,0.10634,0.29184,9.26263,6.37903,0,7.81,10221.4
70200,234,2.000e-04,2.55928,0.44912,0.76673,0.09849,0.09053,0.10566,0.05367,0.19304,0.09116,0.10188,16.23053,6.24754,0,7.84,10234.2
70300,234,2.000e-04,3.09858,0.41791,0.64539,0.10424,0.15589,0.09496,0.19889,0.27959,0.12659,0.15300,17.63135,10.53423,0,7.88,10246.9
70400,234,2.000e-04,1.85163,0.15802,0.42391,0.07832,0.09082,0.08230,0.08731,0.67072,0.28316,0.38756,9.12347,10.70435,0,7.94,10259.5
70500,235,2.000e-04,2.21259,0.47953,0.39454,0.08948,0.09983,0.07214,0.08465,0.66381,0.27682,0.38699,9.98190,14.81951,0,7.88,10272.2
70600,235,2.000e-04,2.28035,0.10209,0.63484,0.11155,0.10780,0.11302,0.06564,0.28950,0.05614,0.23336,14.42441,10.26640,0,7.94,10284.8
70700,235,2.000e-04,2.50687,0.35393,0.29881,0.07387,0.18727,0.05992,0.15943,0.66498,0.32321,0.34177,13.23573,11.11360,0,8.09,10297.1
70800,236,2.000e-04,2.67262,0.48621,0.71931,0.10038,0.10019,0.10570,0.07999,0.41432,0.25283,0.16149,11.97268,7.06520,0,8.10,10309.5
70900,236,2.000e-04,1.93603,0.27170,0.11240,0.10346,0.10408,0.10338,0.10231,0.61169,0.23272,0.37897,11.76580,8.65454,0,8.00,10322.0
71000,236,2.000e-04,2.05299,0.09706,0.62214,0.08862,0.09412,0.09187,0.07617,0.56277,0.23722,0.32556,13.04024,9.39435,0,8.00,10334.5
71100,237,2.000e-04,2.18997,0.29971,0.11633,0.07666,0.17840,0.07907,0.12038,0.39463,0.24288,0.15175,14.36541,14.17423,0,8.14,10346.7
71200,237,2.000e-04,1.58099,0.24792,0.36576,0.06711,0.06073,0.07898,0.05226,0.87698,0.49473,0.38225,7.16092,9.78146,0,7.87,10359.4
71300,237,2.000e-04,2.58507,0.44230,0.57036,0.09524,0.12847,0.08387,0.09768,0.56369,0.43473,0.12896,10.26075,13.34933,0,7.98,10372.0
71400,238,2.000e-04,1.92709,0.15438,0.41373,0.10881,0.07149,0.07513,0.10786,0.26534,0.12338,0.14196,9.91772,8.70057,0,8.00,10384.5
71500,238,2.000e-04,2.23716,0.41970,0.37606,0.09794,0.10248,0.09664,0.07909,0.41182,0.23939,0.17242,16.76848,7.57907,0,7.80,10397.3
71600,238,2.000e-04,2.56866,0.89811,0.05677,0.10677,0.09802,0.10669,0.12926,0.29732,0.17906,0.11826,10.89265,8.74413,0,8.16,10409.6
71700,239,2.000e-04,2.15350,0.10259,0.41040,0.10896,0.11837,0.08967,0.11187,0.52678,0.11284,0.41394,11.72065,13.92482,0,7.99,10422.1
71800,239,2.000e-04,2.06626,0.29317,0.36706,0.08320,0.09181,0.06245,0.14993,0.30834,0.12588,0.18246,12.84452,4.96266,0,7.85,10434.8
71900,239,2.000e-04,2.26830,0.24635,0.43511,0.09527,0.13270,0.06163,0.11717,0.52965,0.27205,0.25760,14.98409,8.23469,0,7.87,10447.5
72000,240,2.000e-04,2.13781,0.38812,0.32250,0.10370,0.08754,0.09616,0.09224,0.39965,0.19451,0.20514,14.49115,9.95864,0,1.55,10512.2
72100,240,2.000e-04,2.13322,0.29388,0.54736,0.09808,0.08481,0.09635,0.05467,0.21759,0.12970,0.08789,14.49357,6.30522,0,7.41,10525.7
72200,240,2.000e-04,2.01487,0.05637,0.13380,0.14555,0.07635,0.20585,0.08022,0.56888,0.16308,0.40580,11.45190,8.23327,0,7.80,10538.5
72300,241,2.000e-04,2.68853,0.03010,0.72990,0.09951,0.17073,0.06035,0.17056,0.73362,0.36144,0.37217,11.19740,10.14579,0,7.82,10551.3
72400,241,2.000e-04,2.22122,0.58308,0.56776,0.07209,0.07283,0.06334,0.07496,0.48338,0.18246,0.30092,6.43843,10.92277,0,7.78,10564.2
72500,241,2.000e-04,2.11640,0.45490,0.43720,0.07631,0.09461,0.06133,0.08655,0.44392,0.24307,0.20086,16.45461,4.82476,0,7.90,10576.8
72600,242,2.000e-04,2.22950,0.67062,0.31309,0.06721,0.10459,0.06885,0.08587,0.53719,0.27611,0.26108,11.24156,9.76305,0,7.89,10589.5
72700,242,2.000e-04,2.22325,0.33365,0.39884,0.11895,0.09195,0.10754,0.06696,0.47648,0.15972,0.31676,10.00155,9.42451,0,7.92,10602.1
72800,242,2.000e-04,2.56495,0.59020,0.52568,0.09516,0.10600,0.11194,0.06535,0.25058,0.07494,0.17564,9.56946,7.75413,0,7.81,10614.9
72900,243,2.000e-04,2.75825,0.29975,0.67514,0.13961,0.11216,0.12568,0.08412,0.45180,0.19480,0.25700,10.02772,8.58591,0,7.94,10627.5
73000,243,2.000e-04,2.19585,0.51441,0.49098,0.08572,0.08341,0.08117,0.05675,0.61456,0.04624,0.56832,16.41416,13.92277,0,8.06,10639.9
73100,243,2.000e-04,2.28318,0.14240,0.29807,0.04750,0.19274,0.05356,0.20303,0.36726,0.12172,0.24553,14.69677,7.63535,0,7.83,10652.7
73200,244,2.000e-04,2.08444,0.20892,0.13909,0.08738,0.14931,0.08173,0.13947,0.56975,0.32709,0.24265,14.53663,6.02683,0,7.81,10665.5
73300,244,2.000e-04,2.45916,0.50945,0.40646,0.05842,0.14772,0.06789,0.13713,0.24539,0.09473,0.15066,12.28337,4.85340,0,7.82,10678.3
73400,244,2.000e-04,2.67453,0.70737,0.34358,0.10046,0.12007,0.08353,0.12483,0.52446,0.29274,0.23171,12.38108,14.74083,0,8.15,10690.6
73500,245,2.000e-04,1.39390,0.25495,0.04905,0.07175,0.07686,0.05869,0.08006,0.62101,0.25300,0.36801,7.79008,8.95152,0,7.97,10703.1
73600,245,2.000e-04,2.20419,0.65564,0.19639,0.08325,0.10117,0.06760,0.10443,0.34251,0.13766,0.20485,10.13620,9.41497,0,7.99,10715.6
73700,245,2.000e-04,1.93619,0.41684,0.35591,0.08597,0.07850,0.06112,0.07530,0.31654,0.14620,0.17034,8.50449,6.40240,0,9.20,10726.5
73800,246,2.000e-04,2.33822,0.51528,0.42597,0.07918,0.10990,0.05982,0.12081,0.38816,0.22615,0.16202,15.04649,6.87501,0,7.89,10739.1
73900,246,2.000e-04,2.04140,0.23848,0.48638,0.07201,0.12069,0.07040,0.07083,0.36917,0.24434,0.12483,11.62668,6.59113,0,8.00,10751.7
74000,246,2.000e-04,2.27110,0.11395,0.40713,0.09424,0.12833,0.10042,0.15445,0.47537,0.26478,0.21059,13.26948,11.64304,0,7.95,10764.2
74100,247,2.000e-04,1.85605,0.23402,0.30015,0.08702,0.08690,0.08042,0.10048,0.66425,0.37026,0.29400,7.41430,9.52447,0,7.88,10776.9
74200,247,2.000e-04,2.20910,0.24291,0.53060,0.10445,0.09255,0.11520,0.06505,0.24759,0.11643,0.13116,13.58315,6.29055,0,7.82,10789.7
74300,247,2.000e-04,2.16520,0.36944,0.59074,0.08153,0.08387,0.08362,0.06758,0.32156,0.18767,0.13389,13.09728,7.82936,0,7.84,10802.5
74400,248,2.000e-04,1.85556,0.42386,0.01539,0.05699,0.11269,0.05684,0.17032,0.51899,0.25303,0.26596,10.65562,11.38168,0,7.86,10815.2
74500,248,2.000e-04,1.90918,0.26117,0.29455,0.08873,0.09210,0.09610,0.08364,0.40999,0.24235,0.16764,13.97307,6.68652,0,7.89,10827.9
74600,248,2.000e-04,1.74913,0.27663,0.14238,0.08072,0.09420,0.05746,0.12475,0.54915,0.23144,0.31771,9.03003,8.31672,0,7.79,10840.7
74700,249,2.000e-04,1.74523,0.11241,0.21493,0.09353,0.08789,0.09789,0.10643,0.24608,0.07131,0.17477,8.45847,5.56769,0,7.81,10853.5
74800,249,2.000e-04,2.04232,0.42115,0.51298,0.07658,0.07150,0.08301,0.06410,0.42743,0.25537,0.17206,9.84205,9.01250,0,7.84,10866.3
74900,249,2.000e-04,1.97005,0.24876,0.26267,0.08786,0.07577,0.13757,0.11861,0.45074,0.19441,0.25633,6.96017,10.15975,0,8.46,10878.1
75000,250,2.000e-04,1.95603,0.41640,0.28321,0.07876,0.07545,0.07457,0.11957,0.36339,0.19129,0.17211,8.38135,8.91968,0,1.54,10943.2
75100,250,2.000e-04,2.64060,0.89093,0.65518,0.07603,0.06670,0.07444,0.07789,0.33999,0.19073,0.14926,19.53305,10.79214,0,7.62,10956.3
75200,250,2.000e-04,2.03328,0.26334,0.29446,0.07676,0.10079,0.13668,0.09843,0.25236,0.08232,0.17003,7.94810,5.08367,0,7.97,10968.8
75300,251,2.000e-04,2.33635,0.64433,0.55494,0.08922,0.07653,0.05939,0.06393,0.28445,0.13888,0.14557,20.89263,8.67582,0,7.94,10981.4
75400,251,2.000e-04,2.09417,0.33265,0.63558,0.06656,0.07526,0.09318,0.07355,0.51291,0.17304,0.33987,10.36149,10.61984,0,8.98,10992.6
75500,251,2.000e-04,1.65646,0.32228,0.10189,0.07339,0.08659,0.11613,0.05683,0.64275,0.25572,0.38703,10.68754,11.00816,0,8.17,11004.8
75600,252,2.000e-04,2.04666,0.43529,0.27023,0.10686,0.07862,0.08398,0.08152,0.21495,0.09781,0.11714,15.12263,4.30174,0,7.81,11017.6
75700,252,2.000e-04,1.89055,0.38888,0.18593,0.07150,0.11552,0.05494,0.09730,0.61259,0.25202,0.36057,12.81420,14.52543,0,8.15,11029.9
75800,252,2.000e-04,1.85557,0.03293,0.36275,0.09846,0.09916,0.10409,0.08463,0.48629,0.35918,0.12711,10.85097,12.16264,0,7.87,11042.6
75900,253,2.000e-04,2.20970,0.13566,0.40096,0.05817,0.17261,0.08002,0.12764,0.43627,0.25815,0.17812,12.39674,9.49501,0,7.82,11055.4
76000,253,2.000e-04,1.72593,0.29565,0.26316,0.07807,0.08186,0.07171,0.07527,0.44259,0.17793,0.26467,8.37437,7.63704,0,7.82,11068.2
76100,253,2.000e-04,2.08475,0.24342,0.26944,0.07984,0.13891,0.08145,0.10980,0.45958,0.23804,0.22154,13.01785,7.39926,0,7.81,11081.0
76200,254,2.000e-04,2.21753,0.19373,0.36691,0.06735,0.13209,0.06344,0.20043,0.47628,0.25218,0.22410,6.89296,8.83385,0,7.80,11093.8
76300,254,2.000e-04,2.23320,0.34664,0.60916,0.09837,0.07697,0.09422,0.06604,0.20584,0.10437,0.10146,7.29027,5.73932,0,8.12,11106.1
76400,254,2.000e-04,3.52543,0.58187,0.61707,0.14836,0.14089,0.20835,0.14373,0.24571,0.06962,0.17609,17.96514,10.61010,0,7.84,11118.9
76500,255,2.000e-04,2.29129,0.20687,0.29846,0.10367,0.12751,0.09602,0.15599,0.81644,0.44975,0.36669,9.76150,14.86061,0,7.80,11131.7
76600,255,2.000e-04,1.73219,0.18234,0.15595,0.07240,0.11493,0.06267,0.12023,0.51788,0.18615,0.33173,12.02869,8.32699,0,7.89,11144.4
76700,255,2.000e-04,3.14740,0.44124,0.52945,0.10483,0.18294,0.08816,0.20698,0.41065,0.30639,0.10426,16.84980,11.49670,0,7.89,11157.0
76800,256,2.000e-04,2.01801,0.36140,0.22351,0.08662,0.11161,0.07344,0.10335,0.43441,0.15497,0.27944,9.34248,7.67357,0,7.90,11169.7
76900,256,2.000e-04,1.80044,0.21675,0.46361,0.04185,0.13718,0.03870,0.05127,0.39295,0.30774,0.08521,13.16642,6.32135,0,7.85,11182.4
77000,256,2.000e-04,2.31063,0.07946,0.32671,0.11339,0.15459,0.10320,0.12263,0.41460,0.18846,0.22614,14.53173,6.16684,0,7.79,11195.3
77100,257,2.000e-04,1.94189,0.28989,0.43930,0.07054,0.08258,0.05687,0.12197,0.45625,0.23008,0.22617,11.51714,12.71415,0,7.84,11208.0
77200,257,2.000e-04,1.79000,0.36119,0.18538,0.05884,0.09975,0.09610,0.08409,0.71651,0.25826,0.45825,11.52381,7.95473,0,7.88,11220.7
77300,257,2.000e-04,2.51762,0.41441,0.39781,0.06117,0.17047,0.06882,0.15008,0.44435,0.30787,0.13648,15.97557,7.17572,0,7.99,11233.2
77400,258,2.000e-04,1.88285,0.27009,0.48248,0.07046,0.08312,0.06389,0.08108,0.32329,0.15443,0.16886,9.66759,6.46743,0,8.71,11244.7
77500,258,2.000e-04,2.21898,0.50485,0.35043,0.10134,0.08517,0.11192,0.06055,0.20598,0.12762,0.07836,10.58536,7.15591,0,8.12,11257.0
77600,258,2.000e-04,2.13196,0.35610,0.60793,0.06890,0.10118,0.06752,0.05950,0.48157,0.36910,0.11247,12.64722,6.51060,0,7.92,11269.7
77700,259,2.000e-04,2.25495,0.49183,0.46927,0.07700,0.08746,0.06538,0.12325,0.32001,0.11259,0.20742,10.94718,7.77652,0,7.95,11282.2
77800,259,2.000e-04,2.36485,0.50512,0.68822,0.06682,0.09364,0.05816,0.08953,0.39477,0.19463,0.20014,12.27439,12.44171,0,7.94,11294.8
77900,259,2.000e-04,2.03849,0.51172,0.40487,0.07423,0.07495,0.06815,0.08224,0.43176,0.17721,0.25455,9.70280,5.20361,0,8.07,11307.2
78000,260,2.000e-04,2.47855,0.61055,0.69619,0.10566,0.06585,0.07259,0.05310,0.53458,0.17794,0.35664,19.96467,9.47211,0,1.16,11393.5
78100,260,2.000e-04,2.02574,0.48118,0.59835,0.06632,0.06081,0.05295,0.07128,0.48350,0.16415,0.31936,15.60053,6.03679,0,7.41,11407.0
78200,260,2.000e-04,2.04720,0.23046,0.20997,0.08838,0.14289,0.07526,0.10490,0.39807,0.20967,0.18840,10.12166,10.38911,0,7.76,11419.9
78300,261,2.000e-04,2.38793,0.15562,0.72756,0.06526,0.12819,0.07108,0.14392,0.34802,0.18912,0.15890,11.57847,6.60285,0,7.80,11432.7
78400,261,2.000e-04,2.95931,0.48466,0.43592,0.17491,0.08393,0.14807,0.14974,0.81883,0.47004,0.34879,16.54206,12.61451,0,7.81,11445.5
78500,261,2.000e-04,1.78673,0.24208,0.40060,0.08230,0.07766,0.06977,0.06794,0.31566,0.15372,0.16193,11.98508,8.28211,0,7.85,11458.3
78600,262,2.000e-04,3.08078,0.41738,0.17580,0.10603,0.19868,0.09445,0.29116,0.54150,0.30726,0.23425,15.63451,6.22954,0,7.82,11471.0
78700,262,2.000e-04,1.35149,0.22751,0.12477,0.07601,0.06063,0.06524,0.06118,0.51043,0.25997,0.25046,7.97719,7.34377,0,7.85,11483.8
78800,262,2.000e-04,1.91986,0.23817,0.64692,0.07831,0.06594,0.06910,0.05631,0.49581,0.40865,0.08716,17.68714,13.36829,0,7.90,11496.4
78900,263,2.000e-04,3.33621,0.26791,0.76769,0.08250,0.15993,0.08862,0.34676,0.47716,0.35125,0.12591,12.04617,13.77498,0,7.74,11509.4
79000,263,2.000e-04,1.87343,0.45520,0.35286,0.07492,0.06849,0.07767,0.06166,0.33229,0.13546,0.19683,9.76262,5.65856,0,7.88,11522.1
79100,263,2.000e-04,1.80412,0.23668,0.55842,0.05036,0.08086,0.05883,0.08235,0.48488,0.24654,0.23834,14.91876,9.00364,0,7.89,11534.7
79200,264,2.000e-04,2.48934,0.24069,0.74393,0.08638,0.11922,0.08237,0.10833,0.38114,0.17793,0.20320,11.61678,7.48138,0,7.85,11547.5
79300,264,2.000e-04,2.83810,0.57547,0.66414,0.10809,0.11007,0.08233,0.12074,0.42115,0.14527,0.27588,13.87085,5.64670,0,7.86,11560.2
79400,264,2.000e-04,1.85126,0.18426,0.08368,0.06399,0.16688,0.05861,0.11299,0.49406,0.25482,0.23924,11.38390,9.50682,0,7.82,11573.0
79500,265,2.000e-04,2.62267,0.57201,0.65112,0.10474,0.08177,0.09642,0.09038,0.47239,0.19804,0.27435,16.17904,12.00675,0,7.82,11585.8
79600,265,2.000e-04,1.72421,0.28061,0.31997,0.07319,0.08004,0.08591,0.05707,0.22829,0.08779,0.14050,13.99936,10.73369,0,7.88,11598.4
79700,265,2.000e-04,1.69285,0.15428,0.24991,0.09811,0.07470,0.07648,0.09336,0.79584,0.45932,0.33652,8.52718,9.35109,0,7.67,11611.5
79800,266,2.000e-04,1.74933,0.43566,0.26290,0.05051,0.09789,0.04877,0.07473,0.60944,0.14698,0.46246,8.20661,8.05945,0,7.84,11624.2
79900,266,2.000e-04,1.95587,0.43867,0.17458,0.14316,0.06014,0.08205,0.04839,0.34745,0.15937,0.18808,13.01308,4.49873,0,7.78,11637.1
80000,266,2.000e-04,2.08122,0.19919,0.34477,0.07626,0.13148,0.08039,0.11903,0.29866,0.08977,0.20890,20.49192,5.75736,0,7.96,11649.6
80100,267,2.000e-04,2.65630,0.51336,0.41222,0.06396,0.17390,0.06961,0.14697,0.47241,0.30512,0.16729,14.98615,12.03735,0,8.25,11661.8
80200,267,2.000e-04,1.91435,0.10016,0.22385,0.10711,0.10841,0.10767,0.09742,0.61383,0.30768,0.30615,7.78388,12.76094,0,7.96,11674.3
80300,267,2.000e-04,2.05953,0.03586,0.32813,0.08683,0.13631,0.07874,0.15318,0.55455,0.26258,0.29196,11.34907,13.06991,0,7.93,11686.9
80400,268,2.000e-04,2.46091,0.45663,0.34642,0.09775,0.12010,0.09364,0.13378,0.78123,0.38562,0.39562,14.30820,15.46284,0,7.99,11699.5
80500,268,2.000e-04,2.21388,0.49625,0.27838,0.06481,0.13986,0.04447,0.12189,0.44030,0.10220,0.33810,18.55936,7.88411,0,7.74,11712.4
80600,268,2.000e-04,2.30839,0.38995,0.44827,0.10170,0.06576,0.18192,0.07123,0.30880,0.28646,0.02234,16.90933,7.51502,0,7.76,11725.3
80700,269,2.000e-04,2.22445,0.39582,0.45356,0.08096,0.10392,0.08339,0.09688,0.26171,0.13715,0.12456,9.86047,7.93870,0,7.85,11738.0
80800,269,2.000e-04,3.45270,0.83766,0.64769,0.09205,0.17696,0.07933,0.16959,0.29991,0.05077,0.24913,16.18494,10.13527,0,8.06,11750.4
80900,269,2.000e-04,1.52887,0.17378,0.25150,0.07030,0.06966,0.06965,0.09187,0.42333,0.13598,0.28735,5.94023,6.11036,0,7.92,11763.1
81000,270,2.000e-04,1.93240,0.40352,0.18868,0.10007,0.09122,0.08763,0.06588,0.31613,0.11794,0.19819,14.69179,6.74970,0,1.53,11828.4
81100,270,2.000e-04,2.42851,0.58417,0.07305,0.10568,0.14467,0.08367,0.12416,0.34148,0.16578,0.17570,11.10293,9.32100,0,7.78,11841.2
81200,270,2.000e-04,2.60147,0.65055,0.58471,0.08496,0.10892,0.07941,0.07931,0.29559,0.08719,0.20840,14.76473,6.90333,0,8.06,11853.6
81300,271,2.000e-04,3.94206,0.83913,0.63484,0.07710,0.25428,0.07984,0.24462,0.37333,0.09410,0.27923,16.57410,10.16767,0,8.21,11865.8
81400,271,2.000e-04,1.74795,0.24453,0.22227,0.09183,0.07830,0.07611,0.09608,0.60211,0.14066,0.46145,8.05430,5.97857,0,8.23,11878.0
81500,271,2.000e-04,2.03726,0.49201,0.41555,0.08140,0.07418,0.07972,0.06100,0.26218,0.21114,0.05104,13.97707,6.91372,0,8.12,11890.3
81600,272,2.000e-04,2.27611,0.32313,0.33757,0.07435,0.14656,0.06596,0.13838,0.38367,0.09867,0.28500,13.75396,11.48275,0,7.89,11902.9
81700,272,2.000e-04,1.82290,0.37374,0.13915,0.10126,0.06944,0.10904,0.07356,0.36742,0.25408,0.11334,7.76141,9.85431,0,7.89,11915.6
81800,272,2.000e-04,2.28665,0.83357,0.53316,0.07627,0.04802,0.06585,0.05353,0.19250,0.13393,0.05857,12.21253,8.38979,0,8.07,11928.0
81900,273,2.000e-04,2.06158,0.66165,0.15111,0.09406,0.07540,0.08881,0.07180,0.30344,0.09075,0.21269,13.08197,6.31584,0,8.14,11940.3
82000,273,2.000e-04,2.13734,0.39382,0.32035,0.07949,0.11615,0.08176,0.09623,0.52265,0.25184,0.27081,13.23510,8.85928,0,8.36,11952.3
82100,273,2.000e-04,2.46529,0.30053,0.46937,0.10333,0.13507,0.06364,0.13772,0.46180,0.20045,0.26135,21.72896,6.24046,0,8.09,11964.6
82200,274,2.000e-04,2.24066,0.76813,0.32692,0.08519,0.07494,0.07511,0.06287,0.34416,0.13969,0.20447,11.21286,9.34086,0,7.87,11977.3
82300,274,2.000e-04,2.27530,0.37830,0.41988,0.07296,0.13122,0.05590,0.12661,0.34883,0.13042,0.21840,14.61645,6.73876,0,7.73,11990.3
82400,274,2.000e-04,2.33083,0.40613,0.79278,0.08567,0.07397,0.07310,0.06039,0.37264,0.30380,0.06884,14.31084,10.89282,0,7.77,12003.1
82500,275,2.000e-04,1.29965,0.12190,0.16968,0.07525,0.06414,0.06230,0.06214,0.37432,0.15072,0.22360,7.82493,10.19327,0,7.84,12015.9
82600,275,2.000e-04,2.31779,0.13600,0.75294,0.12071,0.06554,0.11239,0.08666,0.45412,0.13015,0.32397,15.21634,9.29304,0,7.83,12028.7
82700,275,2.000e-04,2.67663,0.55342,0.52852,0.09024,0.12773,0.08513,0.11680,0.43269,0.25413,0.17856,13.22014,9.82422,0,8.01,12041.1
82800,276,2.000e-04,2.00760,0.30009,0.48779,0.07633,0.09670,0.06270,0.07914,0.42123,0.16417,0.25706,12.45884,5.75512,0,7.93,12053.8
82900,276,2.000e-04,1.72264,0.36553,0.23897,0.08749,0.05267,0.08471,0.08222,0.38328,0.20106,0.18222,8.13663,8.97427,0,7.95,12066.3
83000,276,2.000e-04,2.18331,0.70727,0.34764,0.06714,0.08944,0.06067,0.07754,0.27332,0.12695,0.14637,11.21699,12.92830,0,8.11,12078.7
83100,277,2.000e-04,1.95418,0.13649,0.23858,0.08671,0.11857,0.09231,0.12877,0.37985,0.18206,0.19780,12.56639,12.18029,0,7.76,12091.6
83200,277,2.000e-04,2.19182,0.21935,0.27834,0.06648,0.14301,0.06778,0.19089,0.41415,0.08556,0.32859,14.79658,10.19850,0,7.80,12104.4
83300,277,2.000e-04,1.60541,0.10023,0.23665,0.06371,0.09079,0.07518,0.12325,0.74102,0.25190,0.48912,11.38292,9.13418,0,7.82,12117.2
83400,278,2.000e-04,1.57115,0.14954,0.19812,0.07435,0.08564,0.08371,0.08571,0.59970,0.33137,0.26834,10.37381,10.23885,0,7.77,12130.0
83500,278,2.000e-04,1.73541,0.20887,0.37389,0.08175,0.07862,0.06636,0.07395,0.36143,0.16914,0.19229,8.00698,7.68401,0,7.85,12142.8
83600,278,2.000e-04,2.32283,0.61284,0.39473,0.10404,0.08265,0.09112,0.06162,0.66657,0.32626,0.34030,12.68793,13.97130,0,8.07,12155.2
83700,279,2.000e-04,2.35354,0.29404,0.57830,0.09989,0.11838,0.06805,0.08789,0.32183,0.18250,0.13933,14.54424,7.03861,0,8.08,12167.6
83800,279,2.000e-04,3.29971,0.64941,0.51716,0.07894,0.21421,0.08015,0.18681,0.43915,0.14677,0.29237,19.09404,6.54953,0,8.33,12179.6
83900,279,2.000e-04,2.91933,0.62365,0.66992,0.13644,0.07355,0.15532,0.07501,0.34699,0.21519,0.13180,12.49209,7.51264,0,7.98,12192.1
84000,280,2.000e-04,1.89607,0.23246,0.26552,0.05801,0.14509,0.04752,0.10551,0.46068,0.17306,0.28762,12.44017,11.71434,0,1.52,12257.8
84100,280,2.000e-04,1.84005,0.31740,0.35100,0.06328,0.07562,0.08667,0.10421,0.35926,0.17409,0.18518,8.63677,8.92111,0,7.37,12271.4
84200,280,2.000e-04,2.04660,0.41247,0.24820,0.06950,0.11481,0.07613,0.10963,0.33444,0.16356,0.17088,9.71246,10.68425,0,7.83,12284.2
84300,281,2.000e-04,2.52710,0.67632,0.93499,0.05547,0.07225,0.06072,0.05015,0.36243,0.13533,0.22709,30.29685,13.69095,0,7.90,12296.9
84400,281,2.000e-04,2.50572,0.62104,0.41007,0.07955,0.12802,0.07520,0.09949,0.42349,0.13107,0.29242,11.71123,13.52144,0,7.79,12309.7
84500,281,2.000e-04,2.33978,0.43352,0.50716,0.08708,0.09940,0.07569,0.11099,0.43030,0.24295,0.18735,11.46390,10.37147,0,7.84,12322.5
84600,282,2.000e-04,2.42617,0.55247,0.27249,0.11376,0.10148,0.08131,0.12869,0.49183,0.25966,0.23217,8.68318,10.80539,0,7.88,12335.1
84700,282,2.000e-04,2.14427,0.29609,0.46357,0.09198,0.09345,0.09163,0.09136,0.36038,0.19442,0.16596,9.05336,8.67205,0,7.93,12347.8
84800,282,2.000e-04,1.93522,0.52084,0.42581,0.06592,0.08820,0.05428,0.03292,0.35776,0.19799,0.15976,15.13865,8.14098,0,7.86,12360.5
84900,283,2.000e-04,2.12848,0.50071,0.18877,0.07861,0.11622,0.08179,0.10416,0.59890,0.25789,0.34100,6.67095,16.11808,0,7.90,12373.1
85000,283,2.000e-04,1.74398,0.31615,0.27717,0.07864,0.08670,0.06221,0.06737,0.47787,0.34258,0.13529,8.18385,9.17047,0,7.90,12385.8
85100,283,2.000e-04,1.61801,0.19348,0.20296,0.09721,0.07285,0.08313,0.06538,0.30916,0.10469,0.20446,9.74201,9.35518,0,7.80,12398.6
85200,284,2.000e-04,1.96531,0.32063,0.12078,0.10674,0.12861,0.09090,0.04796,0.56193,0.14541,0.41652,10.54916,8.15794,0,7.84,12411.4
85300,284,2.000e-04,1.89862,0.34460,0.23415,0.10617,0.08373,0.07747,0.07067,0.32433,0.17625,0.14808,10.39478,10.26137,0,7.89,12424.1
85400,284,2.000e-04,2.26098,0.24690,0.78768,0.09455,0.08908,0.05769,0.06560,0.51332,0.40503,0.10829,13.38289,15.09875,0,7.92,12436.7
85500,285,2.000e-04,1.94054,0.19192,0.40647,0.06860,0.11635,0.06886,0.09810,0.29157,0.11801,0.17355,12.65901,5.60715,0,7.89,12449.4
85600,285,2.000e-04,2.37767,0.46637,0.32748,0.13344,0.09317,0.09088,0.08943,0.44965,0.21704,0.23261,16.33885,6.92286,0,7.79,12462.2
85700,285,2.000e-04,2.15330,0.53455,0.44199,0.08747,0.07688,0.09691,0.04510,0.39220,0.23578,0.15642,9.52815,9.65491,0,7.83,12475.0
85800,286,2.000e-04,2.03262,0.36912,0.29385,0.07831,0.10020,0.07332,0.11751,0.75652,0.43527,0.32125,8.72473,14.68265,0,8.03,12487.4
85900,286,2.000e-04,2.19285,0.33829,0.44187,0.08429,0.09167,0.09411,0.11904,0.24628,0.06084,0.18544,10.65125,10.27519,0,7.94,12500.0
86000,286,2.000e-04,1.79046,0.26175,0.20976,0.08977,0.09226,0.08943,0.07407,0.38292,0.17270,0.21022,21.01652,9.78486,0,7.95,12512.6
86100,287,2.000e-04,1.94430,0.36479,0.37591,0.09676,0.07356,0.08939,0.05141,0.34290,0.11471,0.22818,10.85624,6.34868,0,7.91,12525.3
86200,287,2.000e-04,2.04484,0.51254,0.25531,0.10480,0.07874,0.06217,0.08156,0.40458,0.14077,0.26381,9.26538,7.66618,0,7.97,12537.8
86300,287,2.000e-04,1.74234,0.13718,0.37841,0.08351,0.08860,0.06386,0.08261,0.65720,0.26316,0.39404,9.73258,9.81997,0,7.81,12550.6
86400,288,2.000e-04,2.26296,0.60211,0.46677,0.07220,0.10116,0.05962,0.07129,0.38155,0.19921,0.18234,12.03246,7.41987,0,7.82,12563.4
86500,288,2.000e-04,1.93051,0.33778,0.29271,0.07145,0.09865,0.05710,0.12270,0.34027,0.22034,0.11993,12.86246,6.45358,0,7.79,12576.2
86600,288,2.000e-04,2.19726,0.68509,0.36945,0.06708,0.09495,0.06737,0.06564,0.38686,0.19730,0.18957,13.00171,8.29924,0,7.85,12588.9
86700,289,2.000e-04,2.64961,0.40507,0.75173,0.08967,0.10994,0.11142,0.08647,0.27625,0.15530,0.12095,18.33168,11.41026,0,7.92,12601.6
86800,289,2.000e-04,1.89166,0.33106,0.17229,0.12387,0.06050,0.11850,0.06807,0.38883,0.18823,0.20060,12.59013,5.41705,0,7.85,12614.3
86900,289,2.000e-04,1.79262,0.55562,0.13792,0.07251,0.08114,0.07183,0.06049,0.56208,0.20717,0.35491,10.13979,10.04687,0,7.95,12626.9
87000,290,2.000e-04,1.82162,0.31556,0.27028,0.07418,0.09187,0.06292,0.09928,0.52541,0.41578,0.10963,8.98943,7.57626,0,0.98,12729.1
87100,290,2.000e-04,2.84999,0.69568,0.33485,0.07366,0.18309,0.05767,0.15661,0.73611,0.44956,0.28655,11.43844,9.74037,0,7.37,12742.7
87200,290,2.000e-04,3.11752,0.78137,0.64134,0.08436,0.13574,0.10276,0.13496,0.85288,0.56381,0.28907,15.37404,23.50806,0,7.95,12755.3
87300,291,2.000e-04,2.73313,0.26114,0.77650,0.07448,0.15301,0.06329,0.15992,0.60761,0.16857,0.43904,14.04592,17.61835,0,7.86,12768.0
87400,291,2.000e-04,2.95017,0.84973,0.50254,0.07204,0.14537,0.08249,0.12184,0.46507,0.17718,0.28789,12.03683,7.50488,0,7.87,12780.7
87500,291,2.000e-04,1.98844,0.26869,0.55072,0.07836,0.08869,0.06198,0.07153,0.31612,0.14332,0.17280,14.91661,4.91722,0,8.21,12792.9
87600,292,2.000e-04,1.73116,0.28737,0.21458,0.06031,0.11497,0.06735,0.07377,0.29924,0.15633,0.14290,11.22748,7.65975,0,8.10,12805.2
87700,292,2.000e-04,1.40796,0.32578,0.13991,0.06309,0.06677,0.06750,0.04969,0.47964,0.24925,0.23039,8.76802,8.77566,0,8.00,12817.7
87800,292,2.000e-04,2.30612,0.55396,0.40335,0.08240,0.10858,0.06514,0.09241,0.28816,0.14191,0.14625,14.69394,6.63770,0,7.96,12830.3
87900,293,2.000e-04,2.52970,0.60422,0.53945,0.08896,0.11465,0.08320,0.06399,0.38706,0.24222,0.14484,11.91087,8.46893,0,8.19,12842.5
88000,293,2.000e-04,1.96526,0.19972,0.41650,0.07108,0.09728,0.09146,0.11144,0.43358,0.23651,0.19707,6.99412,7.92663,0,8.87,12853.8
88100,293,2.000e-04,2.07720,0.17105,0.46529,0.09927,0.10826,0.06752,0.09377,0.53798,0.09110,0.44689,9.36624,12.42944,0,8.31,12865.8
88200,294,2.000e-04,2.23328,0.15001,0.38467,0.06648,0.15934,0.06816,0.15963,0.53074,0.33898,0.19176,9.80562,8.64436,0,8.24,12877.9
88300,294,2.000e-04,2.65051,0.72080,0.30083,0.07957,0.13044,0.07719,0.15434,0.41396,0.19532,0.21864,13.20760,9.13820,0,7.98,12890.5
88400,294,2.000e-04,1.68313,0.51535,0.13583,0.06288,0.07269,0.06642,0.07522,0.32547,0.09757,0.22790,10.04989,11.70495,0,8.09,12902.8
88500,295,2.000e-04,1.93002,0.23034,0.47359,0.08399,0.09135,0.07283,0.06693,0.35012,0.17347,0.17664,11.29682,7.76808,0,7.82,12915.6
88600,295,2.000e-04,1.69298,0.18929,0.06369,0.08620,0.11150,0.08833,0.09226,0.41145,0.20768,0.20377,9.12734,11.08171,0,7.73,12928.5
88700,295,2.000e-04,2.03871,0.11373,0.73733,0.07446,0.08909,0.07795,0.07001,0.67422,0.32858,0.34564,14.96093,13.06757,0,7.82,12941.3
88800,296,2.000e-04,2.41693,0.41674,0.63888,0.07851,0.12732,0.05690,0.07598,0.29708,0.04683,0.25025,16.73473,7.82308,0,7.86,12954.1
88900,296,2.000e-04,2.13143,0.53055,0.36259,0.08782,0.07787,0.06386,0.10007,0.35310,0.26989,0.08321,19.97531,6.63918,0,7.83,12966.8
89000,296,2.000e-04,2.00630,0.27199,0.11239,0.09176,0.14256,0.07729,0.10283,0.60508,0.42225,0.18283,10.29443,10.13545,0,7.98,12979.4
89100,297,2.000e-04,1.76552,0.26372,0.34245,0.07598,0.08875,0.05643,0.07784,0.38149,0.13311,0.24838,10.68321,8.28441,0,9.14,12990.3
89200,297,2.000e-04,2.08340,0.14547,0.37322,0.07430,0.12512,0.09584,0.13121,0.27198,0.17122,0.10076,21.71935,7.09740,0,7.74,13003.2
89300,297,2.000e-04,2.41464,0.16243,0.56087,0.09985,0.12493,0.09574,0.13124,0.54546,0.26315,0.28231,14.04930,9.96763,0,7.87,13015.9
89400,298,2.000e-04,2.51155,0.33079,0.64397,0.12270,0.08979,0.10662,0.08312,0.28905,0.06574,0.22331,16.32892,9.92978,0,7.85,13028.7
89500,298,2.000e-04,1.99675,0.07346,0.25985,0.09519,0.11934,0.04724,0.18908,0.43710,0.19276,0.24434,11.17600,8.87162,0,7.99,13041.2
89600,298,2.000e-04,1.92356,0.63745,0.18579,0.07723,0.07520,0.07279,0.06247,0.41635,0.19739,0.21896,6.83795,11.28621,0,8.15,13053.5
89700,299,2.000e-04,2.56934,0.59641,0.57843,0.11055,0.08912,0.10916,0.04930,0.21268,0.07410,0.13858,15.56505,7.39646,0,7.96,13066.0
89800,299,2.000e-04,1.59936,0.17649,0.25605,0.07600,0.09481,0.06803,0.05708,0.45934,0.19811,0.26123,8.79298,6.96773,0,8.04,13078.5
89900,299,2.000e-04,1.68260,0.07260,0.09050,0.06763,0.11491,0.07611,0.16661,0.73215,0.32635,0.40580,10.37303,11.41793,0,7.95,13091.0
90000,300,2.000e-04,1.68869,0.11817,0.35385,0.09619,0.07036,0.08969,0.06389,0.42169,0.12997,0.29172,9.06183,11.22848,0,1.16,13177.1
90100,300,2.000e-04,1.93498,0.54427,0.30170,0.08309,0.06928,0.06298,0.06789,0.36984,0.24360,0.12624,8.62419,6.00999,0,7.60,13190.2
90200,300,2.000e-04,1.89734,0.32602,0.40748,0.06280,0.08548,0.07464,0.09434,0.50903,0.19244,0.31659,11.20928,6.21829,0,7.92,13202.9
90300,301,2.000e-04,2.25276,0.45982,0.12121,0.12691,0.10288,0.13804,0.07107,0.66599,0.25137,0.41462,14.83295,14.94802,0,7.94,13215.5
90400,301,2.000e-04,1.53108,0.19518,0.37463,0.05825,0.07391,0.05064,0.06954,0.53709,0.24192,0.29517,12.11566,8.85221,0,8.12,13227.8
90500,301,2.000e-04,2.17782,0.58339,0.57394,0.07557,0.05756,0.07152,0.07042,0.28296,0.12674,0.15622,17.58078,11.36656,0,7.90,13240.4
90600,302,2.000e-04,2.06552,0.45192,0.19133,0.09234,0.09724,0.08819,0.10157,0.45428,0.19443,0.25985,17.10602,12.21637,0,7.89,13253.1
90700,302,2.000e-04,2.17562,0.28911,0.66440,0.11273,0.06347,0.06834,0.06811,0.52399,0.26288,0.26111,16.28559,12.25729,0,7.81,13265.9
90800,302,2.000e-04,2.08273,0.23768,0.48386,0.11672,0.07712,0.08428,0.07252,0.34245,0.23119,0.11126,16.68476,8.21108,0,8.23,13278.1
90900,303,2.000e-04,1.89596,0.66382,0.22700,0.06952,0.07541,0.05893,0.05327,0.27503,0.16810,0.10693,9.77496,8.46160,0,7.87,13290.8
91000,303,2.000e-04,1.55087,0.36443,0.21162,0.06709,0.05220,0.08501,0.06635,0.54515,0.27621,0.26894,9.78192,6.95104,0,7.81,13303.6
91100,303,2.000e-04,1.68150,0.30826,0.33096,0.07565,0.06101,0.08810,0.05548,0.45912,0.27235,0.18678,11.13891,6.20265,0,7.81,13316.4
91200,304,2.000e-04,1.62766,0.26561,0.47542,0.05454,0.06835,0.05209,0.05678,0.21724,0.12739,0.08985,12.53963,6.71802,0,7.84,13329.1
91300,304,2.000e-04,2.26793,0.79130,0.35483,0.10082,0.05244,0.08906,0.05315,0.47080,0.21119,0.25962,19.32441,12.06931,0,7.76,13342.0
91400,304,2.000e-04,1.34591,0.07649,0.21625,0.07745,0.06370,0.06266,0.07632,0.41413,0.20813,0.20600,5.36197,7.56306,0,7.82,13354.8
91500,305,2.000e-04,2.14316,0.54748,0.09745,0.08910,0.08967,0.11831,0.12343,0.47457,0.29291,0.18166,13.21761,7.22547,0,7.74,13367.7
91600,305,2.000e-04,2.23659,0.59947,0.40984,0.07477,0.06559,0.08545,0.12474,0.25047,0.15984,0.09064,13.63077,6.79926,0,7.82,13380.5
91700,305,2.000e-04,1.83519,0.50135,0.20290,0.06939,0.08292,0.06993,0.07782,0.54430,0.37280,0.17150,19.04848,10.41702,0,7.75,13393.4
91800,306,2.000e-04,1.46599,0.22330,0.17135,0.07976,0.07180,0.08106,0.04434,0.39833,0.30524,0.09310,11.39008,9.94163,0,7.82,13406.2
91900,306,2.000e-04,2.57689,0.53890,0.37916,0.11503,0.12264,0.07247,0.11571,0.37348,0.26432,0.10917,17.26707,8.58550,0,7.76,13419.1
92000,306,2.000e-04,1.87097,0.20714,0.39730,0.11250,0.06632,0.08555,0.06343,0.32769,0.16235,0.16534,9.88257,6.37649,0,7.78,13431.9
92100,307,2.000e-04,2.13314,0.24490,0.44914,0.10394,0.09026,0.11081,0.07642,0.49553,0.19023,0.30530,11.56445,7.08724,0,8.17,13444.2
92200,307,2.000e-04,2.10157,0.53067,0.19567,0.05785,0.14465,0.05474,0.09034,0.21656,0.09526,0.12130,12.15376,5.43015,0,7.79,13457.0
92300,307,2.000e-04,1.55878,0.16024,0.34979,0.06208,0.09879,0.05692,0.04083,0.69925,0.44420,0.25504,11.55641,9.52858,0,7.77,13469.9
92400,308,2.000e-04,1.82870,0.40588,0.20053,0.09120,0.08119,0.08972,0.05441,0.37874,0.25803,0.12070,6.86509,7.26524,0,7.81,13482.7
92500,308,2.000e-04,2.17350,0.25326,0.37347,0.07024,0.17302,0.06170,0.07047,0.24195,0.10645,0.13550,11.63937,7.32620,0,7.83,13495.4
92600,308,2.000e-04,2.16624,0.41473,0.27313,0.06615,0.13044,0.07099,0.12718,0.20026,0.11389,0.08637,9.99972,5.43816,0,7.86,13508.2
92700,309,2.000e-04,1.62173,0.29417,0.16476,0.08607,0.07781,0.08037,0.05701,0.39359,0.13031,0.26328,13.05867,8.41745,0,7.76,13521.1
92800,309,2.000e-04,1.97676,0.22820,0.55353,0.09205,0.07392,0.08179,0.06427,0.43694,0.22218,0.21475,13.88487,7.79598,0,7.84,13533.8
92900,309,2.000e-04,2.20207,0.35703,0.30217,0.10075,0.11789,0.07661,0.10325,0.52827,0.15844,0.36983,13.93056,10.91782,0,7.89,13546.5
93000,310,2.000e-04,3.13464,0.84286,0.73755,0.12137,0.10106,0.09887,0.07795,0.33248,0.13670,0.19578,12.04192,6.29160,0,1.24,13626.9
93100,310,2.000e-04,1.67339,0.30151,0.15476,0.07518,0.09149,0.05841,0.09511,0.52918,0.21039,0.31879,12.73905,9.54454,0,7.69,13639.9
93200,310,2.000e-04,2.39049,0.56933,0.52329,0.06891,0.09865,0.05666,0.12735,0.22800,0.15426,0.07374,13.05578,4.83396,0,8.29,13652.0
93300,311,2.000e-04,1.95145,0.04999,0.73332,0.06217,0.10593,0.04848,0.08257,0.43496,0.20074,0.23421,13.39360,10.27007,0,8.01,13664.4
93400,311,2.000e-04,2.17647,0.32413,0.30682,0.11070,0.07756,0.09891,0.14279,0.54712,0.20791,0.33921,7.14520,8.25681,0,7.85,13677.2
93500,311,2.000e-04,2.40386,0.59106,0.28178,0.08133,0.11945,0.07549,0.13534,0.23008,0.13746,0.09262,9.54244,7.31259,0,7.74,13690.1
93600,312,2.000e-04,1.85950,0.23797,0.26689,0.09748,0.07601,0.10801,0.08686,0.32612,0.15800,0.16812,9.06023,7.19108,0,7.86,13702.8
93700,312,2.000e-04,2.29768,0.04047,0.42231,0.05648,0.13658,0.06333,0.28453,0.45291,0.25485,0.19805,11.31188,7.88979,0,8.30,13714.9
93800,312,2.000e-04,2.25575,0.07430,0.31730,0.11274,0.15019,0.11538,0.10441,0.28474,0.11673,0.16801,15.17699,7.94897,0,7.93,13727.5
93900,313,2.000e-04,2.04118,0.46278,0.40195,0.05538,0.09349,0.07464,0.09819,0.53879,0.38763,0.15116,14.79995,10.34648,0,7.89,13740.2
94000,313,2.000e-04,1.82299,0.12091,0.54597,0.06861,0.09462,0.06277,0.07321,0.46572,0.25251,0.21321,7.77550,8.85236,0,7.75,13753.1
94100,313,2.000e-04,1.51822,0.27598,0.12738,0.06950,0.08716,0.06202,0.07058,0.31232,0.02796,0.28436,10.05603,8.95115,0,8.03,13765.5
94200,314,2.000e-04,1.52103,0.28545,0.16398,0.06619,0.09265,0.05226,0.05869,0.47992,0.18570,0.29423,8.01593,6.18993,0,7.81,13778.3
94300,314,2.000e-04,1.79241,0.33910,0.21404,0.07816,0.08354,0.08370,0.08862,0.47380,0.24297,0.23083,10.43270,6.81392,0,7.99,13790.8
94400,314,2.000e-04,2.68753,0.42080,0.40771,0.09724,0.15767,0.08487,0.14892,0.29293,0.16676,0.12616,15.12108,5.36970,0,7.96,13803.4
94500,315,2.000e-04,2.39077,0.58749,0.17828,0.08428,0.13078,0.08857,0.13131,0.42545,0.17060,0.25485,13.54619,10.49483,0,7.76,13816.3
94600,315,2.000e-04,1.94209,0.43633,0.22844,0.10648,0.07287,0.09250,0.05973,0.22564,0.09698,0.12866,8.28890,4.64701,0,7.96,13828.8
94700,315,2.000e-04,1.81884,0.33249,0.35110,0.05704,0.08476,0.09068,0.07982,0.54001,0.28131,0.25870,12.38998,6.64302,0,7.89,13841.5
94800,316,2.000e-04,1.94011,0.33171,0.17797,0.10701,0.10526,0.08825,0.05937,0.32540,0.17726,0.14814,10.52660,9.46304,0,8.07,13853.9
94900,316,2.000e-04,2.25422,0.45983,0.06340,0.07357,0.14590,0.06967,0.18378,0.26018,0.11137,0.14882,11.10410,10.58411,0,7.96,13866.5
95000,316,2.000e-04,1.65398,0.22707,0.17907,0.07738,0.10279,0.05480,0.08401,0.42859,0.28253,0.14606,8.69649,9.26451,0,8.09,13878.8
95100,317,2.000e-04,1.90722,0.32386,0.05282,0.13753,0.06421,0.13095,0.07778,0.33788,0.18125,0.15663,10.88358,8.15106,0,8.04,13891.3
95200,317,2.000e-04,1.60815,0.23843,0.18112,0.08678,0.08587,0.08646,0.04369,0.41222,0.13963,0.27259,10.42337,8.64113,0,7.86,13904.0
95300,317,2.000e-04,2.38880,0.43249,0.26159,0.07236,0.17293,0.06544,0.12188,0.26001,0.15681,0.10320,12.28931,9.72806,0,7.87,13916.7
95400,318,2.000e-04,1.73137,0.38808,0.25762,0.07445,0.07173,0.08898,0.05293,0.36941,0.22199,0.14742,8.11246,5.81964,0,7.83,13929.5
95500,318,2.000e-04,1.74062,0.18356,0.26331,0.10239,0.09780,0.04756,0.06957,0.62541,0.21780,0.40761,13.27030,8.34748,0,7.90,13942.1
95600,318,2.000e-04,1.95915,0.29567,0.55894,0.06744,0.07607,0.07301,0.08177,0.42650,0.22195,0.20455,15.19416,9.82168,0,7.94,13954.7
95700,319,2.000e-04,1.82821,0.22880,0.39343,0.08606,0.08650,0.05839,0.07889,0.65017,0.33402,0.31615,14.13357,6.37611,0,8.26,13966.8
95800,319,2.000e-04,1.63633,0.30829,0.13567,0.06196,0.09922,0.05834,0.09626,0.32340,0.19129,0.13211,8.51823,7.86033,0,7.88,13979.5
95900,319,2.000e-04,2.02295,0.25358,0.22798,0.07798,0.14716,0.07290,0.09337,0.40017,0.25195,0.14822,16.50570,8.14120,0,7.84,13992.3
96000,320,2.000e-04,2.05495,0.77906,0.14603,0.06556,0.08709,0.07035,0.07630,0.47647,0.33539,0.14108,12.26680,9.54972,0,1.07,14085.6
96100,320,2.000e-04,2.16061,0.44701,0.37330,0.07323,0.12481,0.06371,0.07633,0.40230,0.23127,0.17104,14.73454,9.48897,0,7.54,14098.9
96200,320,2.000e-04,1.57075,0.20632,0.29858,0.06313,0.07794,0.07192,0.07228,0.60533,0.28951,0.31582,7.38080,10.04987,0,7.81,14111.7
96300,321,2.000e-04,1.85864,0.45777,0.52689,0.06239,0.06151,0.04995,0.05184,0.54820,0.26970,0.27850,12.74933,8.25941,0,7.72,14124.6
96400,321,2.000e-04,1.75227,0.25634,0.37277,0.09371,0.06274,0.09819,0.03817,0.46176,0.19057,0.27118,8.95815,7.60777,0,7.83,14137.4
96500,321,2.000e-04,1.35080,0.09570,0.35260,0.06375,0.06440,0.06137,0.04332,0.33863,0.25861,0.08002,6.59898,7.47842,0,7.83,14150.2
96600,322,2.000e-04,1.85190,0.25387,0.06340,0.07317,0.13661,0.06545,0.12884,0.54710,0.40042,0.14668,5.88142,11.75810,0,7.89,14162.8
96700,322,2.000e-04,1.61544,0.28610,0.16120,0.07291,0.08704,0.06786,0.07950,0.24573,0.08565,0.16008,8.87417,5.15715,0,7.81,14175.6
96800,322,2.000e-04,2.30635,0.19344,0.45381,0.06226,0.19105,0.06166,0.09537,0.45074,0.23542,0.21532,12.44012,6.80546,0,7.89,14188.3
96900,323,2.000e-04,1.75884,0.36060,0.34014,0.07608,0.07743,0.06908,0.04714,0.24799,0.17988,0.06811,8.12003,8.63291,0,7.89,14201.0
97000,323,2.000e-04,2.03140,0.49346,0.41367,0.07675,0.08273,0.05797,0.07278,0.27302,0.14399,0.12904,11.11035,5.58833,0,7.82,14213.8
97100,323,2.000e-04,2.30652,0.15560,0.26055,0.10423,0.15385,0.09654,0.14345,0.59541,0.14012,0.45530,10.59255,13.11407,0,8.02,14226.2
97200,324,2.000e-04,1.81582,0.36052,0.47313,0.06334,0.07269,0.06018,0.06064,0.46871,0.22811,0.24061,14.77935,7.69361,0,7.99,14238.8
97300,324,2.000e-04,1.86595,0.03288,0.42494,0.10689,0.09214,0.09445,0.07075,0.29235,0.17386,0.11849,8.92418,7.85850,0,7.80,14251.6
97400,324,2.000e-04,1.51143,0.44630,0.21207,0.06538,0.04746,0.06766,0.04788,0.52497,0.31139,0.21358,12.13320,7.36214,0,7.78,14264.4
97500,325,2.000e-04,2.23839,0.60896,0.33863,0.12484,0.05549,0.10020,0.05546,0.52085,0.28439,0.23646,20.63688,8.35007,0,7.85,14277.2
97600,325,2.000e-04,1.38069,0.07712,0.20092,0.06685,0.08004,0.07493,0.07235,0.66324,0.40545,0.25779,7.97382,13.20245,0,7.98,14289.7
97700,325,2.000e-04,1.95981,0.52813,0.45562,0.06884,0.07992,0.05872,0.03418,0.21514,0.10373,0.11141,12.55861,8.03777,0,7.90,14302.4
97800,326,2.000e-04,1.59498,0.14655,0.23221,0.06734,0.09305,0.08123,0.08447,0.56471,0.35866,0.20606,17.91087,6.22640,0,7.83,14315.1
97900,326,2.000e-04,1.57417,0.23729,0.30860,0.08883,0.04716,0.08637,0.05296,0.43959,0.20272,0.23687,5.41514,10.41619,0,7.89,14327.8
98000,326,2.000e-04,1.87966,0.62388,0.07184,0.09970,0.06258,0.08945,0.05959,0.40628,0.15773,0.24855,13.63311,13.42704,0,7.77,14340.7
98100,327,2.000e-04,2.22524,0.22173,0.19845,0.08080,0.14710,0.06747,0.19876,0.62138,0.30599,0.31539,9.24901,9.23273,0,7.87,14353.4
98200,327,2.000e-04,3.15027,0.65631,0.34006,0.07913,0.16906,0.12820,0.23699,0.50392,0.13135,0.37256,18.40143,12.24235,0,7.81,14366.2
98300,327,2.000e-04,1.62361,0.41793,0.08646,0.04729,0.10355,0.04159,0.10441,0.67052,0.30947,0.36105,10.67790,9.79124,0,8.03,14378.7
98400,328,2.000e-04,1.45954,0.09311,0.18646,0.08745,0.08413,0.04730,0.08153,0.45360,0.11779,0.33582,7.22410,5.23972,0,8.49,14390.4
98500,328,2.000e-04,1.92225,0.71566,0.09514,0.04980,0.09303,0.04429,0.11463,0.26022,0.19621,0.06401,10.44659,6.01282,0,8.59,14402.1
98600,328,2.000e-04,1.98811,0.23951,0.18284,0.10284,0.10332,0.11106,0.10292,0.34628,0.21236,0.13393,12.84921,5.91424,0,7.96,14414.6
98700,329,2.000e-04,1.71676,0.15464,0.28420,0.05659,0.13960,0.04208,0.07670,0.28252,0.11808,0.16444,9.99800,9.71507,0,7.95,14427.2
98800,329,2.000e-04,2.45630,0.62496,0.17908,0.13314,0.10171,0.10035,0.09085,0.40785,0.23641,0.17144,11.16828,13.80451,0,7.83,14440.0
98900,329,2.000e-04,1.64489,0.20374,0.19529,0.08438,0.09507,0.07792,0.06151,0.47871,0.33470,0.14401,13.02111,9.79416,0,7.79,14452.8
99000,330,2.000e-04,1.66009,0.29193,0.21915,0.07150,0.08369,0.06590,0.08332,0.54512,0.32220,0.22292,8.51843,7.72653,0,1.20,14536.0
99100,330,2.000e-04,1.32418,0.12953,0.06640,0.05624,0.09434,0.06541,0.08472,0.67846,0.40729,0.27117,6.10689,10.51809,0,7.55,14549.3
99200,330,2.000e-04,1.92490,0.23132,0.36454,0.07621,0.12638,0.07417,0.05227,0.59624,0.29502,0.30122,16.29408,8.59878,0,7.83,14562.0
99300,331,2.000e-04,2.46895,0.41425,0.54754,0.07130,0.12756,0.04934,0.15581,0.44087,0.26026,0.18061,9.50207,8.37824,0,8.04,14574.5
99400,331,2.000e-04,1.64648,0.21203,0.65652,0.06099,0.04595,0.05138,0.04590,0.34246,0.30654,0.03592,13.77500,7.88654,0,7.90,14587.1
99500,331,2.000e-04,2.16835,0.27553,0.24534,0.07202,0.11500,0.06467,0.22028,0.30522,0.19120,0.11403,11.30016,5.20790,0,7.96,14599.7
99600,332,2.000e-04,2.04993,0.43131,0.23854,0.10345,0.07901,0.09793,0.08918,0.42349,0.16802,0.25547,8.76166,8.98949,0,7.81,14612.5
99700,332,2.000e-04,2.15857,0.38249,0.63028,0.07864,0.08031,0.05914,0.08128,0.37336,0.21680,0.15656,12.99381,6.84620,0,7.71,14625.5
99800,332,2.000e-04,2.56572,0.04533,0.52966,0.05312,0.21655,0.04919,0.20776,0.52958,0.22793,0.30165,12.48221,14.05737,0,7.81,14638.3
99900,333,2.000e-04,1.57556,0.12578,0.35810,0.06041,0.07940,0.06925,0.08780,0.51187,0.29168,0.22019,11.02515,9.11536,0,8.01,14650.8
100000,333,2.000e-04,1.86861,0.12362,0.10314,0.07208,0.16181,0.06980,0.11918,0.42425,0.19917,0.22509,12.20867,6.99680,0,7.94,14663.4
100100,333,2.000e-04,2.36516,0.49716,0.26883,0.07294,0.12982,0.06114,0.17301,0.42352,0.31461,0.10890,14.49323,6.43971,0,7.75,14676.3
100200,334,2.000e-04,1.51408,0.30161,0.42877,0.04964,0.06648,0.04031,0.04094,0.42164,0.14226,0.27938,5.69429,11.10451,0,7.80,14689.1
100300,334,2.000e-04,1.56840,0.32111,0.19320,0.06273,0.07036,0.08324,0.07223,0.46263,0.17101,0.29162,7.86179,5.98269,0,8.01,14701.6
100400,334,2.000e-04,1.65310,0.31095,0.22552,0.05775,0.10258,0.04664,0.07936,0.57400,0.24585,0.32815,14.17565,6.44954,0,7.81,14714.4
100500,335,2.000e-04,2.47446,0.40714,0.64285,0.08125,0.10445,0.07889,0.11949,0.41408,0.11957,0.29451,23.12939,5.23237,0,7.75,14727.3
100600,335,2.000e-04,1.94807,0.50215,0.08805,0.11335,0.07700,0.10447,0.05797,0.24945,0.14285,0.10660,6.26571,9.49811,0,7.80,14740.1
100700,335,2.000e-04,2.00034,0.52790,0.27435,0.07038,0.09951,0.06201,0.07744,0.42704,0.23588,0.19116,11.28812,6.91532,0,8.73,14751.6
100800,336,2.000e-04,1.55607,0.11264,0.18221,0.10042,0.07453,0.09403,0.06057,0.34444,0.13606,0.20837,9.37549,6.51231,0,8.21,14763.7
100900,336,2.000e-04,1.59642,0.44631,0.28051,0.05538,0.06664,0.04214,0.06166,0.45825,0.23940,0.21884,6.34730,7.48572,0,7.85,14776.5
101000,336,2.000e-04,1.94955,0.26154,0.49126,0.08716,0.08297,0.07205,0.06639,0.38278,0.20962,0.17316,10.95349,7.71752,0,7.79,14789.3
101100,337,2.000e-04,1.95143,0.51009,0.30582,0.09428,0.05885,0.08794,0.06000,0.48836,0.24327,0.24510,9.79253,11.75199,0,7.95,14801.9
101200,337,2.000e-04,1.50066,0.02327,0.35190,0.07876,0.07873,0.06889,0.06633,0.38103,0.19523,0.18580,11.83856,6.05265,0,8.55,14813.6
101300,337,2.000e-04,2.92584,0.44640,0.15970,0.09100,0.22642,0.07198,0.22106,0.63264,0.28407,0.34857,14.94305,8.38358,0,7.78,14826.4
101400,338,2.000e-04,3.55523,0.27734,0.13890,0.09159,0.30165,0.08534,0.38378,0.26328,0.15012,0.11316,17.81831,7.45845,0,8.17,14838.7
101500,338,2.000e-04,2.23591,0.37832,0.43937,0.07708,0.11710,0.07701,0.10192,0.46951,0.24077,0.22874,16.25275,9.44905,0,7.85,14851.4
101600,338,2.000e-04,1.83868,0.25897,0.44306,0.07816,0.08994,0.06434,0.05413,0.22831,0.17966,0.04865,13.37908,6.94283,0,7.89,14864.1
101700,339,2.000e-04,5.02413,1.05566,0.49468,0.08686,0.36656,0.08464,0.39804,0.29494,0.24058,0.05437,23.49765,8.11235,0,8.05,14876.5
101800,339,2.000e-04,2.06355,0.34243,0.69505,0.05841,0.08376,0.05709,0.06902,0.32388,0.15649,0.16738,10.91393,11.10268,0,7.84,14889.2
101900,339,2.000e-04,1.88313,0.28990,0.16773,0.07851,0.10514,0.11260,0.09030,0.53869,0.17047,0.36822,10.53200,7.62810,0,7.94,14901.8
102000,340,2.000e-04,1.77635,0.20563,0.41346,0.08031,0.08051,0.07171,0.06956,0.42273,0.27411,0.14862,8.38507,8.36815,0,1.50,14968.4
102100,340,2.000e-04,1.69357,0.14234,0.57573,0.06167,0.07853,0.04868,0.06110,0.45433,0.21763,0.23670,14.71479,8.71057,0,7.97,14980.9
102200,340,2.000e-04,1.47091,0.20193,0.07194,0.08145,0.07664,0.09835,0.06428,0.23607,0.13256,0.10351,8.28390,7.49866,0,8.75,14992.4
102300,341,2.000e-04,1.57760,0.17787,0.18724,0.07126,0.10524,0.05858,0.07342,0.54997,0.17485,0.37513,7.84252,6.34723,0,8.35,15004.3
102400,341,2.000e-04,2.63115,0.48283,0.49704,0.07967,0.15601,0.06955,0.11959,0.29333,0.17717,0.11616,14.65233,6.95169,0,7.88,15017.0
102500,341,2.000e-04,2.34184,0.50873,0.13558,0.07179,0.17767,0.05900,0.12108,0.48637,0.22999,0.25638,12.82791,8.45037,0,7.99,15029.5
102600,342,2.000e-04,1.68397,0.16825,0.30637,0.07600,0.09145,0.07693,0.07192,0.54914,0.26525,0.28389,9.36259,8.47675,0,7.89,15042.2
102700,342,2.000e-04,1.41422,0.06013,0.33427,0.07304,0.07446,0.04981,0.06311,0.61775,0.25154,0.36621,8.08666,11.51949,0,8.03,15054.7
102800,342,2.000e-04,2.77458,0.56416,0.88747,0.08610,0.10108,0.06923,0.08558,0.54508,0.37407,0.17101,10.23008,9.95265,0,7.84,15067.4
102900,343,2.000e-04,1.82299,0.16716,0.26356,0.07221,0.11838,0.05657,0.11916,0.23687,0.09842,0.13845,13.13378,10.66047,0,7.76,15080.3
103000,343,2.000e-04,1.47302,0.34896,0.26405,0.05741,0.07254,0.03990,0.04419,0.51315,0.43065,0.08250,7.97231,8.42603,0,7.85,15093.0
103100,343,2.000e-04,2.14674,0.65971,0.19245,0.07424,0.10991,0.05473,0.09481,0.50246,0.14084,0.36163,12.83734,6.16965,0,7.98,15105.6
103200,344,2.000e-04,2.17962,0.28476,0.58142,0.09885,0.08952,0.07760,0.07104,0.42072,0.09259,0.32814,11.48283,9.61653,0,7.89,15118.3
103300,344,2.000e-04,1.87790,0.47913,0.36270,0.06106,0.09217,0.05200,0.05597,0.27024,0.20703,0.06320,8.46912,5.73174,0,7.75,15131.1
103400,344,2.000e-04,1.79714,0.12597,0.21485,0.08383,0.11902,0.06769,0.10914,0.59901,0.42233,0.17668,14.78247,14.48189,0,7.74,15144.1
103500,345,2.000e-04,2.01258,0.15182,0.57747,0.05691,0.11658,0.04416,0.12216,0.34178,0.23209,0.10969,11.90894,8.91725,0,7.80,15156.9
103600,345,2.000e-04,2.08207,0.46951,0.48297,0.09501,0.07328,0.06559,0.04969,0.37500,0.16175,0.21324,16.47827,5.99317,0,7.81,15169.7
103700,345,2.000e-04,2.14620,0.60456,0.53323,0.08546,0.05149,0.08290,0.04655,0.28896,0.16348,0.12548,20.40563,5.58016,0,7.93,15182.3
103800,346,2.000e-04,2.52831,0.33242,0.92664,0.06860,0.10312,0.07313,0.09112,0.39664,0.11581,0.28083,20.72968,11.37349,0,7.78,15195.2
103900,346,2.000e-04,1.87364,0.38067,0.25516,0.07344,0.09352,0.06746,0.09377,0.41435,0.18588,0.22847,8.71181,5.52150,0,7.72,15208.1
104000,346,2.000e-04,1.83547,0.23103,0.26298,0.08834,0.10817,0.07337,0.07018,0.36154,0.16880,0.19274,9.36371,10.52373,0,7.86,15220.8
104100,347,2.000e-04,2.14802,0.41536,0.47651,0.09089,0.08308,0.08208,0.07245,0.37233,0.25908,0.11325,13.34067,7.42988,0,7.83,15233.6
104200,347,2.000e-04,1.79235,0.23545,0.36628,0.06920,0.09492,0.06725,0.08076,0.65232,0.39938,0.25294,9.34272,7.97951,0,8.08,15246.0
104300,347,2.000e-04,2.77418,0.30296,0.71307,0.07559,0.15846,0.07180,0.16337,0.27467,0.12736,0.14731,12.33800,4.78141,0,7.93,15258.6
104400,348,2.000e-04,1.64924,0.15994,0.12375,0.07316,0.10972,0.07385,0.10661,0.43476,0.23346,0.20130,12.41463,9.50221,0,8.78,15270.0
104500,348,2.000e-04,2.56515,1.09820,0.37269,0.07994,0.06837,0.07475,0.06632,0.36633,0.04404,0.32230,12.65319,12.81271,0,7.96,15282.6
104600,348,2.000e-04,2.15572,0.09657,0.45231,0.05869,0.16419,0.09114,0.10583,0.33366,0.12410,0.20956,10.47950,6.39657,0,7.85,15295.3
104700,349,2.000e-04,2.31305,0.34231,0.25703,0.08750,0.15351,0.07294,0.13051,0.39273,0.24769,0.14504,8.26616,5.24078,0,7.74,15308.2
104800,349,2.000e-04,2.59200,0.22701,0.29336,0.08968,0.17508,0.06905,0.23006,0.58593,0.27273,0.31320,12.13256,8.40670,0,7.78,15321.1
104900,349,2.000e-04,2.52155,0.57555,0.65273,0.09349,0.09048,0.07808,0.07128,0.36266,0.12704,0.23562,12.33085,14.67727,0,7.72,15334.0
105000,350,2.000e-04,1.55280,0.18848,0.30491,0.06626,0.08798,0.04961,0.06565,0.56882,0.23113,0.33769,8.13050,8.24572,0,1.49,15401.0
105100,350,2.000e-04,2.88571,0.35563,0.33510,0.10202,0.19082,0.08759,0.20471,0.50887,0.23350,0.27538,15.50725,6.54140,0,7.47,15414.3
105200,350,2.000e-04,2.21749,0.28435,0.26867,0.08818,0.13173,0.09720,0.12876,0.44403,0.23001,0.21402,11.57060,6.85334,0,7.76,15427.2
105300,351,2.000e-04,1.90945,0.44567,0.30252,0.06640,0.08749,0.05647,0.10025,0.59956,0.23480,0.36476,13.06520,6.95114,0,7.86,15440.0
105400,351,2.000e-04,2.58594,0.57859,0.54894,0.07216,0.12056,0.06310,0.13483,0.53190,0.22648,0.30542,13.41433,8.00209,0,7.86,15452.7
105500,351,2.000e-04,1.48518,0.18329,0.10253,0.07945,0.07821,0.07680,0.08762,0.61381,0.22752,0.38628,7.86998,10.08984,0,7.82,15465.5
105600,352,2.000e-04,1.47033,0.32912,0.20866,0.05380,0.05918,0.06499,0.08206,0.46083,0.16287,0.29796,13.07896,9.69494,0,7.75,15478.4
105700,352,2.000e-04,1.90128,0.50677,0.20446,0.09590,0.07152,0.08386,0.05733,0.51653,0.26841,0.24812,8.07525,7.49026,0,7.80,15491.2
105800,352,2.000e-04,1.72675,0.27001,0.46453,0.07237,0.06061,0.06895,0.06198,0.55868,0.38879,0.16989,12.68710,12.20701,0,7.81,15504.0
105900,353,2.000e-04,1.59841,0.10469,0.31687,0.07829,0.08084,0.06428,0.08819,0.46410,0.15211,0.31199,9.91633,6.05862,0,7.96,15516.5
106000,353,2.000e-04,1.74585,0.16603,0.68015,0.06645,0.05756,0.05383,0.05803,0.36208,0.12531,0.23678,6.76640,7.37548,0,7.92,15529.2
106100,353,2.000e-04,2.29618,0.35298,0.35832,0.10428,0.08928,0.07801,0.16882,0.40016,0.17665,0.22352,10.82059,5.79734,0,7.77,15542.0
106200,354,2.000e-04,1.32833,0.09739,0.43443,0.06093,0.05389,0.04613,0.04285,0.50494,0.27984,0.22510,12.93991,6.33554,0,7.75,15554.9
106300,354,2.000e-04,1.39623,0.16721,0.27752,0.04863,0.08210,0.05087,0.06827,0.23953,0.10847,0.13106,10.03847,6.42317,0,7.79,15567.8
106400,354,2.000e-04,1.64783,0.13794,0.12918,0.08003,0.11022,0.06158,0.11022,0.67644,0.43179,0.24464,7.01356,6.47547,0,7.74,15580.7
106500,355,2.000e-04,1.77089,0.39138,0.31528,0.07554,0.07578,0.06871,0.05434,0.58311,0.20263,0.38049,11.13731,6.99888,0,7.86,15593.4
106600,355,2.000e-04,3.13740,0.74133,0.27319,0.09517,0.15017,0.06507,0.29341,0.35514,0.05854,0.29660,12.82907,7.93007,0,8.04,15605.8
106700,355,2.000e-04,2.73712,0.49340,0.81577,0.07747,0.12978,0.06466,0.09203,0.43657,0.12616,0.31041,15.30602,10.34940,0,7.85,15618.6
106800,356,2.000e-04,2.33608,0.38005,0.43126,0.08151,0.12297,0.07956,0.12138,0.36060,0.10187,0.25873,9.18658,8.25970,0,8.00,15631.1
106900,356,2.000e-04,1.57702,0.32027,0.26969,0.07030,0.05890,0.05814,0.07828,0.36854,0.09976,0.26877,10.49225,6.47596,0,7.97,15643.6
107000,356,2.000e-04,2.14221,0.22312,0.51761,0.06633,0.12780,0.04340,0.12893,0.51763,0.21608,0.30155,14.20461,6.66157,0,8.04,15656.1
107100,357,2.000e-04,1.43568,0.21964,0.10605,0.07433,0.07963,0.06673,0.06936,0.46507,0.21181,0.25326,6.66803,5.78566,0,7.93,15668.7
107200,357,2.000e-04,1.93822,0.49547,0.40341,0.07962,0.06442,0.07200,0.05565,0.41575,0.25552,0.16022,13.25627,7.51401,0,7.94,15681.3
107300,357,2.000e-04,2.18583,0.47097,0.49077,0.05417,0.11632,0.05419,0.09445,0.31681,0.23396,0.08284,7.79537,6.22502,0,7.92,15693.9
107400,358,2.000e-04,2.04439,0.25841,0.21536,0.10592,0.11024,0.11963,0.07629,0.28355,0.16958,0.11397,12.20383,7.35361,0,8.00,15706.4
107500,358,2.000e-04,2.17856,0.55657,0.35062,0.08026,0.08341,0.06952,0.11168,0.55550,0.25581,0.29969,15.83758,14.58112,0,7.87,15719.1
107600,358,2.000e-04,2.14238,0.42867,0.66618,0.07858,0.05944,0.08204,0.06094,0.52423,0.19412,0.33011,13.74321,12.20670,0,8.41,15731.0
107700,359,2.000e-04,1.94258,0.13391,0.92527,0.06456,0.05452,0.06567,0.04955,0.60418,0.29918,0.30500,13.74014,17.48757,0,7.97,15743.5
107800,359,2.000e-04,2.25208,0.31000,0.45534,0.07474,0.12609,0.07735,0.11568,0.22491,0.12183,0.10308,7.55813,5.51403,0,8.32,15755.5
107900,359,2.000e-04,2.01013,0.67883,0.26748,0.06319,0.08605,0.07246,0.05460,0.34055,0.19938,0.14117,9.57340,8.77066,0,8.00,15768.0
108000,360,2.000e-04,1.91913,0.62096,0.15178,0.08212,0.07682,0.07944,0.06123,0.53684,0.09488,0.44196,15.47950,10.24499,0,1.48,15835.8
108100,360,2.000e-04,1.87201,0.24480,0.70853,0.06858,0.06461,0.04842,0.05269,0.40894,0.26565,0.14328,12.38809,9.12388,0,7.46,15849.2
108200,360,2.000e-04,4.07655,0.34269,0.20728,0.07408,0.32396,0.10619,0.50836,0.32929,0.20411,0.12518,19.58517,6.56765,0,7.80,15862.1
108300,361,2.000e-04,1.64103,0.21672,0.22808,0.07556,0.09166,0.06962,0.07443,0.34893,0.20794,0.14099,9.39062,8.99734,0,7.73,15875.0
108400,361,2.000e-04,2.16033,0.56594,0.18903,0.07321,0.08980,0.06545,0.17068,0.46145,0.13876,0.32269,11.79672,8.39653,0,7.76,15887.9
108500,361,2.000e-04,1.52408,0.22489,0.35281,0.08154,0.05520,0.07037,0.03468,0.39829,0.26660,0.13169,8.49344,8.82026,0,7.79,15900.7
108600,362,2.000e-04,2.46337,0.27437,0.76111,0.08638,0.11899,0.06923,0.09119,0.32010,0.18167,0.13843,11.31111,7.18630,0,7.95,15913.3
108700,362,2.000e-04,1.59446,0.24111,0.45008,0.07250,0.06211,0.04266,0.04944,0.29860,0.17595,0.12264,8.31817,8.11028,0,7.82,15926.1
108800,362,2.000e-04,1.86172,0.28174,0.19546,0.07948,0.12916,0.05378,0.08275,0.30021,0.06008,0.24013,13.57017,4.70426,0,7.84,15938.8
108900,363,2.000e-04,1.87673,0.34863,0.43622,0.09822,0.05368,0.08781,0.04514,0.35632,0.23776,0.11856,10.24156,9.07968,0,7.91,15951.5
109000,363,2.000e-04,1.70551,0.38089,0.36958,0.05995,0.06597,0.07624,0.05394,0.41034,0.14336,0.26698,8.20887,8.92161,0,8.11,15963.8
109100,363,2.000e-04,1.97265,0.50061,0.33421,0.08128,0.06983,0.08728,0.06563,0.46169,0.19946,0.26223,9.46059,9.40658,0,8.42,15975.7
109200,364,2.000e-04,2.41521,0.65231,0.63564,0.08242,0.08098,0.06997,0.05414,0.19901,0.05657,0.14243,16.96929,5.55163,0,7.82,15988.5
109300,364,2.000e-04,2.61006,0.90272,0.30165,0.05722,0.13218,0.09596,0.08753,0.36371,0.17947,0.18425,17.91498,7.64274,0,7.82,16001.2
109400,364,2.000e-04,1.55588,0.35709,0.25087,0.06232,0.05986,0.05930,0.07552,0.38893,0.15988,0.22905,7.54652,6.19225,0,8.07,16013.6
109500,365,2.000e-04,2.40469,0.71400,0.18110,0.04687,0.16753,0.07077,0.10427,0.44864,0.21607,0.23257,15.07753,11.21219,0,8.05,16026.1
109600,365,2.000e-04,1.43160,0.21778,0.16798,0.08280,0.06844,0.05346,0.06241,0.32504,0.16920,0.15584,11.71675,7.64862,0,7.95,16038.6
109700,365,2.000e-04,2.08208,0.32457,0.40922,0.07498,0.10301,0.10059,0.08275,0.37654,0.21024,0.16630,11.43463,8.43383,0,7.99,16051.1
109800,366,2.000e-04,1.99095,0.35447,0.47952,0.08297,0.06956,0.09411,0.06361,0.62427,0.26862,0.35565,7.98868,6.71003,0,7.93,16063.8
109900,366,2.000e-04,2.21024,0.49429,0.59590,0.08904,0.07095,0.07192,0.05611,0.29311,0.07710,0.21601,18.32516,7.01666,0,7.98,16076.3
110000,366,2.000e-04,1.57691,0.22247,0.31491,0.04644,0.09076,0.07223,0.06917,0.37632,0.11982,0.25650,13.50222,9.91623,0,7.85,16089.0
110100,367,2.000e-04,1.72773,0.18544,0.25111,0.08442,0.09510,0.07902,0.07839,0.34260,0.15553,0.18707,8.85064,8.22246,0,8.44,16100.9
110200,367,2.000e-04,2.13836,0.41654,0.52471,0.09381,0.08191,0.06770,0.05969,0.43202,0.21197,0.22005,13.99556,11.37134,0,7.80,16113.7
110300,367,2.000e-04,2.01806,0.39979,0.48317,0.08791,0.07965,0.06604,0.05287,0.41204,0.10359,0.30845,19.18069,5.66810,0,7.88,16126.4
110400,368,2.000e-04,1.60190,0.16828,0.35233,0.06855,0.08061,0.05809,0.07610,0.43842,0.24454,0.19388,9.31213,6.85787,0,7.86,16139.1
110500,368,2.000e-04,2.25854,0.44266,0.33681,0.07094,0.12334,0.09754,0.10553,0.43011,0.25305,0.17707,16.27034,10.89396,0,7.87,16151.8
110600,368,2.000e-04,1.49417,0.27528,0.13786,0.07718,0.06346,0.09543,0.05569,0.50753,0.15199,0.35555,11.53070,8.78506,0,7.90,16164.4
110700,369,2.000e-04,1.71720,0.06991,0.35255,0.06863,0.10777,0.05408,0.11104,0.47693,0.37209,0.10484,12.61852,9.47588,0,7.80,16177.3
110800,369,2.000e-04,1.68534,0.19707,0.37501,0.06967,0.08926,0.05853,0.06892,0.55547,0.40197,0.15349,10.33179,6.19583,0,7.81,16190.1
110900,369,2.000e-04,2.53803,0.51155,0.08908,0.10212,0.19755,0.08267,0.09296,0.26657,0.17769,0.08888,12.59564,6.66854,0,7.82,16202.9
111000,370,2.000e-04,1.75910,0.48183,0.17574,0.06212,0.08266,0.05561,0.09544,0.50462,0.15309,0.35154,6.74296,7.50890,0,1.50,16269.7
111100,370,2.000e-04,1.67481,0.33402,0.36661,0.05901,0.07549,0.05518,0.06549,0.31388,0.02934,0.28454,9.85629,5.15579,0,7.37,16283.3
111200,370,2.000e-04,1.99708,0.54079,0.27205,0.08555,0.08269,0.07060,0.06660,0.55080,0.34264,0.20816,20.24804,8.15362,0,7.72,16296.3
111300,371,2.000e-04,2.12187,0.29826,0.18158,0.13886,0.11318,0.10345,0.04930,0.44514,0.16487,0.28027,11.26267,10.38280,0,7.77,16309.1
111400,371,2.000e-04,1.71223,0.30545,0.14340,0.07036,0.10895,0.06262,0.08411,0.40509,0.22126,0.18383,12.47446,10.88754,0,7.92,16321.8
111500,371,2.000e-04,1.38054,0.36030,0.21994,0.05933,0.05494,0.05157,0.04002,0.36042,0.19457,0.16585,6.97334,7.44053,0,8.06,16334.2
111600,372,2.000e-04,1.62301,0.28083,0.21277,0.07040,0.07045,0.05733,0.11274,0.47715,0.20175,0.27540,9.33444,12.13318,0,8.15,16346.5
111700,372,2.000e-04,1.38628,0.11129,0.26150,0.06427,0.07667,0.05619,0.06733,0.33909,0.24179,0.09730,8.30423,6.74311,0,9.23,16357.3
111800,372,2.000e-04,1.97252,0.54580,0.45090,0.06795,0.07337,0.06194,0.04574,0.36087,0.19206,0.16881,10.84909,7.19262,0,10.30,16367.0
111900,373,2.000e-04,1.56621,0.28311,0.21996,0.08667,0.05841,0.07794,0.05716,0.45509,0.31459,0.14050,9.49506,6.84904,0,8.08,16379.4
112000,373,2.000e-04,2.05591,0.61192,0.24869,0.08605,0.05988,0.10336,0.08290,0.53419,0.28731,0.24688,17.09917,11.86928,0,7.99,16391.9
112100,373,2.000e-04,1.82301,0.23087,0.10574,0.07779,0.13112,0.07787,0.09888,0.47017,0.21318,0.25699,11.34546,8.33302,0,8.25,16404.0
112200,374,2.000e-04,2.45894,0.92911,0.28147,0.08380,0.08998,0.07635,0.07544,0.56627,0.21415,0.35212,28.53733,23.69916,0,7.96,16416.6
112300,374,2.000e-04,1.75772,0.39123,0.22423,0.08922,0.07855,0.06262,0.05874,0.63524,0.15347,0.48177,11.01787,9.18744,0,7.74,16429.5
112400,374,2.000e-04,2.19238,0.88810,0.15973,0.08566,0.07379,0.05936,0.07955,0.65072,0.26932,0.38140,14.15934,14.53029,0,7.77,16442.4
112500,375,2.000e-04,2.42960,0.22326,0.90294,0.05210,0.12450,0.05243,0.11572,0.30076,0.19825,0.10251,9.29792,7.67403,0,7.83,16455.1
112600,375,2.000e-04,1.42338,0.07799,0.24026,0.08240,0.07450,0.06549,0.06277,0.51303,0.29957,0.21346,7.14484,12.99623,0,7.67,16468.2
112700,375,2.000e-04,1.47713,0.25407,0.19209,0.06481,0.08087,0.05712,0.06390,0.56693,0.28599,0.28094,13.50420,12.40952,0,7.74,16481.1
112800,376,2.000e-04,2.30369,0.80511,0.37851,0.07153,0.08317,0.06817,0.07046,0.50334,0.25356,0.24978,16.67488,13.32657,0,7.82,16493.9
112900,376,2.000e-04,3.04406,0.04928,0.46301,0.10147,0.25696,0.06329,0.23257,0.46191,0.24503,0.21687,30.18708,5.59735,0,7.75,16506.8
113000,376,2.000e-04,3.53804,0.11272,0.50626,0.06819,0.29374,0.07004,0.37374,0.66841,0.30333,0.36508,27.14739,8.36908,0,7.97,16519.3
113100,377,2.000e-04,2.57293,0.66233,0.67293,0.07006,0.07620,0.09166,0.11090,0.45720,0.22886,0.22834,14.36451,10.95893,0,7.78,16532.2
113200,377,2.000e-04,1.88655,0.39339,0.14797,0.08202,0.10764,0.07174,0.08703,0.35057,0.17139,0.17917,12.20509,10.36619,0,7.77,16545.1
113300,377,2.000e-04,2.14829,0.37792,0.48545,0.04808,0.11791,0.07337,0.10861,0.44224,0.12439,0.31785,24.59223,8.26668,0,7.80,16557.9
113400,378,2.000e-04,1.66788,0.27091,0.07165,0.05981,0.11989,0.06065,0.11008,0.37008,0.17234,0.19774,11.21314,7.53375,0,7.83,16570.7
113500,378,2.000e-04,2.27133,0.45597,0.49519,0.09967,0.07913,0.11034,0.06012,0.35365,0.15122,0.20242,13.95396,4.93931,0,7.77,16583.5
113600,378,2.000e-04,1.72419,0.23320,0.35495,0.09552,0.07187,0.06314,0.05649,0.48489,0.21614,0.26875,8.28713,7.90385,0,7.82,16596.3
113700,379,2.000e-04,1.83221,0.19789,0.32675,0.07656,0.09858,0.07854,0.09420,0.72591,0.34377,0.38214,11.71460,9.46452,0,7.76,16609.2
113800,379,2.000e-04,1.82246,0.21947,0.32821,0.09445,0.08845,0.05420,0.08991,0.44105,0.21104,0.23001,12.33986,8.13253,0,7.94,16621.8
113900,379,2.000e-04,2.16030,0.38468,0.37768,0.07819,0.12286,0.06976,0.08731,0.50414,0.24144,0.26271,14.67874,13.62926,0,7.85,16634.5
114000,380,2.000e-04,2.35981,0.56661,0.52016,0.06700,0.12092,0.03879,0.09459,0.61541,0.27267,0.34274,13.28031,11.96423,0,1.28,16712.4
114100,380,2.000e-04,1.82219,0.34139,0.58693,0.06464,0.05229,0.06848,0.05522,0.37387,0.21220,0.16167,19.17775,8.10557,0,7.14,16726.4
114200,380,2.000e-04,1.72211,0.17504,0.51133,0.08094,0.06977,0.07187,0.04100,0.27735,0.18986,0.08749,11.48931,4.82957,0,7.84,16739.2
114300,381,2.000e-04,2.30174,0.71780,0.68221,0.05759,0.06468,0.06813,0.04802,0.19555,0.06458,0.13097,41.39286,8.70011,0,7.77,16752.0
114400,381,2.000e-04,1.53554,0.49634,0.02745,0.07964,0.06515,0.05724,0.05789,0.50653,0.32044,0.18609,11.62693,8.27923,0,7.76,16764.9
114500,381,2.000e-04,2.12989,0.32514,0.70920,0.06270,0.06045,0.13560,0.05631,0.65562,0.47378,0.18184,18.40829,7.93727,0,7.74,16777.8
114600,382,2.000e-04,1.12725,0.18511,0.22680,0.05186,0.05044,0.04692,0.03460,0.42935,0.15883,0.27052,5.48530,6.72608,0,7.90,16790.5
114700,382,2.000e-04,1.72557,0.44103,0.18311,0.08757,0.07489,0.07340,0.04224,0.42713,0.18147,0.24566,8.36124,5.44213,0,8.28,16802.6
114800,382,2.000e-04,1.71677,0.20971,0.33039,0.05706,0.10510,0.04278,0.10356,0.48160,0.32946,0.15214,10.24849,7.12317,0,8.05,16815.0
114900,383,2.000e-04,2.24582,0.27055,0.46020,0.11666,0.09701,0.08935,0.08934,0.45033,0.15404,0.29629,12.36267,7.74753,0,7.88,16827.7
115000,383,2.000e-04,2.52754,0.51698,0.71656,0.07103,0.11417,0.06004,0.08716,0.41815,0.24660,0.17156,21.29883,9.90961,0,7.75,16840.6
115100,383,2.000e-04,1.50124,0.08799,0.21855,0.06232,0.09728,0.07249,0.08616,0.48521,0.18900,0.29621,9.15872,7.60658,0,7.83,16853.4
115200,384,2.000e-04,2.01232,0.44817,0.32749,0.06790,0.11000,0.05189,0.08699,0.63698,0.50629,0.13070,9.41275,13.38652,0,7.90,16866.0
115300,384,2.000e-04,2.14195,0.18817,0.47469,0.05994,0.13522,0.07233,0.12899,0.22355,0.15756,0.06600,11.86569,5.78121,0,7.65,16879.1
115400,384,2.000e-04,1.56994,0.40131,0.26230,0.06239,0.06220,0.05235,0.06100,0.40691,0.23155,0.17536,13.58243,6.13753,0,7.79,16892.0
115500,385,2.000e-04,1.95038,0.14547,0.34511,0.06158,0.13719,0.05178,0.13461,0.59072,0.19401,0.39671,12.64496,9.72724,0,7.79,16904.8
115600,385,2.000e-04,1.66697,0.35207,0.35922,0.07940,0.05489,0.06947,0.04422,0.41987,0.15263,0.26724,8.71364,5.20685,0,7.97,16917.3
115700,385,2.000e-04,1.79168,0.26648,0.38619,0.06793,0.08300,0.06413,0.08961,0.33250,0.11061,0.22189,9.94025,6.45113,0,7.91,16930.0
115800,386,2.000e-04,2.05980,0.24847,0.43590,0.08485,0.10641,0.06155,0.10609,0.53552,0.22871,0.30681,15.96411,9.50195,0,7.83,16942.8
115900,386,2.000e-04,2.31093,0.62209,0.49033,0.07726,0.09407,0.06892,0.06782,0.51522,0.30748,0.20774,19.88039,8.10086,0,7.83,16955.5
116000,386,2.000e-04,1.98419,0.30582,0.20244,0.09836,0.10172,0.08611,0.10411,0.39876,0.15824,0.24052,10.89888,5.79595,0,7.79,16968.4
116100,387,2.000e-04,1.91687,0.23639,0.33851,0.07365,0.11155,0.05685,0.10953,0.40330,0.22423,0.17907,8.74782,5.76460,0,7.79,16981.2
116200,387,2.000e-04,1.62333,0.24238,0.31057,0.06924,0.08562,0.06750,0.05091,0.57007,0.34253,0.22754,12.78508,8.59779,0,7.82,16994.0
116300,387,2.000e-04,2.57645,0.33788,0.70550,0.08858,0.12756,0.06645,0.11450,0.47678,0.26001,0.21677,16.83597,12.15684,0,7.95,17006.6
116400,388,2.000e-04,1.56597,0.12601,0.21039,0.08497,0.07717,0.09349,0.07406,0.57526,0.26306,0.31220,6.17849,7.21940,0,8.20,17018.8
116500,388,2.000e-04,2.18412,0.34347,0.65113,0.06595,0.09450,0.06374,0.09118,0.33232,0.15374,0.17858,16.15635,4.29459,0,8.04,17031.2
116600,388,2.000e-04,1.94225,0.57744,0.07211,0.07231,0.07090,0.06368,0.16697,0.36175,0.20276,0.15900,28.60668,5.76249,0,7.93,17043.8
116700,389,2.000e-04,1.97111,0.73022,0.25819,0.06915,0.06236,0.06629,0.06377,0.54529,0.26778,0.27752,22.57415,11.32909,0,7.83,17056.6
116800,389,2.000e-04,1.69253,0.34397,0.16954,0.06195,0.09070,0.05574,0.11056,0.44142,0.17796,0.26346,8.44115,9.78012,0,7.85,17069.3
116900,389,2.000e-04,1.64481,0.20980,0.40895,0.07376,0.07038,0.06453,0.05761,0.56647,0.21372,0.35275,8.12459,5.70425,0,7.86,17082.0
117000,390,2.000e-04,1.78924,0.27321,0.10177,0.09564,0.10371,0.07547,0.09154,0.36065,0.19299,0.16766,10.06383,7.46200,0,1.22,17164.3
117100,390,2.000e-04,1.77287,0.63590,0.13123,0.07547,0.06760,0.06639,0.04977,0.40336,0.14035,0.26300,6.55046,12.46179,0,7.40,17177.8
117200,390,2.000e-04,2.33821,0.29552,0.64678,0.08171,0.13076,0.06950,0.06393,0.43909,0.18591,0.25318,14.87240,9.19543,0,7.89,17190.5
117300,391,2.000e-04,1.60202,0.41657,0.13081,0.08927,0.06455,0.07683,0.03739,0.37753,0.16257,0.21496,7.83311,5.33809,0,7.77,17203.4
117400,391,2.000e-04,2.21278,0.69932,0.24806,0.07811,0.09990,0.07795,0.07217,0.47171,0.14583,0.32589,46.42092,6.53381,0,8.02,17215.9
117500,391,2.000e-04,1.56782,0.44609,0.11476,0.07265,0.05523,0.07883,0.06819,0.52193,0.20855,0.31339,9.26931,12.01602,0,7.88,17228.5
117600,392,2.000e-04,1.68874,0.18758,0.43380,0.08328,0.07644,0.06710,0.04040,0.38159,0.16155,0.22004,10.50768,7.74624,0,7.89,17241.2
117700,392,2.000e-04,2.14952,0.35569,0.30406,0.06666,0.14173,0.05325,0.12588,0.55087,0.23600,0.31486,13.91993,12.18151,0,8.02,17253.7
117800,392,2.000e-04,2.26824,0.55820,0.62323,0.07860,0.06788,0.07293,0.06883,0.45436,0.21725,0.23710,14.29679,9.25553,0,7.81,17266.5
117900,393,2.000e-04,1.36120,0.24339,0.11618,0.08047,0.05940,0.07258,0.04833,0.34632,0.15754,0.18877,10.18531,7.19514,0,7.82,17279.3
118000,393,2.000e-04,1.92056,0.39882,0.32154,0.07522,0.08225,0.06009,0.10506,0.43556,0.23395,0.20160,12.56895,7.09368,0,7.92,17291.9
118100,393,2.000e-04,2.51506,0.10996,0.69960,0.07174,0.16397,0.05550,0.15527,0.51862,0.35610,0.16253,9.91821,13.61287,0,7.85,17304.6
118200,394,2.000e-04,1.73387,0.41928,0.22763,0.06390,0.09032,0.05150,0.07485,0.41256,0.16830,0.24426,11.44457,5.64123,0,7.80,17317.5
118300,394,2.000e-04,2.14322,0.72913,0.22738,0.08410,0.08397,0.05887,0.07967,0.40844,0.15119,0.25726,12.40029,11.48778,0,7.78,17330.3
118400,394,2.000e-04,1.41983,0.34019,0.19780,0.04657,0.07573,0.04298,0.06515,0.27098,0.14944,0.12154,7.71590,7.71243,0,7.78,17343.2
118500,395,2.000e-04,1.84138,0.40905,0.19753,0.08798,0.07873,0.07962,0.08087,0.61111,0.44364,0.16748,18.97343,10.94308,0,7.71,17356.1
118600,395,2.000e-04,1.60485,0.28859,0.31767,0.05067,0.08291,0.05192,0.08037,0.49404,0.31710,0.17694,10.13244,6.19152,0,8.22,17368.3
118700,395,2.000e-04,2.05020,0.14227,0.24142,0.11026,0.09529,0.11374,0.14177,0.50380,0.24081,0.26298,11.22264,9.24136,0,8.47,17380.1
118800,396,2.000e-04,1.56652,0.32825,0.43744,0.05021,0.06298,0.04250,0.05145,0.43258,0.25957,0.17301,9.37739,8.94926,0,7.79,17393.0
118900,396,2.000e-04,1.91541,0.34704,0.37084,0.07297,0.09556,0.05618,0.08576,0.52507,0.33901,0.18606,18.84772,7.69498,0,7.85,17405.7
119000,396,2.000e-04,1.97851,0.64363,0.28542,0.06489,0.08398,0.07048,0.05157,0.38207,0.18637,0.19570,15.94179,9.94991,0,7.87,17418.4
119100,397,2.000e-04,1.58699,0.17061,0.11828,0.06839,0.11053,0.05624,0.10514,0.31802,0.15334,0.16469,12.89805,10.45931,0,9.24,17429.2
119200,397,2.000e-04,1.61586,0.26550,0.40645,0.06030,0.06481,0.05051,0.07684,0.43125,0.26434,0.16691,9.28551,6.09656,0,7.90,17441.9
119300,397,2.000e-04,1.86800,0.32292,0.10383,0.05874,0.13452,0.05540,0.13459,0.31742,0.20675,0.11067,16.35576,5.04569,0,7.90,17454.6
119400,398,2.000e-04,2.20738,0.44864,0.47059,0.07227,0.10810,0.06637,0.08816,0.52952,0.27648,0.25303,11.13282,10.42867,0,7.91,17467.2
119500,398,2.000e-04,1.52467,0.26395,0.28216,0.07132,0.06514,0.07059,0.04794,0.45209,0.13623,0.31586,17.30128,7.38578,0,7.92,17479.8
119600,398,2.000e-04,1.60604,0.36230,0.10602,0.06022,0.09797,0.05751,0.08120,0.45750,0.23659,0.22091,6.47847,9.97139,0,7.86,17492.5
119700,399,2.000e-04,1.38107,0.15714,0.09898,0.09456,0.06458,0.08155,0.05015,0.30246,0.18555,0.11692,8.10980,6.59593,0,7.83,17505.3
119800,399,2.000e-04,1.95126,0.20147,0.59261,0.10130,0.06116,0.07815,0.05981,0.49360,0.23119,0.26241,12.32756,7.31327,0,7.74,17518.2
119900,399,2.000e-04,1.64370,0.29480,0.27561,0.07735,0.07211,0.06937,0.06103,0.61012,0.33764,0.27249,11.74125,7.82000,0,7.89,17530.9
120000,400,2.000e-04,1.80969,0.53716,0.25305,0.05749,0.09146,0.04329,0.06660,0.37151,0.16867,0.20284,12.97494,6.52899,0,1.22,17612.9
120100,400,2.000e-04,1.52292,0.21071,0.31622,0.07611,0.07055,0.04895,0.05612,0.44170,0.17402,0.26768,10.42405,10.92445,0,7.39,17626.4
120200,400,2.000e-04,2.13302,0.61619,0.35290,0.06482,0.10368,0.04865,0.07992,0.44077,0.19625,0.24452,12.13597,8.42621,0,7.81,17639.2
120300,401,2.000e-04,1.74606,0.46589,0.04505,0.10404,0.07466,0.07227,0.06437,0.50045,0.26940,0.23105,21.20334,8.15349,0,7.93,17651.8
120400,401,2.000e-04,1.57615,0.31168,0.13819,0.09461,0.05546,0.09750,0.05288,0.57326,0.21476,0.35850,15.32702,10.10166,0,7.80,17664.6
120500,401,2.000e-04,2.10349,0.52944,0.32414,0.09393,0.08466,0.07459,0.06820,0.38300,0.19097,0.19202,20.11958,11.25023,0,8.38,17676.6
120600,402,2.000e-04,1.56497,0.29381,0.19441,0.08498,0.08118,0.05188,0.04650,0.25484,0.21707,0.03777,12.19112,5.11895,0,8.57,17688.2
120700,402,2.000e-04,2.46677,0.79278,0.57572,0.08745,0.06224,0.07973,0.06020,0.44271,0.16605,0.27666,16.16065,11.08330,0,8.36,17700.2
120800,402,2.000e-04,1.82724,0.39636,0.23889,0.07662,0.06943,0.08176,0.10293,0.32225,0.20434,0.11791,22.21112,6.86086,0,9.64,17710.6
120900,403,2.000e-04,1.42750,0.33664,0.08292,0.05137,0.07970,0.04832,0.09272,0.47163,0.30567,0.16596,16.15283,11.84450,0,8.17,17722.8
121000,403,2.000e-04,2.05211,0.54158,0.16475,0.05978,0.12981,0.05318,0.10596,0.57210,0.24567,0.32643,7.91440,12.62337,0,7.79,17735.6
121100,403,2.000e-04,2.08180,0.35439,0.39050,0.09948,0.10197,0.07008,0.06177,0.50779,0.34723,0.16056,11.56695,14.96695,0,8.01,17748.1
121200,404,2.000e-04,1.73454,0.36065,0.57638,0.04023,0.06359,0.04380,0.06756,0.26365,0.17123,0.09242,20.85737,9.95564,0,8.01,17760.6
121300,404,2.000e-04,2.03160,0.42114,0.46410,0.06935,0.08917,0.05470,0.08681,0.46412,0.33814,0.12598,7.77795,10.60282,0,8.28,17772.7
121400,404,2.000e-04,1.68137,0.29744,0.31994,0.07495,0.07380,0.06822,0.05987,0.62884,0.37011,0.25873,18.07724,9.38656,0,8.26,17784.8
121500,405,2.000e-04,2.14671,0.71613,0.12041,0.09755,0.08615,0.09834,0.05833,0.66549,0.32549,0.34000,19.54491,13.72408,0,7.76,17797.7
121600,405,2.000e-04,2.28528,0.54404,0.67810,0.07120,0.07701,0.05710,0.07174,0.31662,0.15661,0.16001,14.58338,7.00404,0,7.79,17810.5
121700,405,2.000e-04,2.04797,0.38037,0.29383,0.08950,0.09769,0.08311,0.09203,0.38477,0.22164,0.16313,23.45347,10.45089,0,7.83,17823.3
121800,406,2.000e-04,1.50028,0.19756,0.28991,0.05066,0.07125,0.05759,0.10371,0.45364,0.23869,0.21495,9.43202,5.98132,0,7.81,17836.1
121900,406,2.000e-04,2.06554,0.48058,0.34628,0.06743,0.11452,0.05882,0.07274,0.54426,0.24187,0.30239,16.19539,18.23748,0,7.78,17848.9
122000,406,2.000e-04,1.91877,0.14081,0.43298,0.12026,0.08387,0.05046,0.07926,0.39802,0.10712,0.29089,13.86910,8.77926,0,7.87,17861.6
122100,407,2.000e-04,1.69598,0.33295,0.27804,0.05477,0.08767,0.07114,0.07798,0.50783,0.22580,0.28203,18.55920,7.61253,0,7.77,17874.5
122200,407,2.000e-04,1.66270,0.36246,0.22162,0.07370,0.07548,0.05923,0.07386,0.53218,0.18613,0.34605,9.24998,4.83572,0,7.93,17887.1
122300,407,2.000e-04,1.80200,0.21808,0.49091,0.05283,0.10140,0.05724,0.07151,0.46663,0.18672,0.27991,14.63697,6.84893,0,7.89,17899.8
122400,408,2.000e-04,1.78216,0.18137,0.42081,0.08772,0.08344,0.07396,0.05571,0.48648,0.34918,0.13730,11.70176,9.31269,0,7.82,17912.6
122500,408,2.000e-04,1.58768,0.19935,0.32195,0.06464,0.09066,0.05848,0.05747,0.32793,0.09651,0.23141,15.40836,7.94056,0,7.80,17925.4
122600,408,2.000e-04,1.52175,0.09631,0.30856,0.04738,0.08834,0.05564,0.11967,0.52867,0.22955,0.29912,11.33066,9.94016,0,7.80,17938.2
122700,409,2.000e-04,2.67719,0.28468,0.57065,0.06199,0.18199,0.05518,0.18560,0.31361,0.16382,0.14979,15.45340,7.28662,0,7.80,17951.0
122800,409,2.000e-04,1.85458,0.49079,0.39038,0.07966,0.06414,0.05774,0.04403,0.37959,0.19192,0.18767,11.89971,11.69102,0,7.81,17963.8
122900,409,2.000e-04,2.51481,0.53445,0.44576,0.07271,0.12424,0.06930,0.15064,0.42142,0.23102,0.19040,32.34748,5.63764,0,7.72,17976.8
123000,410,2.000e-04,2.86865,0.54512,0.26630,0.06285,0.21660,0.05257,0.21144,0.18395,0.04697,0.13698,20.10434,7.19200,0,1.31,18052.9
123100,410,2.000e-04,2.03563,0.29410,0.58166,0.08727,0.07713,0.07330,0.06185,0.40716,0.13808,0.26908,17.91532,9.69515,0,7.36,18066.5
123200,410,2.000e-04,2.13092,0.56899,0.16395,0.09569,0.10559,0.09008,0.06655,0.55021,0.17151,0.37870,11.55530,19.67557,0,7.78,18079.4
123300,411,2.000e-04,2.19280,0.22643,0.33225,0.07317,0.14827,0.06060,0.15017,0.59072,0.23122,0.35950,14.12788,11.23477,0,7.94,18092.0
123400,411,2.000e-04,1.98751,0.71904,0.27697,0.04377,0.10765,0.04462,0.04913,0.29450,0.16461,0.12989,45.74284,8.52085,0,7.75,18104.9
123500,411,2.000e-04,1.62635,0.46078,0.20141,0.04735,0.10336,0.03879,0.04544,0.32885,0.17880,0.15006,15.80676,6.28934,0,7.84,18117.6
123600,412,2.000e-04,1.87194,0.31682,0.24589,0.06619,0.07201,0.05559,0.19170,0.25259,0.07849,0.17410,14.52947,4.96357,0,7.85,18130.4
123700,412,2.000e-04,1.56288,0.17197,0.07753,0.08643,0.08779,0.06899,0.10791,0.76058,0.30609,0.45448,6.22881,12.84771,0,8.13,18142.7
123800,412,2.000e-04,2.16631,0.36718,0.14952,0.06710,0.13572,0.08762,0.16658,0.53329,0.22124,0.31206,17.34261,4.97825,0,7.90,18155.3
123900,413,2.000e-04,1.88084,0.28999,0.36375,0.07739,0.09778,0.08264,0.05785,0.36516,0.11827,0.24689,10.54083,10.58127,0,7.87,18168.0
124000,413,2.000e-04,1.92373,0.41942,0.45221,0.06473,0.08300,0.05412,0.07124,0.43224,0.18580,0.24644,10.10567,9.31777,0,7.72,18181.0
124100,413,2.000e-04,2.25372,0.69501,0.58664,0.05613,0.07428,0.04736,0.08065,0.25564,0.12414,0.13150,21.04155,6.11867,0,7.85,18193.7
124200,414,2.000e-04,1.95744,0.33222,0.28421,0.07814,0.10903,0.06301,0.09905,0.34664,0.16789,0.17874,12.52277,7.84246,0,7.77,18206.6
124300,414,2.000e-04,1.90051,0.32680,0.20407,0.06304,0.12825,0.04615,0.11911,0.35768,0.14990,0.20778,17.98444,6.70198,0,7.72,18219.5
124400,414,2.000e-04,2.36379,0.49936,0.40537,0.07911,0.12121,0.08379,0.09920,0.39187,0.28071,0.11116,19.14216,9.87652,0,7.75,18232.4
124500,415,2.000e-04,2.41230,0.34105,0.61417,0.08234,0.11862,0.07415,0.10677,0.46938,0.23436,0.23503,17.05424,9.15616,0,7.69,18245.4
124600,415,2.000e-04,2.35470,0.93134,0.56905,0.06418,0.05260,0.05285,0.05533,0.35462,0.13751,0.21711,15.88893,9.16380,0,7.80,18258.3
124700,415,2.000e-04,1.79535,0.20877,0.40170,0.07037,0.09019,0.07168,0.08115,0.39808,0.10376,0.29432,14.31761,7.64925,0,7.77,18271.1
124800,416,2.000e-04,1.51153,0.19407,0.11368,0.06773,0.10049,0.04811,0.09696,0.39007,0.16470,0.22537,10.22136,7.91967,0,8.00,18283.6
124900,416,2.000e-04,2.49508,0.29565,0.59070,0.11211,0.09526,0.07997,0.14878,0.19376,0.06717,0.12659,11.94976,6.15411,0,7.98,18296.2
125000,416,2.000e-04,2.16086,0.21758,0.44247,0.07404,0.14815,0.06532,0.09064,0.52763,0.22755,0.30008,17.24323,11.24246,0,7.88,18308.8
125100,417,2.000e-04,1.88571,0.19348,0.39141,0.05811,0.11435,0.04878,0.12663,0.56538,0.18023,0.38515,8.21653,11.46133,0,7.86,18321.6
125200,417,2.000e-04,1.74526,0.07800,0.33703,0.10720,0.08150,0.07910,0.07559,0.34290,0.17174,0.17116,9.79930,8.44166,0,8.02,18334.0
125300,417,2.000e-04,1.85815,0.29653,0.43115,0.07117,0.08041,0.05374,0.09529,0.52034,0.18890,0.33144,11.59291,6.17735,0,7.82,18346.8
125400,418,2.000e-04,2.39123,0.28806,0.49492,0.05829,0.16427,0.05024,0.14793,0.60496,0.25837,0.34659,14.59615,9.78403,0,7.84,18359.6
125500,418,2.000e-04,1.90220,0.38919,0.45276,0.06281,0.07813,0.06179,0.08045,0.51273,0.16489,0.34784,20.84066,16.34050,0,7.89,18372.3
125600,418,2.000e-04,2.67660,0.86213,0.45906,0.06676,0.11542,0.06284,0.11495,0.59324,0.40518,0.18806,33.44402,18.37961,0,7.93,18384.9
125700,419,2.000e-04,2.48773,0.46698,0.42508,0.10880,0.12746,0.07840,0.08736,0.39034,0.13485,0.25549,18.27527,19.86065,0,7.80,18397.7
125800,419,2.000e-04,1.74833,0.34048,0.34504,0.06000,0.08792,0.05437,0.07492,0.20946,0.08643,0.12303,9.22179,9.00629,0,7.95,18410.3
125900,419,2.000e-04,1.52587,0.34909,0.10540,0.05617,0.08456,0.06062,0.08648,0.53712,0.23102,0.30611,13.33714,7.70969,0,7.91,18422.9
126000,420,2.000e-04,1.71150,0.21387,0.28077,0.05489,0.10414,0.06891,0.09977,0.29210,0.18058,0.11152,10.15664,7.44970,0,1.09,18514.6
126100,420,2.000e-04,2.44089,0.71365,0.29792,0.11754,0.08521,0.08629,0.07994,0.55919,0.20770,0.35150,39.30603,9.57977,0,7.48,18528.0
126200,420,2.000e-04,2.49357,0.53980,0.87958,0.06093,0.08659,0.05322,0.08141,0.47532,0.23865,0.23666,27.93212,13.43323,0,7.80,18540.8
126300,421,2.000e-04,1.90269,0.31172,0.51459,0.05807,0.09974,0.05633,0.05860,0.49217,0.25336,0.23881,9.74043,7.85582,0,7.81,18553.6
126400,421,2.000e-04,1.77107,0.09571,0.26092,0.11060,0.08578,0.06584,0.10717,0.47306,0.14369,0.32936,11.00159,7.23382,0,7.84,18566.4
126500,421,2.000e-04,1.99641,0.24748,0.49440,0.05935,0.12469,0.05804,0.07569,0.42749,0.20642,0.22106,13.62082,8.82422,0,7.83,18579.1
126600,422,2.000e-04,2.48359,0.82247,0.25766,0.10937,0.08989,0.11310,0.04975,0.44243,0.18903,0.25340,33.22236,9.48417,0,7.83,18591.9
126700,422,2.000e-04,1.92052,0.36390,0.46671,0.07411,0.08060,0.05891,0.06763,0.26634,0.13196,0.13439,24.97034,7.39941,0,7.83,18604.7
126800,422,2.000e-04,2.34540,0.37008,0.69928,0.05060,0.13175,0.07298,0.07272,0.32997,0.16782,0.16215,16.85688,6.26794,0,7.83,18617.5
126900,423,2.000e-04,1.76920,0.54497,0.17535,0.07021,0.07420,0.07811,0.05261,0.25787,0.12758,0.13029,38.87859,9.36191,0,7.90,18630.1
127000,423,2.000e-04,1.63453,0.41872,0.26537,0.05369,0.07091,0.07828,0.05269,0.48887,0.29550,0.19336,9.85222,12.71559,0,7.99,18642.6
127100,423,2.000e-04,1.94054,0.63324,0.28121,0.08334,0.06124,0.06488,0.05640,0.49990,0.27062,0.22929,24.65711,10.28811,0,8.30,18654.7
127200,424,2.000e-04,2.09238,0.52070,0.38216,0.06830,0.10055,0.05956,0.07856,0.27306,0.09245,0.18060,10.43407,6.92919,0,7.81,18667.5
127300,424,2.000e-04,1.75194,0.20964,0.42272,0.08443,0.07748,0.06595,0.05807,0.38603,0.20683,0.17919,9.03567,7.29582,0,7.85,18680.2
127400,424,2.000e-04,2.18524,0.17463,0.78439,0.08268,0.08522,0.05068,0.10400,0.45544,0.15142,0.30402,14.60468,11.55544,0,7.78,18693.1
127500,425,2.000e-04,1.30949,0.29804,0.09556,0.05846,0.07352,0.04066,0.06174,0.59003,0.33239,0.25764,6.75114,12.43418,0,7.82,18705.9
127600,425,2.000e-04,1.85319,0.45092,0.30773,0.05972,0.08707,0.05965,0.08458,0.42878,0.23843,0.19035,21.07013,8.02979,0,7.87,18718.6
127700,425,2.000e-04,1.59648,0.22121,0.34181,0.07063,0.07446,0.05293,0.07029,0.40754,0.20735,0.20019,9.89543,7.93228,0,7.83,18731.3
127800,426,2.000e-04,2.40889,0.42419,0.62981,0.10531,0.09133,0.07039,0.07829,0.38363,0.14722,0.23641,13.04399,10.69208,0,7.77,18744.2
127900,426,2.000e-04,2.02134,0.57900,0.22596,0.07262,0.10071,0.06238,0.07751,0.53584,0.30034,0.23550,8.87829,8.43957,0,7.65,18757.3
128000,426,2.000e-04,1.74588,0.18674,0.36709,0.10859,0.06897,0.06087,0.06083,0.37857,0.11103,0.26754,11.25248,5.87206,0,7.78,18770.1
128100,427,2.000e-04,2.77321,0.95502,0.31460,0.07331,0.13142,0.07310,0.11887,0.41701,0.28261,0.13440,21.58167,11.65181,0,7.89,18782.8
128200,427,2.000e-04,2.04099,0.09022,0.49985,0.05747,0.14155,0.04583,0.13650,0.48138,0.29259,0.18879,11.62205,7.86944,0,7.78,18795.6
128300,427,2.000e-04,2.58881,0.56577,0.64262,0.07976,0.11086,0.08015,0.09077,0.54346,0.38475,0.15871,7.11141,8.80863,0,7.71,18808.6
128400,428,2.000e-04,1.41183,0.34961,0.18120,0.05235,0.07056,0.04934,0.05725,0.45481,0.26521,0.18960,8.48161,12.26962,0,7.78,18821.5
128500,428,2.000e-04,2.47998,0.21717,0.48909,0.06558,0.18012,0.04652,0.17157,0.46165,0.17445,0.28721,17.98946,11.20561,0,7.91,18834.1
128600,428,2.000e-04,2.47672,1.01884,0.36699,0.06393,0.09691,0.05068,0.06400,0.28996,0.14972,0.14024,35.49072,7.51981,0,7.77,18847.0
128700,429,2.000e-04,1.56514,0.30551,0.35324,0.04240,0.07119,0.05442,0.08094,0.59013,0.35551,0.23462,11.21753,8.27607,0,7.88,18859.7
128800,429,2.000e-04,2.11738,0.51894,0.51849,0.07186,0.07276,0.05745,0.08528,0.18794,0.09170,0.09624,9.88844,5.84809,0,7.98,18872.2
128900,429,2.000e-04,1.55737,0.19177,0.42959,0.06784,0.06026,0.06648,0.05172,0.42191,0.15243,0.26948,5.39345,6.97900,0,7.98,18884.7
129000,430,2.000e-04,1.75076,0.43372,0.34019,0.06790,0.06838,0.06000,0.05818,0.44220,0.24520,0.19700,11.35726,6.22587,0,1.18,18969.6
129100,430,2.000e-04,1.79687,0.65050,0.28131,0.05508,0.06249,0.05621,0.05467,0.47032,0.24078,0.22954,23.31376,7.82882,0,7.81,18982.4
129200,430,2.000e-04,1.52997,0.32133,0.18901,0.06145,0.07439,0.05851,0.07767,0.45435,0.29397,0.16038,5.34091,13.13674,0,7.79,18995.2
129300,431,2.000e-04,1.89523,0.58296,0.22284,0.05723,0.10383,0.04499,0.06866,0.73369,0.37717,0.35652,14.00576,19.51909,0,7.83,19008.0
129400,431,2.000e-04,1.46939,0.42060,0.14001,0.04952,0.08230,0.03959,0.06029,0.33662,0.14097,0.19565,23.75439,8.77710,0,7.77,19020.9
129500,431,2.000e-04,1.48998,0.34022,0.09173,0.05948,0.08962,0.04701,0.07800,0.37139,0.22295,0.14844,30.40225,6.18062,0,8.04,19033.3
129600,432,2.000e-04,1.49760,0.10592,0.17719,0.05528,0.09036,0.09539,0.09915,0.44416,0.16188,0.28228,7.84134,15.10750,0,7.93,19045.9
129700,432,2.000e-04,1.85933,0.47316,0.40991,0.06446,0.07244,0.05260,0.06411,0.36842,0.04731,0.32112,7.69258,5.84837,0,8.33,19057.9
129800,432,2.000e-04,1.57540,0.04616,0.35728,0.07056,0.09670,0.06352,0.07075,0.69323,0.32790,0.36533,12.68063,18.45312,0,7.83,19070.7
129900,433,2.000e-04,1.40156,0.26899,0.11659,0.04641,0.09688,0.04076,0.07904,0.33275,0.05170,0.28104,5.41752,7.55044,0,7.91,19083.3
130000,433,2.000e-04,1.45520,0.23917,0.39478,0.06088,0.05121,0.05912,0.04518,0.31330,0.08876,0.22453,19.43433,7.02599,0,8.09,19095.7
130100,433,2.000e-04,1.51244,0.11569,0.47972,0.05384,0.07707,0.04654,0.05846,0.46077,0.27973,0.18104,9.33500,15.03726,0,8.32,19107.7
130200,434,2.000e-04,1.81113,0.33038,0.62017,0.07174,0.04969,0.05831,0.04306,0.56769,0.35548,0.21221,9.13851,9.44986,0,7.97,19120.3
130300,434,2.000e-04,2.39567,0.47886,0.38129,0.07014,0.15572,0.06251,0.09997,0.52021,0.26985,0.25036,15.28582,7.88101,0,7.82,19133.1
130400,434,2.000e-04,3.78916,0.36041,0.80251,0.08313,0.26547,0.08411,0.26919,0.37743,0.32529,0.05214,22.92130,12.66689,0,7.76,19146.0
130500,435,2.000e-04,1.39971,0.34940,0.09291,0.07283,0.06121,0.06968,0.04521,0.22103,0.08854,0.13249,10.42183,7.70297,0,7.81,19158.8
130600,435,2.000e-04,2.53003,0.53884,0.92171,0.06559,0.09330,0.05488,0.05512,0.21219,0.17551,0.03668,22.04973,4.60532,0,7.76,19171.7
130700,435,2.000e-04,2.05744,0.38581,0.36941,0.06612,0.09944,0.12702,0.06275,0.20957,0.12148,0.08809,9.67282,9.09239,0,7.81,19184.5
130800,436,2.000e-04,1.47035,0.35239,0.19903,0.07121,0.05789,0.06437,0.04502,0.51333,0.22949,0.28384,11.49803,8.56602,0,7.81,19197.3
130900,436,2.000e-04,1.95235,0.20296,0.44236,0.07012,0.11521,0.06395,0.08820,0.42987,0.20977,0.22010,16.22031,13.66597,0,7.88,19209.9
131000,436,2.000e-04,1.60571,0.35325,0.35894,0.06310,0.06484,0.05215,0.04937,0.35930,0.17245,0.18685,10.56127,7.31540,0,7.82,19222.7
131100,437,2.000e-04,2.14145,0.32178,0.54911,0.08534,0.09209,0.07447,0.07889,0.69425,0.26450,0.42974,9.60587,9.60569,0,7.77,19235.6
131200,437,2.000e-04,1.99306,0.18456,0.68247,0.07979,0.07556,0.06650,0.07321,0.50057,0.26136,0.23921,6.50247,9.42767,0,7.84,19248.4
131300,437,2.000e-04,2.19052,0.39407,0.48609,0.11356,0.07422,0.09533,0.05325,0.18341,0.06128,0.12213,19.81113,6.05854,0,8.05,19260.8
131400,438,2.000e-04,1.71386,0.32588,0.30294,0.05937,0.08147,0.05874,0.09358,0.45907,0.19809,0.26098,12.60808,8.90688,0,7.80,19273.6
131500,438,2.000e-04,1.99030,0.53664,0.45499,0.07185,0.06426,0.07853,0.04873,0.39072,0.20535,0.18537,59.80793,8.97188,0,7.74,19286.5
131600,438,2.000e-04,1.49987,0.18743,0.39779,0.05052,0.07309,0.06842,0.05022,0.54697,0.34494,0.20203,13.68476,10.30020,0,7.85,19299.3
131700,439,2.000e-04,2.05281,0.31676,0.36217,0.10563,0.07032,0.08527,0.11238,0.41206,0.12691,0.28515,24.34211,14.28438,0,7.80,19312.1
131800,439,2.000e-04,1.89215,0.32585,0.49646,0.05648,0.09064,0.05907,0.07463,0.58470,0.35017,0.23453,9.51032,11.44413,0,7.88,19324.8
131900,439,2.000e-04,3.08143,0.55213,0.83691,0.05952,0.15174,0.04885,0.20559,0.29098,0.14634,0.14464,22.90306,12.46334,0,7.81,19337.6
132000,440,2.000e-04,2.17219,0.21262,0.70618,0.06975,0.10747,0.04881,0.09810,0.39505,0.21519,0.17987,10.06562,8.94400,0,1.14,19425.6
132100,440,2.000e-04,1.50786,0.14450,0.50573,0.05250,0.06577,0.04579,0.06072,0.47061,0.22920,0.24141,10.15720,9.38303,0,7.45,19439.0
132200,440,2.000e-04,2.08995,0.46625,0.41659,0.08370,0.09196,0.08170,0.04982,0.39069,0.32367,0.06702,17.12136,11.71890,0,7.81,19451.8
132300,441,2.000e-04,1.70908,0.17769,0.19065,0.08496,0.09955,0.05018,0.11710,0.37330,0.20561,0.16769,11.55432,8.23728,0,7.76,19464.7
132400,441,2.000e-04,2.77078,0.91222,0.51710,0.08030,0.11473,0.05175,0.09476,0.35517,0.14941,0.20575,29.18925,11.18940,0,7.77,19477.6
132500,441,2.000e-04,1.80912,0.35226,0.49808,0.07036,0.07180,0.05927,0.03992,0.43155,0.22622,0.20533,14.38687,8.87439,0,7.78,19490.4
132600,442,2.000e-04,1.89780,0.48192,0.26137,0.05337,0.11002,0.05625,0.07878,0.60990,0.32136,0.28853,14.10157,14.99857,0,8.05,19502.9
132700,442,2.000e-04,2.21425,0.55339,0.60004,0.06504,0.08241,0.05605,0.07337,0.40587,0.20340,0.20247,13.40690,7.63279,0,7.82,19515.6
132800,442,2.000e-04,1.68228,0.37559,0.17519,0.05671,0.08084,0.05725,0.12024,0.50568,0.21691,0.28877,8.97466,15.16663,0,7.84,19528.4
132900,443,2.000e-04,2.82538,0.14559,0.59232,0.05061,0.21243,0.05182,0.25710,0.45467,0.17471,0.27997,13.33182,6.94339,0,7.81,19541.2
133000,443,2.000e-04,2.09141,0.15963,0.51582,0.07194,0.13135,0.06589,0.09391,0.58006,0.24922,0.33085,11.70691,6.28286,0,7.76,19554.1
133100,443,2.000e-04,2.43003,0.72003,0.48662,0.06786,0.10083,0.05095,0.10102,0.35779,0.12727,0.23051,19.78869,8.69027,0,7.72,19567.0
133200,444,2.000e-04,2.38862,0.70422,0.20209,0.04415,0.15440,0.07741,0.11842,0.43823,0.22561,0.21262,22.93170,8.49234,0,7.76,19579.9
133300,444,2.000e-04,2.35116,0.77038,0.12106,0.07488,0.12680,0.06830,0.11223,0.55194,0.28806,0.26388,18.77922,19.05946,0,7.73,19592.9
133400,444,2.000e-04,1.81697,0.10663,0.43603,0.09400,0.08561,0.08385,0.06666,0.42729,0.25974,0.16755,12.13143,9.27194,0,7.77,19605.7
133500,445,2.000e-04,1.92777,0.32958,0.39739,0.05239,0.09078,0.03951,0.15447,0.43522,0.17277,0.26245,23.72631,5.99895,0,7.76,19618.6
133600,445,2.000e-04,2.20111,0.54739,0.55776,0.07391,0.08162,0.06415,0.06319,0.29767,0.14899,0.14867,11.43336,8.27196,0,7.69,19631.6
133700,445,2.000e-04,2.13531,0.61086,0.58319,0.06189,0.06099,0.06657,0.06418,0.42067,0.22649,0.19418,20.27729,9.15170,0,7.72,19644.6
133800,446,2.000e-04,1.58499,0.15008,0.16942,0.08177,0.10609,0.05053,0.07995,0.39557,0.18807,0.20749,11.83044,7.91444,0,7.84,19657.3
133900,446,2.000e-04,1.45309,0.04220,0.31032,0.08346,0.06486,0.08517,0.05842,0.18667,0.05839,0.12828,9.68286,6.54131,0,7.82,19670.1
134000,446,2.000e-04,2.41745,0.37011,0.88785,0.06248,0.09844,0.05191,0.09005,0.40596,0.17270,0.23326,25.87378,8.93643,0,7.84,19682.9
134100,447,2.000e-04,1.84011,0.44519,0.42114,0.05398,0.08018,0.05384,0.06737,0.19046,0.09705,0.09341,13.68758,5.78792,0,7.81,19695.7
134200,447,2.000e-04,2.20933,0.65025,0.29750,0.08813,0.09018,0.06475,0.08325,0.45983,0.21426,0.24558,26.37528,7.92473,0,7.78,19708.5
134300,447,2.000e-04,2.23693,0.49327,0.35760,0.07413,0.12008,0.05964,0.10637,0.33480,0.16438,0.17042,10.07667,9.49688,0,7.80,19721.3
134400,448,2.000e-04,1.80910,0.21079,0.29640,0.06536,0.11607,0.06236,0.09554,0.38677,0.15226,0.23451,9.04741,9.94757,0,7.87,19734.0
134500,448,2.000e-04,1.88827,0.20753,0.47440,0.05711,0.11022,0.04518,0.10268,0.63391,0.30501,0.32890,23.64367,8.55040,0,7.77,19746.9
134600,448,2.000e-04,2.20646,0.66850,0.41946,0.08108,0.06889,0.08477,0.06270,0.47651,0.19927,0.27724,21.47081,16.65319,0,7.69,19759.9
134700,449,2.000e-04,1.81351,0.18685,0.39074,0.07061,0.11554,0.04512,0.07695,0.32465,0.17159,0.15306,12.38031,7.92805,0,7.73,19772.8
134800,449,2.000e-04,1.90854,0.31345,0.44812,0.07347,0.08198,0.06068,0.08722,0.39192,0.17477,0.21715,10.22280,11.81597,0,7.79,19785.7
134900,449,2.000e-04,1.57639,0.26816,0.34738,0.06738,0.06773,0.05502,0.05911,0.33760,0.13958,0.19802,10.03425,7.40971,0,7.78,19798.5
135000,450,2.000e-04,1.78001,0.22719,0.45889,0.07828,0.05473,0.07045,0.10109,0.35213,0.22333,0.12880,10.27328,10.16599,0,1.31,19874.7
135100,450,2.000e-04,1.95845,0.19955,0.57272,0.08428,0.08094,0.06955,0.07447,0.37673,0.18231,0.19441,11.72693,8.44470,0,7.38,19888.3
135200,450,2.000e-04,2.64171,0.78513,0.20903,0.05238,0.16868,0.04773,0.16918,0.33888,0.28742,0.05146,76.34549,7.17231,0,7.92,19900.9
135300,451,2.000e-04,1.81043,0.32678,0.38110,0.07016,0.06097,0.05810,0.12066,0.46105,0.18011,0.28094,8.48470,12.61020,0,8.90,19912.1
135400,451,2.000e-04,1.87375,0.35273,0.44012,0.07635,0.06640,0.06260,0.08424,0.30118,0.17447,0.12671,12.44199,6.22845,0,7.80,19925.0
135500,451,2.000e-04,1.78764,0.23245,0.65178,0.06777,0.06838,0.05118,0.03789,0.41419,0.28975,0.12444,11.19734,11.29790,0,7.80,19937.8
135600,452,2.000e-04,1.91501,0.21659,0.45740,0.07256,0.08478,0.07185,0.10988,0.34556,0.12430,0.22126,8.62743,7.96950,0,7.75,19950.7
135700,452,2.000e-04,1.87627,0.42912,0.22843,0.08042,0.08613,0.08576,0.06864,0.55735,0.34328,0.21408,10.88374,10.79947,0,7.82,19963.5
135800,452,2.000e-04,1.47187,0.17968,0.28147,0.05125,0.08561,0.03994,0.09063,0.57068,0.29702,0.27366,10.75076,10.72295,0,7.79,19976.3
135900,453,2.000e-04,2.23740,0.88776,0.32169,0.07319,0.07602,0.05752,0.05522,0.47449,0.20315,0.27134,17.07631,15.83581,0,7.75,19989.2
136000,453,2.000e-04,2.00573,0.47028,0.14912,0.11196,0.08114,0.09758,0.07076,0.37677,0.25932,0.11745,7.00500,13.08927,0,8.15,20001.5
136100,453,2.000e-04,1.73191,0.14652,0.22300,0.04254,0.14987,0.03573,0.12442,0.42578,0.25079,0.17499,10.06435,7.27911,0,7.82,20014.3
136200,454,2.000e-04,1.57475,0.14973,0.55312,0.03875,0.07560,0.04479,0.07527,0.21150,0.06751,0.14398,20.07240,4.82128,0,7.91,20026.9
136300,454,2.000e-04,1.91384,0.18764,0.39777,0.06427,0.13007,0.05118,0.09150,0.53713,0.28737,0.24976,12.84542,13.34501,0,7.91,20039.6
136400,454,2.000e-04,2.09334,0.23202,0.30148,0.08889,0.13559,0.04812,0.12686,0.42639,0.21100,0.21539,9.46187,9.13180,0,7.81,20052.4
136500,455,2.000e-04,1.80231,0.20072,0.46061,0.04444,0.12018,0.06057,0.06658,0.33620,0.21034,0.12586,9.55858,8.86863,0,7.86,20065.1
136600,455,2.000e-04,1.67552,0.52484,0.35765,0.04746,0.06310,0.05615,0.03995,0.32874,0.12941,0.19934,7.99645,7.85143,0,7.84,20077.9
136700,455,2.000e-04,1.61259,0.35601,0.10066,0.05304,0.10202,0.05027,0.10196,0.49005,0.26340,0.22665,15.90031,10.44556,0,7.87,20090.6
136800,456,2.000e-04,1.97022,0.76635,0.18595,0.06524,0.08067,0.06094,0.05441,0.43310,0.19404,0.23906,28.79586,8.42716,0,7.82,20103.3
136900,456,2.000e-04,1.97155,0.30965,0.59050,0.07350,0.07593,0.04887,0.08083,0.31611,0.10019,0.21593,15.85310,6.03778,0,7.81,20116.2
137000,456,2.000e-04,2.20992,0.07182,0.35244,0.05463,0.18415,0.04071,0.19599,0.26347,0.15757,0.10590,14.30152,6.56448,0,7.87,20128.9
137100,457,2.000e-04,2.01610,0.68476,0.23063,0.07660,0.06846,0.09921,0.05094,0.30307,0.10258,0.20050,31.02425,8.27350,0,7.88,20141.6
137200,457,2.000e-04,2.41385,0.71517,0.22627,0.10782,0.09502,0.09149,0.09179,0.55491,0.16267,0.39225,21.65747,14.85147,0,7.87,20154.3
137300,457,2.000e-04,1.65931,0.30154,0.36167,0.03897,0.09548,0.05428,0.07526,0.36541,0.19133,0.17407,9.22197,7.39712,0,7.86,20167.0
137400,458,2.000e-04,3.06537,0.52008,0.24739,0.07812,0.24260,0.07844,0.19929,0.39321,0.21100,0.18221,12.04372,7.40561,0,8.27,20179.1
137500,458,2.000e-04,1.72515,0.30112,0.33317,0.06476,0.08577,0.04439,0.09091,0.48589,0.13975,0.34614,14.93495,15.73661,0,7.98,20191.6
137600,458,2.000e-04,1.70656,0.24825,0.26965,0.09079,0.08713,0.05717,0.06245,0.46411,0.27241,0.19171,14.17518,9.33448,0,7.90,20204.3
137700,459,2.000e-04,2.01690,0.50286,0.22217,0.05743,0.11713,0.05474,0.11289,0.34997,0.19226,0.15771,11.96370,8.58373,0,7.87,20217.0
137800,459,2.000e-04,2.05817,0.31955,0.48693,0.05337,0.11904,0.04289,0.11297,0.25425,0.14510,0.10915,22.95052,8.11062,0,7.75,20229.9
137900,459,2.000e-04,1.47911,0.38071,0.36002,0.05225,0.05166,0.05112,0.03640,0.37207,0.22107,0.15099,8.04259,7.27716,0,7.84,20242.6
138000,460,2.000e-04,1.86823,0.33189,0.34451,0.06639,0.11070,0.03738,0.08517,0.25209,0.09359,0.15850,19.20606,7.16919,0,1.10,20333.2
138100,460,2.000e-04,1.71064,0.17216,0.41225,0.05756,0.09994,0.06504,0.07044,0.33788,0.13914,0.19874,8.44247,8.66303,0,7.40,20346.7
138200,460,2.000e-04,1.64032,0.08897,0.24711,0.11246,0.05973,0.04368,0.13363,0.59650,0.20958,0.38691,9.64859,9.59812,0,7.81,20359.5
138300,461,2.000e-04,1.94256,0.32498,0.35561,0.11009,0.06032,0.10739,0.05656,0.32843,0.15569,0.17274,21.26733,6.20203,0,7.85,20372.3
138400,461,2.000e-04,1.87776,0.31502,0.22250,0.10338,0.08235,0.08664,0.07799,0.59096,0.16375,0.42720,9.41467,9.49269,0,7.86,20385.0
138500,461,2.000e-04,2.58899,0.81075,0.68929,0.08458,0.06225,0.06473,0.07720,0.68171,0.33291,0.34880,24.55222,16.97151,0,7.93,20397.6
138600,462,2.000e-04,1.86659,0.18846,0.34184,0.08701,0.11670,0.06011,0.06698,0.49592,0.10466,0.39126,14.13159,9.43004,0,7.98,20410.1
138700,462,2.000e-04,2.08359,0.37795,0.68896,0.06625,0.07303,0.06145,0.06666,0.46446,0.29161,0.17284,32.21379,12.97575,0,7.94,20422.7
138800,462,2.000e-04,1.62997,0.15088,0.49295,0.07942,0.05398,0.08535,0.04231,0.60793,0.31470,0.29323,8.32865,9.63725,0,7.92,20435.4
138900,463,2.000e-04,1.88598,0.30406,0.24341,0.06090,0.12023,0.05242,0.12072,0.43166,0.25813,0.17353,17.65692,8.47035,0,7.90,20448.0
139000,463,2.000e-04,1.87149,0.27407,0.24965,0.07332,0.10972,0.07772,0.09530,0.37684,0.14383,0.23300,14.40286,5.74517,0,7.90,20460.7
139100,463,2.000e-04,1.94728,0.27277,0.36914,0.05975,0.13706,0.04912,0.07942,0.30210,0.19210,0.11000,10.11911,7.00154,0,7.77,20473.5
139200,464,2.000e-04,2.00565,0.41127,0.50536,0.06547,0.08717,0.06317,0.06714,0.60533,0.23233,0.37300,7.84348,7.81370,0,7.74,20486.5
139300,464,2.000e-04,2.26987,0.42541,0.44225,0.08742,0.07562,0.07721,0.15758,0.32868,0.13342,0.19526,12.41240,10.98711,0,7.78,20499.3
139400,464,2.000e-04,1.75636,0.33036,0.34042,0.08131,0.07020,0.07088,0.06033,0.21509,0.13150,0.08359,15.27172,6.14943,0,7.80,20512.1
139500,465,2.000e-04,1.92401,0.24506,0.32328,0.06911,0.12874,0.05186,0.09471,0.37877,0.18509,0.19368,13.22031,5.36454,0,7.81,20524.9
139600,465,2.000e-04,1.78993,0.38994,0.38345,0.07774,0.06323,0.06279,0.06190,0.45864,0.22995,0.22868,14.74151,14.10491,0,7.81,20537.7
139700,465,2.000e-04,1.45903,0.32674,0.25236,0.07910,0.04561,0.06494,0.03760,0.59770,0.22051,0.37719,5.00551,7.12820,0,7.81,20550.5
139800,466,2.000e-04,1.87449,0.39422,0.14487,0.07656,0.11380,0.05076,0.10268,0.30682,0.13149,0.17533,20.56545,15.81316,0,7.78,20563.4
139900,466,2.000e-04,2.26772,0.49363,0.25403,0.11806,0.08622,0.11867,0.08080,0.56037,0.22328,0.33709,13.35193,8.62476,0,7.78,20576.2
140000,466,2.000e-04,2.24556,0.62019,0.43573,0.06946,0.09798,0.05404,0.08694,0.52586,0.29633,0.22953,37.35504,10.30586,0,7.78,20589.1
140100,467,2.000e-04,2.15558,0.38192,0.71725,0.06278,0.09035,0.04330,0.07301,0.48453,0.19292,0.29161,15.46817,12.84411,0,7.95,20601.7
140200,467,2.000e-04,2.29400,0.38898,0.75502,0.08644,0.06961,0.07821,0.06970,0.27054,0.11643,0.15411,18.07895,6.89529,0,8.02,20614.2
140300,467,2.000e-04,1.83158,0.45077,0.27139,0.05203,0.10220,0.04465,0.09065,0.42572,0.27522,0.15050,45.65393,9.46426,0,7.87,20626.9
140400,468,2.000e-04,1.57029,0.19894,0.31737,0.06462,0.08532,0.04867,0.07305,0.69126,0.48986,0.20140,17.93725,11.33999,0,7.75,20639.8
140500,468,2.000e-04,2.01561,0.20540,0.25542,0.06935,0.14998,0.05431,0.12895,0.31799,0.11876,0.19923,13.12649,9.55000,0,7.93,20652.4
140600,468,2.000e-04,1.82763,0.39573,0.32283,0.07851,0.06774,0.06326,0.08788,0.59996,0.28002,0.31994,17.21546,14.96200,0,7.98,20664.9
140700,469,2.000e-04,1.78597,0.38223,0.38855,0.06074,0.07609,0.04470,0.08773,0.29376,0.08221,0.21155,13.91005,12.01858,0,8.03,20677.4
140800,469,2.000e-04,2.04326,0.33069,0.11365,0.07690,0.13353,0.05957,0.15913,0.34722,0.21947,0.12775,15.63468,11.02331,0,7.86,20690.1
140900,469,2.000e-04,2.90656,0.67977,1.06013,0.07067,0.07860,0.07664,0.09149,0.60282,0.20880,0.39402,12.45063,12.93780,0,7.97,20702.6
141000,470,2.000e-04,1.59147,0.15566,0.45494,0.05077,0.08229,0.04491,0.08133,0.39830,0.27358,0.12472,10.06042,7.46399,0,1.07,20796.1
141100,470,2.000e-04,1.57676,0.45053,0.10109,0.07405,0.06784,0.07065,0.05563,0.52596,0.33943,0.18653,19.44294,10.45903,0,7.45,20809.5
141200,470,2.000e-04,2.75436,0.55784,0.73954,0.05678,0.13851,0.05541,0.13681,0.39136,0.22207,0.16929,55.87623,16.47843,0,7.88,20822.2
141300,471,2.000e-04,1.54309,0.17800,0.18374,0.05624,0.10830,0.04906,0.09440,0.41433,0.14295,0.27138,9.69438,11.33250,0,8.07,20834.6
141400,471,2.000e-04,1.91593,0.24837,0.34977,0.10073,0.08521,0.09034,0.06490,0.16889,0.12953,0.03936,6.96716,5.45428,0,7.81,20847.4
141500,471,2.000e-04,1.64652,0.14089,0.46452,0.06259,0.08244,0.04807,0.07830,0.39982,0.20020,0.19962,9.58194,12.17166,0,8.28,20859.5
141600,472,2.000e-04,1.98774,0.25378,0.10188,0.09122,0.13911,0.07395,0.11823,0.58560,0.34800,0.23760,10.48180,11.82286,0,7.95,20872.0
141700,472,2.000e-04,1.85007,0.36118,0.36383,0.09114,0.06095,0.07901,0.06684,0.35270,0.20636,0.14634,12.09861,6.12110,0,7.90,20884.7
141800,472,2.000e-04,1.89844,0.33796,0.25078,0.06461,0.10606,0.08168,0.10086,0.52391,0.36943,0.15449,13.77832,12.28492,0,7.94,20897.3
141900,473,2.000e-04,1.74655,0.35279,0.31230,0.06227,0.08624,0.06203,0.07354,0.45763,0.17067,0.28696,11.19037,8.86837,0,7.86,20910.0
142000,473,2.000e-04,1.61516,0.29057,0.41074,0.05502,0.07128,0.05197,0.06095,0.57530,0.17315,0.40216,11.87714,9.89337,0,8.09,20922.4
142100,473,2.000e-04,1.56285,0.29797,0.30638,0.06275,0.06060,0.05618,0.08053,0.27229,0.16591,0.10638,6.64427,7.25964,0,8.62,20934.0
142200,474,2.000e-04,2.24200,0.33390,0.56318,0.06188,0.13365,0.03992,0.10699,0.19339,0.07181,0.12159,12.94753,7.20733,0,7.79,20946.8
142300,474,2.000e-04,1.54879,0.26758,0.29089,0.08414,0.05806,0.05831,0.05342,0.53921,0.28408,0.25514,10.84345,8.84617,0,8.17,20959.1
142400,474,2.000e-04,1.85700,0.32340,0.43792,0.06235,0.10121,0.05325,0.05790,0.67463,0.15016,0.52447,12.24037,11.62838,0,8.91,20970.3
142500,475,2.000e-04,2.37783,0.60693,0.63723,0.06303,0.09817,0.04685,0.08423,0.38518,0.18466,0.20052,21.69973,9.54023,0,8.41,20982.2
142600,475,2.000e-04,1.86201,0.40675,0.33765,0.06522,0.09841,0.05984,0.05993,0.37993,0.18573,0.19420,30.13159,15.77110,0,7.90,20994.8
142700,475,2.000e-04,2.61592,0.93241,0.60608,0.06077,0.07147,0.05873,0.10777,0.44403,0.10061,0.34343,26.00613,17.30013,0,7.76,21007.7
142800,476,2.000e-04,2.59025,0.77095,0.44658,0.05506,0.14236,0.05796,0.09629,0.46564,0.23570,0.22993,31.67496,12.96443,0,7.83,21020.5
142900,476,2.000e-04,1.95774,0.40314,0.61650,0.07793,0.05511,0.06479,0.04436,0.45915,0.15404,0.30511,7.72587,9.89079,0,8.48,21032.3
143000,476,2.000e-04,1.83043,0.36121,0.18433,0.06051,0.11961,0.04517,0.10854,0.56766,0.17243,0.39523,21.05607,14.68727,0,7.85,21045.0
143100,477,2.000e-04,2.36105,0.65280,0.73167,0.06926,0.07598,0.06055,0.03962,0.45180,0.20216,0.24964,17.37608,11.19196,0,7.83,21057.8
143200,477,2.000e-04,2.01305,0.20994,0.77149,0.04452,0.08935,0.07368,0.07124,0.42243,0.12022,0.30222,17.65150,9.52459,0,7.71,21070.8
143300,477,2.000e-04,1.60400,0.17623,0.60816,0.05984,0.05560,0.04679,0.05019,0.29788,0.17019,0.12769,9.64257,8.41037,0,7.75,21083.7
143400,478,2.000e-04,1.63423,0.45082,0.34037,0.04625,0.06439,0.04789,0.06805,0.29628,0.10095,0.19533,69.93397,4.48646,0,7.78,21096.5
143500,478,2.000e-04,1.94598,0.38800,0.62157,0.06281,0.07551,0.03821,0.05972,0.52857,0.24063,0.28794,14.96299,9.82314,0,7.78,21109.4
143600,478,2.000e-04,1.80757,0.41298,0.52199,0.06807,0.05023,0.06711,0.04533,0.25862,0.10528,0.15334,10.60921,6.44212,0,7.82,21122.1
143700,479,2.000e-04,2.14407,0.35572,0.58426,0.07820,0.08075,0.08922,0.07451,0.26141,0.12317,0.13825,15.48185,8.73772,0,7.78,21135.0
143800,479,2.000e-04,1.90060,0.28818,0.38314,0.05801,0.12007,0.04597,0.08957,0.47612,0.17748,0.29864,14.67552,9.32209,0,7.92,21147.6
143900,479,2.000e-04,1.54658,0.18242,0.38489,0.07574,0.06606,0.06152,0.04659,0.30809,0.19844,0.10965,11.40754,9.31522,0,8.05,21160.1
144000,480,2.000e-04,2.24900,0.56614,0.40949,0.08587,0.08693,0.07204,0.09171,0.34762,0.21823,0.12939,8.37283,8.51599,0,1.34,21234.5
144100,480,2.000e-04,2.03904,0.20588,0.53074,0.08822,0.10666,0.05661,0.07460,0.46797,0.38380,0.08417,16.76995,13.84043,0,8.52,21246.3
144200,480,2.000e-04,1.66831,0.38376,0.31784,0.06228,0.06855,0.05090,0.07413,0.23037,0.08815,0.14222,47.58595,8.54146,0,8.93,21257.5
144300,481,2.000e-04,2.38405,0.71796,0.56419,0.06486,0.09193,0.04937,0.07782,0.51390,0.31828,0.19562,13.87014,7.46753,0,8.31,21269.5
144400,481,2.000e-04,1.44421,0.31157,0.35948,0.05208,0.05404,0.05709,0.03994,0.30591,0.13599,0.16992,18.66131,10.41712,0,8.07,21281.9
144500,481,2.000e-04,1.75296,0.28895,0.60783,0.06354,0.06226,0.05094,0.03993,0.31392,0.17226,0.14166,11.67666,6.36543,0,8.40,21293.8
144600,482,2.000e-04,2.10840,0.48615,0.49514,0.05712,0.07442,0.05232,0.13543,0.41880,0.15361,0.26519,14.19687,7.75873,0,8.01,21306.3
144700,482,2.000e-04,2.25341,0.39097,0.31805,0.06778,0.11384,0.05960,0.19493,0.45049,0.27683,0.17367,18.92797,10.64835,0,7.87,21319.0
144800,482,2.000e-04,2.20978,0.47915,0.43186,0.09489,0.09764,0.05230,0.08214,0.66078,0.20838,0.45240,22.76176,16.63073,0,7.86,21331.7
144900,483,2.000e-04,2.53646,0.45721,0.65807,0.06428,0.12645,0.04808,0.13892,0.31410,0.13264,0.18147,17.45019,10.54579,0,7.84,21344.5
145000,483,2.000e-04,1.85675,0.20345,0.25797,0.05946,0.12311,0.05269,0.14030,0.29684,0.15692,0.13992,13.28766,8.04275,0,7.83,21357.3
145100,483,2.000e-04,1.64374,0.21289,0.39869,0.07167,0.07447,0.06111,0.05946,0.29960,0.09259,0.20701,14.15444,9.68060,0,8.13,21369.6
145200,484,2.000e-04,2.10275,0.56915,0.25287,0.04492,0.13391,0.05813,0.09650,0.60233,0.28131,0.32102,28.63148,13.99553,0,7.81,21382.4
145300,484,2.000e-04,1.72186,0.32639,0.38705,0.06334,0.08529,0.04280,0.06331,0.30964,0.16274,0.14690,13.37009,10.64574,0,7.75,21395.3
145400,484,2.000e-04,1.91946,0.33646,0.26680,0.07887,0.11548,0.05192,0.08585,0.41115,0.13252,0.27863,7.90964,16.34668,0,7.84,21408.0
145500,485,2.000e-04,1.69684,0.36395,0.51540,0.05890,0.05592,0.05724,0.04013,0.44638,0.29467,0.15171,14.26229,13.00378,0,7.76,21420.9
145600,485,2.000e-04,2.05719,0.56737,0.51600,0.06976,0.06956,0.04475,0.06614,0.18722,0.09851,0.08871,21.82204,7.04982,0,9.06,21432.0
145700,485,2.000e-04,1.68931,0.25027,0.29374,0.07766,0.08742,0.06979,0.05815,0.33890,0.24327,0.09563,9.23163,7.10648,0,8.11,21444.3
145800,486,2.000e-04,2.06526,0.30259,0.46732,0.09756,0.05824,0.09297,0.11356,0.41122,0.19365,0.21757,9.32361,9.84127,0,8.27,21456.4
145900,486,2.000e-04,2.21945,0.32420,0.33208,0.10838,0.09258,0.11843,0.10493,0.40995,0.16747,0.24248,13.59017,11.48373,0,8.61,21468.0
146000,486,2.000e-04,1.75435,0.28274,0.44324,0.06474,0.06854,0.06795,0.07684,0.61127,0.27739,0.33387,15.51974,8.30932,0,8.01,21480.5
146100,487,2.000e-04,2.17079,0.38690,0.28406,0.07787,0.13871,0.05884,0.10794,0.47066,0.28111,0.18954,15.17690,10.41736,0,8.13,21492.8
146200,487,2.000e-04,1.90415,0.47175,0.34548,0.07018,0.08242,0.06350,0.06608,0.40338,0.25221,0.15118,10.49495,11.12965,0,7.88,21505.5
146300,487,2.000e-04,1.70471,0.37700,0.27305,0.07265,0.07608,0.07202,0.05239,0.30030,0.14907,0.15124,12.92043,6.79258,0,7.97,21518.0
146400,488,2.000e-04,2.29847,0.23680,0.60828,0.06405,0.13456,0.05826,0.12587,0.31730,0.17552,0.14178,8.78808,6.87951,0,8.08,21530.4
146500,488,2.000e-04,1.99124,0.66246,0.29498,0.07270,0.07984,0.05111,0.05733,0.35762,0.11032,0.24730,13.08536,8.72660,0,8.02,21542.8
146600,488,2.000e-04,1.92734,0.33342,0.25394,0.06858,0.10081,0.05111,0.14609,0.54211,0.17335,0.36876,13.70283,10.32691,0,8.01,21555.3
146700,489,2.000e-04,2.43579,0.44378,0.52749,0.11022,0.08531,0.11936,0.07539,0.36941,0.12711,0.24229,11.09434,11.11363,0,7.93,21567.9
146800,489,2.000e-04,1.65884,0.36256,0.37877,0.06449,0.05993,0.05968,0.05848,0.42963,0.24266,0.18697,9.51787,10.16180,0,7.82,21580.7
146900,489,2.000e-04,1.23496,0.24499,0.14900,0.05817,0.05435,0.05858,0.05275,0.50502,0.23420,0.27082,5.98099,10.97357,0,7.78,21593.6
147000,490,2.000e-04,2.16773,0.39855,0.37666,0.10084,0.09523,0.07925,0.08562,0.49239,0.25762,0.23477,12.43710,14.13715,0,1.46,21662.0
147100,490,2.000e-04,1.42935,0.17538,0.54446,0.04876,0.05907,0.03597,0.03217,0.26066,0.05342,0.20724,11.73017,5.79632,0,7.09,21676.1
147200,490,2.000e-04,1.74723,0.29287,0.21039,0.07655,0.09486,0.06992,0.08485,0.53358,0.21053,0.32305,11.14749,11.34199,0,7.92,21688.7
147300,491,2.000e-04,2.22691,0.63754,0.43674,0.07113,0.10467,0.05084,0.05861,0.27090,0.11707,0.15384,24.42366,5.61671,0,7.98,21701.3
147400,491,2.000e-04,1.33824,0.03402,0.25486,0.06651,0.07465,0.07556,0.06187,0.33440,0.11662,0.21778,6.77661,11.81215,0,7.90,21713.9
147500,491,2.000e-04,1.75611,0.16668,0.48358,0.08041,0.07908,0.06320,0.06016,0.50970,0.25609,0.25361,8.50167,8.76513,0,7.84,21726.7
147600,492,2.000e-04,2.19652,0.47722,0.81810,0.06097,0.04785,0.09115,0.05168,0.28041,0.16452,0.11589,23.06096,9.51708,0,7.72,21739.6
147700,492,2.000e-04,2.33908,0.72682,0.33501,0.09011,0.08393,0.07635,0.08647,0.37804,0.21835,0.15970,23.20247,8.73541,0,7.71,21752.6
147800,492,2.000e-04,1.87414,0.37084,0.48716,0.06925,0.08020,0.05427,0.05330,0.58657,0.33068,0.25588,12.84796,10.66805,0,7.88,21765.3
147900,493,2.000e-04,1.59314,0.21355,0.42527,0.07085,0.05009,0.06603,0.07382,0.31438,0.08365,0.23073,8.05641,8.10117,0,7.80,21778.1
148000,493,2.000e-04,2.63603,0.74278,0.64353,0.06066,0.12007,0.04943,0.08900,0.29823,0.11387,0.18436,14.80900,9.10228,0,7.75,21791.0
148100,493,2.000e-04,2.30143,0.57973,0.23930,0.08530,0.12012,0.07874,0.10338,0.39307,0.17303,0.22004,12.09814,8.86836,0,7.87,21803.7
148200,494,2.000e-04,2.22963,0.35283,0.27413,0.07697,0.18134,0.05868,0.06575,0.39144,0.22610,0.16534,23.81041,8.88165,0,7.69,21816.7
148300,494,2.000e-04,1.96549,0.37441,0.48110,0.07398,0.08804,0.05817,0.06179,0.32080,0.09781,0.22298,14.91038,9.66966,0,7.77,21829.6
148400,494,2.000e-04,2.00696,0.21663,0.52822,0.07373,0.10743,0.04909,0.09344,0.49560,0.40468,0.09092,10.48789,11.82126,0,7.73,21842.5
148500,495,2.000e-04,2.39862,0.30517,0.58266,0.08804,0.12721,0.05748,0.11635,0.30962,0.22435,0.08527,12.52982,8.63761,0,7.76,21855.4
148600,495,2.000e-04,1.82815,0.25327,0.43092,0.07676,0.08851,0.06660,0.06045,0.47440,0.19701,0.27739,12.18091,6.93676,0,7.69,21868.4
148700,495,2.000e-04,1.40794,0.26048,0.09476,0.05593,0.09437,0.05020,0.07028,0.67513,0.43946,0.23567,7.57357,14.15235,0,7.71,21881.4
148800,496,2.000e-04,1.66221,0.37729,0.37388,0.04958,0.07474,0.06767,0.04811,0.34304,0.16081,0.18223,8.75970,11.87573,0,7.88,21894.1
148900,496,2.000e-04,2.44928,0.49199,0.72970,0.07768,0.10216,0.06129,0.07006,0.29769,0.17611,0.12158,9.34534,14.85928,0,7.92,21906.7
149000,496,2.000e-04,1.91909,0.33702,0.40109,0.07675,0.09017,0.06096,0.07760,0.46967,0.26040,0.20927,13.06871,10.02574,0,7.88,21919.4
149100,497,2.000e-04,2.07052,0.36945,0.78303,0.06036,0.07317,0.04804,0.05211,0.48472,0.31459,0.17014,11.30136,10.46306,0,8.15,21931.7
149200,497,2.000e-04,1.95945,0.46835,0.47244,0.07013,0.06325,0.08516,0.05554,0.30639,0.11539,0.19100,16.23921,7.32488,0,8.15,21943.9
149300,497,2.000e-04,2.03221,0.34280,0.75180,0.06602,0.07214,0.04967,0.04905,0.38912,0.12586,0.26326,18.63406,8.26172,0,7.91,21956.6
149400,498,2.000e-04,2.23591,0.65848,0.21173,0.05755,0.12872,0.05361,0.12012,0.56333,0.27711,0.28622,15.20455,13.24186,0,8.45,21968.4
149500,498,2.000e-04,1.58878,0.38334,0.38667,0.05375,0.06116,0.04581,0.05188,0.34418,0.20813,0.13605,14.74593,7.63497,0,8.18,21980.6
149600,498,2.000e-04,3.12090,0.36966,0.44385,0.07032,0.24836,0.06826,0.21734,0.36875,0.18643,0.18232,12.06747,12.31660,0,7.79,21993.5
149700,499,2.000e-04,1.80250,0.18666,0.44071,0.08344,0.08179,0.07586,0.06372,0.38710,0.12806,0.25904,10.57263,11.64288,0,7.80,22006.3
149800,499,2.000e-04,1.26154,0.23453,0.30284,0.05632,0.04251,0.05733,0.03467,0.20511,0.09035,0.11476,8.73227,8.57007,0,7.82,22019.1
149900,499,2.000e-04,1.73750,0.39097,0.44966,0.05512,0.07549,0.03968,0.05785,0.46193,0.19519,0.26675,26.95302,9.51978,0,7.91,22031.7
150000,500,2.000e-04,2.00257,0.30729,0.44757,0.07550,0.09448,0.06158,0.09756,0.63547,0.34922,0.28625,13.68512,11.64478,0,1.14,22119.4
150100,500,2.000e-04,2.47100,0.62512,0.53672,0.04476,0.12542,0.04165,0.14165,0.37365,0.12076,0.25289,13.71246,20.95313,0,7.54,22132.6
150200,500,2.000e-04,1.39663,0.35570,0.31646,0.05048,0.05650,0.03755,0.03828,0.37848,0.09527,0.28321,7.79032,5.59504,0,7.86,22145.4
150300,501,1.996e-04,2.51745,0.70991,0.74884,0.05986,0.07384,0.07973,0.07635,0.40844,0.30386,0.10458,24.46601,9.02896,0,8.47,22157.2
150400,501,1.996e-04,1.89004,0.41619,0.41557,0.07676,0.08445,0.05767,0.04323,0.31609,0.08778,0.22831,17.21603,8.89355,0,7.91,22169.8
150500,501,1.996e-04,2.27907,0.34413,0.43385,0.07682,0.14043,0.06251,0.10343,0.31122,0.11915,0.19207,17.03555,8.53664,0,7.86,22182.5
150600,502,1.992e-04,2.22307,0.60359,0.37970,0.05768,0.09850,0.07613,0.10743,0.36007,0.14114,0.21893,14.40335,10.35658,0,7.81,22195.3
150700,502,1.992e-04,2.58436,0.11765,0.65630,0.07436,0.12637,0.05008,0.27263,0.70015,0.28444,0.41571,10.88907,12.45685,0,7.92,22208.0
150800,502,1.992e-04,1.55222,0.22197,0.44484,0.07079,0.04985,0.07073,0.04214,0.29712,0.05580,0.24132,15.08951,5.82437,0,7.97,22220.5
150900,503,1.988e-04,2.86710,0.98998,0.38578,0.07624,0.13662,0.04465,0.12617,0.32395,0.10541,0.21854,43.21992,13.93942,0,7.79,22233.4
151000,503,1.988e-04,2.26705,0.14744,0.50526,0.10596,0.09871,0.12564,0.11075,0.62698,0.29076,0.33621,10.30943,14.05132,0,7.93,22246.0
151100,503,1.988e-04,2.12185,0.26858,0.83229,0.06515,0.07887,0.05284,0.06749,0.48075,0.24000,0.24075,14.00918,9.27537,0,7.88,22258.6
151200,504,1.984e-04,1.37115,0.10582,0.34004,0.06409,0.06110,0.06095,0.05878,0.76698,0.25509,0.51189,9.00039,12.07694,0,7.82,22271.4
151300,504,1.984e-04,2.11064,0.46901,0.55401,0.05764,0.09548,0.05306,0.07577,0.36980,0.20306,0.16674,22.35302,10.62950,0,7.84,22284.2
151400,504,1.984e-04,1.66696,0.31264,0.28026,0.08089,0.07707,0.05777,0.05594,0.36641,0.11372,0.25269,20.96770,6.60423,0,7.96,22296.8
151500,505,1.980e-04,1.49758,0.34705,0.15064,0.07568,0.06757,0.05541,0.05805,0.42720,0.17498,0.25222,7.96338,11.69462,0,7.90,22309.4
151600,505,1.980e-04,2.05739,0.33369,0.60062,0.09591,0.05438,0.07579,0.07287,0.26807,0.12313,0.14494,20.33335,7.31724,0,7.87,22322.1
151700,505,1.980e-04,2.00406,0.19778,0.49324,0.07503,0.10482,0.06335,0.10217,0.46472,0.33600,0.12872,8.89950,12.50906,0,8.02,22334.6
151800,506,1.976e-04,1.84409,0.28356,0.53721,0.06745,0.07183,0.05929,0.07147,0.41999,0.18785,0.23214,12.44442,13.35105,0,8.02,22347.1
151900,506,1.976e-04,2.30924,0.85712,0.25331,0.05712,0.11057,0.04161,0.10252,0.49369,0.07469,0.41900,12.07543,10.62565,0,7.88,22359.8
152000,506,1.976e-04,2.31223,0.58349,0.56132,0.06720,0.09980,0.05106,0.08192,0.22082,0.11198,0.10884,13.78801,9.59856,0,7.90,22372.4
152100,507,1.972e-04,1.38678,0.17775,0.24073,0.07256,0.06985,0.05696,0.04554,0.40365,0.13124,0.27241,8.14551,11.62640,0,7.87,22385.1
152200,507,1.972e-04,1.91951,0.32162,0.33111,0.05708,0.12878,0.04339,0.09160,0.44406,0.19349,0.25057,10.61378,12.26745,0,7.96,22397.7
152300,507,1.972e-04,1.89049,0.43445,0.37375,0.07399,0.07763,0.06081,0.06888,0.35046,0.07027,0.28019,7.84142,6.13852,0,7.90,22410.3
152400,508,1.968e-04,1.86304,0.32211,0.39656,0.07341,0.08003,0.06706,0.08381,0.57642,0.19908,0.37733,13.52890,8.85274,0,7.72,22423.3
152500,508,1.968e-04,1.97845,0.12779,0.44477,0.09332,0.11381,0.05391,0.09419,0.34592,0.12676,0.21916,11.50119,6.56014,0,9.46,22433.8
152600,508,1.968e-04,2.28632,0.54942,0.39931,0.06502,0.11068,0.05609,0.12754,0.44648,0.17798,0.26851,12.60964,9.63819,0,7.97,22446.4
152700,509,1.964e-04,2.60324,0.32633,0.42031,0.06043,0.18027,0.03692,0.22432,0.33892,0.14610,0.19282,14.04486,11.71611,0,8.53,22458.1
152800,509,1.964e-04,1.76773,0.23789,0.51685,0.04692,0.10453,0.05238,0.04993,0.58971,0.21772,0.37199,9.35639,7.63766,0,7.94,22470.7
152900,509,1.964e-04,1.86687,0.30731,0.65228,0.07037,0.04990,0.06396,0.05842,0.36146,0.21890,0.14256,9.71880,10.44882,0,7.78,22483.6
153000,510,1.960e-04,2.18983,0.23470,0.68624,0.06230,0.11729,0.05289,0.09550,0.24627,0.16379,0.08248,9.80810,7.96563,0,1.40,22554.8
153100,510,1.960e-04,1.74028,0.21957,0.21065,0.06783,0.11666,0.04564,0.10941,0.34252,0.13008,0.21244,9.56651,6.58432,0,7.40,22568.3
153200,510,1.960e-04,1.70061,0.21456,0.33908,0.05452,0.10340,0.05634,0.08661,0.55607,0.26060,0.29546,14.41021,8.75658,0,7.96,22580.9
153300,511,1.956e-04,1.91994,0.21982,0.49625,0.05508,0.09375,0.04193,0.14196,0.33350,0.10103,0.23247,8.94000,12.06105,0,8.46,22592.7
153400,511,1.956e-04,2.26335,0.27179,0.57801,0.06882,0.13964,0.06984,0.07866,0.33502,0.14698,0.18804,10.11680,8.13833,0,7.93,22605.3
153500,511,1.956e-04,1.37702,0.41823,0.10145,0.05741,0.06702,0.04801,0.04606,0.55739,0.27436,0.28302,11.59367,11.47369,0,8.04,22617.7
153600,512,1.952e-04,2.30366,0.80611,0.44945,0.07138,0.07691,0.06122,0.06145,0.70294,0.30360,0.39934,16.54068,15.76115,0,7.80,22630.6
153700,512,1.952e-04,1.76371,0.21994,0.30678,0.05813,0.10939,0.04541,0.11434,0.44029,0.36746,0.07284,8.09062,7.93702,0,8.01,22643.0
153800,512,1.952e-04,2.23821,0.63010,0.53757,0.06906,0.08424,0.05431,0.06732,0.31736,0.12881,0.18855,12.17306,8.75284,0,7.85,22655.8
153900,513,1.948e-04,1.35829,0.29240,0.15504,0.05964,0.07384,0.04170,0.05569,0.43700,0.14884,0.28816,6.63403,9.76978,0,7.76,22668.7
154000,513,1.948e-04,1.69450,0.26988,0.25472,0.07747,0.08061,0.07292,0.07888,0.29897,0.14809,0.15088,4.03178,7.90439,0,7.81,22681.5
154100,513,1.948e-04,1.59103,0.27487,0.48397,0.04472,0.07029,0.04511,0.05776,0.29139,0.06386,0.22753,7.60787,6.06821,0,8.15,22693.8
154200,514,1.944e-04,1.57944,0.12147,0.64278,0.06076,0.06055,0.04039,0.04307,0.28566,0.18418,0.10148,7.95162,9.30972,0,8.03,22706.2
154300,514,1.944e-04,1.53028,0.27280,0.31947,0.06910,0.05768,0.06687,0.05476,0.47547,0.18782,0.28765,15.45815,9.70365,0,8.00,22718.7
154400,514,1.944e-04,1.75442,0.20560,0.52435,0.04534,0.10124,0.05725,0.05938,0.32885,0.17200,0.15685,11.45588,11.95703,0,7.84,22731.5
154500,515,1.940e-04,1.85188,0.31835,0.36419,0.07878,0.09034,0.05801,0.07148,0.31430,0.16634,0.14797,9.55340,9.88035,0,7.83,22744.2
154600,515,1.940e-04,1.72746,0.37441,0.31585,0.05842,0.08531,0.05612,0.07131,0.63500,0.26566,0.36934,10.06454,13.16680,0,7.95,22756.8
154700,515,1.940e-04,1.98037,0.51897,0.20174,0.07152,0.09898,0.06128,0.10158,0.26111,0.15961,0.10150,50.23387,6.53142,0,7.88,22769.5
154800,516,1.936e-04,1.74588,0.19246,0.38483,0.08191,0.08216,0.06095,0.07836,0.36207,0.15742,0.20465,13.16579,7.32547,0,7.76,22782.4
154900,516,1.936e-04,2.14098,0.51259,0.27813,0.09190,0.09481,0.06960,0.09709,0.37074,0.21271,0.15804,13.15825,8.15594,0,7.85,22795.1
155000,516,1.936e-04,1.57173,0.27033,0.28299,0.07831,0.06784,0.07254,0.04252,0.53857,0.08478,0.45378,8.78077,8.48701,0,7.84,22807.9
155100,517,1.932e-04,2.01183,0.27049,0.58019,0.07989,0.10058,0.06587,0.03764,0.37441,0.11688,0.25753,14.89967,6.76263,0,7.98,22820.4
155200,517,1.932e-04,1.70696,0.15336,0.41254,0.09089,0.06928,0.07025,0.06583,0.33399,0.18499,0.14900,8.91646,9.05177,0,7.97,22833.0
155300,517,1.932e-04,1.79946,0.25297,0.09827,0.08954,0.11333,0.05031,0.12325,0.49389,0.29460,0.19929,11.03613,14.16800,0,7.86,22845.7
155400,518,1.928e-04,1.63936,0.10621,0.51515,0.04043,0.09226,0.06274,0.07908,0.27447,0.10986,0.16461,10.95288,6.44736,0,7.88,22858.4
155500,518,1.928e-04,1.46379,0.36160,0.29021,0.04914,0.07169,0.04576,0.03738,0.44854,0.24484,0.20371,28.69047,15.97642,0,7.89,22871.0
155600,518,1.928e-04,1.49448,0.21464,0.27337,0.07130,0.06104,0.09245,0.04545,0.38763,0.14589,0.24174,8.93785,6.12914,0,7.79,22883.9
155700,519,1.924e-04,1.65301,0.48879,0.33620,0.04254,0.07415,0.04021,0.05762,0.28009,0.17106,0.10903,14.02696,7.28803,0,8.08,22896.3
155800,519,1.924e-04,1.85255,0.37601,0.44450,0.04934,0.09418,0.05582,0.06995,0.50606,0.17349,0.33257,22.89711,13.80725,0,9.65,22906.6
155900,519,1.924e-04,1.52905,0.13258,0.37545,0.06573,0.09121,0.04034,0.05418,0.45142,0.24684,0.20458,8.60564,17.09512,0,9.06,22917.7
156000,520,1.920e-04,2.31124,0.29590,0.66607,0.06154,0.11855,0.05618,0.12336,0.51160,0.21685,0.29476,14.94483,10.83142,0,1.18,23002.4
156100,520,1.920e-04,1.70726,0.21806,0.20217,0.05662,0.11714,0.05281,0.11447,0.33803,0.10904,0.22899,9.19033,8.68131,0,7.46,23015.8
156200,520,1.920e-04,1.67307,0.15002,0.63357,0.07277,0.05711,0.06388,0.03217,0.51889,0.21121,0.30768,9.11663,8.92593,0,7.88,23028.5
156300,521,1.916e-04,2.84313,0.52694,0.20520,0.06807,0.20948,0.05692,0.23236,0.30078,0.19345,0.10733,23.95862,9.75700,0,7.77,23041.3
156400,521,1.916e-04,1.81840,0.12435,0.42947,0.06608,0.11290,0.05519,0.09269,0.28083,0.16981,0.11102,8.87666,11.03830,0,7.86,23054.1
156500,521,1.916e-04,1.47688,0.15350,0.43139,0.05352,0.07607,0.04349,0.05414,0.35179,0.11461,0.23718,9.01264,8.24042,0,7.79,23066.9
156600,522,1.912e-04,1.42039,0.38765,0.29211,0.05197,0.05265,0.04063,0.04637,0.31665,0.23448,0.08217,11.31666,6.20427,0,7.99,23079.4
156700,522,1.912e-04,2.17169,0.35784,0.65952,0.08151,0.07082,0.10178,0.05530,0.35207,0.14485,0.20722,17.36213,10.21377,0,8.00,23091.9
156800,522,1.912e-04,2.13236,0.46022,0.42434,0.07625,0.09843,0.07416,0.07560,0.29098,0.21881,0.07217,8.54300,7.77605,0,7.89,23104.6
156900,523,1.908e-04,1.07876,0.06779,0.08763,0.05676,0.06453,0.05814,0.06860,0.59041,0.23898,0.35143,9.82503,16.96721,0,8.35,23116.6
157000,523,1.908e-04,1.76397,0.12970,0.30924,0.03792,0.13318,0.05539,0.13243,0.44584,0.22807,0.21777,8.40643,12.14398,0,7.86,23129.3
157100,523,1.908e-04,2.62392,0.24380,0.49131,0.06964,0.18525,0.07080,0.17495,0.46494,0.17292,0.29203,10.49178,8.47056,0,8.69,23140.8
157200,524,1.904e-04,1.37729,0.09424,0.19938,0.05554,0.09559,0.06657,0.06464,0.21969,0.11545,0.10425,12.10126,6.52502,0,7.94,23153.4
157300,524,1.904e-04,1.65931,0.59847,0.23354,0.04494,0.06390,0.05356,0.05969,0.31462,0.13216,0.18246,10.30620,7.03765,0,7.85,23166.2
157400,524,1.904e-04,2.49165,0.50936,0.97333,0.06392,0.07753,0.04283,0.07785,0.51905,0.23267,0.28638,31.72441,14.39939,0,7.87,23178.9
157500,525,1.900e-04,2.10129,0.45346,0.53820,0.07520,0.07604,0.06113,0.08025,0.28092,0.12107,0.15985,20.71488,7.45867,0,8.15,23191.1
157600,525,1.900e-04,1.49502,0.30189,0.17679,0.05408,0.07037,0.04345,0.11419,0.39314,0.22565,0.16749,20.20729,7.92341,0,7.82,23203.9
157700,525,1.900e-04,1.68299,0.33391,0.36337,0.06048,0.06829,0.04819,0.08856,0.51483,0.27738,0.23745,9.78331,13.18536,0,7.84,23216.7
157800,526,1.896e-04,1.86531,0.52199,0.60992,0.04886,0.04996,0.04554,0.05017,0.48802,0.23139,0.25663,25.72171,14.24524,0,7.96,23229.3
157900,526,1.896e-04,1.56760,0.35682,0.36115,0.04426,0.07791,0.03753,0.05799,0.44792,0.17682,0.27110,30.62798,9.77657,0,8.16,23241.5
158000,526,1.896e-04,1.95180,0.40170,0.41076,0.05971,0.10991,0.06926,0.04723,0.37241,0.13084,0.24156,16.69563,7.81998,0,7.86,23254.3
158100,527,1.892e-04,1.44392,0.33668,0.30752,0.05494,0.05513,0.05449,0.04527,0.30948,0.13434,0.17514,35.80397,10.08974,0,7.88,23266.9
158200,527,1.892e-04,1.21455,0.15310,0.24764,0.04829,0.07065,0.03432,0.05331,0.34086,0.15801,0.18285,6.25936,8.38078,0,7.99,23279.5
158300,527,1.892e-04,1.80148,0.12943,0.45262,0.07456,0.08618,0.07193,0.09436,0.10350,0.05001,0.05349,13.11793,5.63311,0,7.83,23292.2
158400,528,1.888e-04,1.95708,0.12246,0.86380,0.05792,0.07875,0.03727,0.07771,0.42153,0.18353,0.23799,15.13551,7.20200,0,7.83,23305.0
158500,528,1.888e-04,2.00275,0.28442,0.51146,0.08687,0.08175,0.07805,0.06747,0.31221,0.07653,0.23569,9.25950,7.08421,0,7.79,23317.8
158600,528,1.888e-04,2.17269,0.31220,0.52634,0.07303,0.13717,0.06526,0.04799,0.37786,0.24104,0.13681,36.32115,10.84956,0,7.81,23330.6
158700,529,1.884e-04,2.31850,0.24212,0.42267,0.08605,0.12568,0.09594,0.14209,0.27991,0.16541,0.11450,15.84550,9.78570,0,7.83,23343.4
158800,529,1.884e-04,1.53011,0.43661,0.24201,0.05924,0.05693,0.05592,0.05234,0.29291,0.16045,0.13246,8.74169,4.55959,0,7.82,23356.2
158900,529,1.884e-04,1.42651,0.14062,0.32499,0.06588,0.06118,0.05802,0.07222,0.55293,0.09064,0.46229,7.25530,10.36896,0,7.72,23369.1
159000,530,1.880e-04,1.53351,0.31895,0.02636,0.07575,0.09405,0.05642,0.07925,0.53214,0.25431,0.27782,5.51360,13.02081,0,1.35,23443.1
159100,530,1.880e-04,2.46915,0.36399,0.86035,0.07294,0.09778,0.05647,0.10002,0.33585,0.17991,0.15594,17.01120,9.61781,0,7.48,23456.5
159200,530,1.880e-04,2.25066,0.71481,0.44507,0.05978,0.07323,0.04106,0.12924,0.35956,0.20844,0.15111,22.56286,9.19876,0,8.00,23469.0
159300,531,1.876e-04,1.55366,0.15100,0.56505,0.04997,0.06837,0.04807,0.05029,0.48004,0.20511,0.27494,7.22128,10.67038,0,8.27,23481.1
159400,531,1.876e-04,1.69432,0.43739,0.41546,0.05420,0.06810,0.04817,0.04384,0.32360,0.10892,0.21468,26.11874,10.19959,0,8.10,23493.4
159500,531,1.876e-04,2.09327,0.43424,0.48482,0.08192,0.08724,0.07389,0.05747,0.35853,0.14893,0.20960,17.61493,9.43345,0,8.03,23505.8
159600,532,1.872e-04,1.62639,0.22477,0.31696,0.07515,0.07929,0.06104,0.06396,0.37378,0.16172,0.21206,6.96249,6.94140,0,8.10,23518.2
159700,532,1.872e-04,2.21308,0.25781,0.48535,0.05029,0.15522,0.03867,0.13828,0.45979,0.29375,0.16604,14.88388,7.21308,0,8.02,23530.7
159800,532,1.872e-04,1.71223,0.42555,0.28331,0.08078,0.06199,0.07572,0.04010,0.52588,0.26209,0.26378,14.94099,12.01908,0,8.22,23542.8
159900,533,1.868e-04,1.24991,0.15597,0.21714,0.06492,0.06472,0.05097,0.04046,0.22566,0.10637,0.11929,6.91125,10.16615,0,7.77,23555.7
160000,533,1.868e-04,1.71090,0.22542,0.54053,0.06883,0.05765,0.05751,0.06753,0.22401,0.09752,0.12649,7.35721,5.29184,0,7.82,23568.5
160100,533,1.868e-04,2.30684,0.56005,0.70625,0.06862,0.08495,0.06699,0.04209,0.44548,0.21259,0.23289,21.35601,11.97295,0,7.87,23581.2
160200,534,1.864e-04,2.13837,0.57870,0.63651,0.05235,0.07192,0.05252,0.06821,0.53324,0.23152,0.30172,12.68877,10.62213,0,8.06,23593.6
160300,534,1.864e-04,3.20296,0.94849,0.90598,0.05632,0.13240,0.04746,0.11448,0.27649,0.07083,0.20566,19.12000,8.76288,0,7.86,23606.3
160400,534,1.864e-04,1.57197,0.24696,0.43847,0.05908,0.06423,0.05727,0.05073,0.33722,0.11225,0.22497,11.46266,7.59128,0,7.92,23619.0
160500,535,1.860e-04,1.94339,0.50875,0.54191,0.05381,0.07092,0.05211,0.05552,0.52983,0.13330,0.39652,17.16818,15.24151,0,7.83,23631.7
160600,535,1.860e-04,2.38834,0.39950,0.26701,0.07033,0.16956,0.05366,0.15528,0.35977,0.18606,0.17371,14.37993,16.06603,0,7.85,23644.5
160700,535,1.860e-04,1.64166,0.27285,0.48716,0.06011,0.06934,0.04638,0.04738,0.48199,0.20051,0.28147,21.22112,8.74294,0,7.93,23657.1
160800,536,1.856e-04,2.17470,0.37715,0.59275,0.07375,0.09810,0.05427,0.08395,0.55918,0.17099,0.38819,16.57518,10.66857,0,8.14,23669.4
160900,536,1.856e-04,1.85819,0.25535,0.40690,0.06065,0.10336,0.04864,0.10171,0.32312,0.21163,0.11149,11.00972,10.12431,0,7.91,23682.0
161000,536,1.856e-04,1.71731,0.15291,0.42132,0.04989,0.10845,0.04074,0.09982,0.62838,0.21353,0.41484,7.90129,9.91526,0,7.98,23694.6
161100,537,1.852e-04,2.36644,0.38898,0.29544,0.07471,0.15970,0.06895,0.13504,0.48473,0.26076,0.22398,9.85374,15.21960,0,7.86,23707.3
161200,537,1.852e-04,2.34014,0.20525,1.21338,0.05616,0.08015,0.04462,0.05135,0.32502,0.17282,0.15219,13.34039,10.42954,0,7.89,23719.9
161300,537,1.852e-04,1.67913,0.15781,0.28176,0.05353,0.11392,0.04664,0.11427,0.50259,0.16305,0.33955,9.40937,11.17080,0,7.74,23732.9
161400,538,1.848e-04,1.59566,0.34910,0.56604,0.05087,0.03674,0.06630,0.03070,0.62570,0.16204,0.46366,6.93276,11.44392,0,7.77,23745.7
161500,538,1.848e-04,2.22805,0.67884,0.59240,0.07076,0.06676,0.05417,0.05350,0.43271,0.13544,0.29726,37.27478,8.17742,0,7.77,23758.6
161600,538,1.848e-04,2.20594,0.39425,0.62839,0.05414,0.08788,0.12228,0.06699,0.35771,0.13726,0.22045,11.41884,10.08890,0,7.77,23771.5
161700,539,1.844e-04,1.45060,0.20162,0.32410,0.06849,0.06254,0.06037,0.04751,0.33894,0.13615,0.20279,9.49102,13.11374,0,7.74,23784.4
161800,539,1.844e-04,2.28699,0.34967,0.74540,0.05255,0.10879,0.04059,0.11350,0.33341,0.10367,0.22973,17.04024,8.98176,0,7.73,23797.3
161900,539,1.844e-04,1.85747,0.40251,0.46898,0.06012,0.09504,0.04681,0.03725,0.25788,0.11388,0.14400,12.82786,8.56230,0,7.76,23810.2
162000,540,1.840e-04,1.83187,0.17289,0.34986,0.06364,0.13469,0.05025,0.07674,0.32193,0.19218,0.12974,10.44914,9.43035,0,1.52,23876.0
162100,540,1.840e-04,1.88107,0.13185,0.62022,0.06416,0.10468,0.05705,0.05688,0.30771,0.13581,0.17190,17.40623,7.38461,0,7.59,23889.2
162200,540,1.840e-04,2.20396,0.22636,1.07349,0.04235,0.09389,0.04106,0.04810,0.23547,0.06470,0.17077,26.32707,6.68260,0,7.78,23902.0
162300,541,1.836e-04,1.60612,0.47569,0.28753,0.07363,0.04379,0.05911,0.04322,0.21703,0.06108,0.15595,10.64625,6.23926,0,7.96,23914.6
162400,541,1.836e-04,1.87337,0.34781,0.19038,0.06322,0.13069,0.04938,0.09687,0.49011,0.19192,0.29820,15.86027,9.79536,0,7.85,23927.3
162500,541,1.836e-04,3.76766,0.15564,0.48813,0.05080,0.30916,0.03944,0.49020,0.28076,0.14713,0.13363,18.25252,12.72245,0,7.74,23940.3
162600,542,1.832e-04,1.79414,0.36033,0.47529,0.07057,0.06761,0.05351,0.05353,0.36768,0.07958,0.28810,13.99198,7.13661,0,7.74,23953.2
162700,542,1.832e-04,1.48390,0.29201,0.21290,0.05141,0.07585,0.07005,0.06703,0.26011,0.08273,0.17738,20.98205,6.96261,0,7.75,23966.1
162800,542,1.832e-04,2.27019,0.33604,0.32608,0.06713,0.15293,0.05667,0.14644,0.27633,0.14753,0.12879,11.67659,13.89786,0,7.90,23978.7
162900,543,1.828e-04,2.18514,0.43820,0.59627,0.08685,0.07472,0.07180,0.06532,0.30081,0.13778,0.16303,12.53888,11.66471,0,7.80,23991.6
163000,543,1.828e-04,1.63930,0.24871,0.40175,0.07073,0.06560,0.06984,0.05303,0.31660,0.15301,0.16358,25.53021,10.64389,0,7.79,24004.4
163100,543,1.828e-04,2.41452,0.49107,0.52704,0.06719,0.11991,0.05218,0.13217,0.29939,0.13425,0.16514,14.18451,8.52818,0,7.86,24017.1
163200,544,1.824e-04,2.45979,0.17095,0.90548,0.06988,0.12679,0.05627,0.10373,0.37620,0.16873,0.20747,31.69683,9.64049,0,7.72,24030.1
163300,544,1.824e-04,1.37155,0.09662,0.56246,0.05548,0.04573,0.03664,0.04592,0.35286,0.11854,0.23431,7.51535,9.15830,0,7.80,24042.9
163400,544,1.824e-04,1.68233,0.15132,0.40777,0.06896,0.08721,0.06608,0.07087,0.46262,0.30715,0.15547,5.86895,13.36264,0,7.68,24055.9
163500,545,1.820e-04,1.22642,0.29511,0.19403,0.04308,0.05671,0.05141,0.04391,0.26153,0.12472,0.13681,6.90882,8.14166,0,7.84,24068.7
163600,545,1.820e-04,2.04178,0.26732,0.36508,0.08485,0.11111,0.09810,0.07372,0.50051,0.13894,0.36157,23.40596,7.42638,0,7.80,24081.5
163700,545,1.820e-04,1.90768,0.26852,0.73484,0.05851,0.07222,0.04786,0.05240,0.45901,0.18087,0.27814,15.30020,13.65369,0,7.88,24094.2
163800,546,1.816e-04,2.57715,0.39871,0.63036,0.05130,0.17628,0.04421,0.11985,0.50854,0.25193,0.25661,12.92931,19.73059,0,7.91,24106.8
163900,546,1.816e-04,2.57989,0.38420,0.96906,0.06379,0.11302,0.04395,0.09307,0.69534,0.49548,0.19986,12.43806,12.42214,0,7.85,24119.6
164000,546,1.816e-04,2.25827,0.46322,0.59378,0.06292,0.10016,0.05764,0.09671,0.36655,0.21564,0.15091,18.26303,7.04386,0,7.82,24132.4
164100,547,1.812e-04,1.51702,0.48768,0.06365,0.07189,0.06757,0.05541,0.05194,0.44482,0.28245,0.16237,19.28184,11.92398,0,7.87,24145.1
164200,547,1.812e-04,1.85316,0.48027,0.41717,0.05807,0.07067,0.05421,0.07062,0.48851,0.26024,0.22827,10.80186,7.39383,0,7.76,24158.0
164300,547,1.812e-04,2.26523,0.14921,0.98307,0.08326,0.08909,0.05828,0.05018,0.46102,0.14863,0.31240,12.28786,16.63086,0,7.74,24170.9
164400,548,1.808e-04,1.58153,0.16790,0.43872,0.07188,0.06506,0.05489,0.06121,0.53800,0.23755,0.30045,11.91576,7.14509,0,7.91,24183.5
164500,548,1.808e-04,1.18278,0.11608,0.16397,0.06134,0.06622,0.05054,0.05544,0.38063,0.27335,0.10728,8.23801,8.78207,0,7.78,24196.4
164600,548,1.808e-04,1.72798,0.22976,0.39106,0.05778,0.10395,0.04771,0.07168,0.36909,0.19226,0.17683,9.99629,6.71392,0,7.77,24209.2
164700,549,1.804e-04,1.66538,0.30096,0.59809,0.05533,0.05670,0.04435,0.03813,0.32075,0.13579,0.18496,18.86002,5.37209,0,7.77,24222.1
164800,549,1.804e-04,1.46801,0.29932,0.20824,0.05490,0.09590,0.04265,0.03995,0.55089,0.26375,0.28714,10.13186,11.74927,0,7.82,24234.9
164900,549,1.804e-04,2.06436,0.32480,0.73081,0.08618,0.05907,0.07283,0.04017,0.31674,0.18256,0.13418,14.81975,7.68856,0,7.87,24247.6
165000,550,1.800e-04,1.13969,0.13075,0.16986,0.06157,0.05384,0.05051,0.05430,0.45668,0.23315,0.22353,5.52617,10.78913,0,1.43,24317.4
165100,550,1.800e-04,2.31396,0.35718,0.88705,0.06015,0.08511,0.05018,0.08720,0.36958,0.22935,0.14023,19.18778,8.76054,0,7.74,24330.3
165200,550,1.800e-04,2.45043,0.51332,0.65774,0.07540,0.10208,0.07279,0.08400,0.54464,0.33513,0.20951,15.67175,8.74902,0,7.97,24342.9
165300,551,1.796e-04,1.96863,0.12178,0.72119,0.06411,0.09735,0.05518,0.07216,0.50628,0.15641,0.34988,11.08376,7.91212,0,7.78,24355.7
165400,551,1.796e-04,1.85739,0.31588,0.34278,0.05113,0.11740,0.05596,0.08648,0.45744,0.23198,0.22546,19.70177,12.91827,0,7.76,24368.6
165500,551,1.796e-04,1.88136,0.25179,0.64240,0.07099,0.07650,0.04654,0.05335,0.40306,0.14755,0.25550,10.31528,11.30311,0,8.29,24380.7
165600,552,1.792e-04,1.86221,0.41378,0.58933,0.06058,0.04761,0.05587,0.07139,0.35180,0.17039,0.18141,12.59256,12.84679,0,7.99,24393.2
165700,552,1.792e-04,1.81052,0.36283,0.26240,0.08001,0.09070,0.06633,0.06638,0.36536,0.20505,0.16031,7.40638,5.86491,0,7.83,24406.0
165800,552,1.792e-04,1.67153,0.02167,0.77259,0.07187,0.05502,0.05351,0.04361,0.71397,0.20099,0.51299,8.81609,17.50768,0,7.83,24418.7
165900,553,1.788e-04,2.04956,0.43719,0.32489,0.07148,0.11780,0.05918,0.07725,0.27436,0.12329,0.15107,15.27784,9.86623,0,7.94,24431.3
166000,553,1.788e-04,2.37128,0.55540,0.53491,0.06215,0.10992,0.05017,0.11807,0.43949,0.15150,0.28799,16.73741,16.99783,0,7.92,24443.9
166100,553,1.788e-04,1.69165,0.21219,0.38711,0.05893,0.09526,0.04636,0.08219,0.22771,0.10048,0.12723,9.70466,5.86951,0,7.86,24456.7
166200,554,1.784e-04,2.08360,0.11900,0.45567,0.05344,0.13458,0.04463,0.18289,0.33383,0.12550,0.20834,11.14301,10.02940,0,7.80,24469.5
166300,554,1.784e-04,1.51558,0.21797,0.21926,0.05644,0.09205,0.06176,0.07260,0.58186,0.34835,0.23352,11.87508,12.73444,0,7.84,24482.2
166400,554,1.784e-04,1.93103,0.25561,0.61681,0.06440,0.08847,0.06886,0.04884,0.78596,0.37563,0.41033,12.64026,10.83044,0,7.84,24495.0
166500,555,1.780e-04,1.81711,0.13501,0.51478,0.07692,0.08862,0.06267,0.07319,0.48419,0.07079,0.41340,12.31163,11.06074,0,7.88,24507.7
166600,555,1.780e-04,1.94776,0.15850,0.89287,0.05638,0.07351,0.04502,0.05375,0.61475,0.30389,0.31086,9.42173,11.39613,0,7.89,24520.4
166700,555,1.780e-04,2.07052,0.65786,0.28951,0.06713,0.09399,0.04542,0.08161,0.60375,0.21952,0.38423,14.98753,11.99320,0,8.25,24532.5
166800,556,1.776e-04,1.69203,0.44151,0.43007,0.06029,0.04822,0.05674,0.05440,0.72554,0.34313,0.38241,6.97050,8.72210,0,7.99,24545.0
166900,556,1.776e-04,1.84551,0.45703,0.41442,0.06870,0.06134,0.07679,0.05276,0.51311,0.33745,0.17566,14.68164,11.03595,0,8.14,24557.3
167000,556,1.776e-04,1.49055,0.45844,0.26067,0.05841,0.05215,0.04825,0.03921,0.25134,0.10455,0.14679,14.31606,9.41693,0,7.84,24570.0
167100,557,1.772e-04,1.23930,0.20159,0.12240,0.05302,0.07369,0.04789,0.06481,0.37971,0.12914,0.25057,4.70700,10.35832,0,7.89,24582.7
167200,557,1.772e-04,1.80789,0.20731,0.39978,0.08088,0.09147,0.06241,0.07321,0.33201,0.19108,0.14093,11.86364,7.69471,0,7.86,24595.5
167300,557,1.772e-04,1.70357,0.12925,0.35452,0.05605,0.11698,0.04848,0.09338,0.52828,0.15135,0.37693,11.65923,9.45612,0,7.79,24608.3
167400,558,1.768e-04,1.69317,0.20512,0.37461,0.06007,0.09310,0.04540,0.09365,0.45703,0.24071,0.21632,10.65618,7.82561,0,7.96,24620.8
167500,558,1.768e-04,1.84543,0.37883,0.58534,0.06994,0.05338,0.06185,0.04402,0.19974,0.06335,0.13640,9.29787,6.39933,0,7.98,24633.4
167600,558,1.768e-04,1.50500,0.17696,0.30668,0.09149,0.06191,0.05141,0.05032,0.27541,0.07059,0.20482,8.86356,6.30511,0,9.13,24644.3
167700,559,1.764e-04,2.19856,0.37675,0.48363,0.04064,0.14334,0.05137,0.11594,0.35768,0.26851,0.08916,12.21234,13.09646,0,8.20,24656.5
167800,559,1.764e-04,1.95913,0.31791,0.49883,0.06451,0.07836,0.04526,0.12597,0.39522,0.27178,0.12345,12.08440,7.84594,0,7.93,24669.1
167900,559,1.764e-04,2.04514,0.19971,0.39770,0.07268,0.12400,0.06240,0.12333,0.37098,0.14850,0.22248,5.95995,10.51854,0,7.83,24681.9
168000,560,1.760e-04,1.76805,0.28353,0.61768,0.04571,0.06871,0.05128,0.06661,0.30386,0.14127,0.16259,8.62625,9.22788,0,1.49,24748.8
168100,560,1.760e-04,2.13263,0.51087,0.51809,0.04780,0.10614,0.05076,0.08283,0.30764,0.19864,0.10900,18.45848,8.31918,0,7.32,24762.5
168200,560,1.760e-04,2.39562,0.38419,0.82638,0.07507,0.09503,0.06862,0.06519,0.44939,0.15924,0.29014,21.21866,11.14211,0,8.13,24774.8
168300,561,1.756e-04,2.41542,0.43179,0.63091,0.07176,0.12331,0.05553,0.09542,0.63294,0.31928,0.31366,11.85452,14.52628,0,8.10,24787.1
168400,561,1.756e-04,1.70214,0.33923,0.40244,0.05604,0.07563,0.04432,0.07654,0.29395,0.15832,0.13562,9.45635,8.82374,0,8.26,24799.2
168500,561,1.756e-04,2.60129,0.58453,0.95362,0.07560,0.06941,0.06627,0.06895,0.50392,0.16029,0.34363,13.10623,10.53074,0,7.99,24811.7
168600,562,1.752e-04,1.90808,0.35792,0.48551,0.07428,0.07709,0.06319,0.05993,0.36694,0.08383,0.28312,12.17985,8.24667,0,8.07,24824.1
168700,562,1.752e-04,2.20007,0.59112,0.22624,0.08898,0.09720,0.06308,0.11763,0.33079,0.13935,0.19144,16.52913,14.68196,0,8.24,24836.3
168800,562,1.752e-04,1.40877,0.15480,0.23513,0.05495,0.08750,0.06058,0.06205,0.44901,0.15493,0.29408,9.24571,8.91109,0,7.73,24849.2
168900,563,1.748e-04,1.79284,0.01304,0.31143,0.05581,0.16815,0.04078,0.09863,0.25262,0.08373,0.16889,11.37585,8.73197,0,7.87,24861.9
169000,563,1.748e-04,2.02171,0.51658,0.27093,0.06120,0.10830,0.05197,0.10271,0.74017,0.40707,0.33311,19.77932,24.65827,0,7.88,24874.6
169100,563,1.748e-04,1.92075,0.31645,0.57530,0.05322,0.08100,0.05194,0.09123,0.42795,0.16680,0.26116,8.52466,8.44993,0,7.88,24887.3
169200,564,1.744e-04,2.57072,0.20325,0.63928,0.06577,0.16330,0.04945,0.18368,0.13782,0.04347,0.09435,13.31774,6.35345,0,7.75,24900.2
169300,564,1.744e-04,1.28112,0.39142,0.23752,0.04710,0.04548,0.04209,0.03362,0.27140,0.08692,0.18448,7.08771,7.36619,0,7.91,24912.9
169400,564,1.744e-04,2.30547,0.33562,0.65255,0.06424,0.12440,0.04997,0.09966,0.42889,0.23806,0.19082,13.77204,14.20625,0,7.87,24925.6
169500,565,1.740e-04,2.04000,0.49623,0.54668,0.06622,0.07598,0.05926,0.05518,0.62515,0.33084,0.29431,9.40335,14.30454,0,7.81,24938.4
169600,565,1.740e-04,1.91483,0.10796,0.65777,0.06543,0.09874,0.04741,0.08388,0.48785,0.21284,0.27501,15.18343,10.93472,0,7.84,24951.1
169700,565,1.740e-04,1.40130,0.28737,0.32825,0.05857,0.04110,0.06994,0.04498,0.45432,0.22770,0.22662,10.85430,10.91605,0,7.79,24964.0
169800,566,1.736e-04,2.10448,0.49099,0.43541,0.06435,0.10757,0.04118,0.08621,0.33783,0.22828,0.10955,10.81613,9.50255,0,7.82,24976.7
169900,566,1.736e-04,1.59801,0.45599,0.28205,0.06311,0.05858,0.05737,0.04325,0.33451,0.10874,0.22577,8.36335,8.63857,0,7.83,24989.5
170000,566,1.736e-04,2.66208,0.43797,0.40935,0.08128,0.17711,0.05193,0.15718,0.30011,0.05334,0.24677,16.06721,6.87489,0,7.81,25002.3
170100,567,1.732e-04,1.69591,0.34934,0.58651,0.05067,0.05754,0.04036,0.04726,0.37954,0.17105,0.20849,8.62543,13.54189,0,7.89,25015.0
170200,567,1.732e-04,2.01489,0.38060,0.76076,0.07532,0.04829,0.05905,0.04313,0.11888,0.05520,0.06368,10.92160,4.59905,0,7.82,25027.8
170300,567,1.732e-04,1.33451,0.27319,0.27204,0.05757,0.05348,0.05258,0.04101,0.47100,0.19070,0.28030,7.87501,19.53991,0,7.87,25040.5
170400,568,1.728e-04,1.67979,0.28389,0.27243,0.07585,0.07816,0.07008,0.07130,0.31275,0.13229,0.18046,10.24883,11.76906,0,7.96,25053.0
170500,568,1.728e-04,1.24408,0.08756,0.22298,0.07200,0.05668,0.07154,0.04450,0.48643,0.19283,0.29360,7.41567,12.45129,0,8.43,25064.9
170600,568,1.728e-04,2.13774,0.56481,0.56875,0.05873,0.07702,0.05695,0.07323,0.20159,0.11647,0.08512,14.30186,7.36316,0,9.77,25075.1
170700,569,1.724e-04,1.45436,0.20964,0.27284,0.08312,0.05223,0.07346,0.04458,0.36838,0.19014,0.17824,5.20483,6.22014,0,8.84,25086.4
170800,569,1.724e-04,2.64726,0.61869,0.60406,0.08141,0.12135,0.06742,0.09687,0.42404,0.22515,0.19889,30.59629,14.45958,0,9.07,25097.5
170900,569,1.724e-04,1.91153,0.37565,0.51144,0.06303,0.08964,0.05151,0.05292,0.41011,0.17248,0.23763,11.27997,9.70087,0,8.04,25109.9
171000,570,1.720e-04,1.99914,0.32173,0.47333,0.06592,0.08479,0.06697,0.11323,0.45206,0.16436,0.28770,20.30035,11.51213,0,1.50,25176.4
171100,570,1.720e-04,1.33138,0.11855,0.19932,0.06638,0.07587,0.06580,0.05510,0.36009,0.16426,0.19583,10.21495,11.43142,0,7.39,25190.0
171200,570,1.720e-04,1.79899,0.47433,0.33615,0.06210,0.08489,0.04249,0.05893,0.31594,0.13892,0.17702,15.44742,6.91781,0,7.86,25202.7
171300,571,1.716e-04,1.18052,0.07294,0.27301,0.05460,0.06148,0.04407,0.05762,0.50790,0.30538,0.20252,9.74630,13.97127,0,7.88,25215.4
171400,571,1.716e-04,1.38804,0.37506,0.18622,0.06963,0.05003,0.05150,0.03988,0.37780,0.10827,0.26953,8.90807,15.14179,0,7.73,25228.3
171500,571,1.716e-04,1.63005,0.29818,0.37055,0.06203,0.07070,0.04384,0.07522,0.26727,0.12661,0.14066,12.73515,11.06821,0,7.96,25240.9
171600,572,1.712e-04,1.84608,0.30216,0.49121,0.04887,0.09792,0.03485,0.09266,0.35341,0.15026,0.20315,12.17147,7.62513,0,7.73,25253.8
171700,572,1.712e-04,2.00739,0.44384,0.46601,0.07310,0.07914,0.06628,0.06825,0.46907,0.15179,0.31728,10.09295,14.78744,0,7.85,25266.6
171800,572,1.712e-04,2.49023,0.28975,1.02415,0.08763,0.09278,0.05217,0.05754,0.32607,0.21636,0.10972,16.49996,12.61048,0,7.79,25279.4
171900,573,1.708e-04,1.48934,0.28823,0.40496,0.04605,0.05868,0.03979,0.06921,0.36697,0.19444,0.17253,10.27402,11.71481,0,7.72,25292.4
172000,573,1.708e-04,1.28170,0.21614,0.26864,0.04878,0.06124,0.04083,0.05790,0.42624,0.21977,0.20647,8.68652,11.00876,0,7.72,25305.3
172100,573,1.708e-04,1.89337,0.36032,0.65405,0.04366,0.06874,0.04975,0.07705,0.25541,0.12084,0.13456,14.75160,11.48506,0,7.82,25318.1
172200,574,1.704e-04,2.18622,0.36999,0.53106,0.06150,0.11933,0.05521,0.09720,0.24293,0.10297,0.13997,11.19701,5.11491,0,7.79,25330.9
172300,574,1.704e-04,2.19892,0.42988,0.63560,0.07837,0.07979,0.07023,0.06682,0.37354,0.10621,0.26733,8.74440,9.81379,0,7.77,25343.8
172400,574,1.704e-04,2.18085,0.42120,0.52469,0.08668,0.10208,0.06120,0.05526,0.25034,0.08781,0.16253,10.71765,12.12151,0,7.76,25356.7
172500,575,1.700e-04,1.96491,0.35043,0.48954,0.07066,0.08680,0.05996,0.07510,0.30908,0.21435,0.09473,19.59929,5.46724,0,7.80,25369.5
172600,575,1.700e-04,2.58697,0.13025,0.91651,0.04510,0.16763,0.04670,0.14391,0.51888,0.30999,0.20889,20.40731,15.65963,0,7.79,25382.3
172700,575,1.700e-04,3.06996,0.22446,0.43326,0.05790,0.25125,0.04839,0.29821,0.42136,0.26132,0.16005,13.66152,14.26473,0,7.91,25395.0
172800,576,1.696e-04,2.04974,0.14349,0.30440,0.07001,0.14067,0.05666,0.16271,0.47798,0.25414,0.22384,8.84571,9.21679,0,8.01,25407.5
172900,576,1.696e-04,1.83616,0.32551,0.39123,0.07766,0.07104,0.07290,0.07748,0.53822,0.25235,0.28587,15.22550,9.31561,0,8.01,25420.0
173000,576,1.696e-04,1.84655,0.45052,0.59252,0.06233,0.05028,0.04753,0.04866,0.28151,0.06153,0.21998,10.68493,9.72763,0,7.79,25432.8
173100,577,1.692e-04,2.16683,0.51282,0.63439,0.07930,0.06975,0.06083,0.04892,0.54293,0.26405,0.27888,7.60054,13.19931,0,7.83,25445.6
173200,577,1.692e-04,1.40509,0.07305,0.54008,0.06503,0.05171,0.04255,0.04076,0.43214,0.17561,0.25652,8.27851,7.40202,0,7.88,25458.3
173300,577,1.692e-04,2.03718,0.22061,0.65092,0.08856,0.07949,0.06911,0.06105,0.66522,0.46635,0.19887,9.60059,9.06456,0,7.82,25471.1
173400,578,1.688e-04,1.71769,0.36633,0.06205,0.07568,0.11041,0.04855,0.09500,0.72590,0.33121,0.39469,8.94825,17.95004,0,7.86,25483.8
173500,578,1.688e-04,1.40168,0.26086,0.19418,0.06942,0.06236,0.06716,0.04794,0.40712,0.20450,0.20262,8.01281,6.91830,0,7.72,25496.7
173600,578,1.688e-04,1.63106,0.36139,0.25503,0.06163,0.07649,0.07571,0.05389,0.46647,0.02979,0.43668,9.68171,6.59332,0,7.69,25509.7
173700,579,1.684e-04,1.72581,0.21953,0.48901,0.06478,0.08323,0.05808,0.05281,0.90408,0.20537,0.69870,11.99984,17.25622,0,7.83,25522.5
173800,579,1.684e-04,1.29229,0.26593,0.38239,0.03577,0.05170,0.04035,0.04229,0.35537,0.12353,0.23185,7.36044,12.54553,0,8.01,25535.0
173900,579,1.684e-04,1.82984,0.36791,0.60822,0.06718,0.05530,0.04752,0.04901,0.39638,0.23452,0.16187,17.32418,7.08326,0,7.68,25548.0
174000,580,1.680e-04,2.24035,0.35100,0.50893,0.06112,0.11171,0.04635,0.16017,0.49818,0.21619,0.28199,17.17753,12.55945,0,1.51,25614.2
174100,580,1.680e-04,2.39212,0.50181,0.63778,0.06474,0.11582,0.05075,0.08913,0.32721,0.13891,0.18831,12.51421,14.90523,0,7.38,25627.8
174200,580,1.680e-04,1.44042,0.15449,0.34293,0.06122,0.07050,0.05926,0.05451,0.40006,0.10578,0.29427,7.08497,11.18425,0,7.77,25640.6
174300,581,1.676e-04,1.47743,0.30576,0.15339,0.05992,0.07470,0.08774,0.05034,0.64669,0.23061,0.41607,13.33429,13.54906,0,7.89,25653.3
174400,581,1.676e-04,1.93365,0.25382,0.50074,0.04076,0.12228,0.04358,0.10197,0.34429,0.23413,0.11016,9.85332,9.62509,0,7.76,25666.2
174500,581,1.676e-04,1.54592,0.15962,0.49374,0.05759,0.06343,0.05943,0.05556,0.39851,0.10092,0.29759,10.93924,16.07588,0,7.82,25679.0
174600,582,1.672e-04,1.52074,0.20595,0.37522,0.05719,0.08375,0.03753,0.05642,0.28073,0.14648,0.13424,29.21884,6.59850,0,7.74,25691.9
174700,582,1.672e-04,1.51011,0.45548,0.06521,0.06432,0.07556,0.05498,0.06103,0.51552,0.13440,0.38112,6.36808,8.49662,0,7.65,25705.0
174800,582,1.672e-04,1.42008,0.20562,0.55481,0.05526,0.03979,0.04105,0.03271,0.45928,0.27850,0.18077,8.95803,6.70539,0,7.65,25718.0
174900,583,1.668e-04,1.79802,0.32391,0.27279,0.07217,0.09880,0.05867,0.07993,0.51110,0.19134,0.31976,9.66938,9.49587,0,7.71,25731.0
175000,583,1.668e-04,1.49549,0.38472,0.19704,0.06535,0.06371,0.04353,0.06385,0.40524,0.14860,0.25663,8.84369,10.11392,0,7.71,25744.0
175100,583,1.668e-04,1.60913,0.03916,0.90134,0.04335,0.05010,0.04421,0.03634,0.25558,0.22165,0.03394,10.61506,15.83220,0,7.73,25756.9
175200,584,1.664e-04,1.57589,0.29283,0.26081,0.06063,0.08612,0.04165,0.07374,0.46883,0.28398,0.18485,7.32925,13.32362,0,7.77,25769.8
175300,584,1.664e-04,1.92302,0.53311,0.39959,0.05433,0.07785,0.06561,0.06615,0.51352,0.26037,0.25316,12.11664,16.31966,0,7.80,25782.6
175400,584,1.664e-04,2.28875,0.50194,0.75230,0.07192,0.06508,0.07380,0.06602,0.45447,0.10354,0.35093,8.91614,12.44389,0,7.72,25795.5
175500,585,1.660e-04,1.22957,0.20105,0.19525,0.07735,0.04011,0.06596,0.03242,0.37029,0.25803,0.11226,8.29814,14.74371,0,7.88,25808.2
175600,585,1.660e-04,2.56596,0.33200,1.06921,0.05755,0.10007,0.04622,0.10444,0.34723,0.14251,0.20472,20.41455,8.59151,0,7.80,25821.1
175700,585,1.660e-04,1.66268,0.35074,0.28577,0.08791,0.06035,0.07001,0.04394,0.33863,0.08473,0.25390,11.95265,7.32349,0,7.73,25834.0
175800,586,1.656e-04,1.66440,0.30777,0.31294,0.07822,0.07691,0.06975,0.03746,0.46917,0.11086,0.35831,10.46651,14.34793,0,7.88,25846.7
175900,586,1.656e-04,1.83903,0.17003,0.67381,0.04970,0.09159,0.05603,0.05946,0.32863,0.13909,0.18954,15.63595,7.46823,0,7.86,25859.4
176000,586,1.656e-04,1.76995,0.27774,0.50879,0.03898,0.10032,0.02995,0.08482,0.37797,0.11654,0.26143,8.86142,10.82139,0,8.20,25871.6
176100,587,1.652e-04,2.25851,0.48818,0.53826,0.06099,0.11812,0.03400,0.10061,0.30704,0.09112,0.21592,17.07208,9.38872,0,8.11,25883.9
176200,587,1.652e-04,1.69598,0.25796,0.70455,0.04964,0.05301,0.04429,0.04381,0.18450,0.10578,0.07872,13.85611,6.94288,0,7.78,25896.8
176300,587,1.652e-04,1.73854,0.22048,0.52987,0.05587,0.07348,0.04940,0.08718,0.39090,0.27010,0.12080,12.62021,10.28139,0,7.85,25909.5
176400,588,1.648e-04,1.84315,0.34895,0.49549,0.05822,0.07459,0.04633,0.08753,0.45649,0.13788,0.31861,21.58822,11.57419,0,8.19,25921.7
176500,588,1.648e-04,2.02778,0.26922,0.52574,0.07176,0.10738,0.05673,0.07811,0.42627,0.19879,0.22748,25.02347,9.27582,0,7.68,25934.8
176600,588,1.648e-04,2.42698,0.23723,0.41486,0.06930,0.15741,0.05918,0.19735,0.40391,0.18472,0.21919,14.45046,13.49576,0,7.90,25947.4
176700,589,1.644e-04,1.34415,0.19583,0.21421,0.04878,0.07388,0.03942,0.08891,0.24232,0.08459,0.15774,11.60515,7.73780,0,7.83,25960.2
176800,589,1.644e-04,2.41648,0.49444,0.70442,0.08187,0.10806,0.03765,0.06955,0.47056,0.19545,0.27511,17.70266,12.08455,0,7.88,25972.9
176900,589,1.644e-04,1.75028,0.36327,0.45893,0.06785,0.06964,0.05074,0.04551,0.77056,0.42445,0.34611,10.44862,16.41039,0,7.87,25985.6
177000,590,1.640e-04,1.94594,0.25108,0.62424,0.06389,0.08627,0.05746,0.07046,0.40806,0.24603,0.16203,14.46899,14.15927,0,1.49,26052.6
177100,590,1.640e-04,1.51264,0.42013,0.19373,0.05036,0.07275,0.05364,0.05964,0.34391,0.15695,0.18696,10.20554,9.14512,0,7.43,26066.0
177200,590,1.640e-04,1.92127,0.33230,0.40356,0.06526,0.09451,0.05171,0.10289,0.55350,0.31423,0.23928,16.79242,10.75796,0,7.80,26078.8
177300,591,1.636e-04,1.71702,0.22056,0.38749,0.07029,0.09449,0.04985,0.06416,0.53738,0.16833,0.36905,9.51231,10.55799,0,7.96,26091.4
177400,591,1.636e-04,1.93308,0.58141,0.45447,0.05855,0.06115,0.04671,0.07279,0.36940,0.13881,0.23060,21.47601,10.79638,0,7.84,26104.2
177500,591,1.636e-04,1.83964,0.29744,0.67108,0.04555,0.08363,0.03398,0.05612,0.51103,0.12547,0.38556,12.30274,10.51579,0,7.89,26116.8
177600,592,1.632e-04,1.52268,0.29040,0.46152,0.04945,0.05601,0.04570,0.05168,0.38707,0.13431,0.25276,14.35459,4.99366,0,8.07,26129.2
177700,592,1.632e-04,1.18084,0.10754,0.30026,0.05219,0.06290,0.04000,0.03903,0.30290,0.22565,0.07724,8.42221,9.76671,0,7.81,26142.0
177800,592,1.632e-04,1.48749,0.31580,0.13722,0.06137,0.08818,0.04489,0.06979,0.64568,0.39217,0.25351,9.90327,12.42911,0,7.86,26154.7
177900,593,1.628e-04,1.78423,0.38663,0.43932,0.06263,0.07300,0.05965,0.05240,0.59912,0.33640,0.26272,11.53081,11.28778,0,7.74,26167.7
178000,593,1.628e-04,3.54137,0.46823,0.65524,0.07165,0.25752,0.06015,0.24866,0.29075,0.17650,0.11425,12.28727,8.65058,0,7.94,26180.3
178100,593,1.628e-04,1.78726,0.55432,0.46932,0.05038,0.05845,0.04057,0.04722,0.33472,0.08157,0.25315,15.11910,6.70031,0,7.76,26193.2
178200,594,1.624e-04,2.56912,0.10797,0.99639,0.06324,0.13957,0.05643,0.12385,0.24466,0.05781,0.18685,28.49521,17.78233,0,7.80,26206.0
178300,594,1.624e-04,2.02006,0.40706,0.31366,0.09478,0.09174,0.08574,0.06095,0.53862,0.23776,0.30086,12.42760,13.18885,0,7.99,26218.5
178400,594,1.624e-04,2.60599,0.54422,0.46947,0.08263,0.13387,0.07254,0.13139,0.27412,0.08892,0.18521,10.48247,8.39082,0,8.02,26230.9
178500,595,1.620e-04,2.68589,0.56958,0.99557,0.05286,0.11232,0.03828,0.07966,0.31341,0.14112,0.17230,14.31108,8.38661,0,7.78,26243.8
178600,595,1.620e-04,2.07707,0.31171,0.45146,0.08007,0.10479,0.07214,0.08370,0.36940,0.15083,0.21857,10.87861,10.46976,0,7.78,26256.7
178700,595,1.620e-04,1.79173,0.18009,0.54678,0.06687,0.09714,0.05507,0.04285,0.32146,0.14055,0.18091,10.72111,8.38114,0,7.87,26269.4
178800,596,1.616e-04,2.01954,0.34739,0.27240,0.05202,0.14122,0.04007,0.13335,0.49808,0.25468,0.24340,12.41341,10.28168,0,7.75,26282.3
178900,596,1.616e-04,1.68279,0.20755,0.54922,0.08639,0.03765,0.07479,0.04754,0.32430,0.10346,0.22084,15.11608,6.67746,0,7.84,26295.0
179000,596,1.616e-04,1.72204,0.39121,0.23584,0.05152,0.09462,0.06167,0.08404,0.30778,0.16637,0.14142,16.41465,7.07401,0,8.68,26306.5
179100,597,1.612e-04,2.28285,0.30522,0.78935,0.07788,0.08376,0.08463,0.06740,0.14886,0.05300,0.09586,16.25265,5.05322,0,8.97,26317.7
179200,597,1.612e-04,1.94833,0.09314,0.76231,0.08307,0.05250,0.08099,0.08502,0.17536,0.04703,0.12833,16.95123,5.50544,0,8.56,26329.4
179300,597,1.612e-04,2.25492,0.62172,0.52983,0.08788,0.07183,0.06844,0.05349,0.32450,0.13691,0.18758,13.84742,9.03987,0,7.78,26342.2
179400,598,1.608e-04,1.69527,0.51234,0.43991,0.05305,0.05213,0.04153,0.04531,0.39725,0.15215,0.24510,12.70721,8.69668,0,7.72,26355.2
179500,598,1.608e-04,2.31133,0.62923,0.55111,0.05430,0.10546,0.04537,0.08751,0.24764,0.14277,0.10487,15.01305,7.55011,0,7.94,26367.8
179600,598,1.608e-04,1.71316,0.41349,0.52472,0.05682,0.04671,0.04206,0.06086,0.36656,0.14675,0.21981,14.20741,7.67981,0,7.93,26380.4
179700,599,1.604e-04,1.67956,0.40543,0.45064,0.05499,0.06408,0.04614,0.04512,0.39114,0.10879,0.28235,21.84658,10.97932,0,7.86,26393.1
179800,599,1.604e-04,1.48683,0.27103,0.33415,0.07014,0.04764,0.05735,0.05975,0.42755,0.16409,0.26345,9.56061,8.29317,0,7.77,26405.9
179900,599,1.604e-04,2.41810,0.39112,1.06309,0.07801,0.05561,0.06617,0.05214,0.26751,0.10187,0.16564,12.60119,6.80716,0,7.78,26418.8
180000,600,1.600e-04,1.44725,0.26085,0.39262,0.05064,0.06459,0.03655,0.05050,0.35558,0.13805,0.21752,7.01305,13.05524,0,1.48,26486.5
180100,600,1.600e-04,1.90868,0.54466,0.30556,0.06303,0.08925,0.05397,0.06485,0.36666,0.20363,0.16302,16.12267,8.69110,0,7.39,26500.0
180200,600,1.600e-04,1.55588,0.28629,0.41448,0.06370,0.05321,0.06249,0.04572,0.25173,0.13405,0.11768,9.19330,6.33317,0,7.74,26512.9
180300,601,1.596e-04,2.54294,0.95934,0.38009,0.09047,0.08203,0.08130,0.05511,0.21894,0.11391,0.10503,17.69393,7.57233,0,7.98,26525.5
180400,601,1.596e-04,1.93793,0.18751,0.50411,0.06737,0.11877,0.03989,0.08636,0.54374,0.17005,0.37369,11.03388,11.68992,0,8.06,26537.9
180500,601,1.596e-04,1.56024,0.50111,0.16836,0.05935,0.06165,0.05723,0.05709,0.42528,0.18619,0.23910,7.67494,11.57703,0,8.56,26549.6
180600,602,1.592e-04,2.41831,0.31178,0.98453,0.06971,0.09617,0.04606,0.07099,0.31724,0.07864,0.23861,19.05325,11.39538,0,8.55,26561.2
180700,602,1.592e-04,1.89294,0.51875,0.37415,0.04656,0.08382,0.04251,0.09675,0.45415,0.25470,0.19945,7.75962,12.62041,0,8.04,26573.7
180800,602,1.592e-04,3.03669,0.50297,0.79798,0.05575,0.17385,0.04331,0.19180,0.14054,0.07912,0.06142,23.40291,6.75236,0,7.87,26586.4
180900,603,1.588e-04,2.47803,0.36931,0.90034,0.09567,0.07230,0.07477,0.07262,0.35893,0.17040,0.18852,10.29176,9.70525,0,8.20,26598.6
181000,603,1.588e-04,2.11303,0.30898,0.79216,0.07319,0.06264,0.06015,0.07296,0.46643,0.24065,0.22579,20.95238,8.08795,0,7.84,26611.3
181100,603,1.588e-04,1.81780,0.50371,0.31119,0.07369,0.05887,0.06429,0.07175,0.58126,0.41054,0.17072,15.09912,17.13578,0,7.86,26624.1
181200,604,1.584e-04,1.67921,0.17063,0.49219,0.06980,0.07536,0.05618,0.06005,0.47124,0.22974,0.24150,9.79461,8.13836,0,7.90,26636.7
181300,604,1.584e-04,1.59410,0.48308,0.15785,0.05869,0.07596,0.04260,0.06938,0.42894,0.25300,0.17594,13.25020,9.18079,0,7.84,26649.5
181400,604,1.584e-04,2.35964,0.27635,0.67237,0.04096,0.14129,0.03093,0.16894,0.43724,0.20712,0.23012,13.59684,14.48609,0,7.94,26662.1
181500,605,1.580e-04,2.02629,0.56399,0.52953,0.05228,0.08199,0.04087,0.06370,0.23644,0.03510,0.20134,17.98094,5.04154,0,7.87,26674.8
181600,605,1.580e-04,1.51951,0.28285,0.41009,0.05958,0.06564,0.04765,0.03253,0.22330,0.08371,0.13959,16.93888,7.40356,0,7.94,26687.4
181700,605,1.580e-04,1.48448,0.45807,0.15071,0.05684,0.07081,0.04369,0.05129,0.56436,0.29727,0.26709,9.62124,20.50650,0,7.80,26700.2
181800,606,1.576e-04,1.36032,0.27267,0.38826,0.03951,0.05853,0.03624,0.04743,0.47015,0.16438,0.30577,18.06400,11.82291,0,7.80,26713.0
181900,606,1.576e-04,1.61702,0.30153,0.39695,0.04917,0.08632,0.03802,0.05842,0.65572,0.12121,0.53451,10.12171,17.45827,0,8.07,26725.4
182000,606,1.576e-04,2.12357,0.42497,0.55334,0.08069,0.08271,0.05431,0.07699,0.40820,0.23585,0.17235,14.68884,8.63920,0,7.96,26737.9
182100,607,1.572e-04,1.61726,0.33224,0.14315,0.06363,0.10837,0.05209,0.06066,0.42152,0.29202,0.12951,8.66569,8.35141,0,7.77,26750.8
182200,607,1.572e-04,1.80788,0.18250,0.79968,0.04224,0.06277,0.05234,0.06794,0.32674,0.16203,0.16470,9.36152,8.68312,0,7.94,26763.4
182300,607,1.572e-04,2.35516,0.25479,0.85975,0.05453,0.13844,0.04260,0.06770,0.56039,0.23338,0.32700,13.30641,9.77014,0,7.94,26776.0
182400,608,1.568e-04,2.57640,0.28896,0.80145,0.05327,0.15387,0.05195,0.12818,0.44563,0.16971,0.27592,15.11650,8.33573,0,7.87,26788.7
182500,608,1.568e-04,1.62081,0.31893,0.35372,0.06541,0.06404,0.08791,0.03247,0.46876,0.19823,0.27053,10.80298,8.24120,0,7.76,26801.6
182600,608,1.568e-04,2.50128,0.29792,1.15012,0.06231,0.08734,0.06161,0.06040,0.36025,0.14621,0.21404,23.35085,13.93242,0,7.84,26814.4
182700,609,1.564e-04,1.72504,0.22343,0.55631,0.05430,0.07815,0.04359,0.06962,0.25684,0.12095,0.13589,14.35450,7.26739,0,7.92,26827.0
182800,609,1.564e-04,2.09067,0.56160,0.53375,0.06560,0.07439,0.06199,0.05616,0.50596,0.16505,0.34091,10.20136,12.42996,0,7.82,26839.8
182900,609,1.564e-04,2.09561,0.16593,0.99474,0.06044,0.06766,0.06007,0.05770,0.24096,0.05892,0.18204,18.73614,7.29155,0,7.86,26852.5
183000,610,1.560e-04,1.81370,0.44617,0.45569,0.05161,0.07167,0.05120,0.06698,0.42827,0.23053,0.19775,16.14398,15.47653,0,1.42,26922.9
183100,610,1.560e-04,1.45269,0.24364,0.18627,0.07164,0.07183,0.05584,0.06634,0.34558,0.10041,0.24517,9.05397,7.93052,0,7.41,26936.4
183200,610,1.560e-04,1.57674,0.39350,0.22503,0.06704,0.06750,0.05560,0.05860,0.51795,0.25879,0.25916,3.86615,11.01380,0,8.27,26948.5
183300,611,1.556e-04,2.62706,0.42539,0.80583,0.04558,0.18517,0.03552,0.06131,0.45029,0.08308,0.36722,21.08016,13.20900,0,9.70,26958.8
183400,611,1.556e-04,1.72570,0.28584,0.60393,0.06268,0.04794,0.05604,0.05710,0.55429,0.24765,0.30665,13.51753,11.56122,0,8.80,26970.1
183500,611,1.556e-04,1.69204,0.14746,0.56551,0.06015,0.07845,0.05457,0.05986,0.36440,0.28986,0.07453,11.88722,11.65522,0,7.70,26983.1
183600,612,1.552e-04,1.98413,0.38306,0.62238,0.07672,0.07108,0.06849,0.02739,0.37731,0.11667,0.26064,22.63218,8.52883,0,7.91,26995.8
183700,612,1.552e-04,1.59421,0.34836,0.33881,0.04521,0.07849,0.05476,0.06066,0.41069,0.05805,0.35264,6.87289,9.08295,0,7.82,27008.5
183800,612,1.552e-04,1.83502,0.12020,0.38837,0.04160,0.17041,0.03540,0.07117,0.31237,0.15743,0.15495,23.68647,7.40796,0,8.38,27020.5
183900,613,1.548e-04,1.64516,0.15836,0.54916,0.06352,0.07322,0.05103,0.05054,0.21546,0.10154,0.11392,15.09606,6.53874,0,8.11,27032.8
184000,613,1.548e-04,1.45374,0.18508,0.31721,0.06224,0.06941,0.05286,0.06444,0.24455,0.15665,0.08790,10.24522,11.12405,0,7.80,27045.6
184100,613,1.548e-04,2.04362,0.47669,0.57839,0.05571,0.08866,0.05090,0.05578,0.21376,0.10162,0.11214,16.19919,7.84482,0,8.04,27058.1
184200,614,1.544e-04,1.34921,0.02699,0.29023,0.06250,0.08300,0.04753,0.07429,0.57588,0.20683,0.36904,8.10124,12.51342,0,8.11,27070.4
184300,614,1.544e-04,1.68005,0.29588,0.41268,0.06585,0.07859,0.04791,0.05181,0.52027,0.18752,0.33275,20.92722,13.20496,0,8.78,27081.8
184400,614,1.544e-04,1.44879,0.36482,0.24010,0.04186,0.06866,0.04329,0.07322,0.63572,0.22082,0.41491,13.80172,9.21371,0,8.16,27094.0
184500,615,1.540e-04,2.40251,0.53918,0.58131,0.07988,0.10335,0.06005,0.08630,0.30472,0.11987,0.18485,13.41401,6.91908,0,8.03,27106.5
184600,615,1.540e-04,2.05843,0.29462,0.31421,0.07458,0.12705,0.07022,0.10636,0.47503,0.28384,0.19118,12.19512,12.15705,0,7.89,27119.2
184700,615,1.540e-04,1.93056,0.50579,0.77193,0.04743,0.04542,0.03511,0.04033,0.35677,0.12738,0.22939,14.81888,12.23815,0,7.89,27131.8
184800,616,1.536e-04,1.96662,0.15201,1.04071,0.06318,0.04695,0.05758,0.03172,0.46333,0.22666,0.23667,13.03262,13.94278,0,7.84,27144.6
184900,616,1.536e-04,1.78271,0.20949,0.56704,0.06790,0.07815,0.05040,0.05997,0.40659,0.21090,0.19569,14.94365,10.62323,0,7.77,27157.5
185000,616,1.536e-04,1.76300,0.16268,0.82909,0.06161,0.05386,0.04370,0.03386,0.26341,0.17519,0.08821,13.03509,8.80735,0,7.89,27170.1
185100,617,1.532e-04,2.08263,0.68294,0.42608,0.05221,0.09349,0.04692,0.05112,0.35760,0.09304,0.26456,14.96357,8.71009,0,8.11,27182.5
185200,617,1.532e-04,2.49613,0.47440,0.30335,0.05161,0.17597,0.04883,0.18337,0.36906,0.10312,0.26594,15.78911,9.93714,0,8.23,27194.6
185300,617,1.532e-04,1.64096,0.17810,0.43197,0.06375,0.08685,0.04813,0.06302,0.27279,0.13121,0.14158,8.93375,7.93505,0,7.98,27207.2
185400,618,1.528e-04,1.92140,0.36334,0.13551,0.08249,0.13061,0.06974,0.07307,0.39174,0.15671,0.23503,13.20538,10.75353,0,7.92,27219.8
185500,618,1.528e-04,1.67304,0.38839,0.42596,0.03817,0.06965,0.06555,0.06228,0.38398,0.16052,0.22346,11.76275,8.38621,0,8.17,27232.0
185600,618,1.528e-04,2.20437,0.24559,0.35368,0.04607,0.17322,0.05402,0.14944,0.30910,0.20730,0.10180,10.16354,9.99572,0,7.79,27244.9
185700,619,1.524e-04,1.63918,0.10711,0.71264,0.05575,0.06191,0.04859,0.04386,0.28342,0.15718,0.12625,10.22532,7.38498,0,7.80,27257.7
185800,619,1.524e-04,1.84548,0.35080,0.54401,0.08288,0.05196,0.06649,0.04410,0.25615,0.11913,0.13702,10.60544,12.63961,0,7.91,27270.3
185900,619,1.524e-04,2.14207,0.79296,0.51979,0.06539,0.04850,0.06506,0.03890,0.27426,0.09421,0.18005,20.91457,8.71300,0,7.87,27283.0
186000,620,1.520e-04,1.93040,0.38278,0.36782,0.07807,0.09467,0.07147,0.05498,0.26230,0.08795,0.17435,14.25041,9.92878,0,1.51,27349.1
186100,620,1.520e-04,1.86267,0.53131,0.12899,0.05589,0.12152,0.04644,0.07969,0.24701,0.05669,0.19032,11.87207,5.77971,0,6.93,27363.5
186200,620,1.520e-04,2.16189,0.43111,0.87723,0.06431,0.05600,0.05717,0.04363,0.33135,0.19737,0.13399,13.43894,8.69287,0,7.74,27376.4
186300,621,1.516e-04,1.61844,0.41056,0.31303,0.05097,0.07626,0.04905,0.05443,0.30899,0.15963,0.14936,13.90846,8.05216,0,7.69,27389.4
186400,621,1.516e-04,1.79609,0.37809,0.21036,0.08403,0.08620,0.07126,0.07133,0.29585,0.07779,0.21806,18.50843,9.28435,0,7.80,27402.2
186500,621,1.516e-04,1.58196,0.40927,0.29901,0.04188,0.08222,0.03730,0.06398,0.24294,0.16326,0.07968,8.43174,10.50359,0,8.08,27414.6
186600,622,1.512e-04,1.40841,0.12414,0.31514,0.05707,0.08170,0.03995,0.07017,0.36333,0.19270,0.17063,10.75577,12.69263,0,7.95,27427.2
186700,622,1.512e-04,1.63164,0.32033,0.44871,0.05147,0.06454,0.05115,0.06187,0.38570,0.22028,0.16542,13.16455,17.61090,0,8.51,27438.9
186800,622,1.512e-04,1.82906,0.18763,0.72681,0.05866,0.06889,0.04921,0.06155,0.61823,0.43126,0.18696,16.88482,14.02064,0,8.13,27451.2
186900,623,1.508e-04,2.46080,0.65790,0.80017,0.03685,0.08339,0.05613,0.10448,0.23405,0.06653,0.16752,16.79955,8.64856,0,8.05,27463.6
187000,623,1.508e-04,1.57539,0.33635,0.50434,0.05072,0.05514,0.04226,0.03989,0.52390,0.21328,0.31062,17.00846,10.22406,0,8.32,27475.7
187100,623,1.508e-04,2.03847,0.07067,0.84135,0.06472,0.08986,0.06066,0.08076,0.47759,0.16188,0.31571,14.31412,17.17348,0,8.55,27487.4
187200,624,1.504e-04,2.07747,0.71886,0.43130,0.04140,0.08523,0.03346,0.08421,0.43474,0.05752,0.37723,13.11289,11.11349,0,8.02,27499.8
187300,624,1.504e-04,1.69509,0.37413,0.47916,0.06397,0.04295,0.05369,0.06920,0.24684,0.16804,0.07880,16.31486,7.90686,0,8.28,27511.9
187400,624,1.504e-04,1.78054,0.39719,0.32993,0.05714,0.09343,0.05112,0.06910,0.54240,0.17994,0.36246,30.39436,9.11039,0,7.80,27524.7
187500,625,1.500e-04,1.55796,0.45902,0.35798,0.07199,0.04016,0.04292,0.02915,0.36888,0.15791,0.21097,23.13329,17.24787,0,7.92,27537.4
187600,625,1.500e-04,1.45504,0.27739,0.31925,0.05750,0.06833,0.03934,0.05235,0.35955,0.17236,0.18720,19.19993,10.04479,0,8.01,27549.8
187700,625,1.500e-04,2.29124,0.28707,0.34378,0.08552,0.15159,0.07027,0.11966,0.43666,0.18023,0.25643,16.24403,16.80742,0,7.94,27562.4
187800,626,1.496e-04,1.83255,0.37203,0.59549,0.06223,0.05262,0.05328,0.06304,0.22821,0.07436,0.15386,11.27501,9.21607,0,7.92,27575.0
187900,626,1.496e-04,1.86262,0.33304,0.80877,0.04597,0.04835,0.06231,0.03737,0.44371,0.21275,0.23096,13.03468,13.91858,0,7.79,27587.9
188000,626,1.496e-04,2.36592,0.55783,0.59468,0.07361,0.10215,0.05781,0.07605,0.27971,0.12441,0.15530,15.18979,7.28130,0,7.86,27600.6
188100,627,1.492e-04,2.54371,0.64813,0.26716,0.09134,0.14524,0.07750,0.10072,0.55962,0.34917,0.21045,19.16087,18.55132,0,7.85,27613.3
188200,627,1.492e-04,1.56540,0.32800,0.45006,0.05069,0.05748,0.04791,0.05068,0.44712,0.14688,0.30025,14.45661,6.14815,0,7.81,27626.1
188300,627,1.492e-04,1.37094,0.23640,0.26979,0.06192,0.05280,0.04564,0.07083,0.41189,0.21496,0.19693,10.32498,9.84350,0,7.82,27638.9
188400,628,1.488e-04,2.12525,0.52141,0.50369,0.07111,0.09139,0.04055,0.07451,0.46842,0.18611,0.28231,14.25031,14.36086,0,7.78,27651.8
188500,628,1.488e-04,1.88136,0.31191,0.49245,0.05906,0.09641,0.04796,0.07188,0.50752,0.20766,0.29985,12.73886,11.12387,0,7.83,27664.5
188600,628,1.488e-04,1.93261,0.34719,0.62580,0.06878,0.06568,0.06021,0.05472,0.41443,0.22031,0.19412,16.11921,7.37517,0,7.81,27677.3
188700,629,1.484e-04,2.76448,0.31644,1.21471,0.06971,0.11012,0.05804,0.07563,0.22902,0.06347,0.16555,21.90422,5.59121,0,8.05,27689.8
188800,629,1.484e-04,1.22684,0.04653,0.38431,0.06810,0.04454,0.04674,0.04637,0.26776,0.14404,0.12372,8.59920,12.08196,0,7.83,27702.5
188900,629,1.484e-04,1.97544,0.33167,0.78238,0.04415,0.07827,0.04171,0.05801,0.45889,0.22141,0.23748,9.54636,10.26911,0,7.95,27715.1
189000,630,1.480e-04,1.49158,0.19063,0.42505,0.05785,0.07102,0.03977,0.05283,0.40292,0.17076,0.23216,12.39876,12.19748,0,1.49,27782.1
189100,630,1.480e-04,1.74874,0.38633,0.15929,0.05783,0.12803,0.05349,0.05604,0.25436,0.15554,0.09882,14.70770,7.23641,0,7.44,27795.6
189200,630,1.480e-04,1.83407,0.20629,0.79551,0.06072,0.05671,0.05929,0.03875,0.60811,0.28813,0.31999,9.33885,13.07384,0,7.91,27808.2
189300,631,1.476e-04,1.98672,0.45459,0.65412,0.05676,0.06265,0.06060,0.05179,0.45813,0.09232,0.36581,13.76959,12.02104,0,7.96,27820.8
189400,631,1.476e-04,1.66394,0.40512,0.49609,0.04587,0.05988,0.04967,0.04394,0.80139,0.42006,0.38133,14.99865,17.64486,0,7.89,27833.5
189500,631,1.476e-04,1.95202,0.38571,0.43077,0.05000,0.11057,0.03862,0.09445,0.30433,0.10568,0.19864,11.88848,8.20893,0,7.91,27846.1
189600,632,1.472e-04,1.99896,0.98983,0.05467,0.06337,0.06457,0.04458,0.08132,0.45571,0.14840,0.30731,23.43176,19.48288,0,7.88,27858.8
189700,632,1.472e-04,2.32580,0.16278,0.79599,0.06209,0.13100,0.04257,0.11805,0.53171,0.36016,0.17155,14.89679,11.72546,0,7.79,27871.6
189800,632,1.472e-04,2.30726,0.49717,0.84108,0.04539,0.08393,0.04704,0.08194,0.43922,0.21889,0.22033,19.13714,11.29641,0,7.78,27884.5
189900,633,1.468e-04,1.77693,0.38915,0.32624,0.06839,0.08197,0.05796,0.06593,0.34585,0.10354,0.24231,9.50026,8.08139,0,7.78,27897.3
190000,633,1.468e-04,1.80192,0.17798,0.65946,0.06875,0.06987,0.06223,0.04631,0.66642,0.46607,0.20035,13.18988,14.10946,0,7.80,27910.2
190100,633,1.468e-04,2.54050,0.36337,0.73967,0.07185,0.08506,0.20894,0.05222,0.34091,0.20882,0.13209,10.64767,10.06988,0,8.53,27921.9
190200,634,1.464e-04,2.33228,0.30325,0.94726,0.06769,0.09258,0.04880,0.06336,0.25810,0.12786,0.13024,16.81204,7.69926,0,7.94,27934.5
190300,634,1.464e-04,1.53719,0.19799,0.52191,0.04937,0.07298,0.03339,0.04884,0.52540,0.15622,0.36918,7.21222,8.36171,0,8.04,27946.9
190400,634,1.464e-04,1.17254,0.14611,0.09079,0.05273,0.07844,0.03478,0.07713,0.40606,0.18031,0.22575,6.60428,9.05703,0,8.37,27958.8
190500,635,1.460e-04,1.40105,0.07516,0.20045,0.06030,0.10464,0.04371,0.07660,0.58694,0.18356,0.40337,7.38332,9.06925,0,8.77,27970.2
190600,635,1.460e-04,2.14763,0.77273,0.37951,0.05021,0.09741,0.04665,0.05627,0.73331,0.16348,0.56983,12.95399,11.11138,0,7.84,27983.0
190700,635,1.460e-04,1.81225,0.29690,0.39011,0.05907,0.09035,0.07177,0.07951,0.29041,0.09321,0.19720,8.50777,6.65289,0,7.86,27995.7
190800,636,1.456e-04,1.48627,0.37795,0.16077,0.06494,0.06450,0.05855,0.06159,0.42372,0.15318,0.27054,16.07939,8.62706,0,7.78,28008.6
190900,636,1.456e-04,2.20503,0.49176,0.33598,0.05947,0.13221,0.04339,0.12416,0.30205,0.18940,0.11265,21.02556,11.13864,0,7.88,28021.3
191000,636,1.456e-04,1.38212,0.27592,0.39800,0.04604,0.05389,0.04015,0.04327,0.45444,0.16294,0.29150,7.92875,7.74807,0,7.76,28034.2
191100,637,1.452e-04,1.87142,0.24720,0.61007,0.05722,0.08531,0.05347,0.06713,0.62862,0.25057,0.37805,15.87502,14.32421,0,8.27,28046.3
191200,637,1.452e-04,2.01214,0.72703,0.34040,0.05912,0.07804,0.04700,0.05655,0.26590,0.10926,0.15664,8.18955,12.96934,0,8.06,28058.7
191300,637,1.452e-04,1.83458,0.42789,0.48980,0.04786,0.07417,0.05040,0.07231,0.42025,0.24148,0.17877,18.99115,10.35618,0,7.78,28071.5
191400,638,1.448e-04,2.78271,0.79143,0.32532,0.05583,0.16613,0.05069,0.17178,0.48241,0.26947,0.21294,23.13350,13.59651,0,7.78,28084.4
191500,638,1.448e-04,1.36882,0.15254,0.24944,0.06721,0.07027,0.04687,0.06490,0.51383,0.31079,0.20304,11.88524,9.49055,0,7.95,28097.0
191600,638,1.448e-04,2.11633,0.67873,0.26362,0.09165,0.07367,0.07503,0.06392,0.34813,0.13918,0.20895,14.60617,8.06627,0,7.69,28110.0
191700,639,1.444e-04,1.63000,0.34147,0.26311,0.04204,0.09498,0.03050,0.10562,0.49779,0.30417,0.19362,9.74394,12.61055,0,7.77,28122.8
191800,639,1.444e-04,1.49709,0.41866,0.13327,0.06807,0.06820,0.05325,0.05227,0.53694,0.25313,0.28382,8.57662,15.23077,0,7.78,28135.7
191900,639,1.444e-04,1.61304,0.28198,0.57290,0.05667,0.04839,0.05776,0.03540,0.46395,0.19864,0.26531,9.02984,12.51912,0,7.75,28148.6
192000,640,1.440e-04,1.80303,0.32780,0.64005,0.04424,0.07730,0.03836,0.05263,0.56703,0.24756,0.31947,10.22304,10.99632,0,1.53,28213.8
192100,640,1.440e-04,1.57980,0.24706,0.45783,0.05129,0.07223,0.04522,0.05771,0.41369,0.17658,0.23711,12.91582,8.60520,0,7.55,28227.0
192200,640,1.440e-04,2.19757,0.26793,0.82027,0.10895,0.06485,0.05331,0.04283,0.63760,0.13468,0.50292,13.42579,12.79868,0,7.90,28239.7
192300,641,1.436e-04,1.74140,0.36777,0.41300,0.04611,0.09197,0.04111,0.06696,0.58533,0.14609,0.43924,11.42448,12.73931,0,7.66,28252.7
192400,641,1.436e-04,1.88837,0.38007,0.56447,0.07031,0.06556,0.05953,0.04627,0.33502,0.16099,0.17403,9.40600,8.76578,0,7.82,28265.5
192500,641,1.436e-04,3.51511,0.50425,1.95404,0.06912,0.09285,0.05493,0.04386,0.40213,0.33293,0.06920,45.04611,25.34848,0,8.19,28277.7
192600,642,1.432e-04,2.10729,0.34906,0.75790,0.07202,0.06128,0.07482,0.05871,0.39230,0.10023,0.29206,13.04583,10.24500,0,8.45,28289.6
192700,642,1.432e-04,2.38982,0.56289,0.74525,0.07262,0.08416,0.05579,0.06332,0.67897,0.41488,0.26409,11.56375,23.37421,0,7.94,28302.2
192800,642,1.432e-04,1.62124,0.13443,0.82321,0.03873,0.05186,0.04547,0.03878,0.65204,0.19030,0.46173,9.93237,12.61511,0,8.04,28314.6
192900,643,1.428e-04,2.30718,0.55216,0.68959,0.05821,0.09320,0.05444,0.06892,0.36238,0.05933,0.30305,16.76744,12.90059,0,7.83,28327.4
193000,643,1.428e-04,1.73616,0.25495,0.56883,0.04593,0.08305,0.04370,0.06328,0.52804,0.21592,0.31211,11.13601,10.87450,0,7.69,28340.4
193100,643,1.428e-04,1.83210,0.19750,0.62879,0.05219,0.08961,0.04275,0.07596,0.44726,0.21911,0.22815,13.08941,11.44549,0,7.95,28353.0
193200,644,1.424e-04,1.80064,0.45984,0.48833,0.06390,0.05747,0.05417,0.04407,0.15936,0.04963,0.10973,5.84713,8.49008,0,7.99,28365.5
193300,644,1.424e-04,2.40428,0.76990,0.39855,0.06978,0.09394,0.05499,0.11191,0.39084,0.19377,0.19707,15.03144,8.98655,0,7.84,28378.2
193400,644,1.424e-04,2.18395,0.27732,1.08678,0.04307,0.06894,0.03808,0.06584,0.24756,0.12604,0.12153,13.98868,10.46452,0,7.72,28391.2
193500,645,1.420e-04,1.59130,0.06854,0.49387,0.06206,0.08352,0.04824,0.07215,0.36155,0.10381,0.25775,9.28815,10.06045,0,7.76,28404.1
193600,645,1.420e-04,1.28010,0.14849,0.36429,0.04752,0.05580,0.04641,0.05388,0.29532,0.11995,0.17537,8.27579,7.12008,0,7.82,28416.9
193700,645,1.420e-04,2.27557,0.39564,0.58162,0.07417,0.11323,0.05187,0.09265,0.45970,0.24879,0.21091,12.95183,12.57230,0,7.75,28429.8
193800,646,1.416e-04,2.13260,0.38550,0.90863,0.03902,0.07629,0.03590,0.06887,0.32477,0.14193,0.18285,13.96956,9.44459,0,7.76,28442.7
193900,646,1.416e-04,1.65659,0.51245,0.35114,0.04038,0.07802,0.03067,0.04972,0.41980,0.15893,0.26087,11.12988,11.27964,0,7.66,28455.7
194000,646,1.416e-04,1.93993,0.58191,0.48906,0.04085,0.07535,0.03898,0.07619,0.34308,0.13848,0.20461,12.22873,10.83037,0,7.76,28468.6
194100,647,1.412e-04,1.39178,0.18913,0.46766,0.05712,0.04662,0.04494,0.04156,0.30209,0.09116,0.21093,10.32825,9.40357,0,7.89,28481.3
194200,647,1.412e-04,1.13405,0.09668,0.12323,0.04712,0.08086,0.04499,0.06470,0.38684,0.06614,0.32070,5.51794,16.06634,0,7.79,28494.1
194300,647,1.412e-04,1.52942,0.24382,0.52500,0.05978,0.05219,0.04492,0.03537,0.83924,0.31416,0.52508,25.94595,23.31455,0,7.70,28507.1
194400,648,1.408e-04,1.96525,0.61447,0.32462,0.06190,0.08945,0.05743,0.05034,0.40055,0.20677,0.19378,10.54681,22.98092,0,7.84,28519.9
194500,648,1.408e-04,1.22793,0.25655,0.29351,0.03518,0.06166,0.02830,0.04915,0.33659,0.10722,0.22938,5.94908,10.15192,0,7.83,28532.6
194600,648,1.408e-04,2.12471,0.31332,0.66762,0.06871,0.09771,0.04593,0.07874,0.37656,0.19888,0.17769,16.46124,13.15600,0,8.02,28545.1
194700,649,1.404e-04,1.61406,0.12997,0.43794,0.04470,0.10748,0.03424,0.07986,0.40555,0.13976,0.26580,15.20492,12.19581,0,8.03,28557.5
194800,649,1.404e-04,1.72506,0.71992,0.25483,0.05509,0.05178,0.03831,0.04807,0.57834,0.25256,0.32578,11.70968,14.75937,0,8.06,28570.0
194900,649,1.404e-04,1.45408,0.34420,0.32065,0.04670,0.06287,0.03218,0.06438,0.37141,0.12215,0.24926,8.20683,12.01016,0,7.78,28582.8
195000,650,1.400e-04,1.96201,0.27086,0.69194,0.06607,0.06666,0.05877,0.07544,0.32799,0.09506,0.23293,13.84494,7.92617,0,1.40,28654.2
195100,650,1.400e-04,1.73013,0.15694,0.50412,0.06411,0.09313,0.04878,0.06438,0.49345,0.22474,0.26871,11.96076,12.63329,0,7.42,28667.7
195200,650,1.400e-04,1.70661,0.05407,0.66885,0.05964,0.07833,0.05574,0.06181,0.47553,0.09746,0.37807,9.71696,9.58254,0,7.80,28680.5
195300,651,1.396e-04,1.65378,0.35849,0.39836,0.05615,0.07426,0.04231,0.05564,0.32423,0.10502,0.21920,12.32877,10.15277,0,8.33,28692.5
195400,651,1.396e-04,1.98990,0.32450,0.65062,0.05547,0.07177,0.04168,0.10975,0.32646,0.14795,0.17851,13.92687,9.05888,0,8.33,28704.5
195500,651,1.396e-04,2.06141,0.23854,0.40796,0.04191,0.16421,0.03626,0.11747,0.16220,0.03240,0.12980,13.84140,8.40560,0,8.19,28716.7
195600,652,1.392e-04,1.97106,0.46213,0.52335,0.05478,0.08081,0.05590,0.06715,0.33033,0.15675,0.17358,15.53870,14.48362,0,7.92,28729.3
195700,652,1.392e-04,2.17436,0.39815,0.33368,0.05141,0.14197,0.04391,0.14635,0.23172,0.10806,0.12366,10.31046,9.32650,0,8.09,28741.7
195800,652,1.392e-04,2.03231,0.27777,0.92312,0.06351,0.05339,0.05263,0.04615,0.48518,0.29711,0.18808,16.64118,13.68998,0,7.90,28754.4
195900,653,1.388e-04,2.07446,0.44413,0.60192,0.07383,0.07338,0.06361,0.05333,0.26313,0.06880,0.19434,10.89890,6.87579,0,7.90,28767.0
196000,653,1.388e-04,1.51954,0.06651,0.55417,0.07441,0.05321,0.05746,0.04686,0.24400,0.14455,0.09946,17.81985,11.69106,0,7.78,28779.9
196100,653,1.388e-04,2.65514,0.53519,1.12400,0.06319,0.07858,0.04527,0.06957,0.34120,0.10675,0.23445,15.93724,11.43780,0,7.76,28792.8
196200,654,1.384e-04,1.68818,0.38441,0.65871,0.03940,0.05166,0.03540,0.04050,0.31949,0.16548,0.15401,7.65791,11.98030,0,7.83,28805.5
196300,654,1.384e-04,1.63322,0.28721,0.28200,0.05217,0.10154,0.03567,0.08252,0.31297,0.12456,0.18841,8.00993,6.55894,0,7.75,28818.4
196400,654,1.384e-04,2.04392,0.43039,0.56468,0.06761,0.07172,0.06265,0.07824,0.17751,0.07732,0.10019,14.59762,8.46327,0,8.14,28830.7
196500,655,1.380e-04,1.77966,0.33139,0.66121,0.04298,0.06460,0.04127,0.05839,0.46003,0.29958,0.16044,8.69258,9.73971,0,8.07,28843.1
196600,655,1.380e-04,1.83045,0.34986,0.48585,0.05379,0.08798,0.04863,0.06572,0.46283,0.21823,0.24460,6.24216,12.54562,0,7.67,28856.2
196700,655,1.380e-04,1.76544,0.42513,0.64047,0.06203,0.04239,0.04406,0.02703,0.41349,0.18266,0.23083,15.22691,11.04024,0,7.74,28869.1
196800,656,1.376e-04,1.81455,0.08288,0.58756,0.07709,0.09362,0.06255,0.05368,0.42067,0.18792,0.23276,12.31428,11.89421,0,9.29,28879.8
196900,656,1.376e-04,1.90539,0.35255,0.60982,0.04328,0.08648,0.05139,0.06631,0.31395,0.06411,0.24984,7.78072,7.92111,0,7.72,28892.8
197000,656,1.376e-04,1.92716,0.38204,0.61188,0.05507,0.07639,0.03779,0.07258,0.36203,0.26664,0.09539,10.67383,12.24621,0,7.74,28905.7
197100,657,1.372e-04,1.53274,0.21563,0.24764,0.08813,0.04903,0.07184,0.08164,0.35191,0.17188,0.18004,8.73717,6.38437,0,7.83,28918.5
197200,657,1.372e-04,2.17878,0.31631,0.82018,0.06270,0.08872,0.05200,0.06208,0.40243,0.10762,0.29481,15.24193,13.46049,0,7.73,28931.4
197300,657,1.372e-04,1.78555,0.35596,0.41240,0.06715,0.07954,0.05775,0.05574,0.61613,0.16528,0.45086,9.42935,9.08033,0,7.78,28944.3
197400,658,1.368e-04,1.40603,0.20097,0.07865,0.05718,0.10510,0.04947,0.07655,0.62738,0.22522,0.40216,8.26427,11.70097,0,7.86,28957.0
197500,658,1.368e-04,1.71401,0.16997,0.68865,0.04517,0.08042,0.03099,0.06000,0.45322,0.23404,0.21918,12.03267,11.39553,0,7.96,28969.6
197600,658,1.368e-04,2.19322,0.64584,0.69271,0.05985,0.06661,0.04782,0.04113,0.54956,0.25844,0.29112,13.99518,24.63730,0,8.40,28981.5
197700,659,1.364e-04,2.17678,0.32370,0.51017,0.06249,0.10554,0.10841,0.09269,0.21790,0.10551,0.11239,16.18671,10.07805,0,8.06,28993.9
197800,659,1.364e-04,2.27052,0.39027,0.88378,0.06502,0.08063,0.06339,0.04390,0.23311,0.13528,0.09783,12.86155,9.44879,0,7.90,29006.5
197900,659,1.364e-04,2.06169,0.27587,0.66284,0.09145,0.06683,0.07590,0.05671,0.33668,0.06768,0.26900,14.40494,16.46084,0,7.94,29019.1
198000,660,1.360e-04,1.20315,0.32516,0.12757,0.05386,0.05559,0.04049,0.04079,0.36763,0.08689,0.28074,9.46982,7.44101,0,1.24,29099.5
198100,660,1.360e-04,1.89201,0.30694,0.62826,0.06338,0.07685,0.04984,0.05242,0.26813,0.12164,0.14649,24.48419,8.69757,0,7.64,29112.6
198200,660,1.360e-04,2.58411,0.17412,1.18469,0.06873,0.10631,0.05335,0.08670,0.27577,0.09119,0.18458,10.34015,6.49233,0,7.85,29125.3
198300,661,1.356e-04,2.71654,0.40709,0.62943,0.08219,0.14293,0.06972,0.15204,0.45039,0.12423,0.32617,16.14029,8.55485,0,7.81,29138.1
198400,661,1.356e-04,2.10570,0.27761,0.71129,0.04834,0.07965,0.05226,0.13847,0.32619,0.11595,0.21023,19.21776,11.64521,0,7.83,29150.9
198500,661,1.356e-04,1.87553,0.13046,0.77451,0.04645,0.08924,0.04463,0.07221,0.14938,0.05911,0.09027,9.76738,5.65525,0,7.86,29163.6
198600,662,1.352e-04,1.53133,0.31545,0.22933,0.05875,0.08794,0.03955,0.06171,0.39707,0.12739,0.26968,6.98468,10.22704,0,7.81,29176.4
198700,662,1.352e-04,1.90938,0.26961,0.71178,0.04305,0.09126,0.03567,0.06692,0.44176,0.07063,0.37113,11.72826,9.10388,0,7.72,29189.4
198800,662,1.352e-04,1.76421,0.21326,0.61730,0.04804,0.08370,0.04598,0.06398,0.27963,0.07539,0.20423,8.40262,6.03926,0,7.75,29202.3
198900,663,1.348e-04,2.28820,0.57118,0.93837,0.05032,0.06189,0.03922,0.04781,0.27272,0.05563,0.21709,13.68690,7.37404,0,7.91,29214.9
199000,663,1.348e-04,3.19490,0.28584,0.76079,0.04597,0.24794,0.03882,0.23267,0.55827,0.16784,0.39043,17.61996,12.22660,0,8.04,29227.3
199100,663,1.348e-04,2.12848,0.68560,0.33505,0.05539,0.10527,0.05226,0.06954,0.49391,0.17764,0.31627,13.99391,13.26420,0,7.74,29240.3
199200,664,1.344e-04,1.87096,0.26551,0.73132,0.06521,0.06720,0.05099,0.03383,0.32003,0.11823,0.20180,12.71080,7.64808,0,7.79,29253.1
199300,664,1.344e-04,1.86340,0.16341,0.77977,0.05775,0.07373,0.03822,0.06690,0.34746,0.09309,0.25437,9.66318,10.70831,0,8.14,29265.4
199400,664,1.344e-04,2.09746,0.48267,0.48230,0.06227,0.09716,0.05924,0.07490,0.58004,0.20438,0.37566,14.50963,16.36712,0,8.53,29277.1
199500,665,1.340e-04,1.60667,0.27878,0.33673,0.05614,0.09098,0.05172,0.05049,0.47835,0.20406,0.27429,8.97628,16.50018,0,7.88,29289.8
199600,665,1.340e-04,2.12000,0.15575,0.77623,0.05117,0.12288,0.04502,0.08209,0.60825,0.38261,0.22564,21.86722,11.54431,0,7.89,29302.5
199700,665,1.340e-04,1.46728,0.25129,0.39442,0.04899,0.06986,0.05021,0.04072,0.81089,0.40627,0.40463,16.07038,17.61569,0,7.87,29315.2
199800,666,1.336e-04,1.54240,0.24114,0.24675,0.06197,0.09406,0.05266,0.05707,0.51679,0.30996,0.20682,14.82725,11.52005,0,7.81,29328.0
199900,666,1.336e-04,1.64152,0.29170,0.41472,0.05604,0.07838,0.04042,0.06478,0.24017,0.15766,0.08250,20.27240,9.41095,0,7.84,29340.7
200000,666,1.336e-04,1.82267,0.22445,0.71332,0.05484,0.07327,0.04128,0.05647,0.47283,0.16316,0.30966,26.63321,19.20037,0,8.03,29353.2
200100,667,1.332e-04,1.86131,0.34001,0.53611,0.05999,0.07952,0.04563,0.06943,0.52666,0.15201,0.37465,10.41915,12.25021,0,7.96,29365.7
200200,667,1.332e-04,1.59306,0.13486,0.45362,0.06918,0.06929,0.08558,0.03931,0.92188,0.61332,0.30856,9.75039,17.42732,0,7.80,29378.6
200300,667,1.332e-04,1.77637,0.03916,0.60919,0.04101,0.10179,0.03657,0.12905,0.40674,0.10381,0.30293,18.49020,15.01670,0,7.90,29391.2
200400,668,1.328e-04,1.92239,0.56106,0.51633,0.04692,0.07053,0.05362,0.04949,0.49273,0.20575,0.28698,11.38815,14.71443,0,7.86,29403.9
200500,668,1.328e-04,1.83103,0.21241,0.69092,0.04621,0.08386,0.04242,0.06851,0.39367,0.15301,0.24066,15.54577,9.48893,0,8.49,29415.7
200600,668,1.328e-04,1.57620,0.42879,0.30959,0.05261,0.06441,0.04309,0.05799,0.31961,0.18197,0.13764,15.59843,14.47922,0,7.73,29428.7
200700,669,1.324e-04,2.25280,0.17301,1.16881,0.04885,0.07107,0.03769,0.08686,0.44089,0.21914,0.22175,20.20909,11.25069,0,7.76,29441.5
200800,669,1.324e-04,1.67956,0.28226,0.46457,0.05628,0.07637,0.03845,0.06934,0.48813,0.24279,0.24534,9.81133,8.65852,0,7.80,29454.4
200900,669,1.324e-04,1.53824,0.28750,0.45550,0.04963,0.05642,0.03600,0.06998,0.34303,0.19337,0.14965,12.73080,13.34570,0,7.79,29467.2
201000,670,1.320e-04,1.59714,0.02275,0.61554,0.05556,0.08108,0.04451,0.06575,0.33356,0.09297,0.24059,10.34151,7.50762,0,1.47,29535.1
201100,670,1.320e-04,2.08248,0.61006,0.30858,0.09496,0.06785,0.08389,0.05601,0.41454,0.19371,0.22083,19.22409,9.28225,0,8.57,29546.8
201200,670,1.320e-04,2.00530,0.58507,0.51354,0.04446,0.08567,0.03663,0.06579,0.32399,0.13401,0.18998,9.69290,12.93895,0,7.88,29559.5
201300,671,1.316e-04,2.00297,0.27360,0.80970,0.05568,0.07183,0.04740,0.06545,0.36225,0.18805,0.17420,12.64074,9.68917,0,7.95,29572.1
201400,671,1.316e-04,1.28645,0.23850,0.39409,0.05085,0.04096,0.04108,0.03685,0.31140,0.13626,0.17514,7.50825,9.34839,0,7.79,29584.9
201500,671,1.316e-04,1.73847,0.20995,0.62646,0.07161,0.05899,0.04694,0.05268,0.28204,0.05356,0.22848,12.15052,7.82761,0,7.84,29597.7
201600,672,1.312e-04,2.22759,0.14307,1.25399,0.06693,0.05052,0.05268,0.04462,0.21728,0.06999,0.14729,21.43509,14.78441,0,8.04,29610.1
201700,672,1.312e-04,1.99467,0.24482,0.47520,0.03914,0.14482,0.05139,0.09056,0.38342,0.09883,0.28459,13.71044,10.47341,0,7.64,29623.2
201800,672,1.312e-04,1.89462,0.09026,0.73585,0.05344,0.09430,0.04953,0.08239,0.41060,0.06605,0.34455,12.36846,10.22317,0,7.74,29636.1
201900,673,1.308e-04,1.97384,0.58260,0.54706,0.06469,0.06154,0.04898,0.03623,0.25671,0.19656,0.06015,11.13714,9.11186,0,7.80,29648.9
202000,673,1.308e-04,1.71685,0.23379,0.64049,0.05680,0.06578,0.04059,0.05127,0.59449,0.29463,0.29986,13.86234,12.20042,0,8.48,29660.7
202100,673,1.308e-04,1.76824,0.25164,0.67422,0.04562,0.07014,0.04131,0.06412,0.32401,0.09477,0.22924,24.09572,13.03660,0,7.92,29673.4
202200,674,1.304e-04,1.99484,0.70324,0.24609,0.06133,0.06145,0.05663,0.11602,0.57972,0.31551,0.26421,11.67440,11.63926,0,7.85,29686.1
202300,674,1.304e-04,1.41549,0.24780,0.38838,0.02819,0.08329,0.02703,0.06174,0.40986,0.18110,0.22876,27.70062,11.40708,0,7.73,29699.0
202400,674,1.304e-04,1.62144,0.47234,0.35371,0.06214,0.04766,0.06008,0.03846,0.50088,0.23293,0.26796,8.37584,12.61161,0,7.74,29711.9
202500,675,1.300e-04,1.38667,0.08701,0.12986,0.08474,0.07763,0.07065,0.07252,0.37549,0.06552,0.30997,6.32235,7.50794,0,7.75,29724.9
202600,675,1.300e-04,1.99024,0.51929,0.55910,0.05806,0.06677,0.04800,0.06708,0.42618,0.17562,0.25057,13.61928,9.67243,0,7.78,29737.7
202700,675,1.300e-04,1.35774,0.34072,0.46711,0.03911,0.04189,0.03055,0.02740,0.41198,0.11043,0.30155,11.79017,9.76285,0,7.77,29750.6
202800,676,1.296e-04,1.56370,0.50332,0.36716,0.04584,0.05587,0.03884,0.03503,0.28830,0.10399,0.18431,13.45260,7.93294,0,7.79,29763.4
202900,676,1.296e-04,1.83666,0.43082,0.54447,0.06865,0.05328,0.05483,0.04587,0.29795,0.14050,0.15744,16.95627,10.92929,0,7.89,29776.1
203000,676,1.296e-04,1.80133,0.39213,0.40478,0.07484,0.06828,0.06014,0.05539,0.29813,0.07263,0.22550,14.28770,5.66943,0,7.89,29788.8
203100,677,1.292e-04,1.84932,0.38097,0.56177,0.05201,0.07367,0.04839,0.06288,0.45247,0.29118,0.16129,16.02057,14.18262,0,7.87,29801.5
203200,677,1.292e-04,1.66031,0.38575,0.25477,0.05873,0.08760,0.04772,0.06754,0.41248,0.17826,0.23422,12.49248,10.10577,0,7.80,29814.3
203300,677,1.292e-04,3.97158,0.69720,0.24757,0.06980,0.33468,0.05997,0.34179,0.49737,0.10402,0.39335,18.80501,10.28420,0,7.77,29827.1
203400,678,1.288e-04,1.45797,0.39907,0.48476,0.04389,0.03786,0.03838,0.02776,0.25135,0.05782,0.19353,7.46774,8.24855,0,7.82,29839.9
203500,678,1.288e-04,2.05463,0.21267,0.73534,0.06063,0.09422,0.05131,0.08165,0.29500,0.06580,0.22920,16.05429,6.58881,0,7.82,29852.7
203600,678,1.288e-04,5.10137,0.44602,0.27859,0.05062,0.52328,0.04535,0.55755,0.32101,0.28053,0.04048,22.02494,19.27375,0,7.80,29865.5
203700,679,1.284e-04,2.27125,0.52725,0.61893,0.06632,0.10257,0.05172,0.06052,0.36357,0.22479,0.13878,28.47681,7.21736,0,7.81,29878.3
203800,679,1.284e-04,2.11822,0.40371,0.70119,0.07138,0.06585,0.06083,0.07005,0.41586,0.17494,0.24092,8.62791,8.16919,0,7.86,29891.1
203900,679,1.284e-04,1.89991,0.39399,0.46170,0.08204,0.06213,0.06904,0.06033,0.24506,0.10797,0.13710,13.53138,7.85378,0,7.92,29903.7
204000,680,1.280e-04,2.00992,0.34570,0.73366,0.05294,0.06389,0.04460,0.09397,0.38853,0.26914,0.11939,21.97604,10.69786,0,1.55,29968.2
204100,680,1.280e-04,1.98957,0.32239,0.86768,0.05260,0.06794,0.03236,0.04635,0.34774,0.17406,0.17368,23.41071,8.38344,0,7.51,29981.5
204200,680,1.280e-04,2.06902,0.47856,0.67386,0.04902,0.07077,0.04381,0.08326,0.34041,0.21028,0.13013,11.93761,11.96943,0,7.82,29994.3
204300,681,1.276e-04,2.07966,0.58997,0.25141,0.05910,0.07446,0.03955,0.18865,0.36209,0.11507,0.24702,13.84412,10.68432,0,7.75,30007.2
204400,681,1.276e-04,1.67966,0.39623,0.19341,0.04716,0.10848,0.05482,0.06991,0.26407,0.09238,0.17169,14.17846,8.61084,0,7.80,30020.0
204500,681,1.276e-04,1.72245,0.48627,0.34592,0.05859,0.06381,0.05304,0.05824,0.38780,0.12366,0.26414,10.51241,9.16863,0,7.78,30032.8
204600,682,1.272e-04,1.44442,0.16103,0.35534,0.07556,0.04863,0.05825,0.06460,0.34465,0.16905,0.17560,9.91390,13.13683,0,7.84,30045.6
204700,682,1.272e-04,1.89238,0.36615,0.64629,0.04284,0.08374,0.03882,0.05999,0.46206,0.13802,0.32404,13.59020,13.05429,0,7.84,30058.4
204800,682,1.272e-04,2.11181,0.44245,0.24946,0.06533,0.14020,0.05311,0.10381,0.39504,0.20830,0.18673,19.47859,14.44550,0,7.91,30071.0
204900,683,1.268e-04,1.20495,0.20177,0.17292,0.06129,0.05015,0.05768,0.05154,0.41431,0.10718,0.30713,8.73209,11.13705,0,7.89,30083.7
205000,683,1.268e-04,1.33311,0.12985,0.37661,0.04774,0.06984,0.03416,0.06133,0.50084,0.29518,0.20566,10.67144,14.04106,0,7.85,30096.4
205100,683,1.268e-04,1.38563,0.07268,0.60519,0.03555,0.06260,0.04075,0.04604,0.53788,0.34235,0.19553,10.54491,11.43212,0,7.83,30109.2
205200,684,1.264e-04,2.72326,0.56201,1.23511,0.04011,0.07877,0.04868,0.08400,0.39018,0.15185,0.23833,20.18685,14.86892,0,7.92,30121.8
205300,684,1.264e-04,1.34270,0.18503,0.25571,0.04976,0.08132,0.04330,0.05533,0.34235,0.12347,0.21888,9.62381,10.26787,0,8.22,30134.0
205400,684,1.264e-04,2.06674,0.33942,0.60270,0.05923,0.07786,0.06642,0.10927,0.50808,0.16659,0.34148,10.18621,10.36086,0,7.83,30146.7
205500,685,1.260e-04,1.46880,0.54355,0.24086,0.04259,0.05936,0.02952,0.04033,0.18100,0.05647,0.12453,15.11419,5.02883,0,7.87,30159.4
205600,685,1.260e-04,1.26126,0.15178,0.08651,0.06350,0.09440,0.03653,0.05688,0.39298,0.15623,0.23675,14.72893,13.61111,0,7.82,30172.2
205700,685,1.260e-04,2.00353,0.44327,0.75938,0.04736,0.05984,0.05521,0.05074,0.41554,0.19605,0.21948,14.26638,10.76021,0,7.85,30185.0
205800,686,1.256e-04,1.47305,0.20026,0.60248,0.04318,0.05282,0.02973,0.04639,0.35593,0.24168,0.11425,10.01618,10.08945,0,7.90,30197.6
205900,686,1.256e-04,1.53638,0.44417,0.30661,0.05283,0.06385,0.03707,0.04380,0.38812,0.26737,0.12074,9.96650,9.63012,0,7.87,30210.3
206000,686,1.256e-04,2.09226,0.17505,0.83821,0.07341,0.08681,0.05737,0.05379,0.27067,0.18243,0.08824,9.08115,7.54812,0,7.87,30223.0
206100,687,1.252e-04,1.32251,0.40338,0.23334,0.04140,0.05684,0.03349,0.04434,0.43797,0.16105,0.27692,34.60056,10.27399,0,7.80,30235.9
206200,687,1.252e-04,1.56040,0.26607,0.28508,0.05807,0.07439,0.05667,0.08212,0.52666,0.24247,0.28419,11.53933,14.15394,0,7.82,30248.7
206300,687,1.252e-04,1.94733,0.29167,0.37379,0.07063,0.12682,0.04493,0.07291,0.31323,0.08036,0.23287,16.19064,6.52350,0,7.88,30261.4
206400,688,1.248e-04,1.98000,0.35779,0.71086,0.06657,0.05875,0.05404,0.05986,0.29475,0.16687,0.12789,13.73983,8.74138,0,7.90,30274.0
206500,688,1.248e-04,1.49690,0.33445,0.41320,0.05659,0.04331,0.06819,0.03170,0.42067,0.15268,0.26799,18.51248,15.08928,0,7.83,30286.8
206600,688,1.248e-04,2.47956,0.55904,0.57052,0.09359,0.10013,0.09697,0.05558,0.43856,0.29489,0.14367,11.68476,11.97596,0,7.97,30299.3
206700,689,1.244e-04,1.57381,0.41201,0.23062,0.06530,0.06328,0.05119,0.06411,0.40815,0.17360,0.23455,12.43386,10.61336,0,8.05,30311.7
206800,689,1.244e-04,2.29402,0.60208,0.71830,0.05904,0.07144,0.05495,0.07354,0.42738,0.26831,0.15907,13.22041,13.84058,0,8.27,30323.8
206900,689,1.244e-04,2.31492,0.30725,0.70239,0.06899,0.12000,0.04329,0.10085,0.61829,0.25685,0.36144,16.12437,13.85161,0,7.91,30336.5
207000,690,1.240e-04,1.63503,0.27473,0.43918,0.05253,0.07497,0.05104,0.06241,0.29801,0.16134,0.13667,12.88522,10.93224,0,1.50,30403.2
207100,690,1.240e-04,1.61790,0.20687,0.62317,0.04482,0.06716,0.03653,0.05464,0.47034,0.06283,0.40751,9.51085,12.45912,0,7.77,30416.0
207200,690,1.240e-04,1.59360,0.12922,0.72051,0.04523,0.06564,0.03123,0.04458,0.37678,0.13459,0.24219,8.11045,9.70322,0,7.87,30428.7
207300,691,1.236e-04,1.96594,0.66078,0.15379,0.08019,0.08944,0.06692,0.05437,0.39408,0.17721,0.21687,8.73196,10.17332,0,7.95,30441.3
207400,691,1.236e-04,1.48329,0.36484,0.38228,0.05154,0.05363,0.04950,0.03463,0.53633,0.21167,0.32466,12.06975,12.69887,0,7.90,30454.0
207500,691,1.236e-04,1.50431,0.32065,0.37699,0.04385,0.06788,0.03746,0.06174,0.31598,0.07500,0.24098,8.49055,7.87297,0,8.04,30466.4
207600,692,1.232e-04,2.00572,0.80360,0.31097,0.06832,0.05552,0.05985,0.04894,0.42264,0.12185,0.30079,16.37006,12.27335,0,7.93,30479.0
207700,692,1.232e-04,1.50385,0.14622,0.71591,0.05403,0.04153,0.03225,0.03333,0.40763,0.07163,0.33600,11.13140,12.94615,0,7.93,30491.6
207800,692,1.232e-04,1.96416,0.44068,0.42445,0.08694,0.06974,0.06987,0.05640,0.63741,0.38090,0.25651,7.45971,13.92586,0,8.11,30504.0
207900,693,1.228e-04,2.07944,0.37728,0.45345,0.05861,0.11178,0.04290,0.11579,0.32380,0.07181,0.25199,18.48072,14.60320,0,7.80,30516.8
208000,693,1.228e-04,1.92293,0.38704,0.38088,0.06305,0.08775,0.05313,0.10727,0.38351,0.25967,0.12384,10.87342,13.76111,0,7.79,30529.6
208100,693,1.228e-04,1.59319,0.35732,0.39287,0.04942,0.06777,0.04136,0.06146,0.29339,0.13346,0.15993,16.19899,8.26003,0,7.75,30542.5
208200,694,1.224e-04,1.51327,0.23431,0.52860,0.04913,0.05742,0.04757,0.03947,0.32460,0.14524,0.17937,7.22214,12.53487,0,7.74,30555.4
208300,694,1.224e-04,2.12994,0.38132,0.88771,0.04575,0.07285,0.03317,0.07398,0.29939,0.19593,0.10346,12.55602,10.61380,0,7.81,30568.2
208400,694,1.224e-04,1.34361,0.12066,0.35454,0.05414,0.07309,0.04073,0.05216,0.51310,0.12610,0.38699,10.56329,10.32072,0,7.71,30581.2
208500,695,1.220e-04,1.73489,0.13804,0.67869,0.06657,0.06059,0.06695,0.04599,0.30205,0.19224,0.10980,14.31856,13.18625,0,7.82,30594.0
208600,695,1.220e-04,1.37538,0.31705,0.24826,0.04399,0.06897,0.04999,0.04812,0.54152,0.28646,0.25506,9.67469,14.12612,0,8.11,30606.3
208700,695,1.220e-04,1.69596,0.53995,0.17872,0.05542,0.08680,0.03762,0.06885,0.44693,0.10432,0.34261,13.65961,15.28631,0,7.67,30619.4
208800,696,1.216e-04,1.42647,0.07363,0.52598,0.04795,0.06329,0.04444,0.06383,0.57021,0.19283,0.37738,7.83448,11.12601,0,7.68,30632.4
208900,696,1.216e-04,2.05335,0.49538,0.86019,0.05282,0.04649,0.03945,0.04104,0.36519,0.16637,0.19882,11.52593,8.17148,0,8.03,30644.8
209000,696,1.216e-04,1.58727,0.16620,0.48900,0.04357,0.08715,0.03954,0.07185,0.38141,0.16355,0.21786,12.70153,10.55977,0,7.86,30657.6
209100,697,1.212e-04,1.61095,0.20517,0.52197,0.06520,0.06550,0.04805,0.04408,0.37695,0.24767,0.12928,10.38780,9.07698,0,7.82,30670.3
209200,697,1.212e-04,1.41948,0.39576,0.22069,0.05087,0.06418,0.03986,0.05125,0.35167,0.15918,0.19249,10.42720,9.05592,0,7.76,30683.2
209300,697,1.212e-04,1.37377,0.20931,0.37719,0.06139,0.05457,0.04465,0.03833,0.39825,0.17719,0.22106,10.42076,10.82173,0,7.75,30696.1
209400,698,1.208e-04,1.95176,0.30087,0.68901,0.06020,0.07852,0.04996,0.05734,0.22408,0.09778,0.12630,9.76490,8.57057,0,7.81,30708.9
209500,698,1.208e-04,1.95300,0.47359,0.37445,0.08172,0.07844,0.07107,0.05060,0.24826,0.10363,0.14463,11.58200,12.54897,0,7.87,30721.7
209600,698,1.208e-04,2.08104,0.24417,0.44988,0.06424,0.11017,0.07905,0.12691,0.26852,0.10724,0.16128,11.55451,7.89582,0,7.80,30734.5
209700,699,1.204e-04,1.93501,0.22909,0.83706,0.05847,0.06824,0.04269,0.05144,0.30310,0.08254,0.22056,8.86056,8.15565,0,7.81,30747.3
209800,699,1.204e-04,2.87211,0.56528,0.52962,0.05575,0.18168,0.04380,0.19221,0.39856,0.15436,0.24420,11.26769,9.28178,0,7.78,30760.1
209900,699,1.204e-04,1.79972,0.33542,0.47734,0.05782,0.08151,0.05641,0.05971,0.34999,0.10699,0.24300,12.93956,8.05531,0,7.91,30772.8
210000,700,1.200e-04,1.95839,0.52411,0.56129,0.05476,0.07156,0.04037,0.05620,0.27340,0.11117,0.16223,23.53570,10.17695,0,1.52,30838.7
210100,700,1.200e-04,1.23252,0.31210,0.10666,0.06624,0.05517,0.04736,0.03532,0.46659,0.22411,0.24248,7.15257,13.15541,0,7.41,30852.2
210200,700,1.200e-04,1.36381,0.28550,0.37380,0.04052,0.06040,0.03612,0.04384,0.39934,0.23966,0.15967,10.50133,13.90276,0,7.65,30865.3
210300,701,1.196e-04,2.05983,0.33756,0.72998,0.05266,0.09259,0.03793,0.06849,0.19123,0.11203,0.07920,21.23963,6.80939,0,7.79,30878.1
210400,701,1.196e-04,1.65850,0.44971,0.32957,0.05989,0.07494,0.04308,0.03895,0.17299,0.04339,0.12961,15.24293,7.86755,0,7.76,30891.0
210500,701,1.196e-04,1.29993,0.08038,0.55973,0.05305,0.04082,0.03899,0.03719,0.56070,0.27074,0.28996,14.13249,15.21260,0,7.72,30904.0
210600,702,1.192e-04,2.20907,0.53727,0.45918,0.07008,0.10741,0.04422,0.08585,0.13658,0.03845,0.09813,14.65066,4.45210,0,7.82,30916.8
210700,702,1.192e-04,2.44309,0.36545,0.90492,0.05825,0.11447,0.04073,0.08291,0.26588,0.11036,0.15552,14.32672,9.85400,0,7.90,30929.4
210800,702,1.192e-04,2.60085,0.53211,0.46344,0.06053,0.15932,0.05088,0.15154,0.21367,0.13921,0.07446,20.79332,10.14515,0,7.89,30942.1
210900,703,1.188e-04,1.80379,0.46910,0.24393,0.05929,0.10309,0.05462,0.05694,0.34595,0.20335,0.14260,20.67429,11.79315,0,8.07,30954.5
211000,703,1.188e-04,1.75658,0.39122,0.43433,0.04093,0.09663,0.02712,0.07017,0.44271,0.17453,0.26819,31.62527,14.37095,0,7.70,30967.5
211100,703,1.188e-04,2.01267,0.45380,0.65481,0.04214,0.08525,0.03937,0.06747,0.55166,0.12232,0.42934,16.15166,9.45994,0,7.62,30980.6
211200,704,1.184e-04,1.70992,0.29421,0.65887,0.04054,0.06889,0.03633,0.04755,0.37985,0.14180,0.23805,10.14254,7.81882,0,8.00,30993.1
211300,704,1.184e-04,2.17278,0.43594,0.77882,0.05031,0.08542,0.05324,0.05851,0.21403,0.10757,0.10646,18.39575,8.33269,0,8.24,31005.2
211400,704,1.184e-04,2.44578,0.44739,0.81922,0.05764,0.09095,0.05137,0.12310,0.37243,0.20477,0.16766,17.76578,12.99361,0,7.76,31018.1
211500,705,1.180e-04,1.83675,0.16812,0.75694,0.06146,0.07442,0.04822,0.04470,0.23987,0.09820,0.14167,20.66790,11.75717,0,7.83,31030.9
211600,705,1.180e-04,1.83988,0.35093,0.72015,0.04577,0.06034,0.04207,0.05323,0.32602,0.24645,0.07957,14.88461,9.71523,0,7.78,31043.7
211700,705,1.180e-04,1.54272,0.29918,0.55566,0.05312,0.04850,0.04207,0.02983,0.35657,0.15444,0.20213,10.10908,10.13233,0,7.69,31056.8
211800,706,1.176e-04,1.65761,0.45114,0.36607,0.05086,0.06689,0.03997,0.06070,0.55667,0.28508,0.27159,8.47131,11.84197,0,8.38,31068.7
211900,706,1.176e-04,1.75790,0.20946,0.45454,0.05357,0.10161,0.05569,0.07152,0.32047,0.12455,0.19592,12.96976,6.78690,0,7.71,31081.7
212000,706,1.176e-04,2.35365,0.29983,0.52822,0.05846,0.15484,0.05091,0.13274,0.25049,0.07042,0.18007,14.76184,10.26289,0,7.89,31094.3
212100,707,1.172e-04,1.73866,0.14484,0.64791,0.05104,0.08307,0.04575,0.06440,0.32640,0.12474,0.20165,11.46934,9.90550,0,7.70,31107.3
212200,707,1.172e-04,1.67588,0.44511,0.37879,0.05893,0.06921,0.03834,0.04619,0.17453,0.02804,0.14650,15.24946,8.20310,0,7.90,31120.0
212300,707,1.172e-04,2.33377,0.45978,0.78851,0.05315,0.09730,0.04807,0.08523,0.32610,0.14734,0.17876,21.83782,13.19465,0,8.11,31132.3
212400,708,1.168e-04,1.86749,0.44446,0.59254,0.06070,0.06515,0.04304,0.03746,0.33968,0.20385,0.13584,12.96142,7.64584,0,7.84,31145.1
212500,708,1.168e-04,1.83298,0.35480,0.42875,0.06049,0.08603,0.05230,0.07444,0.50028,0.21317,0.28711,13.77522,12.57607,0,7.80,31157.9
212600,708,1.168e-04,2.00431,0.35566,0.29574,0.06305,0.13186,0.04853,0.10280,0.32387,0.18094,0.14293,17.74368,11.64454,0,7.72,31170.8
212700,709,1.164e-04,1.36183,0.39181,0.10666,0.06248,0.06218,0.04906,0.04698,0.30227,0.10873,0.19354,10.52123,8.82410,0,7.91,31183.5
212800,709,1.164e-04,1.86764,0.44315,0.76465,0.03725,0.05232,0.04819,0.03661,0.32634,0.07749,0.24886,17.49387,10.50828,0,7.77,31196.4
212900,709,1.164e-04,1.13762,0.18835,0.18873,0.06163,0.05193,0.05108,0.02601,0.23546,0.09942,0.13604,7.96532,5.86716,0,7.64,31209.4
213000,710,1.160e-04,1.64762,0.41163,0.54860,0.04576,0.05800,0.03212,0.03533,0.21492,0.04370,0.17123,11.86985,5.66051,0,1.51,31275.6
213100,710,1.160e-04,1.48516,0.45666,0.19711,0.04990,0.07995,0.03752,0.03535,0.32544,0.17311,0.15233,14.06247,9.63371,0,7.42,31289.1
213200,710,1.160e-04,1.59860,0.17456,0.25837,0.05902,0.08856,0.05350,0.11760,0.46835,0.24780,0.22055,8.98411,10.83932,0,7.89,31301.8
213300,711,1.156e-04,1.71064,0.44798,0.34585,0.06284,0.07474,0.04663,0.04491,0.31798,0.11594,0.20205,11.41862,9.99778,0,7.82,31314.6
213400,711,1.156e-04,1.74131,0.69327,0.16703,0.04754,0.08390,0.03521,0.05431,0.25191,0.10562,0.14629,23.59102,13.38227,0,7.87,31327.3
213500,711,1.156e-04,1.41436,0.32902,0.20044,0.05079,0.08301,0.03756,0.04880,0.43087,0.06442,0.36645,20.06038,12.09450,0,7.84,31340.0
213600,712,1.152e-04,1.91428,0.12173,1.16214,0.04929,0.03884,0.04720,0.02872,0.55261,0.24271,0.30990,18.47621,20.52644,0,8.36,31352.0
213700,712,1.152e-04,1.70840,0.20170,0.45011,0.07694,0.07720,0.04557,0.06878,0.42175,0.16937,0.25238,9.80050,13.74774,0,7.80,31364.8
213800,712,1.152e-04,1.54084,0.51811,0.31654,0.05655,0.03926,0.04772,0.04313,0.46306,0.33553,0.12753,11.77521,13.15290,0,7.83,31377.6
213900,713,1.148e-04,2.28952,0.36676,0.85041,0.07225,0.07775,0.05727,0.07167,0.25442,0.05813,0.19629,24.06554,6.59757,0,7.71,31390.6
214000,713,1.148e-04,2.04297,0.31056,0.66773,0.07631,0.07870,0.06114,0.05470,0.38904,0.19873,0.19031,14.48234,8.95992,0,8.42,31402.4
214100,713,1.148e-04,2.34534,0.29454,0.73811,0.05312,0.12663,0.03948,0.12610,0.34650,0.13646,0.21004,19.39492,10.34933,0,9.77,31412.7
214200,714,1.144e-04,2.84586,0.15085,1.59204,0.05386,0.10452,0.03408,0.09035,0.32605,0.17285,0.15319,13.73979,20.90117,0,8.98,31423.8
214300,714,1.144e-04,1.78270,0.42246,0.59786,0.05842,0.04986,0.06498,0.02340,0.18297,0.08035,0.10262,20.73259,7.10429,0,8.10,31436.2
214400,714,1.144e-04,1.96830,0.69171,0.43451,0.06796,0.05033,0.05243,0.04782,0.21509,0.04775,0.16734,9.85849,7.83745,0,7.75,31449.1
214500,715,1.140e-04,2.01621,0.33944,0.75140,0.05420,0.07859,0.04398,0.06059,0.41563,0.22399,0.19164,12.05552,9.84202,0,7.71,31462.0
214600,715,1.140e-04,1.94088,0.17108,0.70426,0.06904,0.08165,0.06288,0.06196,0.34184,0.10989,0.23196,14.28360,10.19296,0,7.74,31475.0
214700,715,1.140e-04,1.79410,0.42778,0.55928,0.04236,0.07001,0.03442,0.06368,0.42008,0.20493,0.21515,17.39975,14.49774,0,7.64,31488.0
214800,716,1.136e-04,2.03794,0.24438,0.59012,0.05087,0.11231,0.04169,0.11332,0.34122,0.18703,0.15419,15.10636,8.11251,0,7.69,31501.0
214900,716,1.136e-04,1.69069,0.21533,0.59329,0.04253,0.09265,0.03317,0.04929,0.42861,0.10917,0.31944,25.03675,11.45012,0,7.82,31513.8
215000,716,1.136e-04,2.16579,0.54099,0.68700,0.04957,0.08480,0.03666,0.06973,0.30667,0.07399,0.23269,6.69379,8.92220,0,7.93,31526.4
215100,717,1.132e-04,1.73492,0.36968,0.48871,0.06003,0.06983,0.05109,0.03980,0.49948,0.30285,0.19663,17.15989,14.04330,0,7.83,31539.2
215200,717,1.132e-04,1.42825,0.26514,0.48016,0.05133,0.04872,0.03193,0.04114,0.25407,0.09530,0.15877,15.19290,10.33260,0,7.95,31551.8
215300,717,1.132e-04,2.05958,0.34872,0.75543,0.03880,0.07191,0.03372,0.12703,0.51731,0.09659,0.42072,17.05610,12.52883,0,8.14,31564.1
215400,718,1.128e-04,2.17256,0.25111,0.94426,0.04463,0.08858,0.05862,0.06582,0.19739,0.06113,0.13626,14.02682,13.18817,0,7.80,31576.9
215500,718,1.128e-04,1.89561,0.27934,0.69335,0.05029,0.06735,0.03847,0.09542,0.51861,0.10911,0.40950,15.29409,11.85014,0,7.71,31589.9
215600,718,1.128e-04,1.58075,0.20979,0.54466,0.06562,0.05315,0.04934,0.04366,0.64756,0.25755,0.39002,8.33848,16.09394,0,7.74,31602.8
215700,719,1.124e-04,1.58692,0.23834,0.43583,0.04717,0.08385,0.04238,0.06068,0.40051,0.21850,0.18201,12.13956,9.60163,0,7.79,31615.6
215800,719,1.124e-04,1.96020,0.32562,0.52225,0.08022,0.07694,0.06499,0.06561,0.56630,0.38597,0.18033,13.54085,21.15912,0,8.15,31627.9
215900,719,1.124e-04,3.50372,0.43032,0.38880,0.05970,0.29587,0.06045,0.30224,0.35372,0.13744,0.21628,12.46805,7.50505,0,7.74,31640.8
216000,720,1.120e-04,1.83248,0.47487,0.42847,0.05648,0.07621,0.04502,0.06127,0.25167,0.09415,0.15752,19.04436,7.35876,0,1.45,31709.7
216100,720,1.120e-04,2.18181,0.36329,0.67782,0.06137,0.08960,0.04914,0.10519,0.18686,0.10337,0.08349,17.10366,7.25915,0,7.44,31723.2
216200,720,1.120e-04,1.58102,0.16719,0.32533,0.07882,0.07438,0.06060,0.06840,0.43035,0.21482,0.21553,16.22605,11.51208,0,7.76,31736.1
216300,721,1.116e-04,1.70334,0.48130,0.45958,0.05666,0.04959,0.04886,0.04363,0.42299,0.26858,0.15442,11.70420,10.63668,0,7.70,31749.0
216400,721,1.116e-04,1.31225,0.22786,0.24757,0.06343,0.05376,0.04584,0.05450,0.48064,0.17864,0.30200,9.42455,9.73821,0,7.83,31761.8
216500,721,1.116e-04,1.41720,0.27666,0.21205,0.06840,0.06729,0.05533,0.04469,0.79920,0.33731,0.46188,9.51215,17.12843,0,7.75,31774.7
216600,722,1.112e-04,1.97984,0.57600,0.53236,0.06572,0.05874,0.05939,0.04027,0.24620,0.06781,0.17839,9.82199,7.57993,0,7.81,31787.5
216700,722,1.112e-04,1.65042,0.14036,0.73233,0.04480,0.06956,0.04024,0.04212,0.34645,0.17145,0.17500,13.63372,13.26466,0,7.86,31800.2
216800,722,1.112e-04,1.66978,0.57060,0.25028,0.05508,0.06199,0.04188,0.06355,0.27584,0.10513,0.17071,14.45894,8.28008,0,7.86,31812.9
216900,723,1.108e-04,1.52977,0.16533,0.24917,0.04822,0.11487,0.03875,0.08117,0.41171,0.18529,0.22643,11.82405,10.53198,0,7.82,31825.7
217000,723,1.108e-04,1.17790,0.18224,0.28247,0.05113,0.05173,0.03899,0.04056,0.78801,0.35912,0.42889,9.83061,16.33115,0,7.83,31838.5
217100,723,1.108e-04,1.31766,0.18595,0.39183,0.04530,0.06263,0.03798,0.04211,0.30540,0.08052,0.22489,10.29271,9.03062,0,7.85,31851.2
217200,724,1.104e-04,1.80133,0.30928,0.58421,0.04546,0.08635,0.03857,0.06094,0.40701,0.06957,0.33744,8.03207,8.42008,0,7.81,31864.0
217300,724,1.104e-04,2.37887,0.69109,0.34975,0.04779,0.15391,0.03765,0.09415,0.46063,0.22548,0.23515,32.18470,15.73274,0,7.79,31876.9
217400,724,1.104e-04,1.87540,0.28624,0.64412,0.05070,0.06983,0.07209,0.06486,0.35893,0.19926,0.15968,10.20231,11.08038,0,7.81,31889.7
217500,725,1.100e-04,1.83395,0.22180,0.70830,0.04533,0.08068,0.04584,0.06368,0.36337,0.08485,0.27852,19.90093,11.38837,0,7.89,31902.4
217600,725,1.100e-04,1.83356,0.49193,0.64171,0.03195,0.06600,0.03223,0.05186,0.31253,0.13734,0.17518,16.54517,14.17194,0,7.79,31915.2
217700,725,1.100e-04,1.70135,0.25121,0.37687,0.05213,0.09360,0.04293,0.09493,0.37866,0.21775,0.16091,12.05185,15.59006,0,7.96,31927.8
217800,726,1.096e-04,1.79699,0.06884,0.76815,0.06880,0.06898,0.06149,0.04696,0.16515,0.04267,0.12248,16.53786,6.28867,0,7.95,31940.3
217900,726,1.096e-04,1.24105,0.31414,0.22592,0.05226,0.05217,0.03297,0.03857,0.27142,0.05492,0.21650,14.91511,7.26614,0,7.99,31952.8
218000,726,1.096e-04,2.09742,0.29987,0.90192,0.06007,0.06889,0.04633,0.05400,0.19332,0.06431,0.12901,23.37186,9.15827,0,7.93,31965.5
218100,727,1.092e-04,4.75608,0.29704,0.32544,0.04757,0.50875,0.03980,0.50101,0.53793,0.19637,0.34156,11.79944,20.46164,0,7.77,31978.3
218200,727,1.092e-04,1.50687,0.38408,0.33858,0.05462,0.05297,0.05114,0.04735,0.28611,0.19445,0.09166,6.80663,9.88102,0,8.67,31989.9
218300,727,1.092e-04,1.45378,0.25940,0.45742,0.04483,0.05471,0.03685,0.05886,0.24277,0.06925,0.17353,17.79046,8.96216,0,7.90,32002.5
218400,728,1.088e-04,1.82296,0.45770,0.43393,0.08472,0.04846,0.07364,0.03253,0.28140,0.08070,0.20070,12.09531,6.11873,0,7.80,32015.3
218500,728,1.088e-04,1.76971,0.32559,0.74584,0.04243,0.05623,0.02865,0.05334,0.33536,0.10466,0.23071,11.63372,11.08990,0,7.75,32028.2
218600,728,1.088e-04,1.57646,0.27374,0.60149,0.03662,0.05349,0.02912,0.07116,0.39396,0.18001,0.21396,19.50841,10.08534,0,7.70,32041.2
218700,729,1.084e-04,1.16810,0.22578,0.22802,0.04711,0.05363,0.03841,0.04584,0.35809,0.09811,0.25999,19.30070,10.09149,0,7.89,32053.9
218800,729,1.084e-04,1.38237,0.28769,0.38727,0.04816,0.05366,0.03697,0.04235,0.48536,0.23713,0.24823,6.32351,11.26350,0,7.81,32066.7
218900,729,1.084e-04,2.04973,0.49547,0.61839,0.06307,0.07949,0.03799,0.05124,0.25847,0.07256,0.18591,17.77305,8.39709,0,7.94,32079.3
219000,730,1.080e-04,2.03832,0.67229,0.65515,0.06873,0.03470,0.05129,0.02620,0.35086,0.23845,0.11241,32.23109,9.17659,0,1.46,32147.8
219100,730,1.080e-04,1.57900,0.33417,0.26668,0.05545,0.09538,0.04727,0.04234,0.32626,0.12356,0.20270,14.58095,11.49020,0,7.39,32161.3
219200,730,1.080e-04,1.44198,0.27624,0.34558,0.04133,0.07121,0.03518,0.06780,0.28931,0.03344,0.25588,12.31422,9.51270,0,7.70,32174.3
219300,731,1.076e-04,1.51671,0.24703,0.44885,0.06078,0.05680,0.05732,0.03585,0.30127,0.11245,0.18881,12.64308,16.37667,0,7.81,32187.1
219400,731,1.076e-04,2.38840,0.50926,0.64958,0.06309,0.10391,0.04395,0.11387,0.31970,0.09449,0.22521,18.05038,12.89415,0,7.79,32200.0
219500,731,1.076e-04,1.63595,0.55769,0.33647,0.04475,0.06642,0.03556,0.03880,0.29675,0.10937,0.18738,14.03247,18.15014,0,7.78,32212.8
219600,732,1.072e-04,2.19641,0.38246,0.80559,0.04336,0.09956,0.03720,0.08029,0.40496,0.14279,0.26216,13.36685,12.38525,0,7.70,32225.8
219700,732,1.072e-04,1.93899,0.33911,0.51149,0.05646,0.10255,0.03933,0.07802,0.41919,0.16348,0.25572,11.74663,13.28270,0,7.80,32238.6
219800,732,1.072e-04,2.01679,0.59641,0.61824,0.03952,0.07211,0.02956,0.06803,0.44769,0.18851,0.25918,15.99454,11.96037,0,7.85,32251.4
219900,733,1.068e-04,1.55770,0.32488,0.16679,0.06257,0.09016,0.04543,0.07551,0.57800,0.30504,0.27296,9.08040,17.01538,0,7.76,32264.2
220000,733,1.068e-04,2.29083,0.44690,0.63289,0.02845,0.10904,0.03332,0.17613,0.21908,0.11020,0.10888,18.95316,8.23071,0,7.81,32277.0
220100,733,1.068e-04,1.71796,0.10726,0.51017,0.05771,0.09449,0.05311,0.08270,0.37203,0.14432,0.22772,12.14158,7.76520,0,7.86,32289.8
220200,734,1.064e-04,1.68691,0.48675,0.50017,0.04432,0.05601,0.03480,0.04454,0.38142,0.09165,0.28977,15.74136,10.79354,0,8.07,32302.2
220300,734,1.064e-04,1.28762,0.30200,0.27819,0.05353,0.04950,0.03902,0.03789,0.36612,0.11376,0.25236,8.45369,9.21093,0,7.74,32315.1
220400,734,1.064e-04,2.08743,0.44461,0.70383,0.05554,0.07723,0.03850,0.07156,0.21200,0.08285,0.12915,13.95191,8.46016,0,7.71,32328.1
220500,735,1.060e-04,1.75518,0.36735,0.27744,0.06366,0.09708,0.05219,0.07048,0.30504,0.04762,0.25742,7.71814,5.97985,0,7.80,32340.9
220600,735,1.060e-04,2.07378,0.63000,0.64672,0.03905,0.06553,0.05124,0.05843,0.21811,0.06367,0.15444,17.29871,7.54025,0,7.88,32353.6
220700,735,1.060e-04,2.18925,0.28579,0.89736,0.05043,0.09805,0.03416,0.07133,0.53701,0.28010,0.25691,16.78314,23.30560,0,7.87,32366.3
220800,736,1.056e-04,1.76442,0.46829,0.51619,0.03678,0.07791,0.03188,0.05072,0.47427,0.20331,0.27096,12.73712,9.82055,0,7.86,32379.0
220900,736,1.056e-04,1.87451,0.50586,0.42853,0.06055,0.08025,0.04443,0.05001,0.28708,0.22497,0.06211,24.60243,12.70234,0,7.86,32391.7
221000,736,1.056e-04,2.25059,0.38500,0.61741,0.06037,0.12119,0.03983,0.09633,0.38021,0.06555,0.31466,14.78709,7.06051,0,7.79,32404.5
221100,737,1.052e-04,1.51087,0.35046,0.33360,0.05825,0.05773,0.04436,0.05441,0.25446,0.05792,0.19654,12.56189,8.59368,0,7.83,32417.3
221200,737,1.052e-04,2.19637,0.29229,0.96468,0.07201,0.06455,0.05935,0.04330,0.43135,0.22825,0.20310,18.84058,10.84793,0,7.84,32430.1
221300,737,1.052e-04,1.95045,0.38196,0.56533,0.04386,0.07807,0.10486,0.05255,0.47473,0.29413,0.18060,12.32969,13.27226,0,7.87,32442.8
221400,738,1.048e-04,1.66926,0.30798,0.41102,0.06134,0.06528,0.06282,0.06404,0.41710,0.24027,0.17683,15.05054,18.32207,0,8.00,32455.3
221500,738,1.048e-04,1.33978,0.17209,0.54655,0.04287,0.05008,0.03436,0.02819,0.79329,0.48294,0.31035,12.61142,22.30292,0,7.60,32468.4
221600,738,1.048e-04,1.47360,0.22151,0.44214,0.05198,0.06386,0.03592,0.05638,0.39150,0.15521,0.23629,13.71562,12.66876,0,7.66,32481.5
221700,739,1.044e-04,2.13458,0.47876,0.69611,0.06312,0.06780,0.05923,0.06281,0.42149,0.22478,0.19671,25.12150,16.50295,0,7.84,32494.2
221800,739,1.044e-04,1.46464,0.41802,0.42679,0.04301,0.04557,0.03948,0.03128,0.42305,0.11254,0.31051,9.33740,12.08186,0,7.55,32507.5
221900,739,1.044e-04,1.77394,0.28519,0.38852,0.06985,0.08210,0.05927,0.07691,0.51325,0.16945,0.34380,13.73554,11.63617,0,7.57,32520.7
222000,740,1.040e-04,1.52904,0.32953,0.25839,0.04202,0.10199,0.03818,0.05024,0.21260,0.12594,0.08665,18.50783,9.47045,0,1.55,32585.3
222100,740,1.040e-04,2.41774,0.42393,1.27956,0.05488,0.04385,0.05024,0.03800,0.41417,0.06831,0.34586,12.03753,9.97612,0,7.57,32598.5
222200,740,1.040e-04,2.30272,0.37494,0.60926,0.07917,0.11328,0.06498,0.07752,0.55503,0.26428,0.29075,18.99232,15.10036,0,7.82,32611.3
222300,741,1.036e-04,1.90303,0.33989,0.67255,0.06784,0.06046,0.05825,0.04140,0.31418,0.08821,0.22597,17.27461,8.55456,0,8.11,32623.6
222400,741,1.036e-04,2.25075,0.49832,0.83180,0.06297,0.06819,0.04786,0.05808,0.23294,0.11709,0.11584,15.35757,8.57264,0,7.78,32636.5
222500,741,1.036e-04,1.30868,0.18817,0.16474,0.04421,0.08951,0.04338,0.07149,0.21963,0.11060,0.10902,14.50238,8.42255,0,7.80,32649.3
222600,742,1.032e-04,2.14603,0.28249,0.79997,0.06487,0.07873,0.04789,0.09034,0.26048,0.13011,0.13037,26.77884,7.23706,0,7.78,32662.2
222700,742,1.032e-04,1.57433,0.28180,0.42038,0.05618,0.06983,0.05151,0.04533,0.28096,0.06549,0.21546,11.22600,8.54117,0,7.82,32674.9
222800,742,1.032e-04,1.95418,0.12861,0.93277,0.06357,0.06360,0.04875,0.05402,0.17076,0.04618,0.12457,29.71156,7.18250,0,7.86,32687.7
222900,743,1.028e-04,1.60782,0.22265,0.55289,0.04740,0.07046,0.04098,0.05621,0.45124,0.15608,0.29516,8.36532,10.12442,0,7.87,32700.4
223000,743,1.028e-04,2.09456,0.16920,0.90055,0.05499,0.08163,0.04826,0.08843,0.34965,0.11350,0.23615,14.37297,9.60168,0,7.87,32713.1
223100,743,1.028e-04,1.64916,0.11103,0.45929,0.04554,0.07398,0.03236,0.16015,1.00022,0.44402,0.55619,9.28180,16.94743,0,7.91,32725.7
223200,744,1.024e-04,1.51086,0.30424,0.46204,0.04528,0.05688,0.04190,0.05162,0.35250,0.03529,0.31721,16.80043,7.65848,0,7.88,32738.4
223300,744,1.024e-04,1.63102,0.34404,0.50156,0.05197,0.05260,0.04374,0.06128,0.34599,0.19777,0.14823,14.60481,8.55042,0,7.83,32751.2
223400,744,1.024e-04,1.57957,0.41965,0.34961,0.04216,0.07316,0.03277,0.06072,0.39924,0.13028,0.26897,16.91780,11.42829,0,7.82,32764.0
223500,745,1.020e-04,1.88480,0.58312,0.26335,0.04884,0.09577,0.04050,0.08562,0.43666,0.16497,0.27169,13.85300,13.19657,0,7.99,32776.5
223600,745,1.020e-04,1.90333,0.23455,0.58744,0.06644,0.08838,0.05391,0.06898,0.35720,0.18040,0.17679,13.87766,10.16989,0,7.82,32789.3
223700,745,1.020e-04,1.99845,0.50763,0.47117,0.05556,0.08880,0.03790,0.08123,0.38367,0.14941,0.23426,24.33773,7.75223,0,7.90,32802.0
223800,746,1.016e-04,2.06012,0.44493,0.68565,0.05008,0.09532,0.04073,0.04029,0.34340,0.17202,0.17139,14.29824,11.82040,0,8.00,32814.5
223900,746,1.016e-04,2.48629,0.63671,0.70211,0.04147,0.11097,0.03394,0.12018,0.54205,0.25778,0.28427,13.19935,13.21098,0,8.19,32826.7
224000,746,1.016e-04,1.75466,0.37814,0.67152,0.04914,0.05361,0.04052,0.03597,0.28235,0.10575,0.17660,20.81359,10.30422,0,7.88,32839.4
224100,747,1.012e-04,1.64672,0.26956,0.44267,0.04911,0.07158,0.04027,0.09214,0.40599,0.03682,0.36917,15.84304,11.11058,0,7.86,32852.1
224200,747,1.012e-04,1.87521,0.63953,0.41966,0.05458,0.05702,0.03277,0.07046,0.37477,0.12055,0.25422,24.05091,8.56753,0,7.88,32864.8
224300,747,1.012e-04,1.43795,0.38881,0.36104,0.05031,0.04489,0.04354,0.04130,0.20345,0.12558,0.07787,10.83188,11.89147,0,7.86,32877.5
224400,748,1.008e-04,1.76579,0.31914,0.46937,0.04439,0.09766,0.03311,0.07372,0.38229,0.15797,0.22432,14.10251,15.67927,0,7.83,32890.3
224500,748,1.008e-04,2.10581,0.64980,0.67891,0.05993,0.05619,0.04494,0.03366,0.60080,0.23800,0.36281,16.83941,17.48840,0,7.90,32902.9
224600,748,1.008e-04,2.28011,0.64338,0.53728,0.06901,0.08694,0.05749,0.07040,0.38630,0.19487,0.19143,21.34223,14.21765,0,7.85,32915.7
224700,749,1.004e-04,2.36526,0.61874,0.65880,0.05626,0.10248,0.05085,0.06676,0.29536,0.08611,0.20924,10.85310,11.26307,0,7.91,32928.3
224800,749,1.004e-04,1.51593,0.30893,0.43319,0.05400,0.05857,0.04652,0.03786,0.32265,0.13526,0.18739,11.55042,7.46275,0,7.91,32941.0
224900,749,1.004e-04,1.47723,0.26057,0.39585,0.05884,0.06159,0.03484,0.05263,0.24836,0.06531,0.18305,17.27737,9.29834,0,7.91,32953.6
225000,750,1.000e-04,1.66846,0.51443,0.20445,0.05287,0.08761,0.03904,0.05983,0.46197,0.17926,0.28271,11.81945,12.91433,0,0.99,33055.1
225100,750,1.000e-04,1.36694,0.48055,0.17584,0.04996,0.05155,0.04652,0.03469,0.47520,0.24880,0.22640,7.15639,12.02882,0,7.58,33068.3
225200,750,1.000e-04,2.24686,0.24598,0.86796,0.04064,0.11524,0.03682,0.10459,0.53651,0.21917,0.31734,22.57647,11.29462,0,7.92,33081.0
225300,751,9.960e-05,2.12312,0.83035,0.27045,0.06321,0.09100,0.04148,0.05903,0.30656,0.10476,0.20180,21.61332,13.04863,0,7.92,33093.6
225400,751,9.960e-05,1.59519,0.24468,0.48463,0.06918,0.05555,0.05853,0.03835,0.26569,0.08274,0.18295,8.84988,10.53345,0,7.83,33106.3
225500,751,9.960e-05,1.57943,0.23525,0.69582,0.04131,0.05645,0.02788,0.03594,0.34177,0.10092,0.24086,18.22062,9.58588,0,7.73,33119.3
225600,752,9.920e-05,2.03938,0.77740,0.46465,0.05339,0.06192,0.04500,0.04332,0.26955,0.10271,0.16685,11.60285,10.53474,0,7.82,33132.1
225700,752,9.920e-05,2.45396,0.57220,0.86403,0.05696,0.08839,0.05223,0.06417,0.30200,0.10029,0.20170,12.59148,10.72944,0,7.80,33144.9
225800,752,9.920e-05,2.39521,0.38204,1.12114,0.05268,0.07650,0.03845,0.05999,0.42509,0.18661,0.23848,10.11835,17.12977,0,7.87,33157.6
225900,753,9.880e-05,1.83626,0.29253,0.64172,0.06129,0.06947,0.04685,0.05243,0.35965,0.11701,0.24265,19.60813,11.10437,0,7.86,33170.3
226000,753,9.880e-05,2.13070,0.29355,0.75180,0.07904,0.07846,0.06476,0.05438,0.51069,0.19571,0.31498,13.87522,11.89492,0,7.86,33183.1
226100,753,9.880e-05,1.27523,0.16242,0.47561,0.04546,0.05317,0.03748,0.02013,0.30234,0.18522,0.11712,9.83245,8.87648,0,7.85,33195.8
226200,754,9.840e-05,2.33660,0.26465,0.98096,0.06439,0.08948,0.03838,0.09028,0.42232,0.16180,0.26052,16.18105,11.40457,0,8.11,33208.1
226300,754,9.840e-05,2.26464,0.28743,1.16359,0.05720,0.05902,0.04923,0.04377,0.33167,0.13247,0.19920,23.08385,9.18985,0,8.36,33220.1
226400,754,9.840e-05,1.44935,0.43612,0.20227,0.05575,0.06179,0.04622,0.04309,0.42265,0.26512,0.15753,19.74862,14.90474,0,7.86,33232.8
226500,755,9.800e-05,1.97495,0.30994,0.52883,0.08097,0.08052,0.06896,0.06253,0.48767,0.24550,0.24216,11.23728,15.65534,0,7.81,33245.6
226600,755,9.800e-05,1.32984,0.10694,0.43997,0.06051,0.05267,0.04848,0.03835,0.27303,0.06294,0.21009,6.33308,9.60321,0,7.79,33258.4
226700,755,9.800e-05,1.91872,0.58738,0.50929,0.06744,0.05067,0.05641,0.03618,0.42220,0.26689,0.15531,14.29927,20.66821,0,7.84,33271.2
226800,756,9.760e-05,1.89299,0.37482,0.49947,0.03454,0.10653,0.03156,0.09379,0.13630,0.05776,0.07854,16.03391,7.07554,0,7.85,33283.9
226900,756,9.760e-05,1.89877,0.24481,0.90708,0.03948,0.06696,0.03368,0.05220,0.20325,0.09089,0.11236,12.37549,5.45504,0,7.71,33296.9
227000,756,9.760e-05,2.07711,0.40539,0.54630,0.06467,0.09714,0.05244,0.07410,0.38062,0.17376,0.20686,15.88556,13.10087,0,7.82,33309.7
227100,757,9.720e-05,2.26935,0.47182,0.94787,0.04815,0.07234,0.04520,0.05370,0.29946,0.18943,0.11004,11.77097,13.18351,0,8.68,33321.2
227200,757,9.720e-05,2.63107,0.27237,1.14197,0.07549,0.09609,0.05483,0.08870,0.42310,0.26351,0.15959,18.70615,8.79601,0,7.98,33333.7
227300,757,9.720e-05,1.90997,0.47081,0.51713,0.04541,0.08952,0.02856,0.07040,0.51086,0.34349,0.16737,18.91377,13.22690,0,7.92,33346.3
227400,758,9.680e-05,1.34936,0.28640,0.30856,0.04666,0.06619,0.03532,0.04074,0.23110,0.09192,0.13918,11.07135,10.46192,0,7.82,33359.1
227500,758,9.680e-05,1.50288,0.33534,0.39173,0.05739,0.05140,0.04142,0.05131,0.45620,0.07258,0.38362,16.46084,12.56077,0,7.79,33372.0
227600,758,9.680e-05,1.30044,0.23009,0.21209,0.05827,0.05634,0.05837,0.05570,0.26118,0.07087,0.19031,13.29082,10.64135,0,7.78,33384.8
227700,759,9.640e-05,1.84367,0.31145,0.64610,0.05937,0.07001,0.04856,0.04712,0.34160,0.14997,0.19162,15.05123,10.35703,0,7.85,33397.6
227800,759,9.640e-05,1.33394,0.24656,0.06314,0.04991,0.08973,0.04122,0.08918,0.65233,0.38391,0.26842,9.95086,18.24289,0,7.93,33410.2
227900,759,9.640e-05,1.57968,0.50757,0.31317,0.05206,0.05453,0.04461,0.04578,0.26747,0.11398,0.15348,7.88705,7.87969,0,7.98,33422.7
228000,760,9.600e-05,1.42871,0.21580,0.53216,0.04864,0.04815,0.04043,0.03829,0.37806,0.13366,0.24440,9.97732,12.12650,0,1.39,33494.4
228100,760,9.600e-05,1.99413,0.48608,0.34265,0.06399,0.09105,0.04854,0.10754,0.28218,0.22312,0.05905,17.51132,9.64530,0,8.12,33506.7
228200,760,9.600e-05,1.42904,0.19228,0.40746,0.05758,0.05799,0.04566,0.05493,0.30238,0.20066,0.10172,10.33148,11.47338,0,8.31,33518.8
228300,761,9.560e-05,1.78877,0.20133,0.52753,0.05426,0.09448,0.05140,0.07509,0.39678,0.15793,0.23885,15.17989,13.13045,0,8.66,33530.3
228400,761,9.560e-05,1.61548,0.42628,0.31648,0.03229,0.08862,0.05144,0.05582,0.40074,0.16995,0.23079,12.75461,17.14727,0,7.89,33543.0
228500,761,9.560e-05,1.77472,0.37936,0.67228,0.04323,0.06186,0.03101,0.04804,0.31954,0.10847,0.21107,21.42900,10.31631,0,7.80,33555.8
228600,762,9.520e-05,1.43340,0.18452,0.43494,0.05954,0.06091,0.04699,0.03768,0.41591,0.30239,0.11352,10.63039,9.61151,0,7.78,33568.7
228700,762,9.520e-05,1.15643,0.21093,0.15142,0.05493,0.05492,0.05514,0.04278,0.28384,0.10761,0.17623,9.48339,12.42878,0,7.77,33581.5
228800,762,9.520e-05,1.43425,0.08042,0.61646,0.04406,0.05834,0.05010,0.04006,0.51588,0.09656,0.41932,11.12838,18.57032,0,7.81,33594.3
228900,763,9.480e-05,1.93357,0.54695,0.62392,0.04628,0.06595,0.03411,0.04651,0.27895,0.09808,0.18087,15.62637,14.41010,0,7.80,33607.2
229000,763,9.480e-05,2.17956,0.49944,0.76575,0.04958,0.08684,0.03843,0.05449,0.55330,0.19752,0.35578,15.66952,15.95546,0,7.77,33620.0
229100,763,9.480e-05,1.91495,0.25091,0.58558,0.07798,0.08101,0.06010,0.05331,0.29888,0.09639,0.20249,16.80560,9.40880,0,7.86,33632.7
229200,764,9.440e-05,1.80356,0.40680,0.34948,0.05412,0.07427,0.04081,0.12131,0.50017,0.19492,0.30525,11.58623,11.14637,0,7.98,33645.3
229300,764,9.440e-05,1.79447,0.46118,0.47130,0.05515,0.06896,0.04710,0.04947,0.42479,0.19519,0.22959,10.32798,16.12968,0,7.81,33658.1
229400,764,9.440e-05,2.47083,0.31529,0.57556,0.06416,0.15450,0.04277,0.15191,0.18211,0.12197,0.06014,16.49253,7.30240,0,7.87,33670.8
229500,765,9.400e-05,1.36264,0.33377,0.24094,0.05006,0.06278,0.03669,0.05280,0.37492,0.18552,0.18940,12.34465,13.45342,0,8.16,33683.0
229600,765,9.400e-05,1.98240,0.66800,0.50481,0.07030,0.04356,0.05113,0.04498,0.25212,0.09553,0.15660,10.49562,9.19956,0,8.02,33695.5
229700,765,9.400e-05,2.11938,0.49647,0.74248,0.05894,0.06931,0.04632,0.04935,0.17394,0.11339,0.06055,12.74103,5.50944,0,7.98,33708.0
229800,766,9.360e-05,1.60139,0.43257,0.44491,0.04817,0.05698,0.03850,0.04076,0.63561,0.20618,0.42943,16.14969,13.09039,0,7.97,33720.6
229900,766,9.360e-05,2.22187,0.40273,0.47804,0.07805,0.10653,0.06194,0.10535,0.46770,0.21368,0.25402,16.17529,14.17339,0,7.99,33733.1
230000,766,9.360e-05,1.67720,0.50170,0.34730,0.05159,0.07353,0.03843,0.04262,0.55866,0.21548,0.34318,12.68643,10.41935,0,7.97,33745.7
230100,767,9.320e-05,1.38380,0.34247,0.31211,0.05985,0.03861,0.04816,0.04660,0.39679,0.16248,0.23431,9.14537,10.89912,0,9.80,33755.9
230200,767,9.320e-05,1.58878,0.08279,0.67756,0.04440,0.07476,0.03316,0.05988,0.49519,0.15924,0.33596,11.49677,17.02809,0,8.19,33768.1
230300,767,9.320e-05,1.84763,0.47302,0.49204,0.05617,0.06127,0.06104,0.05710,0.27203,0.11793,0.15410,15.37843,19.59490,0,9.43,33778.7
230400,768,9.280e-05,1.83012,0.30526,0.63523,0.05730,0.07260,0.03004,0.06603,0.27395,0.05972,0.21423,23.14190,8.07631,0,7.60,33791.8
230500,768,9.280e-05,1.56739,0.34623,0.50839,0.05196,0.04619,0.04716,0.04164,0.30610,0.07301,0.23309,10.89597,8.02268,0,7.86,33804.5
230600,768,9.280e-05,1.32685,0.32987,0.25843,0.05292,0.05138,0.06005,0.02677,0.67815,0.34538,0.33277,8.89411,15.29664,0,8.25,33816.7
230700,769,9.240e-05,2.17517,0.34512,0.44505,0.03434,0.17515,0.04240,0.09262,0.33776,0.22811,0.10965,32.23580,12.35851,0,8.01,33829.1
230800,769,9.240e-05,1.52696,0.24334,0.49757,0.05865,0.05352,0.03782,0.05224,0.27700,0.14094,0.13606,12.22316,11.80068,0,7.85,33841.9
230900,769,9.240e-05,2.43827,0.43038,1.19338,0.05155,0.06232,0.04219,0.05589,0.37768,0.15853,0.21915,19.17197,13.10019,0,7.91,33854.5
231000,770,9.200e-05,1.48789,0.40517,0.24350,0.06471,0.05762,0.05395,0.03708,0.60238,0.37628,0.22610,10.92592,18.74208,0,1.55,33919.2
231100,770,9.200e-05,2.22991,0.42414,0.99268,0.03870,0.08335,0.02656,0.05456,0.35996,0.11674,0.24322,19.81054,13.85594,0,7.47,33932.6
231200,770,9.200e-05,1.93596,0.40885,0.78462,0.04382,0.06522,0.03320,0.04573,0.40823,0.11886,0.28937,25.02859,11.93580,0,7.85,33945.4
231300,771,9.160e-05,1.81798,0.07651,1.00238,0.04544,0.05664,0.04145,0.05002,0.42242,0.10539,0.31703,15.04205,11.07264,0,7.98,33957.9
231400,771,9.160e-05,1.80878,0.37809,0.37055,0.06475,0.08454,0.05684,0.06865,0.38809,0.18101,0.20708,14.18911,11.58622,0,7.88,33970.6
231500,771,9.160e-05,1.93097,0.17119,0.98692,0.06009,0.05376,0.04571,0.03572,0.18999,0.06876,0.12123,15.99520,8.13458,0,7.87,33983.3
231600,772,9.120e-05,1.76697,0.42088,0.41469,0.08639,0.04834,0.07208,0.03102,0.32380,0.15674,0.16706,13.22882,15.09980,0,7.90,33996.0
231700,772,9.120e-05,1.23689,0.16835,0.33115,0.05534,0.05423,0.03984,0.03597,0.68491,0.24197,0.44294,16.83850,16.02000,0,7.93,34008.6
231800,772,9.120e-05,1.46036,0.29106,0.44863,0.04779,0.05562,0.03680,0.04466,0.41042,0.14628,0.26413,14.58832,15.52989,0,7.86,34021.3
231900,773,9.080e-05,1.36071,0.37330,0.23641,0.05658,0.05209,0.04444,0.03862,0.44091,0.17885,0.26206,11.11646,19.71387,0,7.89,34034.0
232000,773,9.080e-05,1.93323,0.44388,0.44712,0.06265,0.08805,0.03936,0.07614,0.35595,0.14930,0.20665,13.87841,8.93240,0,7.90,34046.6
232100,773,9.080e-05,1.48599,0.15334,0.56597,0.04048,0.07243,0.03753,0.04333,0.34068,0.13756,0.20312,10.39653,8.05986,0,7.81,34059.4
232200,774,9.040e-05,1.77931,0.44533,0.61321,0.04885,0.05105,0.03603,0.05248,0.37166,0.22177,0.14989,26.04749,13.88619,0,7.81,34072.2
232300,774,9.040e-05,2.10498,0.22921,1.07027,0.04876,0.06535,0.04084,0.05314,0.70195,0.28701,0.41494,15.56228,14.18787,0,7.91,34084.9
232400,774,9.040e-05,2.01149,0.79640,0.43128,0.06437,0.05289,0.05033,0.02867,0.47895,0.16301,0.31595,12.32509,9.32923,0,8.04,34097.3
232500,775,9.000e-05,2.00645,0.49922,0.69854,0.06853,0.04955,0.05353,0.03379,0.22927,0.10438,0.12489,20.41822,10.59852,0,7.91,34109.9
232600,775,9.000e-05,2.06891,0.75329,0.50250,0.05100,0.06521,0.04289,0.04993,0.34938,0.22021,0.12917,12.73133,12.22677,0,8.12,34122.3
232700,775,9.000e-05,1.49508,0.36899,0.48611,0.03794,0.05200,0.03434,0.04178,0.26725,0.10746,0.15980,14.77026,7.88575,0,7.78,34135.1
232800,776,8.960e-05,2.03821,0.65123,0.55912,0.05581,0.06659,0.04398,0.04238,0.35394,0.14853,0.20541,30.80991,12.49904,0,7.97,34147.7
232900,776,8.960e-05,2.49573,0.50058,1.19562,0.04982,0.06789,0.03799,0.04639,0.15065,0.06399,0.08666,15.03801,6.75412,0,8.04,34160.1
233000,776,8.960e-05,2.36646,0.36208,0.93948,0.06869,0.08639,0.04760,0.06821,0.22888,0.09080,0.13807,18.33069,12.14339,0,7.85,34172.8
233100,777,8.920e-05,1.59381,0.39823,0.35225,0.04877,0.07305,0.04801,0.04568,0.23417,0.12518,0.10900,25.99648,9.89332,0,7.75,34185.7
233200,777,8.920e-05,2.42944,0.36498,0.67863,0.05787,0.13793,0.04067,0.12207,0.44772,0.21017,0.23755,14.93779,16.68803,0,7.77,34198.6
233300,777,8.920e-05,1.86259,0.44003,0.54856,0.05455,0.07269,0.04723,0.04789,0.30182,0.07916,0.22266,16.37093,11.46293,0,7.98,34211.1
233400,778,8.880e-05,2.33509,0.58070,0.68874,0.04731,0.10003,0.04053,0.09104,0.30133,0.13875,0.16259,19.69365,9.16742,0,7.95,34223.7
233500,778,8.880e-05,1.79785,0.50774,0.62922,0.05017,0.04910,0.04221,0.02362,0.22369,0.08157,0.14212,35.70863,9.36376,0,7.89,34236.4
233600,778,8.880e-05,1.24533,0.10344,0.45636,0.04999,0.04896,0.03896,0.03736,0.25457,0.10055,0.15402,15.45927,9.57971,0,8.85,34247.7
233700,779,8.840e-05,1.78310,0.36991,0.46512,0.05851,0.05780,0.03484,0.11177,0.31326,0.12403,0.18923,18.75008,10.22331,0,8.50,34259.4
233800,779,8.840e-05,1.79611,0.66845,0.37087,0.05292,0.05451,0.05054,0.03731,0.66096,0.19583,0.46513,12.22095,15.76807,0,8.82,34270.8
233900,779,8.840e-05,1.89412,0.58907,0.44833,0.06403,0.06036,0.05257,0.04133,0.24483,0.07747,0.16735,27.42516,9.85203,0,7.94,34283.4
234000,780,8.800e-05,1.60286,0.15590,0.43903,0.05601,0.09023,0.04421,0.06647,0.30376,0.06492,0.23885,7.13319,12.74270,0,1.17,34369.0
234100,780,8.800e-05,1.89472,0.20912,0.47190,0.06763,0.09374,0.05584,0.10690,0.54002,0.23795,0.30207,11.93989,18.75878,0,7.06,34383.2
234200,780,8.800e-05,2.01248,0.52380,0.74311,0.05533,0.05474,0.04040,0.03767,0.20566,0.08883,0.11683,14.42592,6.99247,0,7.73,34396.1
234300,781,8.760e-05,1.48748,0.51548,0.21951,0.03973,0.06384,0.03375,0.06011,0.43833,0.20504,0.23329,15.81528,13.93086,0,7.83,34408.9
234400,781,8.760e-05,1.72187,0.35160,0.53701,0.04881,0.07231,0.03904,0.05203,0.16116,0.06490,0.09626,13.88889,7.45245,0,7.93,34421.5
234500,781,8.760e-05,2.40608,0.58324,0.64021,0.05695,0.09299,0.06171,0.11146,0.27757,0.05062,0.22694,30.38779,8.69681,0,7.81,34434.3
234600,782,8.720e-05,2.32443,0.53409,0.76936,0.07090,0.07359,0.05981,0.05960,0.52396,0.17395,0.35002,25.34503,12.06219,0,7.73,34447.3
234700,782,8.720e-05,1.98964,0.64257,0.57729,0.04564,0.06787,0.03400,0.04690,0.30592,0.09313,0.21280,16.70979,12.28728,0,7.85,34460.0
234800,782,8.720e-05,2.06708,0.50097,0.55625,0.06395,0.07480,0.06144,0.06500,0.31704,0.04879,0.26826,23.49958,6.95573,0,7.75,34472.9
234900,783,8.680e-05,1.82806,0.54547,0.45421,0.06379,0.05718,0.04653,0.04289,0.22943,0.09762,0.13182,14.66548,11.30044,0,7.78,34485.8
235000,783,8.680e-05,1.76918,0.45508,0.53400,0.03407,0.07475,0.04052,0.05389,0.26008,0.10693,0.15315,23.60513,9.28102,0,7.85,34498.5
235100,783,8.680e-05,1.35926,0.14674,0.41507,0.05538,0.06454,0.04074,0.03839,0.46598,0.17005,0.29593,20.24993,10.29206,0,7.79,34511.3
235200,784,8.640e-05,1.90922,0.39395,0.61336,0.05277,0.07780,0.03836,0.06127,0.21417,0.08549,0.12868,16.52582,7.43343,0,8.00,34523.8
235300,784,8.640e-05,1.64498,0.40004,0.43995,0.04117,0.06786,0.04043,0.06349,0.40352,0.06119,0.34234,11.40185,13.86111,0,7.83,34536.6
235400,784,8.640e-05,1.70804,0.20576,0.64135,0.06421,0.05566,0.05488,0.04974,0.65920,0.38153,0.27768,15.59494,23.75274,0,7.85,34549.4
235500,785,8.600e-05,2.47566,0.65164,0.97702,0.05268,0.04796,0.04629,0.09123,0.25533,0.04593,0.20940,21.95276,7.88339,0,7.87,34562.1
235600,785,8.600e-05,2.62175,0.74518,1.17393,0.04264,0.05883,0.03222,0.04591,0.34551,0.13469,0.21083,21.17672,13.17896,0,7.87,34574.8
235700,785,8.600e-05,1.76181,0.46399,0.46211,0.05007,0.07135,0.03674,0.05472,0.45329,0.12372,0.32957,17.52700,13.34448,0,8.51,34586.5
235800,786,8.560e-05,1.89644,0.60835,0.10131,0.05981,0.10642,0.05077,0.09149,0.49698,0.22121,0.27577,9.79092,15.65444,0,9.15,34597.5
235900,786,8.560e-05,2.33770,0.38367,0.97542,0.05990,0.07049,0.04184,0.08883,0.22992,0.09201,0.13791,18.36527,15.71725,0,7.90,34610.1
236000,786,8.560e-05,1.87581,0.32508,0.64545,0.05310,0.07050,0.03644,0.07847,0.31357,0.17571,0.13786,12.78754,11.02620,0,7.77,34623.0
236100,787,8.520e-05,1.75767,0.18639,0.43910,0.05458,0.10828,0.04354,0.08360,0.21070,0.08517,0.12553,23.48549,6.74157,0,7.71,34636.0
236200,787,8.520e-05,1.89200,0.19815,0.85227,0.05412,0.06876,0.03920,0.05168,0.11399,0.04623,0.06776,22.12484,6.97909,0,7.74,34648.9
236300,787,8.520e-05,2.19962,0.33740,1.07328,0.05946,0.05604,0.04491,0.03966,0.49180,0.25373,0.23807,19.76788,18.80379,0,7.64,34662.0
236400,788,8.480e-05,1.69372,0.16388,0.58646,0.07581,0.05815,0.05570,0.05373,0.22011,0.09118,0.12893,9.06021,12.45817,0,8.01,34674.4
236500,788,8.480e-05,1.55313,0.33516,0.34567,0.06558,0.06279,0.05585,0.03633,0.50845,0.27204,0.23640,9.86728,14.13976,0,7.82,34687.2
236600,788,8.480e-05,1.55708,0.34815,0.37788,0.06217,0.06286,0.03754,0.04482,0.36387,0.10530,0.25857,10.54723,11.00112,0,7.77,34700.1
236700,789,8.440e-05,1.38428,0.37788,0.14860,0.06358,0.06370,0.04972,0.03884,0.65018,0.30803,0.34216,11.86218,14.54072,0,7.82,34712.9
236800,789,8.440e-05,1.68528,0.29609,0.61113,0.05236,0.05554,0.04186,0.05356,0.23886,0.11401,0.12485,13.65276,10.58761,0,7.98,34725.4
236900,789,8.440e-05,1.62443,0.39088,0.34235,0.06216,0.07373,0.03259,0.05210,0.63819,0.36093,0.27726,18.80694,14.81503,0,7.85,34738.2
237000,790,8.400e-05,2.43884,0.51412,0.61435,0.06935,0.12110,0.04748,0.09577,0.25501,0.09998,0.15503,17.12030,8.77240,0,1.22,34820.4
237100,790,8.400e-05,1.76418,0.36518,0.47502,0.05890,0.07506,0.04411,0.05756,0.10440,0.05390,0.05049,7.42327,4.47286,0,7.40,34833.9
237200,790,8.400e-05,1.66758,0.15303,0.62152,0.06980,0.05596,0.06654,0.03917,0.50882,0.09264,0.41618,11.06703,9.84429,0,7.85,34846.7
237300,791,8.360e-05,3.32884,0.31329,0.61514,0.06042,0.21026,0.05232,0.36648,0.48507,0.25230,0.23277,29.85954,16.13801,0,7.87,34859.4
237400,791,8.360e-05,1.79215,0.37960,0.25137,0.06374,0.08940,0.04845,0.10974,0.38722,0.18497,0.20225,15.72535,11.27370,0,7.94,34872.0
237500,791,8.360e-05,1.60062,0.13954,0.53843,0.06778,0.06886,0.05694,0.03883,0.19681,0.07249,0.12432,16.00969,8.07443,0,7.58,34885.2
237600,792,8.320e-05,1.47274,0.29270,0.34837,0.04272,0.06933,0.04367,0.06489,0.46352,0.16501,0.29851,11.56305,13.53386,0,7.81,34898.0
237700,792,8.320e-05,2.70378,0.28347,1.24067,0.04960,0.10586,0.04021,0.12072,0.25373,0.18399,0.06974,23.92279,13.25976,0,7.84,34910.7
237800,792,8.320e-05,1.67061,0.28083,0.50860,0.06070,0.06080,0.05408,0.05541,0.50425,0.25180,0.25245,13.95823,13.71060,0,7.74,34923.6
237900,793,8.280e-05,1.44515,0.19231,0.24205,0.04403,0.10137,0.05002,0.06349,0.40309,0.20704,0.19604,9.85509,11.39413,0,8.10,34936.0
238000,793,8.280e-05,1.53849,0.21048,0.41215,0.05069,0.07532,0.03766,0.07666,0.18295,0.05659,0.12636,14.25824,7.80410,0,7.80,34948.8
238100,793,8.280e-05,1.68450,0.37801,0.25010,0.05137,0.10045,0.03761,0.08131,0.42357,0.20753,0.21604,13.15190,12.53745,0,7.86,34961.5
238200,794,8.240e-05,1.34854,0.28085,0.28581,0.04121,0.06769,0.04085,0.05411,0.35622,0.10083,0.25538,8.01111,9.54225,0,7.82,34974.3
238300,794,8.240e-05,1.66471,0.10952,0.83878,0.05478,0.04537,0.05477,0.03148,0.12408,0.07509,0.04898,12.23162,6.21744,0,7.86,34987.1
238400,794,8.240e-05,1.98033,0.44594,0.72564,0.05910,0.06016,0.04595,0.03903,0.26227,0.15184,0.11043,17.40676,15.83523,0,7.83,34999.8
238500,795,8.200e-05,2.48916,0.29928,0.80700,0.09106,0.10054,0.07832,0.09163,0.37756,0.04630,0.33127,24.77204,8.14706,0,7.70,35012.8
238600,795,8.200e-05,1.18644,0.26710,0.24041,0.05010,0.04693,0.04242,0.03508,0.25063,0.10491,0.14572,11.53572,10.91808,0,7.98,35025.3
238700,795,8.200e-05,1.33426,0.40560,0.20396,0.04914,0.05310,0.04306,0.04233,0.34166,0.13311,0.20855,17.35864,11.38649,0,7.91,35038.0
238800,796,8.160e-05,1.61517,0.46079,0.41224,0.03911,0.06417,0.04702,0.04327,0.13846,0.06060,0.07786,9.79716,7.12299,0,7.89,35050.7
238900,796,8.160e-05,2.10837,0.54674,0.50834,0.04975,0.09820,0.04893,0.07649,0.32734,0.06247,0.26486,11.06558,11.02870,0,8.02,35063.1
239000,796,8.160e-05,1.71321,0.30888,0.66230,0.04043,0.06546,0.03252,0.05251,0.33441,0.07814,0.25627,17.87675,10.37766,0,7.93,35075.7
239100,797,8.120e-05,1.97640,0.38115,0.79620,0.04039,0.06812,0.03846,0.06414,0.36214,0.15633,0.20581,51.05756,14.92112,0,7.88,35088.4
239200,797,8.120e-05,1.39838,0.41144,0.20672,0.05706,0.05533,0.04739,0.03992,0.44178,0.19437,0.24742,7.64100,10.32888,0,7.93,35101.0
239300,797,8.120e-05,1.91152,0.28775,0.69065,0.06206,0.07232,0.05600,0.04849,0.37096,0.08903,0.28193,23.37819,10.75212,0,7.74,35114.0
239400,798,8.080e-05,1.75522,0.28795,0.46171,0.04427,0.09224,0.03767,0.09153,0.38644,0.17752,0.20892,12.80260,12.92599,0,7.94,35126.5
239500,798,8.080e-05,1.95131,0.22543,0.81930,0.08134,0.05139,0.06733,0.02985,0.33651,0.14740,0.18911,11.94238,14.66799,0,7.83,35139.3
239600,798,8.080e-05,1.54579,0.22735,0.53768,0.03691,0.07348,0.03359,0.05794,0.41519,0.21367,0.20152,12.45715,11.95733,0,7.95,35151.9
239700,799,8.040e-05,1.75172,0.52787,0.56379,0.04779,0.04785,0.03827,0.03448,0.14101,0.04912,0.09189,21.61400,8.64768,0,7.82,35164.7
239800,799,8.040e-05,2.22351,0.50569,0.56707,0.06096,0.08729,0.04420,0.11959,0.35741,0.15379,0.20362,15.02257,12.05836,0,7.85,35177.4
239900,799,8.040e-05,1.25162,0.14980,0.45651,0.05018,0.04519,0.04096,0.02642,0.40061,0.14681,0.25380,8.38713,12.63948,0,7.70,35190.4
240000,800,8.000e-05,1.87901,0.50606,0.36352,0.05429,0.08964,0.03980,0.07611,0.41549,0.25308,0.16241,14.89167,8.79582,0,1.51,35256.8
240100,800,8.000e-05,1.62756,0.33388,0.29489,0.06441,0.07799,0.05624,0.05849,0.54184,0.31206,0.22978,11.87469,18.14400,0,7.44,35270.2
240200,800,8.000e-05,1.91576,0.37267,0.67269,0.06271,0.06660,0.04876,0.04078,0.48995,0.29430,0.19565,26.13689,15.94124,0,7.72,35283.2
240300,801,7.960e-05,1.90241,0.23899,0.90880,0.03901,0.07363,0.02898,0.04759,0.33706,0.12045,0.21662,39.21053,17.46351,0,7.86,35295.9
240400,801,7.960e-05,1.74529,0.30345,0.55122,0.03565,0.07911,0.03524,0.09149,0.45512,0.22938,0.22574,12.00255,11.81087,0,7.83,35308.7
240500,801,7.960e-05,2.36239,0.35621,0.74148,0.06634,0.11697,0.04735,0.09191,0.13582,0.03262,0.10320,20.85748,8.84370,0,7.79,35321.5
240600,802,7.920e-05,1.91796,0.54005,0.52777,0.04195,0.08475,0.03053,0.05612,0.41084,0.09271,0.31812,14.79796,13.64734,0,7.86,35334.3
240700,802,7.920e-05,1.31383,0.27250,0.30919,0.05175,0.05464,0.04055,0.03952,0.41812,0.21506,0.20306,5.30048,14.31326,0,7.74,35347.2
240800,802,7.920e-05,1.42622,0.10869,0.43354,0.06562,0.03723,0.04594,0.10196,0.40017,0.18437,0.21580,13.20554,10.01725,0,8.08,35359.6
240900,803,7.880e-05,1.71156,0.47838,0.44947,0.05441,0.05790,0.04621,0.04265,0.41165,0.16156,0.25008,11.14202,16.37801,0,8.39,35371.5
241000,803,7.880e-05,2.32464,0.51149,0.57439,0.06044,0.11106,0.04695,0.10555,0.45775,0.25480,0.20295,15.73257,11.91366,0,8.07,35383.9
241100,803,7.880e-05,1.96287,0.46195,0.74883,0.05154,0.05814,0.03588,0.04560,0.16063,0.05069,0.10993,17.17081,8.26430,0,7.69,35396.9
241200,804,7.840e-05,1.51211,0.42677,0.29423,0.04706,0.06691,0.03273,0.05579,0.37415,0.10922,0.26493,11.60517,10.66193,0,7.80,35409.7
241300,804,7.840e-05,1.54734,0.35191,0.54997,0.04325,0.04833,0.03913,0.03590,0.16161,0.08811,0.07350,12.03906,9.31344,0,7.88,35422.4
241400,804,7.840e-05,1.80517,0.27040,0.62019,0.05962,0.07300,0.04490,0.05570,0.42854,0.23710,0.19144,19.87632,12.14975,0,7.86,35435.1
241500,805,7.800e-05,1.48521,0.18540,0.51804,0.03751,0.07627,0.03433,0.05083,0.36407,0.23564,0.12843,13.73036,13.43540,0,7.77,35448.0
241600,805,7.800e-05,2.55205,0.40344,1.18512,0.05878,0.07962,0.04730,0.06129,0.28156,0.12301,0.15854,33.82142,9.00610,0,7.74,35460.9
241700,805,7.800e-05,1.96775,0.17813,0.45332,0.07595,0.11118,0.06213,0.09814,0.21585,0.11790,0.09795,12.46083,13.45586,0,7.72,35473.8
241800,806,7.760e-05,1.51206,0.16082,0.29909,0.05468,0.09527,0.04363,0.07732,0.28918,0.17234,0.11685,8.45413,15.68378,0,7.74,35486.8
241900,806,7.760e-05,2.03063,0.24870,0.70949,0.03938,0.10136,0.04119,0.10630,0.52790,0.25122,0.27667,13.92091,21.34642,0,7.85,35499.5
242000,806,7.760e-05,1.78663,0.22445,0.67208,0.04772,0.07802,0.03653,0.06804,0.22333,0.08564,0.13769,12.25564,10.03520,0,7.77,35512.4
242100,807,7.720e-05,1.83507,0.18845,0.57738,0.06532,0.09502,0.03439,0.07263,0.31114,0.10932,0.20182,22.15102,10.47470,0,7.70,35525.3
242200,807,7.720e-05,2.17036,0.26924,0.59388,0.05558,0.14182,0.03818,0.08991,0.23572,0.07290,0.16282,19.64544,11.87436,0,7.79,35538.2
242300,807,7.720e-05,1.56930,0.18420,0.45877,0.06398,0.07237,0.04309,0.05474,0.44857,0.10014,0.34842,11.39474,16.29145,0,7.82,35551.0
242400,808,7.680e-05,1.29827,0.08856,0.25200,0.04302,0.09233,0.03597,0.07642,0.26289,0.17604,0.08685,10.56239,11.45715,0,7.73,35563.9
242500,808,7.680e-05,2.55824,0.44600,1.21437,0.04649,0.09192,0.03723,0.04510,0.28297,0.08291,0.20005,15.78629,10.35499,0,7.70,35576.9
242600,808,7.680e-05,1.44288,0.22265,0.60136,0.03445,0.04805,0.03281,0.04974,0.39467,0.19105,0.20363,14.75509,11.24490,0,7.76,35589.8
242700,809,7.640e-05,2.30310,0.41659,0.48929,0.04534,0.13958,0.03498,0.15408,0.34848,0.09882,0.24966,14.37322,9.00168,0,7.74,35602.7
242800,809,7.640e-05,2.26481,0.41180,0.85107,0.06646,0.07785,0.05306,0.05910,0.31596,0.10394,0.21202,36.53147,10.00550,0,7.75,35615.6
242900,809,7.640e-05,1.57797,0.32308,0.47067,0.05942,0.05410,0.04495,0.04170,0.35274,0.22157,0.13117,11.76796,15.39345,0,7.95,35628.2
243000,810,7.600e-05,1.69834,0.22554,0.61626,0.05650,0.07481,0.03886,0.04114,0.50447,0.24099,0.26348,18.89241,15.58218,0,1.47,35696.1
243100,810,7.600e-05,1.55383,0.20730,0.54507,0.05481,0.05987,0.04294,0.04828,0.39762,0.10321,0.29441,10.52860,8.80395,0,7.35,35709.7
243200,810,7.600e-05,1.91423,0.23703,1.03276,0.04702,0.04562,0.04797,0.02452,0.49206,0.13460,0.35746,25.33484,11.73125,0,7.83,35722.4
243300,811,7.560e-05,1.73544,0.34878,0.63285,0.03357,0.07270,0.04722,0.04177,0.45103,0.09883,0.35220,17.83769,12.61991,0,7.63,35735.5
243400,811,7.560e-05,0.91605,0.10246,0.23413,0.03739,0.04441,0.03272,0.03546,0.44989,0.23498,0.21491,8.60610,14.32422,0,7.67,35748.6
243500,811,7.560e-05,1.34319,0.11236,0.40332,0.06847,0.05491,0.05057,0.03367,0.36128,0.07161,0.28967,11.55807,13.52536,0,7.71,35761.5
243600,812,7.520e-05,1.61807,0.20003,0.39104,0.05285,0.09511,0.03890,0.07598,0.31913,0.15165,0.16748,6.35945,9.90803,0,7.73,35774.5
243700,812,7.520e-05,2.08102,0.25005,0.63967,0.04812,0.10982,0.03912,0.12151,0.37653,0.14416,0.23237,18.21703,13.54507,0,7.82,35787.3
243800,812,7.520e-05,1.69522,0.35670,0.50488,0.06128,0.05710,0.05056,0.04613,0.37156,0.05584,0.31572,16.44299,10.45163,0,7.78,35800.1
243900,813,7.480e-05,1.97194,0.43323,0.58178,0.06014,0.08500,0.04220,0.05029,0.28592,0.04865,0.23727,31.23599,14.42909,0,7.83,35812.9
244000,813,7.480e-05,1.39712,0.20289,0.30086,0.06528,0.06598,0.04353,0.05130,0.14340,0.06387,0.07953,18.49867,9.42919,0,7.82,35825.7
244100,813,7.480e-05,2.18864,0.19736,0.85645,0.05134,0.10793,0.02775,0.10763,0.29606,0.09417,0.20189,14.05500,10.09362,0,7.84,35838.4
244200,814,7.440e-05,2.12053,0.25017,0.68938,0.05535,0.10975,0.04552,0.09667,0.32716,0.05744,0.26972,18.81666,14.16773,0,7.88,35851.1
244300,814,7.440e-05,1.99172,0.19293,0.75699,0.06032,0.08996,0.05279,0.06338,0.23593,0.09471,0.14122,18.85778,8.83295,0,7.83,35863.9
244400,814,7.440e-05,1.86918,0.44276,0.63533,0.04919,0.06470,0.04236,0.04629,0.33557,0.06684,0.26872,13.94685,9.81793,0,7.65,35877.0
244500,815,7.400e-05,1.76590,0.51318,0.50294,0.04779,0.06030,0.03591,0.04782,0.29641,0.14979,0.14662,14.96210,7.62065,0,7.89,35889.6
244600,815,7.400e-05,1.45448,0.31137,0.34773,0.04487,0.06717,0.04298,0.05110,0.32575,0.04644,0.27930,22.95348,15.18327,0,7.91,35902.3
244700,815,7.400e-05,1.63640,0.33205,0.53557,0.05536,0.05809,0.04085,0.03977,0.33769,0.09628,0.24141,13.49502,14.19492,0,7.82,35915.1
244800,816,7.360e-05,2.25423,0.51136,0.42581,0.03955,0.13611,0.03152,0.14397,0.25368,0.04420,0.20949,20.94630,9.94018,0,7.72,35928.0
244900,816,7.360e-05,1.89379,0.43999,0.56268,0.06136,0.06781,0.05034,0.04777,0.30028,0.06184,0.23844,16.97537,13.23523,0,7.79,35940.9
245000,816,7.360e-05,1.52687,0.28600,0.54856,0.03964,0.06489,0.03006,0.03780,0.33287,0.25342,0.07945,22.24947,13.33954,0,7.75,35953.8
245100,817,7.320e-05,2.85988,0.43892,1.08371,0.05891,0.08149,0.04669,0.20741,0.50335,0.12494,0.37841,35.51455,11.46209,0,7.75,35966.7
245200,817,7.320e-05,2.06900,0.41975,0.72703,0.05155,0.07539,0.04121,0.07380,0.28125,0.15486,0.12639,36.40228,14.36707,0,7.87,35979.4
245300,817,7.320e-05,1.69441,0.40905,0.54534,0.03974,0.06858,0.02934,0.05004,0.34712,0.20684,0.14028,15.73037,8.90373,0,7.85,35992.1
245400,818,7.280e-05,2.26055,0.48080,0.80331,0.04065,0.10222,0.03287,0.07197,0.44769,0.20005,0.24764,27.37004,15.19327,0,7.91,36004.8
245500,818,7.280e-05,1.87816,0.25325,0.84747,0.04580,0.06446,0.03187,0.05857,0.22848,0.07945,0.14903,18.29609,12.22108,0,7.84,36017.5
245600,818,7.280e-05,2.37524,0.67543,1.08174,0.04947,0.04274,0.03439,0.02843,0.23900,0.10295,0.13606,30.46528,10.80854,0,7.89,36030.2
245700,819,7.240e-05,2.45730,0.38190,0.82094,0.05947,0.12602,0.03914,0.09166,0.48572,0.12715,0.35857,32.67601,18.29049,0,7.87,36042.9
245800,819,7.240e-05,1.95446,0.32809,0.77329,0.05109,0.06307,0.04872,0.06420,0.46119,0.10940,0.35179,20.67057,14.07092,0,7.77,36055.8
245900,819,7.240e-05,2.22587,0.49114,0.54830,0.06139,0.10272,0.04772,0.09863,0.29824,0.20328,0.09497,16.57615,19.71408,0,7.81,36068.6
246000,820,7.200e-05,1.37268,0.23878,0.30082,0.06091,0.06295,0.05249,0.03302,0.28843,0.14657,0.14186,12.93185,11.65586,0,1.36,36142.1
246100,820,7.200e-05,1.61917,0.31732,0.33589,0.06693,0.07222,0.05659,0.05149,0.49817,0.19880,0.29937,13.00796,17.04877,0,7.42,36155.6
246200,820,7.200e-05,1.75741,0.14153,0.74591,0.08066,0.04495,0.06170,0.03508,0.18817,0.08576,0.10242,28.18809,10.41276,0,8.09,36167.9
246300,821,7.160e-05,1.94928,0.28137,0.45895,0.06760,0.09562,0.05100,0.10615,0.29164,0.14168,0.14997,15.31365,9.12526,0,7.95,36180.5
246400,821,7.160e-05,1.62357,0.52188,0.39863,0.04293,0.04959,0.05853,0.03764,0.20279,0.07277,0.13002,16.90392,8.52009,0,7.80,36193.3
246500,821,7.160e-05,3.05511,0.35045,0.82053,0.07470,0.18285,0.05977,0.17878,0.43291,0.26125,0.17166,16.37536,12.63426,0,7.80,36206.2
246600,822,7.120e-05,2.30006,0.45734,0.80409,0.04854,0.09134,0.02917,0.10652,0.61776,0.15721,0.46055,22.11775,16.67922,0,7.96,36218.7
246700,822,7.120e-05,1.92489,0.58953,0.64982,0.05606,0.04195,0.04445,0.03375,0.32742,0.12422,0.20320,12.87443,10.10962,0,7.91,36231.4
246800,822,7.120e-05,1.45971,0.42070,0.34421,0.04392,0.05871,0.03269,0.03996,0.40422,0.21546,0.18876,13.87816,12.32004,0,7.87,36244.1
246900,823,7.080e-05,1.62761,0.31300,0.41305,0.04275,0.07994,0.04595,0.06929,0.23793,0.06893,0.16900,23.10213,8.60905,0,7.93,36256.7
247000,823,7.080e-05,2.01043,0.57792,0.66600,0.06391,0.05041,0.04793,0.03004,0.33943,0.11388,0.22555,14.49333,12.65007,0,7.87,36269.4
247100,823,7.080e-05,1.78488,0.29890,0.72149,0.05027,0.06361,0.03679,0.04126,0.34046,0.09119,0.24927,17.47390,9.40048,0,7.79,36282.2
247200,824,7.040e-05,1.86862,0.36726,0.63242,0.04595,0.07808,0.03668,0.06284,0.24367,0.06232,0.18135,16.78314,7.77567,0,7.81,36295.0
247300,824,7.040e-05,1.47192,0.24756,0.45242,0.05449,0.06009,0.04116,0.03846,0.71336,0.25637,0.45699,12.71074,20.39762,0,7.75,36307.9
247400,824,7.040e-05,1.78531,0.22491,0.66644,0.03945,0.08783,0.03294,0.07009,0.54003,0.33273,0.20730,13.87270,15.86133,0,7.90,36320.6
247500,825,7.000e-05,2.51469,0.55454,0.82264,0.06553,0.09441,0.05091,0.08423,0.27824,0.07256,0.20569,15.06730,10.90821,0,8.36,36332.5
247600,825,7.000e-05,1.86631,0.14058,0.74555,0.06777,0.07348,0.05180,0.05777,0.30949,0.17666,0.13283,14.43417,8.37991,0,9.24,36343.4
247700,825,7.000e-05,1.65410,0.24388,0.55330,0.05805,0.06578,0.04491,0.05019,0.71736,0.34790,0.36946,15.05398,14.89686,0,8.35,36355.3
247800,826,6.960e-05,1.40386,0.31593,0.45993,0.04264,0.04234,0.03145,0.04977,0.30747,0.10335,0.20412,14.96280,13.82301,0,7.74,36368.2
247900,826,6.960e-05,1.30536,0.26914,0.27176,0.05531,0.04603,0.04317,0.05993,0.40412,0.17919,0.22493,11.73575,12.15216,0,7.82,36381.0
248000,826,6.960e-05,1.56435,0.28966,0.36915,0.04410,0.07512,0.05170,0.07207,0.28685,0.12588,0.16097,20.39126,9.09184,0,7.68,36394.1
248100,827,6.920e-05,2.13137,0.41534,0.66141,0.05576,0.09212,0.05102,0.07505,0.37118,0.21856,0.15262,15.02088,8.82191,0,7.98,36406.6
248200,827,6.920e-05,1.67415,0.37944,0.40988,0.04770,0.08195,0.03295,0.06168,0.51484,0.37426,0.14059,12.82851,33.11461,0,8.51,36418.3
248300,827,6.920e-05,1.96109,0.19376,0.50827,0.05356,0.12568,0.03724,0.10790,0.39244,0.28232,0.11012,14.07054,14.53840,0,7.85,36431.1
248400,828,6.880e-05,1.45177,0.20801,0.44204,0.06521,0.05033,0.04902,0.04059,0.30336,0.07070,0.23266,20.85234,10.35897,0,7.92,36443.7
248500,828,6.880e-05,1.90502,0.29119,1.05551,0.03865,0.04494,0.02829,0.02786,0.25237,0.05528,0.19709,16.14840,9.85887,0,7.85,36456.4
248600,828,6.880e-05,1.62115,0.22897,0.44840,0.05323,0.07417,0.05252,0.07020,0.23957,0.09762,0.14195,15.08856,11.31367,0,7.78,36469.3
248700,829,6.840e-05,2.36182,0.58970,1.02386,0.04575,0.06244,0.03701,0.04590,0.30028,0.12315,0.17713,19.22648,9.86850,0,7.74,36482.2
248800,829,6.840e-05,1.91970,0.42548,0.71963,0.04118,0.07358,0.03094,0.04938,0.44451,0.11305,0.33146,14.16086,10.18443,0,7.90,36494.9
248900,829,6.840e-05,2.44125,0.55040,0.81173,0.04613,0.11037,0.03413,0.08451,0.43594,0.12027,0.31566,31.44273,12.56168,0,7.76,36507.7
249000,830,6.800e-05,1.63239,0.33946,0.67775,0.04293,0.04483,0.03270,0.03785,0.35917,0.15150,0.20767,29.46489,10.31960,0,1.53,36573.0
249100,830,6.800e-05,1.56940,0.02791,0.71178,0.04568,0.06116,0.04198,0.07620,0.44223,0.20070,0.24153,16.82460,12.30640,0,7.44,36586.4
249200,830,6.800e-05,1.71002,0.22482,0.47526,0.08394,0.06468,0.06138,0.04535,0.25334,0.11920,0.13415,8.71954,7.74078,0,7.80,36599.2
249300,831,6.760e-05,1.76686,0.38954,0.35295,0.06477,0.08734,0.04519,0.06034,0.18651,0.04761,0.13890,14.36055,8.37763,0,7.78,36612.1
249400,831,6.760e-05,1.44224,0.23770,0.63792,0.03853,0.04499,0.03803,0.02159,0.21469,0.08318,0.13152,16.90848,10.38465,0,7.74,36625.0
249500,831,6.760e-05,1.96329,0.41033,0.23831,0.05852,0.12685,0.05588,0.09925,0.22698,0.07846,0.14852,9.90297,7.57944,0,7.91,36637.7
249600,832,6.720e-05,1.46344,0.21618,0.58279,0.03647,0.05739,0.02761,0.05046,0.34924,0.10038,0.24886,14.44213,10.33913,0,7.73,36650.6
249700,832,6.720e-05,1.68143,0.41732,0.58350,0.04201,0.04826,0.02915,0.06257,0.33583,0.07142,0.26441,19.24833,7.73848,0,7.75,36663.5
249800,832,6.720e-05,2.48187,0.32165,0.72330,0.05219,0.14078,0.04563,0.14320,0.41373,0.18782,0.22590,25.02573,19.66162,0,7.71,36676.5
249900,833,6.680e-05,1.59991,0.48832,0.29945,0.05170,0.06139,0.04669,0.05200,0.35701,0.17051,0.18650,14.45917,14.80788,0,7.77,36689.3
250000,833,6.680e-05,3.33324,0.15753,0.89957,0.05710,0.22171,0.03848,0.31435,0.29132,0.10814,0.18319,27.27358,12.83127,0,7.77,36702.2
250100,833,6.680e-05,2.40739,0.79180,0.84017,0.05535,0.05698,0.04689,0.03862,0.22524,0.08135,0.14390,20.46008,9.09087,0,7.76,36715.1
250200,834,6.640e-05,1.70045,0.46012,0.52948,0.04110,0.05584,0.03289,0.05757,0.35026,0.12189,0.22838,20.11088,12.77859,0,7.75,36728.0
250300,834,6.640e-05,1.63278,0.47928,0.37298,0.05058,0.06628,0.03605,0.04245,0.39346,0.20026,0.19321,13.50210,15.04977,0,7.73,36740.9
250400,834,6.640e-05,2.40383,0.30351,0.76070,0.09078,0.09380,0.07373,0.09297,0.22878,0.08466,0.14412,31.74922,9.40347,0,7.70,36753.9
250500,835,6.600e-05,2.31707,0.53741,0.63589,0.06842,0.09478,0.05041,0.08070,0.29439,0.09900,0.19539,19.40841,11.48286,0,7.77,36766.8
250600,835,6.600e-05,2.02792,0.46138,0.34876,0.05158,0.12664,0.03553,0.09514,0.33200,0.06404,0.26796,10.70950,13.94770,0,7.72,36779.7
250700,835,6.600e-05,1.42037,0.41301,0.31922,0.04246,0.05136,0.03865,0.04897,0.24554,0.05886,0.18668,9.58044,7.06236,0,7.88,36792.4
250800,836,6.560e-05,1.40000,0.15259,0.43298,0.04228,0.07145,0.03424,0.06407,0.42646,0.21584,0.21062,20.46370,16.95090,0,7.75,36805.3
250900,836,6.560e-05,1.87307,0.22515,0.55258,0.04143,0.12681,0.03151,0.07014,0.23710,0.12767,0.10944,13.08959,10.22070,0,7.77,36818.2
251000,836,6.560e-05,1.59678,0.45742,0.50644,0.03958,0.05401,0.02416,0.04183,0.37813,0.11671,0.26142,23.01599,13.61613,0,7.73,36831.1
251100,837,6.520e-05,1.70631,0.26159,0.31878,0.06704,0.08879,0.05537,0.08334,0.32725,0.13933,0.18792,11.89178,14.66022,0,7.79,36843.9
251200,837,6.520e-05,2.31970,0.37798,0.52586,0.05423,0.14617,0.03968,0.12586,0.31981,0.09788,0.22193,15.52846,8.96302,0,7.89,36856.6
251300,837,6.520e-05,1.77128,0.48920,0.48432,0.05477,0.06487,0.04011,0.03972,0.27863,0.11758,0.16105,12.47165,7.64716,0,7.84,36869.4
251400,838,6.480e-05,1.32197,0.23324,0.27756,0.06084,0.06116,0.04173,0.03875,0.33085,0.16854,0.16232,22.20881,14.81432,0,7.89,36882.1
251500,838,6.480e-05,1.20858,0.29751,0.35622,0.04389,0.03707,0.03592,0.02409,0.35938,0.15286,0.20652,12.94427,15.76137,0,7.83,36894.8
251600,838,6.480e-05,2.51110,0.77455,0.53683,0.06304,0.10236,0.05168,0.09741,0.48880,0.05780,0.43100,29.12444,12.17063,0,7.92,36907.5
251700,839,6.440e-05,1.61039,0.16747,0.48280,0.07315,0.06385,0.05520,0.05484,0.30721,0.10528,0.20194,12.49609,13.81842,0,7.76,36920.3
251800,839,6.440e-05,2.30018,0.25051,1.03128,0.05572,0.09038,0.04215,0.07300,0.28316,0.06873,0.21443,25.28099,13.74783,0,7.80,36933.2
251900,839,6.440e-05,1.65373,0.43204,0.28026,0.05776,0.08017,0.04720,0.05350,0.17252,0.05922,0.11330,17.59365,8.60871,0,7.79,36946.0
252000,840,6.400e-05,1.49863,0.26404,0.34101,0.05768,0.06963,0.04640,0.05641,0.31018,0.11935,0.19084,17.67766,10.05780,0,1.52,37011.8
252100,840,6.400e-05,1.47682,0.33305,0.39340,0.05042,0.06163,0.03599,0.04008,0.23846,0.14579,0.09267,23.93421,11.08463,0,7.26,37025.6
252200,840,6.400e-05,1.97281,0.36512,0.54116,0.05422,0.09388,0.04101,0.08940,0.59260,0.09671,0.49589,15.54144,13.30701,0,7.75,37038.5
252300,841,6.360e-05,1.92761,0.43206,0.50366,0.06573,0.08327,0.04995,0.04881,0.46419,0.21194,0.25225,15.65510,17.15750,0,7.83,37051.3
252400,841,6.360e-05,2.16310,0.59709,0.71097,0.05496,0.06861,0.03904,0.05584,0.20015,0.09225,0.10790,15.71035,10.13766,0,7.90,37063.9
252500,841,6.360e-05,1.95544,0.58134,0.42843,0.06915,0.07117,0.05239,0.04522,0.30488,0.17907,0.12581,17.24313,13.94853,0,7.92,37076.5
252600,842,6.320e-05,2.36094,0.30608,0.46185,0.04226,0.18034,0.03350,0.15852,0.30162,0.13030,0.17133,18.79011,13.00037,0,7.76,37089.4
252700,842,6.320e-05,1.49836,0.24110,0.39575,0.05389,0.07624,0.04063,0.04371,0.20200,0.06854,0.13346,7.45183,9.04319,0,7.72,37102.4
252800,842,6.320e-05,1.94000,0.70363,0.34315,0.04636,0.08394,0.03600,0.06070,0.32545,0.16687,0.15858,29.72204,11.29022,0,7.75,37115.3
252900,843,6.280e-05,1.60082,0.34549,0.34619,0.05482,0.07611,0.04249,0.05930,0.50217,0.19661,0.30555,19.46109,17.55890,0,7.74,37128.2
253000,843,6.280e-05,1.60770,0.25598,0.45551,0.05554,0.07136,0.04326,0.06143,0.36936,0.11804,0.25132,9.14048,16.28598,0,7.71,37141.2
253100,843,6.280e-05,1.55439,0.09601,0.65801,0.05371,0.05788,0.03957,0.05741,0.20614,0.10740,0.09874,13.70684,10.23254,0,7.85,37153.9
253200,844,6.240e-05,1.62280,0.37205,0.40979,0.04361,0.07966,0.03125,0.05859,0.28798,0.11402,0.17396,18.74274,17.20950,0,7.74,37166.8
253300,844,6.240e-05,1.30690,0.29489,0.25204,0.05198,0.05665,0.03970,0.04703,0.25964,0.03525,0.22440,11.35027,9.40196,0,7.70,37179.8
253400,844,6.240e-05,1.96904,0.49692,0.65539,0.04273,0.07680,0.03668,0.05095,0.18860,0.06118,0.12742,17.77967,8.43978,0,7.77,37192.7
253500,845,6.200e-05,2.27120,0.42576,0.88287,0.05169,0.08439,0.04314,0.06975,0.52198,0.11755,0.40443,22.01811,15.69188,0,7.77,37205.6
253600,845,6.200e-05,1.59365,0.43374,0.52770,0.04365,0.04458,0.03825,0.03819,0.29833,0.07082,0.22751,34.95963,14.01500,0,7.77,37218.4
253700,845,6.200e-05,2.32333,0.58557,0.79916,0.05343,0.09147,0.04822,0.03742,0.17475,0.03873,0.13603,18.52249,7.49358,0,7.76,37231.3
253800,846,6.160e-05,2.12312,0.42444,0.55067,0.03517,0.12731,0.03822,0.09603,0.33082,0.25106,0.07976,17.89043,16.38323,0,7.79,37244.1
253900,846,6.160e-05,1.43078,0.23375,0.44400,0.05198,0.05774,0.03551,0.04625,0.23033,0.13077,0.09956,20.40399,11.71331,0,8.16,37256.4
254000,846,6.160e-05,2.18470,0.72904,0.41716,0.06117,0.09569,0.04789,0.05378,0.30782,0.06476,0.24306,17.94901,17.41692,0,7.69,37269.4
254100,847,6.120e-05,1.95345,0.34438,0.77329,0.05791,0.06369,0.04483,0.04629,0.28622,0.08151,0.20471,19.05422,11.08024,0,7.82,37282.2
254200,847,6.120e-05,1.83020,0.40365,0.64816,0.05060,0.05752,0.03817,0.05694,0.43861,0.13664,0.30196,27.37881,17.84807,0,7.77,37295.1
254300,847,6.120e-05,1.45706,0.25226,0.56280,0.03841,0.05265,0.03142,0.04328,0.26962,0.14957,0.12005,20.35680,12.93148,0,7.77,37307.9
254400,848,6.080e-05,1.73637,0.22807,0.52165,0.04960,0.08404,0.04457,0.08280,0.28640,0.07864,0.20776,17.92921,12.09062,0,7.83,37320.7
254500,848,6.080e-05,1.46445,0.22434,0.25190,0.07373,0.06531,0.06148,0.05572,0.31750,0.08889,0.22860,14.26915,12.28916,0,7.74,37333.6
254600,848,6.080e-05,2.60296,0.46916,0.89075,0.06753,0.10701,0.05769,0.09045,0.52191,0.29613,0.22577,39.73570,25.13995,0,7.78,37346.5
254700,849,6.040e-05,1.36804,0.53431,0.12846,0.04917,0.04987,0.04315,0.04087,0.36471,0.15813,0.20658,11.48030,15.27103,0,7.81,37359.3
254800,849,6.040e-05,1.70514,0.38714,0.73529,0.04352,0.04401,0.03348,0.02454,0.41793,0.19013,0.22779,18.43188,14.16925,0,7.81,37372.1
254900,849,6.040e-05,1.57465,0.41164,0.31002,0.05489,0.06978,0.04324,0.04862,0.20844,0.08637,0.12207,11.77731,11.25166,0,7.81,37384.9
255000,850,6.000e-05,1.83330,0.44835,0.64097,0.03560,0.06440,0.03222,0.06537,0.35287,0.23382,0.11905,21.53855,10.81136,0,1.50,37451.4
255100,850,6.000e-05,1.75237,0.30160,0.63960,0.04523,0.06820,0.03664,0.06097,0.45838,0.26775,0.19063,20.28328,17.35695,0,7.44,37464.8
255200,850,6.000e-05,1.53908,0.27967,0.47365,0.04154,0.07419,0.03267,0.05017,0.37635,0.18595,0.19040,20.51793,15.73402,0,7.95,37477.4
255300,851,5.960e-05,1.82547,0.45182,0.37833,0.06101,0.08133,0.04369,0.06976,0.43135,0.23480,0.19655,13.06787,10.05425,0,7.84,37490.1
255400,851,5.960e-05,2.02555,0.55719,0.67413,0.05772,0.05424,0.04216,0.05160,0.38824,0.12144,0.26679,12.56177,15.58895,0,7.77,37503.0
255500,851,5.960e-05,1.21047,0.18591,0.26827,0.05255,0.05298,0.02964,0.06182,0.30914,0.09791,0.21123,11.65457,14.08911,0,7.78,37515.9
255600,852,5.920e-05,1.71023,0.40131,0.70705,0.04025,0.04525,0.03431,0.03543,0.35402,0.12547,0.22855,16.23724,12.46860,0,7.80,37528.7
255700,852,5.920e-05,1.22580,0.25411,0.16012,0.04856,0.07490,0.03998,0.03773,0.76057,0.46069,0.29988,13.73815,15.85611,0,7.80,37541.5
255800,852,5.920e-05,1.70924,0.26610,0.46575,0.05394,0.08493,0.04040,0.07283,0.40053,0.13797,0.26255,13.53205,20.77925,0,7.76,37554.4
255900,853,5.880e-05,1.54511,0.60932,0.35347,0.03464,0.04614,0.03124,0.04012,0.21868,0.05502,0.16366,14.52510,11.05320,0,7.74,37567.3
256000,853,5.880e-05,1.76882,0.41761,0.42913,0.05208,0.08183,0.03905,0.06195,0.37864,0.13434,0.24430,18.63148,15.75439,0,7.78,37580.1
256100,853,5.880e-05,2.36039,0.56679,0.25828,0.04067,0.13786,0.03306,0.22400,0.25757,0.07557,0.18200,36.20410,11.07852,0,7.77,37593.0
256200,854,5.840e-05,1.91874,0.26454,0.83453,0.04906,0.06195,0.04158,0.06426,0.35725,0.25053,0.10672,12.61657,19.68728,0,7.78,37605.9
256300,854,5.840e-05,1.76265,0.44475,0.48159,0.04248,0.07887,0.03784,0.05399,0.33786,0.08271,0.25515,11.70366,12.41662,0,8.02,37618.3
256400,854,5.840e-05,1.61698,0.62203,0.34427,0.03807,0.05815,0.02547,0.04234,0.43738,0.07363,0.36375,14.35320,21.31498,0,7.84,37631.1
256500,855,5.800e-05,1.74296,0.19146,0.73854,0.04647,0.07055,0.03438,0.05676,0.38372,0.25431,0.12940,17.70437,18.55085,0,7.83,37643.9
256600,855,5.800e-05,1.79491,0.42268,0.57231,0.04704,0.06840,0.04023,0.04885,0.32868,0.08948,0.23920,36.41109,13.06404,0,7.84,37656.6
256700,855,5.800e-05,1.63196,0.46116,0.46679,0.04207,0.05225,0.03279,0.06018,0.35104,0.16942,0.18163,27.01360,10.60511,0,7.86,37669.3
256800,856,5.760e-05,1.38671,0.25810,0.42009,0.05309,0.04729,0.04005,0.04259,0.39097,0.18319,0.20778,12.39526,12.06017,0,7.79,37682.2
256900,856,5.760e-05,1.49787,0.26755,0.41166,0.04983,0.05865,0.04272,0.06780,0.57003,0.32230,0.24773,14.29965,22.05009,0,7.83,37695.0
257000,856,5.760e-05,1.95682,0.55065,0.71488,0.04956,0.05059,0.03615,0.04007,0.22684,0.04575,0.18109,17.88529,16.13010,0,7.82,37707.7
257100,857,5.720e-05,2.39067,0.49129,1.01006,0.04212,0.07932,0.03471,0.07814,0.35756,0.13089,0.22666,29.10243,9.42293,0,7.76,37720.6
257200,857,5.720e-05,1.55209,0.40594,0.20853,0.04554,0.08659,0.03392,0.07688,0.42775,0.06637,0.36138,10.43022,18.73825,0,7.88,37733.3
257300,857,5.720e-05,2.12170,0.14946,1.10530,0.06755,0.05463,0.06054,0.04187,0.68483,0.47550,0.20933,14.62134,16.41275,0,7.87,37746.0
257400,858,5.680e-05,1.84503,0.20039,0.63495,0.05666,0.09170,0.04491,0.06225,0.13364,0.05796,0.07567,17.35647,6.56280,0,7.87,37758.7
257500,858,5.680e-05,1.47004,0.21302,0.48170,0.05526,0.05434,0.04227,0.04865,0.43459,0.29173,0.14287,12.36029,13.53888,0,7.80,37771.5
257600,858,5.680e-05,1.77241,0.67648,0.44091,0.03384,0.05900,0.03623,0.04010,0.47444,0.15600,0.31844,8.15218,15.81671,0,7.83,37784.3
257700,859,5.640e-05,1.87676,0.42410,0.52730,0.04631,0.08715,0.03809,0.06515,0.35130,0.14769,0.20361,19.86744,10.28081,0,8.01,37796.8
257800,859,5.640e-05,1.13451,0.19018,0.32752,0.05264,0.04037,0.03778,0.02291,0.29674,0.09753,0.19921,10.21921,11.74850,0,7.87,37809.5
257900,859,5.640e-05,1.42643,0.30153,0.53373,0.04359,0.04471,0.03039,0.02948,0.19082,0.09278,0.09804,12.10242,7.97829,0,7.84,37822.3
258000,860,5.600e-05,1.49230,0.29965,0.40667,0.04671,0.05826,0.05655,0.04791,0.29503,0.09358,0.20144,13.84671,11.13776,0,1.54,37887.1
258100,860,5.600e-05,1.22258,0.05087,0.21913,0.04972,0.08857,0.03547,0.06898,0.26293,0.10077,0.16217,30.56514,10.69601,0,7.96,37899.6
258200,860,5.600e-05,1.74890,0.21147,0.60819,0.04241,0.08736,0.03439,0.07778,0.57808,0.20225,0.37582,15.59688,15.71722,0,7.83,37912.4
258300,861,5.560e-05,1.47847,0.49175,0.38735,0.05096,0.03285,0.03879,0.03334,0.36214,0.19092,0.17123,18.55843,15.90182,0,7.81,37925.2
258400,861,5.560e-05,1.88281,0.36289,0.57397,0.08572,0.04900,0.07201,0.03692,0.44103,0.13623,0.30480,20.57558,11.75091,0,7.83,37938.0
258500,861,5.560e-05,1.83836,0.41656,0.68457,0.05439,0.05258,0.04005,0.04090,0.35087,0.09822,0.25265,18.14522,11.42804,0,7.97,37950.5
258600,862,5.520e-05,2.08719,0.66774,0.32785,0.04518,0.09588,0.03033,0.12418,0.40381,0.06751,0.33630,25.01781,13.58717,0,7.77,37963.4
258700,862,5.520e-05,1.81401,0.37218,0.59452,0.05812,0.06724,0.04477,0.04344,0.44837,0.15934,0.28903,40.75108,12.74810,0,7.79,37976.2
258800,862,5.520e-05,1.58350,0.29058,0.49740,0.05229,0.05262,0.04505,0.06334,0.29561,0.16893,0.12668,14.20523,14.68738,0,7.78,37989.1
258900,863,5.480e-05,1.24663,0.12335,0.50534,0.03417,0.05265,0.02837,0.04518,0.31004,0.12885,0.18118,11.51711,11.65942,0,7.88,38001.8
259000,863,5.480e-05,1.67506,0.40923,0.45613,0.04550,0.05979,0.03475,0.07855,0.63379,0.27840,0.35540,10.50558,15.38383,0,7.74,38014.7
259100,863,5.480e-05,1.81324,0.61286,0.48721,0.03540,0.05461,0.02816,0.07708,0.46709,0.16350,0.30359,17.11732,17.21531,0,7.75,38027.6
259200,864,5.440e-05,1.35429,0.14969,0.36429,0.03876,0.07922,0.03791,0.06226,0.52762,0.16540,0.36221,9.47833,12.87484,0,7.81,38040.4
259300,864,5.440e-05,1.57560,0.36167,0.45755,0.04654,0.06279,0.03014,0.05375,0.26460,0.07038,0.19422,24.55031,8.98730,0,7.80,38053.2
259400,864,5.440e-05,1.54033,0.22267,0.59292,0.04363,0.06297,0.04621,0.03048,0.24086,0.12105,0.11981,21.70424,12.04535,0,7.98,38065.8
259500,865,5.400e-05,1.97580,0.54376,0.39472,0.06568,0.08811,0.05431,0.05303,0.20243,0.10327,0.09916,18.14673,9.37470,0,8.14,38078.1
259600,865,5.400e-05,1.57969,0.20659,0.55278,0.05911,0.06230,0.04323,0.04207,0.31024,0.13806,0.17218,25.01033,10.56399,0,7.87,38090.8
259700,865,5.400e-05,1.65511,0.26223,0.62618,0.05747,0.05377,0.04568,0.03851,0.32545,0.16656,0.15890,13.18990,13.34694,0,8.00,38103.3
259800,866,5.360e-05,2.03052,0.31325,0.65881,0.05624,0.09784,0.04366,0.07155,0.60546,0.28061,0.32485,16.21806,16.26638,0,8.03,38115.7
259900,866,5.360e-05,1.05533,0.20173,0.18217,0.04370,0.04744,0.03553,0.05075,0.20545,0.08067,0.12478,13.62134,11.36055,0,8.07,38128.1
260000,866,5.360e-05,1.37000,0.16341,0.48855,0.04555,0.04736,0.03735,0.06404,0.24909,0.06485,0.18424,13.06434,8.71245,0,7.87,38140.8
260100,867,5.320e-05,1.95471,0.36943,0.70232,0.05641,0.06332,0.04372,0.07001,0.30253,0.04793,0.25461,23.48489,14.39835,0,7.86,38153.5
260200,867,5.320e-05,1.87768,0.37254,0.61933,0.06391,0.06542,0.03815,0.05752,0.34095,0.05709,0.28386,27.98326,11.42545,0,7.76,38166.4
260300,867,5.320e-05,1.42081,0.41698,0.34224,0.04197,0.05145,0.02856,0.04922,0.33333,0.23162,0.10171,16.78263,14.73945,0,7.80,38179.2
260400,868,5.280e-05,1.68635,0.39036,0.45863,0.05974,0.06457,0.05371,0.03262,0.21300,0.07482,0.13818,15.12708,10.65966,0,7.80,38192.1
260500,868,5.280e-05,2.21939,0.58450,0.72202,0.07314,0.05673,0.06405,0.04136,0.39574,0.15961,0.23613,21.45420,13.69075,0,7.71,38205.0
260600,868,5.280e-05,2.28315,0.59418,0.84736,0.04030,0.08615,0.03081,0.05293,0.29135,0.10886,0.18249,25.51953,13.23835,0,7.85,38217.8
260700,869,5.240e-05,2.37395,0.44812,0.81514,0.05746,0.10780,0.05415,0.05960,0.34719,0.17246,0.17473,26.27180,14.22958,0,7.85,38230.5
260800,869,5.240e-05,1.72995,0.43834,0.58565,0.05793,0.04535,0.04277,0.03305,0.35765,0.26597,0.09167,12.96514,15.67004,0,7.82,38243.3
260900,869,5.240e-05,1.74201,0.30655,0.69128,0.03677,0.06407,0.03731,0.05867,0.29340,0.12846,0.16494,11.67284,14.77513,0,7.80,38256.1
261000,870,5.200e-05,1.99219,0.55453,0.63727,0.05048,0.06480,0.04120,0.04840,0.43758,0.25253,0.18505,25.38928,18.17372,0,1.53,38321.3
261100,870,5.200e-05,2.11040,0.44035,1.01205,0.04372,0.05213,0.03400,0.03752,0.26349,0.04690,0.21659,22.08234,16.18772,0,7.43,38334.8
261200,870,5.200e-05,1.85222,0.51431,0.37366,0.07434,0.06457,0.05707,0.05082,0.16224,0.05238,0.10986,15.59198,9.27025,0,7.80,38347.6
261300,871,5.160e-05,1.83320,0.46674,0.60802,0.04630,0.05384,0.03425,0.06884,0.53261,0.16381,0.36880,23.29679,13.83847,0,7.79,38360.4
261400,871,5.160e-05,1.96565,0.60450,0.70148,0.06011,0.03588,0.04518,0.02670,0.24783,0.15744,0.09039,26.80183,11.10510,0,7.73,38373.4
261500,871,5.160e-05,1.49377,0.24563,0.49255,0.04471,0.07006,0.03021,0.04250,0.54001,0.18999,0.35001,11.04950,13.27995,0,7.78,38386.2
261600,872,5.120e-05,1.58760,0.37335,0.61176,0.03862,0.05170,0.02878,0.03158,0.46407,0.27090,0.19318,19.56327,25.47828,0,7.90,38398.9
261700,872,5.120e-05,1.89844,0.37017,0.82525,0.04040,0.06170,0.03281,0.04420,0.44708,0.17266,0.27442,18.91585,15.28664,0,7.96,38411.5
261800,872,5.120e-05,1.65033,0.21146,0.69684,0.05217,0.05310,0.03607,0.05021,0.31714,0.15018,0.16696,11.54346,13.25459,0,8.78,38422.8
261900,873,5.080e-05,1.69531,0.23344,0.77642,0.04619,0.05212,0.03996,0.03761,0.33728,0.14875,0.18853,20.43956,9.89751,0,8.06,38435.3
262000,873,5.080e-05,2.22144,0.26650,1.15678,0.05781,0.05827,0.04807,0.03903,0.62604,0.32676,0.29927,13.29547,17.32728,0,8.06,38447.7
262100,873,5.080e-05,1.74893,0.38838,0.51908,0.05748,0.06326,0.04307,0.05205,0.12355,0.05739,0.06616,19.41078,9.24544,0,8.08,38460.0
262200,874,5.040e-05,1.88278,0.44502,0.38820,0.06227,0.08074,0.04622,0.08757,0.40396,0.10792,0.29604,16.73701,11.88200,0,7.98,38472.6
262300,874,5.040e-05,1.61201,0.40957,0.31654,0.05313,0.07117,0.04239,0.06337,0.24406,0.07573,0.16832,22.98160,10.90341,0,7.92,38485.2
262400,874,5.040e-05,1.95422,0.56968,0.62660,0.05431,0.05997,0.03478,0.03984,0.52029,0.22373,0.29656,23.34152,17.09242,0,7.88,38497.9
262500,875,5.000e-05,1.75474,0.23617,0.91429,0.04395,0.04426,0.03006,0.03525,0.35164,0.18881,0.16283,26.80552,18.45992,0,7.82,38510.7
262600,875,5.000e-05,1.63378,0.16967,0.48418,0.05487,0.07427,0.04235,0.09134,0.37931,0.12746,0.25185,16.68226,14.06308,0,7.83,38523.5
262700,875,5.000e-05,1.39040,0.16144,0.52434,0.04000,0.05724,0.03462,0.05274,0.44374,0.10190,0.34184,12.29890,14.19621,0,7.85,38536.2
262800,876,4.960e-05,1.61053,0.29029,0.62201,0.04260,0.05532,0.03303,0.05041,0.35518,0.07909,0.27609,29.53056,9.20431,0,7.79,38549.0
262900,876,4.960e-05,2.50765,0.54230,1.10848,0.05197,0.06964,0.04047,0.05905,0.32198,0.09054,0.23145,32.44243,12.21122,0,7.74,38561.9
263000,876,4.960e-05,1.34117,0.23017,0.33733,0.04475,0.07384,0.03433,0.03797,0.37903,0.17040,0.20863,16.63722,14.35435,0,7.83,38574.7
263100,877,4.920e-05,1.20716,0.28476,0.26768,0.05520,0.03831,0.04669,0.02819,0.38011,0.26543,0.11468,18.71173,16.71903,0,7.77,38587.6
263200,877,4.920e-05,1.50776,0.15309,0.49358,0.04874,0.08225,0.03957,0.04288,0.25732,0.15549,0.10184,30.89895,11.29411,0,7.88,38600.3
263300,877,4.920e-05,1.54608,0.34922,0.38394,0.06994,0.04750,0.06012,0.03018,0.19702,0.04133,0.15568,15.56574,12.30217,0,7.72,38613.2
263400,878,4.880e-05,1.38287,0.48259,0.20285,0.05558,0.04503,0.04318,0.03455,0.43628,0.24544,0.19084,10.41414,15.39645,0,7.79,38626.1
263500,878,4.880e-05,2.22607,0.58652,0.89711,0.04122,0.06841,0.02755,0.05018,0.39245,0.08953,0.30292,19.06582,18.00784,0,7.72,38639.0
263600,878,4.880e-05,1.52674,0.30992,0.45968,0.04138,0.06811,0.02969,0.05418,0.51119,0.20665,0.30455,12.21037,13.74956,0,7.76,38651.9
263700,879,4.840e-05,1.84839,0.04936,0.95194,0.04951,0.07619,0.02885,0.05858,0.52647,0.22309,0.30338,18.94531,26.30139,0,7.78,38664.8
263800,879,4.840e-05,0.96706,0.12481,0.17941,0.03843,0.05598,0.03644,0.03987,0.34192,0.09305,0.24887,9.91111,14.18825,0,7.79,38677.6
263900,879,4.840e-05,1.71326,0.41483,0.53327,0.05348,0.05788,0.03971,0.04365,0.43610,0.14639,0.28971,24.78800,14.79012,0,7.74,38690.5
264000,880,4.800e-05,1.98255,0.60196,0.37264,0.05545,0.07489,0.05184,0.09064,0.21780,0.06997,0.14784,16.40446,9.54861,0,1.55,38755.1
264100,880,4.800e-05,1.68701,0.64457,0.41729,0.04523,0.04492,0.03718,0.03256,0.43212,0.22765,0.20448,25.56696,13.62007,0,7.46,38768.5
264200,880,4.800e-05,1.86373,0.53590,0.48972,0.03272,0.08656,0.03794,0.05876,0.52082,0.16276,0.35806,18.60204,19.55600,0,7.83,38781.3
264300,881,4.760e-05,1.62865,0.36959,0.49937,0.04168,0.06821,0.03635,0.04774,0.41733,0.26055,0.15679,16.78635,22.95255,0,7.80,38794.1
264400,881,4.760e-05,1.98653,0.21826,0.85938,0.03779,0.08110,0.04203,0.08374,0.53888,0.16972,0.36916,16.10954,13.79382,0,7.80,38806.9
264500,881,4.760e-05,1.63666,0.55028,0.34037,0.05997,0.04746,0.04954,0.03400,0.39272,0.25475,0.13797,12.39303,10.92222,0,7.75,38819.8
264600,882,4.720e-05,0.96082,0.23979,0.12010,0.04844,0.03999,0.03403,0.02949,0.40528,0.09174,0.31354,13.02196,15.67154,0,7.80,38832.7
264700,882,4.720e-05,1.56346,0.35538,0.36670,0.05086,0.07007,0.04124,0.05345,0.62197,0.14327,0.47870,18.25927,14.35546,0,7.79,38845.5
264800,882,4.720e-05,1.45138,0.54205,0.21860,0.05503,0.04585,0.04164,0.03290,0.25552,0.10277,0.15274,7.77916,11.46928,0,7.78,38858.4
264900,883,4.680e-05,1.66798,0.28448,0.64066,0.04375,0.05941,0.03874,0.05207,0.24837,0.11151,0.13685,12.03273,11.43389,0,7.78,38871.2
265000,883,4.680e-05,1.38656,0.33803,0.42983,0.05325,0.03653,0.03837,0.02955,0.18661,0.05568,0.13094,17.89367,6.08707,0,7.73,38884.2
265100,883,4.680e-05,2.73411,0.50331,0.61067,0.04544,0.14359,0.03106,0.23894,0.14439,0.07195,0.07244,29.36569,7.23992,0,7.87,38896.9
265200,884,4.640e-05,1.91532,0.32494,0.89263,0.03764,0.06754,0.02473,0.04400,0.42734,0.08854,0.33880,12.95534,14.36355,0,7.74,38909.8
265300,884,4.640e-05,1.36639,0.11154,0.42501,0.06495,0.05269,0.05613,0.04053,0.36260,0.11051,0.25209,15.22785,12.63943,0,7.74,38922.7
265400,884,4.640e-05,1.68259,0.42374,0.30865,0.06765,0.05909,0.07126,0.05532,0.16943,0.08258,0.08684,24.75842,9.09869,0,7.78,38935.6
265500,885,4.600e-05,1.84846,0.44477,0.68617,0.04723,0.05708,0.04435,0.03404,0.49190,0.41834,0.07356,17.36373,26.33459,0,7.90,38948.2
265600,885,4.600e-05,1.66325,0.14178,0.70144,0.04371,0.06927,0.03362,0.06844,0.35661,0.10468,0.25193,33.16866,13.99829,0,7.85,38961.0
265700,885,4.600e-05,1.68658,0.42859,0.47141,0.06532,0.04890,0.05102,0.03519,0.34200,0.14869,0.19331,16.47735,9.30027,0,7.83,38973.7
265800,886,4.560e-05,1.63173,0.48731,0.53671,0.05380,0.03067,0.04126,0.03288,0.27612,0.18319,0.09293,21.16216,14.72148,0,7.76,38986.6
265900,886,4.560e-05,1.70826,0.28038,0.80928,0.05292,0.03626,0.04358,0.02549,0.17242,0.06651,0.10592,19.85987,10.30066,0,7.70,38999.6
266000,886,4.560e-05,2.21481,0.35031,1.05949,0.05114,0.06727,0.03952,0.04568,0.30998,0.08191,0.22807,11.70367,9.13987,0,7.82,39012.4
266100,887,4.520e-05,1.60733,0.43004,0.51021,0.05420,0.04261,0.04400,0.02920,0.47714,0.27171,0.20543,10.75518,16.19378,0,7.80,39025.2
266200,887,4.520e-05,1.44184,0.05963,0.53304,0.03706,0.08128,0.02270,0.08028,0.43940,0.21395,0.22545,24.96616,16.88293,0,7.75,39038.1
266300,887,4.520e-05,1.80190,0.29249,0.66982,0.04507,0.07765,0.03132,0.05909,0.47980,0.33497,0.14483,13.26439,15.91319,0,7.78,39051.0
266400,888,4.480e-05,2.10437,0.45738,0.73733,0.06413,0.07214,0.05190,0.03942,0.32754,0.11969,0.20785,18.78600,12.34696,0,7.78,39063.9
266500,888,4.480e-05,2.02601,0.58936,0.45317,0.06818,0.07253,0.05373,0.05824,0.55079,0.26927,0.28151,13.49338,18.99234,0,7.84,39076.6
266600,888,4.480e-05,2.34788,0.18739,1.12725,0.04400,0.08119,0.04000,0.12292,0.61557,0.26887,0.34670,40.44688,17.77432,0,7.83,39089.4
266700,889,4.440e-05,1.28347,0.36102,0.18136,0.06560,0.04022,0.04791,0.03688,0.34627,0.10962,0.23665,25.85088,15.32863,0,7.83,39102.1
266800,889,4.440e-05,1.38096,0.11152,0.55204,0.03694,0.06522,0.02723,0.05541,0.37202,0.12706,0.24496,14.35697,13.23977,0,7.81,39115.0
266900,889,4.440e-05,2.07906,0.25812,0.99485,0.05442,0.06788,0.04122,0.04463,0.54410,0.26783,0.27627,27.50636,12.38043,0,7.79,39127.8
267000,890,4.400e-05,1.58608,0.33292,0.61885,0.04155,0.05171,0.03270,0.03451,0.45448,0.17352,0.28096,24.40517,12.69643,0,1.54,39192.7
267100,890,4.400e-05,2.37868,0.29906,1.04515,0.04213,0.11036,0.03528,0.07353,0.21865,0.08687,0.13179,24.02688,10.40618,0,7.44,39206.2
267200,890,4.400e-05,1.38357,0.47490,0.18753,0.04139,0.06212,0.03528,0.04615,0.26428,0.07719,0.18709,9.89009,11.28619,0,7.83,39218.9
267300,891,4.360e-05,1.38034,0.51829,0.27469,0.04119,0.03698,0.03484,0.04376,0.40472,0.19757,0.20714,19.28098,11.31944,0,7.81,39231.7
267400,891,4.360e-05,1.96132,0.28640,0.69992,0.05052,0.08709,0.03681,0.07796,0.28783,0.09536,0.19247,16.54698,9.93315,0,7.81,39244.5
267500,891,4.360e-05,1.61944,0.14149,0.58218,0.04696,0.08519,0.03395,0.06006,0.66312,0.13381,0.52931,19.42426,17.49439,0,7.80,39257.4
267600,892,4.320e-05,1.29949,0.38824,0.16610,0.05544,0.05447,0.03848,0.03975,0.32192,0.10811,0.21381,25.32113,16.98734,0,7.82,39270.2
267700,892,4.320e-05,1.58439,0.21852,0.56709,0.05321,0.06425,0.03635,0.04823,0.39834,0.10242,0.29593,14.25712,15.19723,0,7.79,39283.0
267800,892,4.320e-05,1.41219,0.53504,0.04999,0.03451,0.08120,0.02607,0.07338,0.47909,0.11108,0.36801,31.89226,13.81516,0,7.78,39295.8
267900,893,4.280e-05,2.00267,0.26547,0.85234,0.04480,0.08168,0.03376,0.06723,0.36037,0.03560,0.32478,19.26985,13.10269,0,7.79,39308.7
268000,893,4.280e-05,1.60427,0.17639,0.70963,0.02896,0.06229,0.04390,0.06089,0.80190,0.40005,0.40185,18.20485,28.35043,0,7.94,39321.3
268100,893,4.280e-05,1.10813,0.28763,0.12156,0.04469,0.05362,0.03019,0.05276,0.19869,0.09471,0.10398,12.75052,9.39485,0,8.04,39333.7
268200,894,4.240e-05,1.90568,0.16838,0.97149,0.04014,0.06946,0.03307,0.05407,0.60172,0.33177,0.26995,29.59771,27.17361,0,7.86,39346.4
268300,894,4.240e-05,1.73703,0.28794,0.71901,0.03834,0.06691,0.02528,0.05625,0.42975,0.15209,0.27766,12.24256,13.90841,0,7.74,39359.4
268400,894,4.240e-05,2.16723,0.28888,0.94116,0.03708,0.08495,0.03233,0.09848,0.33936,0.19812,0.14125,22.98807,15.59324,0,7.99,39371.9
268500,895,4.200e-05,1.46816,0.36273,0.38309,0.04852,0.05268,0.04182,0.04470,0.25131,0.10966,0.14165,13.56889,11.32564,0,8.10,39384.2
268600,895,4.200e-05,2.06750,0.53864,0.61765,0.07224,0.05946,0.06301,0.03807,0.20156,0.04402,0.15754,13.42269,6.10600,0,8.13,39396.5
268700,895,4.200e-05,1.66980,0.38304,0.51435,0.05654,0.05111,0.04562,0.04802,0.31115,0.13060,0.18054,13.76308,8.84211,0,8.11,39408.9
268800,896,4.160e-05,1.41609,0.42175,0.29849,0.05533,0.05226,0.03135,0.03181,0.18915,0.08337,0.10579,20.70848,13.22511,0,8.09,39421.2
268900,896,4.160e-05,2.58182,0.54446,0.78335,0.03633,0.12953,0.03642,0.13346,0.37359,0.17850,0.19509,53.83543,17.87542,0,8.07,39433.6
269000,896,4.160e-05,1.89784,0.37889,0.71395,0.05381,0.05862,0.03891,0.05823,0.28921,0.12809,0.16112,20.33411,12.19016,0,8.05,39446.0
269100,897,4.120e-05,1.88168,0.25942,0.81469,0.05146,0.07114,0.03943,0.03839,0.17132,0.06066,0.11066,16.59134,9.81339,0,7.98,39458.6
269200,897,4.120e-05,1.68169,0.21831,0.48382,0.04382,0.10651,0.02957,0.06159,0.25773,0.05165,0.20609,15.36873,13.53780,0,8.00,39471.1
269300,897,4.120e-05,2.21379,0.38202,0.84468,0.04691,0.08346,0.03906,0.09505,0.59815,0.18998,0.40817,17.39691,18.92731,0,7.96,39483.6
269400,898,4.080e-05,1.49605,0.31845,0.43695,0.04476,0.05756,0.03186,0.05976,0.41255,0.22736,0.18519,12.25487,21.44938,0,7.93,39496.2
269500,898,4.080e-05,2.17525,0.56859,0.59966,0.04385,0.10196,0.03481,0.07638,0.44271,0.18743,0.25528,35.86494,14.14792,0,7.99,39508.7
269600,898,4.080e-05,1.65013,0.42007,0.69365,0.03358,0.04768,0.02377,0.02828,0.34325,0.11648,0.22677,17.35158,13.01382,0,7.94,39521.3
269700,899,4.040e-05,1.72531,0.26783,0.76343,0.04471,0.05412,0.03072,0.04925,0.32822,0.03205,0.29616,14.35251,17.34394,0,7.89,39534.0
269800,899,4.040e-05,1.70168,0.15977,0.70079,0.05039,0.07420,0.03793,0.04935,0.26245,0.12153,0.14092,14.31830,11.07201,0,7.89,39546.7
269900,899,4.040e-05,1.81896,0.22154,0.21815,0.07996,0.10784,0.06489,0.11122,0.62764,0.24018,0.38746,11.34822,18.65612,0,7.88,39559.4
270000,900,4.000e-05,1.41640,0.16457,0.43173,0.05796,0.06186,0.04658,0.04183,0.29453,0.07215,0.22238,13.13255,22.82399,0,1.53,39624.7
270100,900,4.000e-05,2.21609,0.42563,0.74972,0.08562,0.05872,0.08774,0.03989,0.19363,0.04016,0.15347,22.92350,10.98515,0,7.42,39638.2
270200,900,4.000e-05,1.66984,0.34594,0.46499,0.04650,0.07751,0.03900,0.05655,0.42356,0.08466,0.33890,18.87453,10.45932,0,7.75,39651.1
270300,901,3.960e-05,2.55225,0.78837,0.72739,0.06626,0.08420,0.05597,0.05771,0.44094,0.24775,0.19319,31.01227,13.88578,0,7.79,39664.0
270400,901,3.960e-05,2.36966,0.57487,0.84160,0.06829,0.07086,0.04975,0.05323,0.35971,0.07839,0.28133,20.82062,14.23665,0,7.85,39676.7
270500,901,3.960e-05,1.78880,0.17839,0.91059,0.04546,0.05178,0.03359,0.05186,0.29484,0.07500,0.21984,22.05459,12.88122,0,7.91,39689.3
270600,902,3.920e-05,1.52614,0.26963,0.49383,0.04966,0.06137,0.03735,0.04566,0.44060,0.05364,0.38695,14.10225,16.67306,0,7.91,39702.0
270700,902,3.920e-05,1.47557,0.74006,0.10690,0.04496,0.04607,0.03545,0.03392,0.29465,0.18155,0.11310,12.28792,16.50518,0,7.88,39714.7
270800,902,3.920e-05,1.68788,0.32893,0.73129,0.04228,0.05053,0.02941,0.03602,0.37663,0.15355,0.22308,20.00654,13.24395,0,7.88,39727.4
270900,903,3.880e-05,1.54114,0.34974,0.45770,0.04458,0.05633,0.03668,0.05499,0.53028,0.32766,0.20261,12.06612,16.26140,0,7.84,39740.1
271000,903,3.880e-05,2.62091,0.73522,0.76608,0.06650,0.08829,0.05558,0.08269,0.14818,0.05695,0.09124,18.70444,5.99762,0,7.81,39752.9
271100,903,3.880e-05,1.91374,0.17811,0.77572,0.03985,0.08192,0.03717,0.10326,0.31064,0.08337,0.22726,10.77221,11.19484,0,7.89,39765.6
271200,904,3.840e-05,1.84149,0.27362,0.77727,0.06216,0.05154,0.05166,0.03717,0.33272,0.10880,0.22392,14.00690,12.43819,0,9.17,39776.5
271300,904,3.840e-05,2.08187,0.55273,0.53234,0.04802,0.09202,0.03402,0.08463,0.35849,0.09061,0.26788,21.71087,17.48831,0,9.45,39787.1
271400,904,3.840e-05,1.71515,0.34377,0.58132,0.04474,0.07277,0.04015,0.04086,0.30739,0.08745,0.21993,19.01685,14.96443,0,7.74,39800.0
271500,905,3.800e-05,1.78389,0.37973,0.48263,0.06513,0.07532,0.04761,0.04010,0.27951,0.13366,0.14585,10.79513,13.49682,0,7.72,39813.0
271600,905,3.800e-05,2.17388,0.57504,0.77670,0.04467,0.06599,0.03135,0.07618,0.43426,0.23854,0.19572,17.08346,19.50825,0,7.75,39825.9
271700,905,3.800e-05,1.53495,0.43433,0.53947,0.03940,0.04276,0.02816,0.03197,0.16524,0.07315,0.09209,48.57263,8.15306,0,7.73,39838.8
271800,906,3.760e-05,1.31792,0.22780,0.36390,0.05777,0.04445,0.03944,0.04661,0.15797,0.08180,0.07617,30.12575,8.33609,0,7.78,39851.6
271900,906,3.760e-05,1.92026,0.36655,0.69172,0.05924,0.05546,0.04770,0.06769,0.41762,0.24189,0.17573,28.26867,16.10714,0,7.80,39864.5
272000,906,3.760e-05,1.64253,0.57897,0.21826,0.06340,0.05733,0.05071,0.04595,0.32078,0.11906,0.20173,10.96526,13.74369,0,7.77,39877.3
272100,907,3.720e-05,2.01670,0.58440,0.50348,0.04706,0.08188,0.03897,0.07467,0.20220,0.05671,0.14550,18.17028,7.43143,0,7.79,39890.2
272200,907,3.720e-05,1.84762,0.32159,0.67434,0.03833,0.05959,0.02840,0.11643,0.36018,0.12633,0.23385,34.39487,14.78030,0,8.06,39902.6
272300,907,3.720e-05,1.96209,0.35872,0.86534,0.04873,0.06219,0.03390,0.03946,0.32540,0.11447,0.21094,15.70896,11.42848,0,8.32,39914.6
272400,908,3.680e-05,1.82933,0.32668,0.90678,0.03915,0.05294,0.03114,0.02302,0.25661,0.09238,0.16423,23.35205,11.22424,0,7.88,39927.3
272500,908,3.680e-05,1.26525,0.33502,0.30712,0.04283,0.04948,0.02771,0.03693,0.42977,0.11506,0.31471,10.81555,26.12877,0,7.78,39940.1
272600,908,3.680e-05,1.18424,0.15044,0.27189,0.05561,0.05622,0.04036,0.04076,0.40177,0.17967,0.22210,9.15987,13.10316,0,7.92,39952.7
272700,909,3.640e-05,1.78863,0.34508,0.60757,0.06038,0.06568,0.04530,0.03697,0.31789,0.10712,0.21077,14.39899,12.43282,0,7.76,39965.6
272800,909,3.640e-05,1.43409,0.33566,0.54398,0.04542,0.03699,0.03035,0.02662,0.45519,0.32673,0.12846,41.64059,21.79757,0,7.72,39978.6
272900,909,3.640e-05,1.67191,0.20942,0.48582,0.04539,0.09296,0.03362,0.08033,0.34314,0.15625,0.18689,22.08650,14.20809,0,7.75,39991.5
273000,910,3.600e-05,1.47280,0.09450,0.54677,0.05948,0.06489,0.04234,0.04154,0.21831,0.09012,0.12820,11.30579,10.74703,0,1.47,40059.5
273100,910,3.600e-05,1.64271,0.35059,0.58533,0.03254,0.06996,0.03103,0.04667,0.28884,0.14200,0.14684,10.00947,14.40906,0,7.43,40072.9
273200,910,3.600e-05,1.97386,0.46009,0.68079,0.04994,0.06949,0.04412,0.05021,0.39518,0.26948,0.12570,13.39208,15.98219,0,7.78,40085.8
273300,911,3.560e-05,1.39163,0.21988,0.45674,0.04887,0.05797,0.03450,0.03782,0.28364,0.13083,0.15281,20.91863,9.94899,0,7.81,40098.6
273400,911,3.560e-05,1.80750,0.34565,0.61278,0.06728,0.05042,0.05778,0.04644,0.38373,0.08544,0.29829,15.22814,11.29071,0,7.76,40111.5
273500,911,3.560e-05,1.60106,0.43323,0.38925,0.05657,0.05879,0.04109,0.03962,0.29373,0.18490,0.10882,12.36479,20.77715,0,7.84,40124.2
273600,912,3.520e-05,1.84784,0.28178,0.64303,0.08756,0.04561,0.06976,0.03312,0.20925,0.09456,0.11469,20.27695,10.78123,0,7.80,40137.0
273700,912,3.520e-05,1.84972,0.36227,0.43154,0.05258,0.08765,0.03912,0.10278,0.44543,0.27667,0.16877,18.54537,17.89806,0,7.81,40149.8
273800,912,3.520e-05,1.17220,0.22217,0.34391,0.04685,0.03899,0.03028,0.04050,0.43656,0.11072,0.32584,14.16519,13.56669,0,7.79,40162.7
273900,913,3.480e-05,2.50488,0.29457,1.11258,0.07497,0.08758,0.05735,0.05665,0.40473,0.17213,0.23261,15.62945,11.41638,0,7.82,40175.4
274000,913,3.480e-05,1.40652,0.18973,0.50686,0.04620,0.05681,0.03715,0.04079,0.29881,0.12845,0.17036,13.27094,11.22593,0,7.91,40188.1
274100,913,3.480e-05,1.85466,0.42840,0.37988,0.05547,0.08023,0.04006,0.10710,0.33150,0.19555,0.13595,19.42677,12.93578,0,7.79,40200.9
274200,914,3.440e-05,2.30251,0.49439,0.63443,0.08136,0.08488,0.06532,0.07168,0.15231,0.07913,0.07318,16.23244,11.22351,0,7.82,40213.7
274300,914,3.440e-05,1.32770,0.28074,0.35865,0.04756,0.05551,0.03377,0.03542,0.20954,0.04610,0.16344,41.99020,10.38800,0,8.44,40225.6
274400,914,3.440e-05,1.32596,0.48304,0.35228,0.04157,0.03111,0.03034,0.02055,0.33979,0.20083,0.13896,18.25362,14.49400,0,7.74,40238.5
274500,915,3.400e-05,1.66808,0.50004,0.62213,0.03952,0.04027,0.02982,0.02898,0.31510,0.15747,0.15762,26.19633,10.56619,0,7.74,40251.4
274600,915,3.400e-05,2.15658,0.49596,0.83279,0.04390,0.06681,0.03322,0.07649,0.37821,0.04711,0.33111,28.04841,17.81995,0,7.61,40264.5
274700,915,3.400e-05,1.24983,0.38337,0.14920,0.04727,0.05564,0.03436,0.04672,0.47225,0.20461,0.26763,9.89084,16.33320,0,7.62,40277.7
274800,916,3.360e-05,1.42244,0.23944,0.41801,0.04661,0.06439,0.04142,0.04258,0.26179,0.08813,0.17365,13.66056,9.91410,0,7.70,40290.7
274900,916,3.360e-05,1.74095,0.33270,0.65566,0.03979,0.05628,0.03381,0.07508,0.29481,0.12921,0.16560,21.59434,14.67992,0,7.83,40303.4
275000,916,3.360e-05,1.56260,0.37654,0.43836,0.06566,0.04119,0.04913,0.03624,0.23903,0.13072,0.10831,16.05358,17.02246,0,7.72,40316.4
275100,917,3.320e-05,1.91858,0.38817,0.71576,0.06148,0.05259,0.05557,0.04214,0.54524,0.25174,0.29351,19.49849,20.25433,0,7.72,40329.3
275200,917,3.320e-05,1.70436,0.52621,0.40063,0.05831,0.06026,0.03837,0.03549,0.32064,0.11497,0.20567,16.42520,15.84761,0,7.71,40342.3
275300,917,3.320e-05,1.97504,0.46295,0.59976,0.05485,0.07207,0.04810,0.06300,0.40302,0.10969,0.29332,11.36754,22.14229,0,7.75,40355.2
275400,918,3.280e-05,1.63655,0.23480,0.63763,0.02974,0.07618,0.03917,0.05464,0.31362,0.18923,0.12439,13.88149,16.97513,0,7.74,40368.1
275500,918,3.280e-05,1.82613,0.37239,0.67064,0.04147,0.06840,0.02620,0.06731,0.43145,0.27952,0.15193,19.51163,12.56181,0,7.81,40380.9
275600,918,3.280e-05,1.79945,0.39884,0.47499,0.05683,0.06360,0.04235,0.08702,0.28961,0.07505,0.21456,15.05319,10.01294,0,7.74,40393.8
275700,919,3.240e-05,1.59658,0.30580,0.53911,0.03920,0.06848,0.03033,0.05498,0.53084,0.19605,0.33479,9.76824,14.27071,0,7.79,40406.7
275800,919,3.240e-05,1.93230,0.60387,0.47817,0.05138,0.06000,0.07380,0.04356,0.43735,0.28390,0.15345,14.49141,11.75293,0,7.72,40419.6
275900,919,3.240e-05,1.43040,0.27801,0.46610,0.05000,0.04829,0.03735,0.04059,0.44448,0.04276,0.40172,14.57228,14.84793,0,7.77,40432.5
276000,920,3.200e-05,1.51060,0.20200,0.71643,0.04331,0.04101,0.03301,0.03522,0.42618,0.23272,0.19346,13.50440,14.23073,0,1.43,40502.6
276100,920,3.200e-05,1.52057,0.22136,0.58392,0.03864,0.06442,0.02997,0.05003,0.31636,0.10962,0.20674,22.84402,23.22840,0,7.43,40516.1
276200,920,3.200e-05,1.58335,0.24188,0.58450,0.05136,0.06071,0.03632,0.04233,0.20360,0.03945,0.16415,23.11979,8.91899,0,7.62,40529.2
276300,921,3.160e-05,1.74071,0.42285,0.51015,0.04388,0.06899,0.03487,0.06247,0.34828,0.03895,0.30933,17.20135,10.89922,0,7.71,40542.2
276400,921,3.160e-05,1.95084,0.50758,0.69888,0.03531,0.06781,0.02338,0.06813,0.28840,0.11357,0.17482,17.31464,20.89188,0,7.79,40555.0
276500,921,3.160e-05,1.98385,0.46945,0.51242,0.06194,0.08627,0.04678,0.05760,0.27553,0.15948,0.11605,13.65746,12.22598,0,7.73,40567.9
276600,922,3.120e-05,1.36109,0.14571,0.50807,0.04681,0.05151,0.05372,0.03257,0.14939,0.04439,0.10501,11.92528,6.44678,0,7.77,40580.8
276700,922,3.120e-05,1.28898,0.40464,0.24299,0.02345,0.07149,0.01992,0.04674,0.31794,0.17362,0.14433,34.38142,15.13621,0,7.80,40593.6
276800,922,3.120e-05,1.93618,0.48934,0.73305,0.04785,0.06289,0.03577,0.02826,0.20098,0.10265,0.09833,22.05910,6.66029,0,7.84,40606.4
276900,923,3.080e-05,1.56141,0.42669,0.31849,0.06910,0.05231,0.05081,0.03285,0.15304,0.04415,0.10889,16.73343,5.39453,0,7.79,40619.2
277000,923,3.080e-05,2.02545,0.37264,0.82338,0.04660,0.07293,0.03722,0.05548,0.24447,0.08953,0.15494,11.19878,9.84296,0,7.75,40632.1
277100,923,3.080e-05,1.72759,0.47003,0.34834,0.05468,0.07424,0.04277,0.06308,0.46490,0.25205,0.21285,11.51166,13.51001,0,7.74,40645.1
277200,924,3.040e-05,1.31813,0.44497,0.33684,0.04175,0.03734,0.02862,0.02774,0.39763,0.25759,0.14004,26.35042,14.76569,0,7.77,40657.9
277300,924,3.040e-05,1.48708,0.20405,0.44591,0.04062,0.07353,0.03774,0.06882,0.14666,0.02762,0.11904,11.37871,12.90638,0,7.71,40670.9
277400,924,3.040e-05,1.78539,0.41244,0.72091,0.03182,0.06425,0.03261,0.03606,0.40583,0.16580,0.24003,28.44979,13.68649,0,7.78,40683.7
277500,925,3.000e-05,2.01015,0.45295,0.44551,0.03940,0.09928,0.07883,0.08850,0.38879,0.14123,0.24756,24.71218,13.16310,0,7.76,40696.6
277600,925,3.000e-05,1.40587,0.38185,0.36771,0.04431,0.04440,0.03257,0.05254,0.35096,0.05849,0.29247,17.89725,16.89935,0,7.83,40709.4
277700,925,3.000e-05,1.93823,0.29474,0.97821,0.05221,0.04626,0.03195,0.03722,0.36073,0.21789,0.14283,23.06032,20.96688,0,7.80,40722.2
277800,926,2.960e-05,1.68708,0.50000,0.37870,0.05482,0.06240,0.03578,0.05313,0.19091,0.04176,0.14914,46.05514,11.86619,0,7.72,40735.2
277900,926,2.960e-05,2.95792,0.21522,1.59766,0.05903,0.10309,0.04789,0.08588,0.17097,0.04491,0.12606,41.38722,9.60692,0,7.71,40748.1
278000,926,2.960e-05,1.52041,0.26866,0.55329,0.04690,0.05627,0.04007,0.03297,0.27361,0.06372,0.20989,14.60096,11.03467,0,8.30,40760.2
278100,927,2.920e-05,1.77588,0.53919,0.59391,0.04528,0.04273,0.03255,0.04853,0.15146,0.05806,0.09340,18.13902,13.18312,0,7.68,40773.2
278200,927,2.920e-05,1.77564,0.53930,0.43888,0.05045,0.06570,0.04766,0.03902,0.25535,0.15074,0.10462,18.11855,12.55648,0,7.79,40786.0
278300,927,2.920e-05,1.70586,0.37101,0.58326,0.04687,0.06171,0.03679,0.04669,0.57996,0.20153,0.37842,13.84549,17.01634,0,7.80,40798.9
278400,928,2.880e-05,1.28534,0.10795,0.49621,0.04279,0.04189,0.02730,0.07580,0.19721,0.14953,0.04767,18.15084,14.59226,0,7.87,40811.6
278500,928,2.880e-05,2.22748,0.23873,1.36697,0.03589,0.03654,0.05557,0.04827,0.28089,0.18384,0.09705,33.74752,21.62213,0,7.88,40824.3
278600,928,2.880e-05,1.62307,0.16400,0.68043,0.04118,0.06653,0.03699,0.05903,0.52053,0.14741,0.37313,12.55333,18.35270,0,7.79,40837.1
278700,929,2.840e-05,2.32421,0.47021,0.85241,0.06821,0.07942,0.04776,0.05762,0.56655,0.17266,0.39389,35.46745,15.95703,0,7.79,40849.9
278800,929,2.840e-05,1.89940,0.19623,0.61950,0.04204,0.11340,0.03166,0.09092,0.28429,0.17450,0.10979,11.57836,14.68991,0,7.75,40862.8
278900,929,2.840e-05,1.52290,0.33765,0.32996,0.06326,0.05979,0.04396,0.05207,0.30846,0.16456,0.14390,10.07868,12.50290,0,7.79,40875.7
279000,930,2.800e-05,1.69361,0.27349,0.42231,0.05277,0.07028,0.03737,0.11564,0.20326,0.04670,0.15657,16.19319,10.41189,0,1.55,40940.3
279100,930,2.800e-05,2.04700,0.20861,0.73218,0.05758,0.07520,0.04581,0.13111,0.18692,0.08710,0.09982,18.36444,7.67166,0,7.39,40953.8
279200,930,2.800e-05,1.94417,0.41365,0.76615,0.06275,0.04819,0.05532,0.02856,0.47895,0.12396,0.35499,28.47872,22.49713,0,7.73,40966.7
279300,931,2.760e-05,1.39805,0.30725,0.38612,0.04740,0.05598,0.03412,0.04099,0.18631,0.08782,0.09849,10.33428,12.83306,0,7.82,40979.5
279400,931,2.760e-05,1.81135,0.51698,0.56668,0.06080,0.04502,0.04576,0.03368,0.48658,0.11919,0.36739,22.14396,18.42879,0,7.86,40992.3
279500,931,2.760e-05,1.74681,0.46116,0.68118,0.05695,0.03139,0.03719,0.02792,0.36977,0.16520,0.20457,18.06125,10.07444,0,7.86,41005.0
279600,932,2.720e-05,1.75339,0.49018,0.51368,0.04610,0.06271,0.03107,0.05112,0.27498,0.11216,0.16282,15.09299,10.72887,0,7.85,41017.7
279700,932,2.720e-05,1.15541,0.17314,0.33090,0.04247,0.04519,0.03237,0.05285,0.38721,0.26948,0.11773,11.48727,13.79662,0,7.80,41030.5
279800,932,2.720e-05,1.68122,0.27572,0.62097,0.05180,0.06458,0.03646,0.04459,0.19206,0.07762,0.11444,17.25641,10.59353,0,7.75,41043.5
279900,933,2.680e-05,1.80867,0.24822,0.81458,0.04165,0.06657,0.03205,0.04987,0.36840,0.19563,0.17277,55.34525,13.25202,0,7.81,41056.3
280000,933,2.680e-05,1.59915,0.18437,0.57912,0.05752,0.05986,0.04302,0.05647,0.24495,0.14312,0.10182,21.39507,9.79535,0,7.79,41069.1
280100,933,2.680e-05,1.61202,0.21035,0.36604,0.06556,0.07762,0.05643,0.07147,0.36002,0.09826,0.26176,7.99845,13.11973,0,7.84,41081.9
280200,934,2.640e-05,1.66451,0.42246,0.53322,0.03995,0.06218,0.03161,0.04766,0.38725,0.10759,0.27965,12.90765,13.40011,0,7.88,41094.5
280300,934,2.640e-05,1.65181,0.39337,0.51935,0.04476,0.06402,0.02892,0.04916,0.32440,0.07105,0.25335,21.51420,12.05439,0,7.89,41107.2
280400,934,2.640e-05,1.83195,0.38781,0.74475,0.06274,0.04114,0.04695,0.02505,0.33988,0.17559,0.16429,14.29722,14.61481,0,7.84,41120.0
280500,935,2.600e-05,1.58269,0.22895,0.53279,0.05017,0.06390,0.03497,0.06528,0.34782,0.12820,0.21962,15.64464,15.69080,0,7.91,41132.6
280600,935,2.600e-05,1.56520,0.32994,0.66531,0.04087,0.03909,0.03534,0.03273,0.47409,0.11209,0.36200,37.30743,15.32255,0,7.83,41145.4
280700,935,2.600e-05,2.04095,0.51748,0.67349,0.04536,0.07752,0.04061,0.05363,0.18824,0.06802,0.12022,12.07300,10.26422,0,7.83,41158.2
280800,936,2.560e-05,1.55703,0.41137,0.40869,0.03860,0.06572,0.03084,0.05530,0.47002,0.23519,0.23482,22.08896,16.64144,0,7.82,41171.0
280900,936,2.560e-05,2.05136,0.49292,0.67679,0.04788,0.08040,0.03411,0.06199,0.28409,0.05849,0.22560,15.72132,8.48873,0,7.77,41183.8
281000,936,2.560e-05,1.95515,0.33622,0.72502,0.05152,0.07758,0.04072,0.05866,0.18391,0.05479,0.12912,18.33520,8.47419,0,7.77,41196.7
281100,937,2.520e-05,1.75780,0.30135,0.85489,0.04256,0.04319,0.02412,0.04501,0.17161,0.06438,0.10723,15.37209,11.81651,0,7.80,41209.5
281200,937,2.520e-05,2.08325,0.51243,0.67010,0.05540,0.06950,0.04273,0.06777,0.35128,0.17436,0.17693,23.76551,18.68892,0,7.81,41222.3
281300,937,2.520e-05,1.98937,0.61697,0.80498,0.04283,0.04047,0.02800,0.03234,0.47540,0.23931,0.23610,19.54866,20.04178,0,7.80,41235.1
281400,938,2.480e-05,1.79654,0.53914,0.50019,0.06435,0.03533,0.05251,0.05102,0.23610,0.08403,0.15207,14.99967,15.79422,0,7.84,41247.9
281500,938,2.480e-05,1.68083,0.49089,0.37607,0.05421,0.05292,0.04602,0.06526,0.31555,0.05589,0.25965,15.16821,9.44492,0,7.89,41260.6
281600,938,2.480e-05,1.76352,0.47271,0.43661,0.06151,0.06224,0.04727,0.04691,0.44192,0.08810,0.35382,8.12761,17.26366,0,7.87,41273.3
281700,939,2.440e-05,2.18925,0.34370,0.82594,0.05647,0.08863,0.05195,0.06569,0.36391,0.17540,0.18850,23.16459,15.80876,0,7.75,41286.2
281800,939,2.440e-05,1.79153,0.45165,0.52673,0.04543,0.07109,0.04038,0.05186,0.33871,0.04339,0.29532,44.26081,12.73715,0,7.85,41298.9
281900,939,2.440e-05,1.58978,0.43335,0.46868,0.04388,0.05659,0.03449,0.03967,0.41173,0.11924,0.29249,18.27277,17.99115,0,7.82,41311.7
282000,940,2.400e-05,1.76574,0.41839,0.38605,0.04115,0.08198,0.02895,0.10931,0.32907,0.14962,0.17945,18.16699,10.13417,0,1.55,41376.1
282100,940,2.400e-05,1.67126,0.40549,0.58039,0.04392,0.05986,0.02938,0.03721,0.18882,0.10108,0.08775,14.02586,8.47532,0,8.39,41388.0
282200,940,2.400e-05,1.46401,0.34951,0.49304,0.04025,0.05123,0.02923,0.03639,0.27109,0.08727,0.18382,20.12193,14.54648,0,9.56,41398.5
282300,941,2.360e-05,1.18102,0.21889,0.30661,0.03829,0.05493,0.02983,0.04593,0.56955,0.06803,0.50152,15.40720,14.12950,0,8.04,41410.9
282400,941,2.360e-05,1.78807,0.49860,0.41146,0.06375,0.06786,0.04647,0.04151,0.23761,0.06149,0.17612,15.11710,9.01517,0,9.19,41421.8
282500,941,2.360e-05,1.70235,0.17044,0.77622,0.04624,0.06374,0.03758,0.04475,0.36190,0.24199,0.11991,13.42559,15.34092,0,10.04,41431.8
282600,942,2.320e-05,1.37987,0.26685,0.49325,0.04329,0.04763,0.03359,0.03248,0.09353,0.04384,0.04970,30.86472,6.45754,0,10.06,41441.7
282700,942,2.320e-05,1.62638,0.35028,0.70448,0.04394,0.03506,0.03303,0.03763,0.27735,0.12561,0.15174,20.84008,12.69177,0,10.01,41451.7
282800,942,2.320e-05,1.72553,0.28879,0.68196,0.05294,0.05879,0.04250,0.03595,0.11832,0.09417,0.02415,23.54178,8.11922,0,9.92,41461.8
282900,943,2.280e-05,1.85324,0.31760,0.80949,0.05521,0.04902,0.04035,0.04165,0.24602,0.06345,0.18257,12.94315,11.25965,0,8.70,41473.3
283000,943,2.280e-05,2.73128,0.32412,0.98848,0.04562,0.15143,0.03767,0.13571,0.33994,0.15137,0.18857,18.70207,22.99919,0,7.93,41485.9
283100,943,2.280e-05,2.00385,0.44456,0.74215,0.05980,0.05012,0.04109,0.06594,0.22225,0.15269,0.06957,20.61143,10.62901,0,7.84,41498.6
283200,944,2.240e-05,1.45943,0.50151,0.24587,0.05769,0.04867,0.04245,0.02965,0.32167,0.09052,0.23115,13.74554,12.12389,0,7.74,41511.6
283300,944,2.240e-05,2.19762,0.41408,0.87174,0.04303,0.08631,0.03157,0.07447,0.32164,0.13989,0.18174,31.28020,16.47217,0,7.84,41524.3
283400,944,2.240e-05,1.42324,0.32564,0.48599,0.04494,0.03913,0.03831,0.03818,0.32207,0.10516,0.21691,12.68758,14.31851,0,7.85,41537.0
283500,945,2.200e-05,1.66343,0.21073,0.54642,0.04178,0.08992,0.03024,0.06889,0.37909,0.13346,0.24563,10.88334,11.18750,0,7.65,41550.1
283600,945,2.200e-05,1.84371,0.55193,0.61063,0.05314,0.04792,0.03228,0.03807,0.24518,0.06659,0.17860,18.04133,9.11291,0,7.76,41563.0
283700,945,2.200e-05,2.05676,0.49670,0.54506,0.06787,0.08170,0.05153,0.05533,0.43838,0.25515,0.18323,12.43047,16.17444,0,7.72,41576.0
283800,946,2.160e-05,2.04051,0.66252,0.27743,0.04251,0.10624,0.03390,0.10882,0.16626,0.09630,0.06996,20.64393,8.64727,0,7.80,41588.8
283900,946,2.160e-05,1.57798,0.42377,0.46712,0.04278,0.06072,0.03011,0.03773,0.24509,0.10775,0.13734,17.72938,13.05796,0,7.82,41601.6
284000,946,2.160e-05,1.55482,0.38532,0.46871,0.03675,0.06355,0.03213,0.04760,0.41048,0.17958,0.23090,26.31680,17.26739,0,7.77,41614.4
284100,947,2.120e-05,1.74737,0.41494,0.64096,0.04052,0.06018,0.03068,0.04452,0.46464,0.30520,0.15944,25.66882,20.00163,0,7.86,41627.1
284200,947,2.120e-05,1.46320,0.27726,0.47667,0.04673,0.04477,0.03616,0.06454,0.49274,0.15629,0.33644,16.41995,26.10956,0,7.76,41640.0
284300,947,2.120e-05,1.30640,0.29320,0.42541,0.04130,0.04391,0.03107,0.03364,0.35885,0.18060,0.17825,16.44247,15.10774,0,7.79,41652.9
284400,948,2.080e-05,1.43689,0.03149,0.69860,0.04089,0.06131,0.03879,0.03952,0.13913,0.05796,0.08117,11.73638,7.91046,0,7.80,41665.7
284500,948,2.080e-05,1.48318,0.41652,0.29850,0.04611,0.06654,0.03595,0.04601,0.33833,0.13126,0.20707,6.96968,10.58300,0,7.78,41678.5
284600,948,2.080e-05,1.92157,0.34571,0.77316,0.05971,0.05060,0.04212,0.05835,0.19040,0.05840,0.13200,33.51346,12.71952,0,7.78,41691.4
284700,949,2.040e-05,1.62693,0.20025,0.34457,0.04451,0.09381,0.03343,0.12277,0.50052,0.17725,0.32327,10.87044,12.72316,0,7.75,41704.3
284800,949,2.040e-05,1.45877,0.21559,0.61307,0.04243,0.05138,0.02957,0.03484,0.26056,0.10246,0.15810,16.23156,13.29429,0,7.90,41717.0
284900,949,2.040e-05,1.98464,0.56699,0.54408,0.05108,0.07585,0.04185,0.05372,0.28062,0.16409,0.11652,15.14183,13.16413,0,7.77,41729.8
285000,950,2.000e-05,1.07434,0.15509,0.35175,0.04829,0.03386,0.03541,0.02728,0.27201,0.10903,0.16298,18.91912,14.28955,0,1.50,41796.6
285100,950,2.000e-05,1.99168,0.32074,0.98097,0.04001,0.05888,0.03503,0.04318,0.34055,0.15799,0.18256,27.24773,12.76332,0,7.42,41810.1
285200,950,2.000e-05,1.48995,0.21502,0.51331,0.04136,0.07200,0.02776,0.05017,0.32978,0.10865,0.22113,33.43190,10.55513,0,7.89,41822.8
285300,951,1.960e-05,1.95007,0.44391,0.61700,0.03861,0.08711,0.02974,0.07447,0.39479,0.13866,0.25613,24.51126,15.77326,0,7.90,41835.4
285400,951,1.960e-05,2.21724,0.42814,0.63429,0.06747,0.10518,0.05062,0.06601,0.25751,0.05773,0.19978,23.08995,9.10128,0,7.71,41848.4
285500,951,1.960e-05,2.09120,0.52914,0.87786,0.04870,0.05094,0.03873,0.03567,0.40716,0.21558,0.19158,16.86500,16.19029,0,7.89,41861.1
285600,952,1.920e-05,1.58890,0.30845,0.67311,0.03741,0.04869,0.03120,0.03953,0.26806,0.07661,0.19145,35.82788,15.58481,0,7.80,41873.9
285700,952,1.920e-05,1.37691,0.43087,0.40302,0.03088,0.04728,0.02573,0.03516,0.36499,0.11197,0.25302,36.34537,17.52833,0,7.69,41886.9
285800,952,1.920e-05,1.38485,0.38331,0.32185,0.04125,0.06031,0.03075,0.03801,0.40488,0.08932,0.31556,13.07189,16.81400,0,7.77,41899.8
285900,953,1.880e-05,1.66212,0.41423,0.49676,0.04685,0.05235,0.03877,0.06327,0.14065,0.03887,0.10178,23.67585,8.20486,0,7.90,41912.4
286000,953,1.880e-05,1.36202,0.22115,0.59719,0.03843,0.04270,0.02897,0.02623,0.30617,0.10007,0.20610,16.09934,14.93369,0,7.72,41925.4
286100,953,1.880e-05,1.26437,0.37292,0.34800,0.04439,0.03283,0.02991,0.03304,0.32723,0.15217,0.17506,28.05372,19.08355,0,7.78,41938.2
286200,954,1.840e-05,2.02530,0.29196,0.69000,0.04336,0.10748,0.03430,0.08134,0.36668,0.19513,0.17155,37.53056,31.60139,0,7.94,41950.8
286300,954,1.840e-05,1.88215,0.51809,0.59394,0.05454,0.06000,0.04180,0.03716,0.25519,0.19702,0.05817,24.71307,6.94579,0,9.10,41961.8
286400,954,1.840e-05,1.90890,0.60994,0.63305,0.04300,0.05395,0.03333,0.03914,0.44498,0.18643,0.25856,56.70778,13.73328,0,7.64,41974.9
286500,955,1.800e-05,1.84882,0.33986,0.73685,0.05016,0.06341,0.03522,0.04648,0.34527,0.09532,0.24995,15.81132,20.13295,0,7.74,41987.8
286600,955,1.800e-05,2.55128,0.55111,0.53506,0.05697,0.15272,0.04121,0.12546,0.40174,0.06884,0.33290,23.77394,16.76530,0,7.73,42000.8
286700,955,1.800e-05,1.92694,0.45515,0.86648,0.03733,0.05251,0.02751,0.03493,0.34053,0.09042,0.25011,39.11173,18.85120,0,7.70,42013.7
286800,956,1.760e-05,2.33894,0.71560,0.59154,0.05748,0.08581,0.05483,0.07133,0.48708,0.17331,0.31377,12.91065,16.97696,0,7.75,42026.7
286900,956,1.760e-05,1.76854,0.24737,0.76278,0.04281,0.06928,0.03195,0.04723,0.52567,0.17491,0.35076,15.53287,16.52410,0,7.80,42039.5
287000,956,1.760e-05,1.63372,0.37010,0.43211,0.05379,0.05774,0.03912,0.07044,0.35494,0.08524,0.26970,13.97278,16.93433,0,7.78,42052.3
287100,957,1.720e-05,1.48380,0.40002,0.24792,0.04817,0.07668,0.03201,0.05263,0.22110,0.13207,0.08904,21.33134,10.22789,0,7.76,42065.2
287200,957,1.720e-05,1.50118,0.26125,0.53714,0.04532,0.05777,0.03892,0.03602,0.40225,0.16119,0.24105,14.91559,11.23359,0,7.88,42077.9
287300,957,1.720e-05,1.45811,0.38128,0.39086,0.05451,0.04279,0.04381,0.03597,0.25783,0.15801,0.09981,14.74499,14.29440,0,7.68,42090.9
287400,958,1.680e-05,1.97506,0.51508,0.63270,0.05265,0.06852,0.03925,0.04931,0.43096,0.10348,0.32748,17.14819,19.64416,0,7.90,42103.6
287500,958,1.680e-05,1.59793,0.44624,0.38344,0.04669,0.06136,0.03598,0.05521,0.23712,0.12419,0.11293,15.48313,11.24832,0,7.79,42116.4
287600,958,1.680e-05,1.85524,0.43374,0.40285,0.05954,0.06200,0.04563,0.11876,0.25492,0.14437,0.11054,14.83456,16.00042,0,7.79,42129.3
287700,959,1.640e-05,1.74623,0.56754,0.54280,0.05480,0.03450,0.04364,0.03213,0.33310,0.12160,0.21150,32.51435,11.62400,0,8.02,42141.7
287800,959,1.640e-05,1.67944,0.34187,0.59702,0.06371,0.04628,0.05146,0.02479,0.25429,0.11250,0.14179,14.24989,9.50234,0,7.39,42155.2
287900,959,1.640e-05,1.68363,0.57052,0.15625,0.05761,0.08632,0.04291,0.05198,0.26060,0.08740,0.17320,21.73112,12.15143,0,7.47,42168.6
288000,960,1.600e-05,1.47357,0.37044,0.46786,0.04242,0.05114,0.03208,0.03491,0.42274,0.24242,0.18032,22.46508,25.19479,0,1.49,42235.9
288100,960,1.600e-05,1.51474,0.23476,0.60866,0.05205,0.04330,0.04604,0.03180,0.48254,0.28900,0.19353,17.14629,20.96195,0,7.33,42249.6
288200,960,1.600e-05,1.67445,0.20895,0.80128,0.04172,0.05667,0.02661,0.04230,0.41756,0.10334,0.31422,21.19384,19.48237,0,7.66,42262.6
288300,961,1.560e-05,1.66634,0.39695,0.55362,0.04067,0.05757,0.03094,0.05888,0.13052,0.05499,0.07554,14.40090,8.31192,0,7.59,42275.8
288400,961,1.560e-05,1.30902,0.25535,0.47365,0.04289,0.04350,0.03158,0.02764,0.44305,0.18417,0.25888,16.82032,18.38218,0,7.63,42288.9
288500,961,1.560e-05,1.23648,0.16539,0.47285,0.03415,0.05298,0.02979,0.03526,0.44793,0.28660,0.16133,9.02750,15.59579,0,7.72,42301.8
288600,962,1.520e-05,1.83025,0.34075,0.64104,0.05693,0.07110,0.03594,0.04739,0.33715,0.15401,0.18315,16.30778,16.06238,0,7.89,42314.5
288700,962,1.520e-05,2.16152,0.40322,0.81087,0.08476,0.04553,0.07236,0.04604,0.15828,0.04986,0.10842,25.62268,15.54806,0,8.19,42326.7
288800,962,1.520e-05,1.81508,0.19211,0.81025,0.04466,0.06626,0.03375,0.06951,0.34566,0.18474,0.16092,31.86967,13.64828,0,7.88,42339.4
288900,963,1.480e-05,1.85874,0.40174,0.78929,0.05327,0.04326,0.03654,0.03748,0.31569,0.18366,0.13202,24.85608,11.59853,0,7.67,42352.5
289000,963,1.480e-05,1.68023,0.40218,0.46665,0.06080,0.05823,0.04776,0.03875,0.37902,0.08801,0.29101,15.71474,20.25982,0,7.76,42365.3
289100,963,1.480e-05,2.01020,0.41242,0.88843,0.03847,0.06509,0.03131,0.04531,0.52757,0.08340,0.44417,22.08536,13.16598,0,7.71,42378.3
289200,964,1.440e-05,1.43452,0.18843,0.34799,0.05211,0.06633,0.04171,0.08066,0.20457,0.05006,0.15451,13.62000,12.05263,0,7.73,42391.3
289300,964,1.440e-05,2.24345,0.72348,0.73747,0.06334,0.05250,0.04969,0.03163,0.47589,0.15931,0.31658,17.92155,13.74681,0,7.87,42404.0
289400,964,1.440e-05,1.74474,0.29431,0.83690,0.04738,0.03963,0.03794,0.03346,0.35031,0.11099,0.23933,20.26962,13.04162,0,7.57,42417.2
289500,965,1.400e-05,1.73516,0.54151,0.35678,0.04071,0.07428,0.03135,0.07341,0.19064,0.08781,0.10283,24.04345,11.64259,0,7.87,42429.9
289600,965,1.400e-05,1.13448,0.23707,0.16102,0.04029,0.04792,0.03186,0.08627,0.21270,0.12183,0.09087,14.17124,11.44408,0,7.78,42442.7
289700,965,1.400e-05,1.77584,0.36295,0.60463,0.04238,0.07141,0.03536,0.06035,0.38721,0.19289,0.19432,15.23018,16.85413,0,7.73,42455.7
289800,966,1.360e-05,1.54258,0.30011,0.39731,0.03719,0.08851,0.02774,0.05893,0.35315,0.19580,0.15735,23.16406,16.19937,0,7.53,42469.0
289900,966,1.360e-05,1.54776,0.39780,0.51812,0.04024,0.05169,0.03059,0.03828,0.39611,0.20010,0.19602,15.34909,22.55335,0,7.55,42482.2
290000,966,1.360e-05,1.50462,0.26433,0.50507,0.04293,0.05284,0.02936,0.07319,0.15742,0.03293,0.12449,12.56986,7.15679,0,7.64,42495.3
290100,967,1.320e-05,1.72891,0.38018,0.59372,0.04836,0.05899,0.03777,0.04953,0.15697,0.07746,0.07951,23.67288,12.65343,0,7.79,42508.1
290200,967,1.320e-05,1.60788,0.21029,0.42905,0.06867,0.07426,0.05067,0.05088,0.25274,0.04476,0.20798,16.65044,10.28537,0,8.04,42520.6
290300,967,1.320e-05,1.76514,0.43502,0.46122,0.08200,0.04607,0.06268,0.02873,0.31000,0.06028,0.24973,17.79695,11.19140,0,7.99,42533.1
290400,968,1.280e-05,2.00323,0.29154,0.86676,0.05374,0.06675,0.04109,0.05589,0.26071,0.10225,0.15846,15.56347,12.26635,0,7.97,42545.6
290500,968,1.280e-05,1.79187,0.19357,0.94112,0.03950,0.05503,0.02747,0.04633,0.38577,0.19923,0.18653,17.98386,28.83096,0,7.81,42558.4
290600,968,1.280e-05,1.89939,0.64815,0.57788,0.05611,0.04256,0.04131,0.03070,0.34250,0.15864,0.18386,19.65503,16.37118,0,7.86,42571.1
290700,969,1.240e-05,1.53670,0.28621,0.45799,0.05080,0.06138,0.04312,0.04951,0.15964,0.08472,0.07492,21.70747,11.57883,0,7.93,42583.7
290800,969,1.240e-05,1.30844,0.28575,0.38386,0.04315,0.04588,0.03279,0.04467,0.28717,0.02859,0.25858,15.97287,12.59113,0,7.81,42596.5
290900,969,1.240e-05,1.81509,0.37840,0.67004,0.03844,0.07288,0.02899,0.05503,0.43445,0.12211,0.31234,14.28467,20.35360,0,7.84,42609.3
291000,970,1.200e-05,1.50362,0.22891,0.58143,0.04442,0.05357,0.03417,0.04718,0.23835,0.14169,0.09666,14.80046,20.76040,0,1.56,42673.5
291100,970,1.200e-05,2.18766,0.56530,0.52043,0.03076,0.12008,0.02994,0.10915,0.29471,0.10910,0.18561,29.05491,12.37689,0,6.77,42688.3
291200,970,1.200e-05,2.15016,0.47029,0.86875,0.05643,0.06080,0.04782,0.04215,0.25584,0.13860,0.11724,22.91717,16.95895,0,7.89,42701.0
291300,971,1.160e-05,1.67431,0.15542,0.81918,0.03991,0.06600,0.03102,0.03706,0.37185,0.14771,0.22415,22.16468,11.20961,0,8.35,42713.0
291400,971,1.160e-05,2.16525,0.51244,0.80191,0.05121,0.07306,0.03742,0.05441,0.20983,0.09231,0.11752,23.05969,14.04400,0,7.79,42725.8
291500,971,1.160e-05,2.11790,0.41908,0.66814,0.04705,0.09861,0.03883,0.08211,0.34806,0.09861,0.24945,19.08246,12.11311,0,7.80,42738.6
291600,972,1.120e-05,1.38204,0.19889,0.64816,0.04139,0.03912,0.02558,0.02740,0.27431,0.11858,0.15573,13.12235,13.28733,0,7.87,42751.3
291700,972,1.120e-05,1.47375,0.30892,0.46530,0.04314,0.05952,0.03291,0.04160,0.35543,0.22693,0.12850,11.73215,13.54824,0,7.96,42763.9
291800,972,1.120e-05,1.91392,0.36507,0.83148,0.03117,0.05860,0.04361,0.06380,0.22387,0.07514,0.14873,52.13379,13.33602,0,7.98,42776.4
291900,973,1.080e-05,1.64076,0.21107,0.67701,0.05423,0.05507,0.04530,0.03718,0.37258,0.11849,0.25409,17.65962,15.35799,0,7.93,42789.0
292000,973,1.080e-05,1.53451,0.49734,0.23367,0.05905,0.05899,0.05256,0.03276,0.18059,0.05766,0.12294,16.44825,10.44883,0,7.84,42801.8
292100,973,1.080e-05,1.99545,0.21982,0.71604,0.04220,0.09383,0.03617,0.11561,0.28380,0.11015,0.17365,17.24737,15.77483,0,7.82,42814.6
292200,974,1.040e-05,1.72070,0.28025,0.59439,0.06458,0.05830,0.04966,0.04302,0.39806,0.19063,0.20743,15.35935,18.60657,0,7.75,42827.5
292300,974,1.040e-05,1.83143,0.47671,0.61959,0.04610,0.06799,0.03675,0.02914,0.25077,0.07562,0.17516,16.85506,10.79297,0,7.84,42840.2
292400,974,1.040e-05,1.69549,0.52672,0.32885,0.05549,0.06082,0.04637,0.05699,0.47837,0.10777,0.37060,15.69853,15.24817,0,7.79,42853.1
292500,975,1.000e-05,1.83122,0.36956,0.36829,0.08927,0.06518,0.07811,0.05036,0.30820,0.10782,0.20038,17.14678,16.14145,0,7.81,42865.9
292600,975,1.000e-05,1.71154,0.44954,0.55421,0.04193,0.06147,0.02752,0.04881,0.49120,0.13354,0.35766,25.07524,15.37186,0,7.81,42878.7
292700,975,1.000e-05,1.34479,0.14568,0.39061,0.04965,0.06621,0.03671,0.05497,0.14861,0.08989,0.05872,9.88853,6.95536,0,7.86,42891.4
292800,976,9.600e-06,1.65138,0.36902,0.39287,0.04565,0.07684,0.03299,0.07782,0.41326,0.25951,0.15375,18.76159,16.27901,0,7.89,42904.1
292900,976,9.600e-06,2.64114,0.59830,0.33652,0.04563,0.17671,0.03068,0.20716,0.25758,0.04342,0.21416,15.75058,10.42537,0,7.99,42916.6
293000,976,9.600e-06,1.18614,0.29967,0.30088,0.04175,0.04649,0.02981,0.02793,0.39464,0.14771,0.24693,10.04972,13.75531,0,7.89,42929.2
293100,977,9.200e-06,1.98546,0.45537,0.57717,0.03446,0.08625,0.02503,0.11472,0.44941,0.05145,0.39796,23.23789,16.79496,0,8.80,42940.6
293200,977,9.200e-06,1.63718,0.48305,0.35318,0.06042,0.05766,0.04602,0.03820,0.28288,0.05737,0.22551,19.76719,9.90927,0,7.81,42953.4
293300,977,9.200e-06,1.69343,0.52748,0.44687,0.04648,0.05075,0.04264,0.05054,0.27128,0.04977,0.22152,13.71748,7.75251,0,7.90,42966.1
293400,978,8.800e-06,1.76948,0.43818,0.49585,0.06788,0.05371,0.05113,0.03986,0.21590,0.08343,0.13247,12.62019,19.50532,0,7.99,42978.6
293500,978,8.800e-06,1.80177,0.25156,0.86497,0.04481,0.05879,0.03287,0.03401,0.21076,0.09541,0.11535,23.21185,12.41441,0,7.93,42991.2
293600,978,8.800e-06,1.51463,0.44681,0.24020,0.05771,0.06588,0.04429,0.03956,0.32044,0.05231,0.26812,9.44099,9.26889,0,7.91,43003.8
293700,979,8.400e-06,1.43391,0.22970,0.57887,0.03698,0.05669,0.02739,0.03543,0.59025,0.31855,0.27169,16.35429,24.33345,0,7.90,43016.5
293800,979,8.400e-06,2.17739,0.23202,0.55849,0.05548,0.13722,0.05515,0.11419,0.28433,0.09445,0.18988,12.62324,10.39087,0,7.85,43029.2
293900,979,8.400e-06,2.08926,0.48198,0.83099,0.04558,0.06831,0.03708,0.04565,0.22356,0.05428,0.16928,20.59289,9.06103,0,7.87,43041.9
294000,980,8.000e-06,1.82651,0.45281,0.54899,0.04623,0.07425,0.03581,0.05312,0.14579,0.04730,0.09849,14.62396,7.66797,0,1.55,43106.4
294100,980,8.000e-06,1.56592,0.52640,0.38755,0.04758,0.04919,0.03349,0.03377,0.40844,0.14118,0.26726,8.47594,14.99250,0,8.30,43118.5
294200,980,8.000e-06,1.71376,0.44439,0.57346,0.05818,0.04347,0.04546,0.02962,0.31180,0.09373,0.21807,16.65395,16.23471,0,7.88,43131.1
294300,981,7.600e-06,1.43832,0.38346,0.32458,0.04310,0.06351,0.03129,0.04760,0.47240,0.14014,0.33226,16.42520,13.86627,0,7.86,43143.9
294400,981,7.600e-06,2.00053,0.66065,0.59282,0.05006,0.06144,0.04020,0.03562,0.23546,0.09679,0.13867,28.74419,9.50511,0,7.85,43156.6
294500,981,7.600e-06,2.20553,0.47660,0.40364,0.03357,0.15393,0.02468,0.13043,0.59251,0.24235,0.35016,11.77179,21.55300,0,7.86,43169.3
294600,982,7.200e-06,1.23061,0.21844,0.27864,0.05255,0.05973,0.03383,0.03502,0.34424,0.10625,0.23798,17.16544,11.18597,0,7.86,43182.0
294700,982,7.200e-06,1.49692,0.23551,0.40905,0.05972,0.06545,0.04541,0.04519,0.38900,0.04566,0.34334,12.55706,9.04892,0,7.89,43194.7
294800,982,7.200e-06,1.97195,0.49362,0.49229,0.07854,0.05461,0.06500,0.06313,0.31929,0.07208,0.24721,13.77390,8.63579,0,7.85,43207.5
294900,983,6.800e-06,2.03522,0.32952,0.96258,0.04344,0.06660,0.03790,0.03926,0.18519,0.07071,0.11448,17.40172,7.48461,0,7.86,43220.2
295000,983,6.800e-06,1.54742,0.45024,0.49227,0.04470,0.04526,0.03314,0.02892,0.39116,0.11423,0.27693,11.02831,12.84133,0,7.79,43233.0
295100,983,6.800e-06,1.96207,0.42220,0.82698,0.03195,0.06775,0.02958,0.05617,0.40394,0.21872,0.18522,21.34826,19.65618,0,7.83,43245.8
295200,984,6.400e-06,1.56771,0.50132,0.50845,0.03323,0.04887,0.02640,0.03256,0.36355,0.24890,0.11465,21.56060,17.59244,0,7.83,43258.6
295300,984,6.400e-06,1.53123,0.30375,0.69640,0.02809,0.03960,0.04888,0.02816,0.47992,0.31136,0.16855,17.33335,20.24743,0,7.82,43271.3
295400,984,6.400e-06,2.18891,0.42890,0.91621,0.06502,0.05995,0.04621,0.04138,0.38297,0.05986,0.32311,23.47906,16.71109,0,7.91,43284.0
295500,985,6.000e-06,1.37804,0.26636,0.40945,0.05411,0.04234,0.04194,0.04605,0.20506,0.08504,0.12002,14.79781,10.89707,0,7.82,43296.8
295600,985,6.000e-06,1.68402,0.33387,0.37499,0.08126,0.06502,0.06395,0.03357,0.27001,0.14257,0.12744,20.88862,12.07456,0,7.78,43309.6
295700,985,6.000e-06,1.65293,0.29046,0.71593,0.03329,0.06479,0.02419,0.03827,0.39115,0.19823,0.19292,18.23438,12.44548,0,7.85,43322.4
295800,986,5.600e-06,1.66544,0.32264,0.59590,0.05640,0.05792,0.04093,0.02918,0.18949,0.15032,0.03917,31.05877,8.07953,0,7.92,43335.0
295900,986,5.600e-06,1.32186,0.36820,0.32261,0.05449,0.03935,0.03785,0.02689,0.28017,0.17446,0.10571,9.64115,12.68968,0,7.78,43347.9
296000,986,5.600e-06,2.07923,0.60640,0.61834,0.03896,0.08346,0.02933,0.06763,0.40363,0.17817,0.22546,17.09855,11.54776,0,7.85,43360.6
296100,987,5.200e-06,1.63659,0.37427,0.60110,0.03548,0.05553,0.03184,0.05063,0.39116,0.22405,0.16711,15.30507,16.42717,0,7.77,43373.5
296200,987,5.200e-06,1.70913,0.41661,0.43137,0.05023,0.06466,0.04936,0.06531,0.33648,0.15708,0.17939,13.73202,18.08347,0,7.88,43386.2
296300,987,5.200e-06,1.85260,0.45193,0.33019,0.05030,0.09394,0.03814,0.10157,0.29803,0.15134,0.14670,18.12682,10.82157,0,7.93,43398.8
296400,988,4.800e-06,2.10371,0.54376,0.63778,0.06530,0.07146,0.04909,0.04626,0.21813,0.09346,0.12466,13.65587,12.72941,0,7.87,43411.5
296500,988,4.800e-06,2.14830,0.48795,0.94529,0.04766,0.05491,0.03852,0.04235,0.25301,0.02655,0.22646,33.66599,14.53222,0,7.87,43424.2
296600,988,4.800e-06,2.22996,0.68685,0.66667,0.05861,0.06786,0.04530,0.05232,0.12962,0.03798,0.09164,26.12195,8.40516,0,7.83,43437.0
296700,989,4.400e-06,1.55639,0.25528,0.67865,0.03731,0.05274,0.02516,0.04372,0.21809,0.13091,0.08718,17.53740,10.43134,0,7.80,43449.8
296800,989,4.400e-06,1.70682,0.30874,0.64955,0.04876,0.05999,0.03576,0.04615,0.21706,0.10989,0.10717,20.39731,16.93111,0,7.74,43462.7
296900,989,4.400e-06,1.47896,0.33902,0.37152,0.06320,0.05173,0.04104,0.03647,0.19363,0.08955,0.10408,15.08274,10.86317,0,7.81,43475.5
297000,990,4.000e-06,1.70734,0.36435,0.62337,0.04474,0.05566,0.03768,0.04936,0.35821,0.08463,0.27357,19.70230,15.71280,0,1.55,43540.0
297100,990,4.000e-06,2.39800,0.21473,0.56541,0.08344,0.12095,0.06203,0.17633,0.60798,0.30717,0.30080,22.83769,25.26522,0,7.41,43553.5
297200,990,4.000e-06,1.78304,0.57028,0.43194,0.04181,0.07284,0.02942,0.05361,0.16975,0.09642,0.07333,18.76128,10.61716,0,7.80,43566.3
297300,991,3.600e-06,1.38883,0.28864,0.23388,0.04299,0.08164,0.03155,0.06571,0.30796,0.09339,0.21458,15.32634,12.93187,0,7.79,43579.1
297400,991,3.600e-06,2.09070,0.44579,0.67281,0.05909,0.07666,0.04482,0.07253,0.43308,0.12373,0.30934,16.86645,15.24965,0,7.78,43592.0
297500,991,3.600e-06,1.59968,0.62283,0.30402,0.04309,0.04281,0.02752,0.06982,0.37002,0.11206,0.25796,17.58624,16.51952,0,7.70,43605.0
297600,992,3.200e-06,1.58353,0.37229,0.42600,0.03398,0.07747,0.03143,0.05977,0.29565,0.11769,0.17795,16.26870,11.82014,0,7.73,43617.9
297700,992,3.200e-06,1.47051,0.29378,0.57336,0.05102,0.03591,0.04143,0.02605,0.36921,0.06981,0.29940,16.25406,15.00424,0,8.18,43630.1
297800,992,3.200e-06,1.46166,0.50218,0.24690,0.04477,0.05776,0.03398,0.04601,0.25351,0.13816,0.11535,11.80202,15.44854,0,7.81,43642.9
297900,993,2.800e-06,2.26951,0.42036,0.99680,0.04628,0.07474,0.03892,0.05999,0.36845,0.10298,0.26547,22.29781,13.82684,0,7.79,43655.8
298000,993,2.800e-06,2.81924,0.36207,1.03388,0.03888,0.15450,0.03038,0.15218,0.42959,0.24554,0.18406,29.81209,19.26151,0,7.74,43668.7
298100,993,2.800e-06,2.44200,0.44473,1.04944,0.04750,0.08565,0.03671,0.07614,0.27895,0.08301,0.19594,18.98530,19.63144,0,7.90,43681.4
298200,994,2.400e-06,1.57840,0.45319,0.50257,0.03699,0.05573,0.02886,0.03476,0.37616,0.11259,0.26357,23.32749,11.99619,0,7.91,43694.0
298300,994,2.400e-06,1.28003,0.34740,0.24260,0.03339,0.06662,0.02753,0.04845,0.63686,0.33342,0.30344,12.67264,18.75817,0,7.92,43706.6
298400,994,2.400e-06,1.36289,0.27800,0.33883,0.04838,0.06467,0.03230,0.04002,0.40946,0.20856,0.20091,11.95528,17.32017,0,7.81,43719.4
298500,995,2.000e-06,2.05779,0.45202,0.74085,0.03748,0.06756,0.03151,0.10437,0.16785,0.03368,0.13418,33.79873,10.06271,0,8.10,43731.8
298600,995,2.000e-06,1.94989,0.36680,0.66824,0.06586,0.04660,0.05400,0.08701,0.20840,0.06193,0.14646,21.98743,12.59704,0,8.13,43744.1
298700,995,2.000e-06,2.24032,0.54417,0.52684,0.07957,0.09098,0.06439,0.06223,0.24440,0.08120,0.16320,11.07532,9.08891,0,8.13,43756.4
298800,996,1.600e-06,1.98811,0.39959,0.68216,0.04141,0.09163,0.02659,0.06987,0.43295,0.05144,0.38151,15.21252,49.73521,0,8.12,43768.7
298900,996,1.600e-06,1.74824,0.39522,0.62395,0.04665,0.06426,0.03264,0.03716,0.39633,0.21401,0.18232,14.72427,14.02042,0,8.07,43781.1
299000,996,1.600e-06,1.31517,0.23201,0.48216,0.03157,0.05154,0.02648,0.04770,0.45679,0.25105,0.20574,14.62399,19.00113,0,8.10,43793.5
299100,997,1.200e-06,1.49926,0.30953,0.29659,0.05916,0.06974,0.04644,0.05301,0.39090,0.27528,0.11562,7.24266,17.16849,0,8.11,43805.8
299200,997,1.200e-06,1.91315,0.27222,0.84759,0.05186,0.06650,0.03627,0.04436,0.14940,0.05952,0.08988,29.31444,13.18421,0,7.89,43818.5
299300,997,1.200e-06,2.14312,0.60822,0.73847,0.06872,0.05165,0.05251,0.02533,0.36402,0.06492,0.29910,34.43722,20.11086,0,7.83,43831.2
299400,998,8.000e-07,1.33706,0.30208,0.35356,0.04590,0.05539,0.03312,0.03685,0.44305,0.18343,0.25962,11.30322,11.70621,0,7.88,43843.9
299500,998,8.000e-07,1.55896,0.62940,0.26317,0.05110,0.04909,0.03589,0.03031,0.38989,0.20122,0.18868,12.94633,12.80124,0,7.85,43856.7
299600,998,8.000e-07,1.37234,0.38044,0.39653,0.04947,0.03675,0.03605,0.02965,0.34565,0.12072,0.22494,16.68579,19.61113,0,7.71,43869.6
299700,999,4.000e-07,1.91617,0.31034,0.59395,0.07999,0.06663,0.06390,0.04761,0.53376,0.30174,0.23202,14.41807,15.25749,0,7.88,43882.3
299800,999,4.000e-07,2.47530,0.47888,0.71608,0.05783,0.12006,0.04524,0.11113,0.15075,0.05105,0.09971,29.87508,8.55293,0,7.93,43894.9
299900,999,4.000e-07,1.63566,0.26012,0.59976,0.04599,0.06353,0.03461,0.05665,0.29256,0.09023,0.20233,18.08495,11.37115,0,7.96,43907.5
299999,999,4.000e-07,2.04321,0.54430,0.51015,0.07503,0.06890,0.05806,0.04959,0.36172,0.10463,0.25709,13.52484,17.35428,0,7.87,43920.1
