step,epoch,lr,loss_G,gan_AB,gan_BA,cyc_A,cyc_B,idt_A,idt_B,loss_D,D_A,D_B,gn_G,gn_D,nan,imgs_per_sec,elapsed_s
0,0,2.000e-04,23.40479,2.57729,2.15093,0.64703,0.60343,0.64361,0.59080,3.78910,1.74620,2.04290,143.58476,70.95196,0,2.69,0.4
100,0,2.000e-04,9.77602,0.28909,0.28755,0.34132,0.28738,0.33263,0.24983,0.68950,0.34678,0.34272,61.08151,13.59343,0,14.20,7.4
200,0,2.000e-04,6.34554,0.46672,0.37531,0.20007,0.17367,0.20466,0.14856,0.59500,0.28952,0.30548,39.50615,18.45273,0,14.62,14.3
300,1,2.000e-04,6.89695,0.35116,0.46734,0.25464,0.15781,0.24813,0.14266,0.48414,0.24553,0.23861,35.19594,17.67641,0,14.46,21.2
400,1,2.000e-04,10.48429,0.22533,0.24322,0.26304,0.42105,0.23239,0.40259,0.61295,0.28967,0.32328,63.58481,13.54539,0,14.52,28.1
500,1,2.000e-04,9.94855,0.18778,0.30434,0.44652,0.18158,0.40881,0.22626,0.62871,0.27228,0.35644,43.48509,23.67430,0,14.67,34.9
600,2,2.000e-04,11.85605,0.32795,0.34910,0.53145,0.21960,0.54299,0.19070,0.52332,0.26257,0.26076,45.85165,15.99302,0,14.55,41.7
700,2,2.000e-04,7.71958,0.45817,0.17526,0.25602,0.24175,0.21134,0.21034,0.53684,0.28455,0.25229,37.22858,25.88821,0,14.71,48.5
800,2,2.000e-04,8.58603,0.42479,0.54996,0.28137,0.24810,0.22779,0.23553,0.58474,0.28315,0.30159,45.78417,19.67331,0,14.78,55.3
900,3,2.000e-04,10.93573,0.32397,0.44905,0.31570,0.35083,0.30836,0.39112,0.69260,0.28821,0.40439,52.05227,22.33738,0,14.78,62.1
1000,3,2.000e-04,5.41746,0.33637,0.48374,0.16725,0.14076,0.15922,0.14424,0.49419,0.26047,0.23371,32.57845,16.74391,0,14.80,68.8
1100,3,2.000e-04,8.22773,0.37106,0.56640,0.34496,0.15053,0.31581,0.15126,0.34863,0.10338,0.24525,27.03688,12.06074,0,14.61,75.7
1200,4,2.000e-04,13.11255,0.47891,0.36794,0.26244,0.62127,0.25603,0.42968,0.53328,0.19756,0.33572,46.68846,11.46041,0,14.55,82.6
1300,4,2.000e-04,7.34246,0.26193,0.57837,0.21886,0.21883,0.20735,0.21770,0.54388,0.16868,0.37520,30.97127,26.97515,0,14.56,89.4
1400,4,2.000e-04,6.65014,0.42103,0.33292,0.23047,0.16374,0.20549,0.18534,0.70609,0.28377,0.42232,28.04872,33.16673,0,14.54,96.3
1500,5,2.000e-04,6.00761,0.19074,0.52121,0.19298,0.17976,0.16328,0.15036,0.63737,0.36401,0.27336,32.74865,15.69965,0,14.32,103.3
1600,5,2.000e-04,9.33074,0.29349,0.34034,0.35976,0.20677,0.36804,0.23829,0.47145,0.21182,0.25963,41.39433,16.46361,0,14.30,110.3
1700,5,2.000e-04,9.44273,0.20592,0.83799,0.24212,0.37304,0.22303,0.22642,0.47781,0.23876,0.23905,49.14635,32.78941,0,14.73,117.1
1800,6,2.000e-04,10.42629,0.32583,0.36817,0.46986,0.19512,0.45486,0.16165,0.31588,0.10733,0.20855,35.41347,12.06155,0,14.39,124.0
1900,6,2.000e-04,5.81450,0.50208,0.21984,0.16084,0.20373,0.15465,0.13473,0.50329,0.28979,0.21351,21.13356,10.81096,0,14.52,130.9
2000,6,2.000e-04,7.59053,0.16897,0.48955,0.14623,0.28957,0.13525,0.37955,0.43832,0.17295,0.26537,34.81857,23.06907,0,14.48,137.8
2100,7,2.000e-04,7.45037,0.23000,0.78629,0.19258,0.24774,0.17736,0.22881,0.42298,0.23512,0.18786,32.16626,22.44264,0,14.63,144.6
2200,7,2.000e-04,7.74396,0.26871,1.07188,0.16999,0.27282,0.14728,0.24777,0.48856,0.26988,0.21869,34.56850,25.94085,0,14.61,151.5
2300,7,2.000e-04,6.11287,0.36757,0.34939,0.14755,0.24106,0.08757,0.21438,0.50016,0.31223,0.18793,38.70909,28.17224,0,14.43,158.4
2400,8,2.000e-04,6.74456,0.27859,0.39265,0.19464,0.21450,0.21039,0.18600,0.34543,0.15038,0.19505,23.73172,12.38624,0,15.01,165.1
2500,8,2.000e-04,5.17430,0.32249,0.36663,0.14234,0.16823,0.12961,0.14630,0.49580,0.33663,0.15917,20.50672,33.25772,0,15.21,171.7
2600,8,2.000e-04,7.28681,0.51661,0.15154,0.25502,0.16554,0.27337,0.20925,0.58380,0.26568,0.31812,37.76782,24.67714,0,14.49,178.6
2700,9,2.000e-04,6.70128,0.34621,0.59420,0.22576,0.18208,0.17865,0.15786,0.47987,0.20431,0.27556,27.07077,10.97786,0,15.24,185.1
2800,9,2.000e-04,7.84845,0.30475,0.12343,0.17084,0.34034,0.15621,0.30549,0.35964,0.16915,0.19049,28.65615,10.31207,0,14.58,192.0
2900,9,2.000e-04,6.58295,0.34801,0.18725,0.22464,0.17524,0.21604,0.19375,0.46281,0.28434,0.17847,48.98831,22.99547,0,14.95,198.7
3000,10,2.000e-04,7.89187,0.21573,0.32682,0.28527,0.24226,0.24920,0.16560,0.64285,0.28648,0.35637,53.26438,14.97547,0,1.29,276.2
3100,10,2.000e-04,4.18048,0.25519,0.46513,0.13196,0.10572,0.12680,0.08988,0.44913,0.17250,0.27662,16.24174,31.89575,0,13.58,283.5
3200,10,2.000e-04,5.79918,0.36714,0.69486,0.21373,0.09367,0.21190,0.12074,0.38511,0.09947,0.28564,35.28776,24.28786,0,14.37,290.5
3300,11,2.000e-04,5.12643,0.29734,0.26350,0.16733,0.13803,0.17227,0.13013,0.52321,0.24582,0.27739,22.18467,23.63944,0,14.40,297.5
3400,11,2.000e-04,7.59093,0.33650,0.31513,0.31301,0.12691,0.37470,0.13333,0.32797,0.20496,0.12301,31.15417,14.29256,0,12.89,305.2
3500,11,2.000e-04,6.79003,0.37125,0.48040,0.13113,0.31344,0.13805,0.16047,0.39431,0.25473,0.13958,35.40285,18.55165,0,13.70,312.5
3600,12,2.000e-04,5.33856,0.44626,0.37132,0.12944,0.15938,0.16347,0.16308,0.34715,0.08612,0.26103,35.86648,12.55364,0,15.14,319.1
3700,12,2.000e-04,4.72128,0.38468,0.15662,0.12630,0.16075,0.12412,0.13777,0.35912,0.12247,0.23665,18.96750,9.26879,0,14.50,326.0
3800,12,2.000e-04,6.75647,0.36827,0.54932,0.24396,0.17706,0.16626,0.15949,0.44651,0.16147,0.28503,38.93329,8.88147,0,12.74,333.9
3900,13,2.000e-04,5.98230,0.23175,0.22685,0.16197,0.22100,0.16113,0.17766,0.57749,0.36492,0.21258,35.33107,32.08730,0,13.68,341.2
4000,13,2.000e-04,7.28580,0.60750,0.33270,0.20900,0.22875,0.17646,0.21716,0.43158,0.31019,0.12138,33.35388,13.44908,0,13.16,348.8
4100,13,2.000e-04,8.15780,0.49318,0.39468,0.28496,0.14880,0.28271,0.30376,0.47262,0.13343,0.33919,38.57744,21.05516,0,12.80,356.6
4200,14,2.000e-04,8.04347,0.20566,0.70476,0.17754,0.33235,0.18227,0.22456,0.51254,0.31019,0.20235,42.06214,14.91188,0,12.72,364.4
4300,14,2.000e-04,8.90853,0.51453,0.53857,0.16826,0.35692,0.16813,0.35258,0.57050,0.12088,0.44962,32.49287,16.64400,0,12.76,372.3
4400,14,2.000e-04,7.29685,0.75765,0.13793,0.28801,0.14819,0.27708,0.13075,0.54754,0.33564,0.21190,40.62924,20.37338,0,12.77,380.1
4500,15,2.000e-04,6.82793,0.52542,0.45146,0.19882,0.24348,0.15426,0.13134,0.68826,0.22866,0.45960,42.80185,22.91149,0,12.70,388.0
4600,15,2.000e-04,6.78560,0.25534,0.58598,0.24813,0.15737,0.25790,0.11996,0.47556,0.22682,0.24873,46.27761,13.12594,0,12.73,395.8
4700,15,2.000e-04,4.83884,0.58438,0.07369,0.13097,0.14051,0.16304,0.13015,0.40088,0.21283,0.18805,14.93755,21.71104,0,12.60,403.8
4800,16,2.000e-04,7.01584,0.33693,0.18964,0.28267,0.18707,0.21841,0.13997,0.84114,0.35148,0.48967,32.91317,26.17385,0,12.79,411.6
4900,16,2.000e-04,6.45689,0.84805,0.21852,0.16982,0.20605,0.15851,0.16781,0.35340,0.08546,0.26794,28.48719,14.97855,0,12.67,419.5
5000,16,2.000e-04,6.70888,0.30061,0.39814,0.28043,0.12584,0.27904,0.11045,0.63360,0.44199,0.19161,22.35733,19.01628,0,12.79,427.3
5100,17,2.000e-04,5.65546,0.38894,0.28412,0.19650,0.15253,0.16336,0.13505,0.40627,0.17700,0.22927,26.64636,14.31731,0,12.70,435.2
5200,17,2.000e-04,5.87280,0.20826,0.47264,0.19235,0.16015,0.18322,0.15015,0.27022,0.16323,0.10700,17.74128,11.07544,0,12.63,443.1
5300,17,2.000e-04,4.59615,0.38394,0.20196,0.15131,0.11773,0.15353,0.11044,0.32378,0.22317,0.10061,17.27306,21.23907,0,12.57,451.1
5400,18,2.000e-04,7.16569,0.47041,0.43329,0.18319,0.24308,0.15884,0.24100,0.39175,0.17479,0.21695,20.26165,15.90802,0,12.58,459.0
5500,18,2.000e-04,4.67839,0.23105,0.35353,0.17056,0.11201,0.14158,0.11204,0.53804,0.30435,0.23368,23.96173,14.37977,0,12.70,466.9
5600,18,2.000e-04,6.07601,0.86800,0.10460,0.16385,0.18659,0.13248,0.18732,0.75959,0.31217,0.44742,36.59459,23.74077,0,12.77,474.7
5700,19,2.000e-04,5.72917,0.10583,0.61570,0.22171,0.12247,0.19541,0.11775,0.47318,0.27245,0.20073,23.14644,23.24030,0,12.76,482.6
5800,19,2.000e-04,5.27966,0.14543,0.36617,0.14027,0.18422,0.13318,0.17144,0.50523,0.16846,0.33677,21.03817,9.37413,0,12.68,490.4
5900,19,2.000e-04,10.50461,0.32993,0.42101,0.37771,0.32093,0.30434,0.24913,0.52761,0.29738,0.23022,47.91484,15.47550,0,12.79,498.3
6000,20,2.000e-04,6.25167,0.51314,0.34252,0.12599,0.22432,0.13472,0.24386,0.39105,0.17346,0.21759,30.72634,19.48283,0,1.53,563.7
6100,20,2.000e-04,5.76559,0.49354,0.88809,0.10274,0.19689,0.10979,0.16773,0.40169,0.11154,0.29014,22.98131,14.25686,0,10.96,572.8
6200,20,2.000e-04,5.00685,0.31960,0.16109,0.13922,0.17042,0.11889,0.16707,0.48472,0.29268,0.19204,16.39140,15.62954,0,12.67,580.7
6300,21,2.000e-04,5.74449,0.31220,0.21020,0.19869,0.18738,0.10359,0.16868,0.45062,0.21855,0.23206,24.45470,20.81107,0,12.68,588.6
6400,21,2.000e-04,4.20576,0.28812,0.24220,0.17054,0.08121,0.15773,0.07385,0.41821,0.23318,0.18503,21.18093,15.21568,0,12.77,596.4
6500,21,2.000e-04,6.03584,0.42163,0.09909,0.17829,0.18623,0.20422,0.16975,0.67196,0.33204,0.33992,25.18781,24.07657,0,12.96,604.1
6600,22,2.000e-04,7.06486,0.36450,0.51545,0.20852,0.20908,0.19788,0.20391,0.43959,0.22178,0.21781,21.61485,12.16929,0,12.86,611.9
6700,22,2.000e-04,4.48798,0.13507,0.17684,0.16378,0.11440,0.16397,0.11486,0.59948,0.27837,0.32112,19.73642,13.35680,0,14.10,619.0
6800,22,2.000e-04,5.71479,0.28743,0.45548,0.16508,0.17096,0.13391,0.18838,0.41829,0.26731,0.15098,32.11138,16.35967,0,13.53,626.4
6900,23,2.000e-04,5.22655,0.18671,1.04107,0.10332,0.16595,0.09683,0.16438,0.38176,0.25627,0.12549,23.50414,20.31138,0,12.87,634.2
7000,23,2.000e-04,6.71548,0.75491,0.30789,0.22631,0.17619,0.21367,0.11188,0.46494,0.30430,0.16065,27.96960,20.67053,0,12.90,641.9
7100,23,2.000e-04,3.75376,0.31731,0.22862,0.10906,0.10862,0.09248,0.11373,0.53264,0.19289,0.33975,19.65794,11.59721,0,12.78,649.7
7200,24,2.000e-04,8.52921,0.26705,0.62231,0.28108,0.24042,0.25515,0.22982,0.59103,0.24823,0.34279,41.39252,22.28666,0,13.25,657.3
7300,24,2.000e-04,5.53672,0.26042,0.61972,0.12301,0.18542,0.11712,0.19733,0.63850,0.40982,0.22868,31.87675,23.13083,0,14.48,664.2
7400,24,2.000e-04,8.81142,0.40769,0.47537,0.34508,0.21106,0.24564,0.22776,0.32736,0.21546,0.11190,44.38974,17.35353,0,14.48,671.1
7500,25,2.000e-04,5.53506,0.57363,0.30832,0.14953,0.16724,0.16120,0.13587,0.38192,0.19484,0.18708,32.28356,6.73882,0,14.49,678.0
7600,25,2.000e-04,8.70145,0.62879,0.40889,0.25164,0.28338,0.21582,0.24690,0.43028,0.26732,0.16296,28.49489,23.12875,0,14.27,685.0
7700,25,2.000e-04,4.90805,0.34752,0.12522,0.13181,0.16055,0.12970,0.17266,0.64669,0.18275,0.46393,15.38385,13.49758,0,14.75,691.8
7800,26,2.000e-04,5.38777,0.35314,0.53025,0.11593,0.18061,0.10446,0.20334,0.42105,0.14948,0.27157,30.53786,12.51410,0,14.54,698.7
7900,26,2.000e-04,5.55295,0.15486,0.57593,0.12255,0.22090,0.10368,0.17385,0.26349,0.10050,0.16299,29.77729,7.80741,0,14.79,705.4
8000,26,2.000e-04,4.75329,0.43935,0.55937,0.14014,0.11960,0.13038,0.10104,0.53888,0.29916,0.23972,19.62214,31.29945,0,14.77,712.2
8100,27,2.000e-04,5.73354,0.67250,0.35515,0.10943,0.22812,0.11797,0.14811,0.43024,0.26014,0.17009,21.26193,8.00128,0,14.71,719.0
8200,27,2.000e-04,5.54772,0.60276,0.13411,0.15283,0.16902,0.14872,0.16975,0.28017,0.16503,0.11514,20.40027,10.12969,0,14.76,725.8
8300,27,2.000e-04,6.78935,0.31186,0.48119,0.24940,0.14806,0.24739,0.15695,0.58351,0.28356,0.29995,25.30252,20.81951,0,14.67,732.6
8400,28,2.000e-04,6.36757,0.25358,0.45707,0.18294,0.21669,0.13337,0.19875,0.29243,0.17521,0.11722,24.10438,20.02348,0,14.59,739.4
8500,28,2.000e-04,5.77591,0.40959,1.11804,0.14316,0.13612,0.15199,0.13910,0.54766,0.33338,0.21428,20.70192,32.18810,0,14.62,746.3
8600,28,2.000e-04,6.75837,0.32239,0.29434,0.17376,0.25254,0.15298,0.22275,0.74520,0.29630,0.44891,41.00839,13.94372,0,14.50,753.2
8700,29,2.000e-04,6.32934,0.49802,0.32991,0.24911,0.12684,0.22039,0.12799,0.60611,0.35567,0.25044,32.88097,8.43939,0,14.44,760.1
8800,29,2.000e-04,4.55632,0.68135,0.62932,0.13220,0.08359,0.13497,0.08258,0.46168,0.21287,0.24882,16.12583,20.04462,0,14.59,766.9
8900,29,2.000e-04,4.95325,0.42242,0.49408,0.16657,0.10721,0.14699,0.11279,0.46491,0.28400,0.18091,29.49040,10.67340,0,14.58,773.8
9000,30,2.000e-04,6.64109,0.38286,0.42290,0.16811,0.24543,0.16734,0.17266,0.47596,0.33470,0.14126,26.89318,12.85521,0,1.22,855.5
9100,30,2.000e-04,4.50192,0.25426,0.55923,0.13989,0.11999,0.11583,0.10208,0.23619,0.06468,0.17151,20.37576,16.11139,0,13.14,863.1
9200,30,2.000e-04,7.49050,0.22016,0.02275,0.14514,0.35156,0.14262,0.31349,0.39816,0.21606,0.18211,22.22905,21.81081,0,14.46,870.0
9300,31,2.000e-04,4.45906,0.39090,0.30452,0.14028,0.11602,0.11667,0.12344,0.31314,0.13325,0.17989,19.55914,26.15858,0,14.64,876.8
9400,31,2.000e-04,6.73941,0.72732,0.34735,0.18384,0.24233,0.17508,0.10552,0.31004,0.15046,0.15958,42.38921,14.02450,0,14.69,883.6
9500,31,2.000e-04,4.42075,0.64090,0.16085,0.12919,0.12000,0.12858,0.09683,0.36881,0.18009,0.18872,18.54439,14.30498,0,15.12,890.2
9600,32,2.000e-04,6.17542,0.42163,0.45510,0.21888,0.14482,0.20638,0.12596,0.39499,0.15707,0.23792,25.39223,12.11325,0,15.73,896.6
9700,32,2.000e-04,5.04689,0.54709,0.07610,0.17605,0.12673,0.16284,0.11634,0.63352,0.25317,0.38035,23.77626,19.97233,0,15.64,903.0
9800,32,2.000e-04,3.51891,0.71317,0.33647,0.11396,0.05718,0.10225,0.04932,0.22579,0.10038,0.12540,17.96197,9.96551,0,15.62,909.4
9900,33,2.000e-04,4.86837,0.45194,0.07130,0.16490,0.12284,0.18254,0.11100,0.59478,0.38026,0.21451,32.13247,28.48765,0,15.49,915.8
10000,33,2.000e-04,5.29720,0.25961,0.66374,0.16512,0.12003,0.18112,0.12335,0.26921,0.07366,0.19556,25.65368,15.33484,0,15.58,922.3
10100,33,2.000e-04,5.95525,0.29814,0.68326,0.16574,0.17515,0.14421,0.16878,0.50272,0.26569,0.23703,25.54248,14.52888,0,15.66,928.6
10200,34,2.000e-04,6.44780,0.46437,1.00724,0.15550,0.17221,0.14954,0.19028,0.50137,0.25761,0.24376,22.47901,18.53284,0,15.59,935.1
10300,34,2.000e-04,7.38941,0.17115,0.65229,0.16036,0.30677,0.15556,0.22338,0.43736,0.37472,0.06264,48.99810,21.66670,0,15.65,941.4
10400,34,2.000e-04,5.80956,0.49542,0.32899,0.15356,0.19529,0.14526,0.15407,0.59293,0.34544,0.24748,45.55895,18.85868,0,15.56,947.9
10500,35,2.000e-04,4.41765,0.23572,0.42262,0.16518,0.07091,0.21561,0.06406,0.46840,0.21451,0.25389,23.62300,9.98710,0,15.64,954.3
10600,35,2.000e-04,5.42585,0.52926,0.57239,0.13217,0.16329,0.13921,0.13473,0.53810,0.24401,0.29409,19.48910,15.93458,0,15.59,960.7
10700,35,2.000e-04,5.42000,0.62921,0.89615,0.16241,0.11407,0.14399,0.08198,0.23107,0.04899,0.18207,45.33759,15.41984,0,15.67,967.1
10800,36,2.000e-04,6.34555,0.27347,0.99621,0.21693,0.13592,0.19314,0.11633,0.35948,0.21592,0.14356,31.59593,12.03079,0,15.53,973.5
10900,36,2.000e-04,7.43561,0.21377,0.29735,0.12360,0.38865,0.11882,0.24158,0.24692,0.08559,0.16133,34.16500,15.04835,0,15.57,979.9
11000,36,2.000e-04,4.56487,0.74130,0.27068,0.13606,0.12715,0.11383,0.07033,0.50100,0.29867,0.20233,17.27324,24.00744,0,15.56,986.4
11100,37,2.000e-04,8.25604,0.33016,0.69781,0.19767,0.32600,0.16348,0.23478,0.56878,0.38831,0.18047,73.86810,22.29276,0,15.48,992.8
11200,37,2.000e-04,3.90293,0.02463,0.13591,0.11475,0.13178,0.11986,0.13556,0.51885,0.27771,0.24115,21.45682,12.49080,0,14.60,999.7
11300,37,2.000e-04,6.20357,0.09265,0.22656,0.19092,0.20160,0.15027,0.24156,0.50848,0.25080,0.25768,25.49527,23.50018,0,15.10,1006.3
11400,38,2.000e-04,4.88232,0.34589,0.06707,0.13829,0.16804,0.11144,0.16976,0.34141,0.22470,0.11671,23.16854,16.81287,0,15.41,1012.8
11500,38,2.000e-04,7.56934,0.87619,0.77100,0.13000,0.26574,0.12043,0.27253,0.60877,0.36477,0.24400,23.11653,25.66546,0,15.49,1019.2
11600,38,2.000e-04,4.97719,0.25225,0.22646,0.14265,0.15099,0.15517,0.15724,0.44473,0.20228,0.24244,33.27476,6.91462,0,15.46,1025.7
11700,39,2.000e-04,4.14506,0.32433,0.82093,0.10453,0.10501,0.10313,0.07774,0.38886,0.10845,0.28041,24.29427,14.18881,0,15.13,1032.3
11800,39,2.000e-04,6.42104,0.42748,0.14543,0.28992,0.11155,0.25132,0.11536,0.36892,0.22471,0.14420,30.07885,15.77587,0,15.34,1038.8
11900,39,2.000e-04,4.87559,0.49082,0.41228,0.10958,0.14244,0.12106,0.16939,0.35776,0.03229,0.32547,18.06655,17.96461,0,15.43,1045.3
12000,40,2.000e-04,5.05033,0.43566,0.64513,0.09734,0.16607,0.09945,0.16764,0.34430,0.17826,0.16604,20.56392,14.44634,0,1.15,1132.2
12100,40,2.000e-04,5.11202,0.69137,0.20098,0.17091,0.11608,0.15594,0.11400,0.24399,0.19136,0.05263,31.86642,12.38100,0,13.30,1139.7
12200,40,2.000e-04,4.86988,0.13694,0.79979,0.11915,0.15166,0.12151,0.12350,0.55481,0.15625,0.39855,23.48715,27.78342,0,14.69,1146.5
12300,41,2.000e-04,4.97629,0.39253,0.09639,0.17458,0.12725,0.16772,0.12610,0.65557,0.31536,0.34020,22.44765,12.50074,0,14.65,1153.4
12400,41,2.000e-04,6.06852,0.55095,0.83925,0.17404,0.15173,0.14836,0.13576,0.14904,0.07390,0.07514,34.90807,19.15615,0,14.66,1160.2
12500,41,2.000e-04,6.90373,0.27016,0.33335,0.28898,0.16876,0.17697,0.16761,0.47146,0.27338,0.19807,35.10598,19.36710,0,14.56,1167.1
12600,42,2.000e-04,5.10331,0.23826,0.46400,0.11205,0.19655,0.09356,0.16943,0.28034,0.22832,0.05202,20.64536,11.13703,0,14.58,1173.9
12700,42,2.000e-04,5.45897,1.05498,0.47886,0.16133,0.10082,0.15780,0.10291,0.53098,0.20054,0.33044,20.57643,20.77603,0,14.66,1180.7
12800,42,2.000e-04,3.58372,0.32612,0.36327,0.09391,0.11075,0.08785,0.08170,0.36224,0.17474,0.18750,20.69421,7.07538,0,14.77,1187.5
12900,43,2.000e-04,5.58794,0.54507,0.04649,0.21290,0.13219,0.14692,0.16216,0.62016,0.38711,0.23305,22.81973,18.84463,0,14.79,1194.3
13000,43,2.000e-04,5.20976,0.09592,0.97719,0.17786,0.10008,0.15515,0.11631,0.20282,0.12676,0.07606,38.09982,11.98215,0,14.82,1201.0
13100,43,2.000e-04,4.97816,0.29824,0.18211,0.12085,0.18725,0.09724,0.18612,0.36395,0.19782,0.16612,24.74153,12.28764,0,14.67,1207.8
13200,44,2.000e-04,5.00591,0.80477,0.16347,0.17385,0.11332,0.13863,0.09457,0.43216,0.33323,0.09893,30.28755,27.94635,0,14.58,1214.7
13300,44,2.000e-04,5.23869,0.19196,0.49047,0.12079,0.20443,0.13499,0.12582,0.15379,0.09601,0.05778,30.36633,9.06231,0,14.50,1221.6
13400,44,2.000e-04,4.49384,0.37724,0.59540,0.07694,0.15614,0.08555,0.15253,0.29384,0.12407,0.16977,21.53867,13.70805,0,14.69,1228.4
13500,45,2.000e-04,8.10304,0.63828,0.46816,0.26948,0.21242,0.29131,0.14421,0.77116,0.32341,0.44774,43.90867,34.40323,0,14.68,1235.2
13600,45,2.000e-04,4.99831,0.34495,0.50527,0.13167,0.13866,0.13414,0.15482,0.32609,0.20857,0.11752,26.47076,8.05777,0,14.68,1242.0
13700,45,2.000e-04,4.46592,0.30221,0.52960,0.11023,0.14095,0.09853,0.12594,0.38265,0.18446,0.19819,39.28918,21.71769,0,14.90,1248.7
13800,46,2.000e-04,4.83436,0.32485,0.15924,0.14418,0.16101,0.12374,0.13594,0.54611,0.44346,0.10266,30.75692,27.43515,0,15.60,1255.1
13900,46,2.000e-04,6.22825,0.34032,0.22652,0.18108,0.18331,0.16722,0.23629,0.31865,0.11770,0.20094,34.39501,9.73085,0,15.69,1261.5
14000,46,2.000e-04,5.88857,0.35960,0.82956,0.16587,0.16923,0.12240,0.14729,0.46092,0.28935,0.17157,22.98069,20.75434,0,15.78,1267.8
14100,47,2.000e-04,4.68735,0.41069,0.03058,0.14363,0.12384,0.15381,0.16047,0.75165,0.63250,0.11915,26.06207,36.92652,0,15.52,1274.3
14200,47,2.000e-04,6.84272,0.58721,1.63321,0.15474,0.17088,0.11589,0.15732,0.49973,0.34451,0.15522,44.49590,27.28960,0,14.78,1281.1
14300,47,2.000e-04,3.66415,0.11629,0.38416,0.09634,0.10790,0.10627,0.11798,0.28842,0.15079,0.13763,31.86845,13.09999,0,14.72,1287.8
14400,48,2.000e-04,6.06499,0.28527,0.46848,0.16283,0.20385,0.13931,0.18959,0.31874,0.09206,0.22668,39.39665,9.14242,0,14.68,1294.7
14500,48,2.000e-04,7.47633,0.57518,0.42121,0.27149,0.16770,0.26527,0.15234,0.38652,0.15518,0.23134,37.36205,18.77383,0,14.69,1301.5
14600,48,2.000e-04,5.45542,0.53682,0.89963,0.16300,0.10640,0.14827,0.11671,0.34301,0.12123,0.22178,43.08760,14.80257,0,14.53,1308.3
14700,49,2.000e-04,5.81128,0.53952,0.26191,0.16833,0.17306,0.16145,0.15774,0.46132,0.16731,0.29401,48.79129,12.58806,0,14.52,1315.2
14800,49,2.000e-04,5.23545,0.10399,0.17398,0.23780,0.09029,0.24507,0.09025,0.82199,0.41850,0.40349,30.34029,24.25455,0,14.60,1322.1
14900,49,2.000e-04,4.39201,0.67982,0.71204,0.09529,0.09059,0.10802,0.12027,0.24261,0.11545,0.12716,40.70911,15.22781,0,14.66,1328.9
15000,50,2.000e-04,5.22723,0.43037,0.44393,0.09245,0.19002,0.09294,0.21270,0.28431,0.15390,0.13041,31.38866,10.39533,0,1.22,1410.6
15100,50,2.000e-04,5.28991,0.02869,0.18177,0.13794,0.22872,0.12646,0.15611,0.33055,0.10556,0.22499,29.47887,14.37716,0,13.40,1418.0
15200,50,2.000e-04,4.90713,0.52404,0.26641,0.14970,0.14118,0.10059,0.14098,0.30421,0.07693,0.22729,34.89381,13.08196,0,15.71,1424.4
15300,51,2.000e-04,3.79559,0.19427,0.38580,0.07760,0.13208,0.07737,0.14637,0.60836,0.31687,0.29149,26.54905,17.84576,0,15.71,1430.8
15400,51,2.000e-04,4.63748,0.16417,0.98105,0.15124,0.07820,0.15849,0.08109,0.26514,0.15722,0.10792,32.99805,8.07414,0,15.69,1437.2
15500,51,2.000e-04,4.60218,0.07795,0.38115,0.14602,0.12917,0.14964,0.12860,0.52945,0.24722,0.28223,19.52229,19.25309,0,15.66,1443.5
15600,52,2.000e-04,4.88612,0.18380,0.71806,0.14697,0.12017,0.15695,0.10563,0.30882,0.21561,0.09321,21.23372,18.50549,0,15.73,1449.9
15700,52,2.000e-04,3.30396,0.22392,0.02132,0.10559,0.09984,0.09167,0.10920,0.43100,0.19151,0.23949,29.05784,16.65806,0,15.64,1456.3
15800,52,2.000e-04,4.74173,0.40896,0.35150,0.12951,0.15366,0.08164,0.14826,0.56522,0.28493,0.28030,21.74362,28.69018,0,15.70,1462.7
15900,53,2.000e-04,5.81032,0.51031,1.13313,0.13280,0.13999,0.11558,0.17221,0.49584,0.28065,0.21518,35.02065,17.93478,0,15.73,1469.0
16000,53,2.000e-04,7.02024,0.56063,0.05323,0.19431,0.25480,0.21579,0.16725,0.24721,0.14844,0.09877,35.32756,17.76309,0,15.64,1475.4
16100,53,2.000e-04,6.22599,0.45487,0.41072,0.21490,0.16281,0.17928,0.13738,0.21043,0.07757,0.13286,32.10844,8.16284,0,15.80,1481.7
16200,54,2.000e-04,4.48538,0.68004,0.08520,0.11859,0.15182,0.10382,0.09938,0.68666,0.42978,0.25687,19.55508,25.73427,0,15.69,1488.1
16300,54,2.000e-04,9.82655,0.14998,0.55105,0.16430,0.44795,0.19355,0.40706,0.28094,0.07859,0.20234,42.56267,16.06222,0,15.78,1494.5
16400,54,2.000e-04,4.36054,0.06377,0.58635,0.16134,0.10700,0.12176,0.08363,0.38673,0.22822,0.15851,33.28475,13.97268,0,15.79,1500.8
16500,55,2.000e-04,6.73229,0.65201,0.41260,0.15277,0.23573,0.11427,0.24227,0.10087,0.04062,0.06024,38.12951,8.18360,0,15.73,1507.1
16600,55,2.000e-04,5.40736,0.36142,0.63353,0.10295,0.18754,0.11806,0.18345,0.52330,0.18022,0.34309,18.15238,12.87773,0,15.69,1513.5
16700,55,2.000e-04,3.80308,0.13208,0.31177,0.12517,0.10924,0.10308,0.09994,0.56938,0.23811,0.33128,27.80880,11.23292,0,15.71,1519.9
16800,56,2.000e-04,4.51788,0.41613,0.04759,0.14442,0.10498,0.18035,0.13169,0.49211,0.17730,0.31481,29.12525,10.08945,0,15.79,1526.2
16900,56,2.000e-04,5.60191,0.20316,0.94013,0.14275,0.14889,0.15021,0.15824,0.49903,0.30973,0.18929,35.97217,18.06796,0,15.78,1532.6
17000,56,2.000e-04,4.09546,0.51814,0.20920,0.11562,0.10831,0.12524,0.10052,0.20264,0.05906,0.14358,31.64268,11.85486,0,15.67,1538.9
17100,57,2.000e-04,4.92398,0.47480,0.61924,0.14887,0.11362,0.12944,0.11158,0.50661,0.14098,0.36562,18.79198,19.53577,0,15.82,1545.3
17200,57,2.000e-04,4.49824,0.36642,0.97613,0.12604,0.09322,0.11937,0.07324,0.28676,0.15376,0.13300,36.78641,10.56319,0,15.69,1551.6
17300,57,2.000e-04,5.15356,0.11965,0.70232,0.16889,0.15368,0.12222,0.09897,0.51211,0.29842,0.21369,36.57056,12.38449,0,15.76,1558.0
17400,58,2.000e-04,5.16651,0.61784,0.91249,0.14215,0.09364,0.15008,0.10557,0.68881,0.51606,0.17276,40.14712,34.64154,0,14.88,1564.7
17500,58,2.000e-04,4.28841,0.65738,0.16759,0.09228,0.13793,0.08450,0.14777,0.39889,0.11870,0.28019,17.38215,14.89081,0,14.62,1571.5
17600,58,2.000e-04,5.00577,0.17553,0.72378,0.14390,0.15141,0.13580,0.09487,0.12561,0.03799,0.08761,24.51577,7.44990,0,14.63,1578.4
17700,59,2.000e-04,4.85211,0.31747,0.41494,0.17196,0.10657,0.12650,0.14038,0.29828,0.09863,0.19965,21.52914,14.56418,0,14.86,1585.1
17800,59,2.000e-04,4.35086,0.33297,0.65574,0.13047,0.10523,0.11611,0.08493,0.30988,0.11659,0.19329,23.62147,11.09487,0,15.43,1591.6
17900,59,2.000e-04,6.42424,0.19810,0.89300,0.13632,0.21520,0.17107,0.19251,0.69521,0.36593,0.32928,35.08801,24.91255,0,15.42,1598.1
18000,60,2.000e-04,4.61426,0.62853,0.16932,0.15107,0.10522,0.13237,0.11833,0.56090,0.11050,0.45040,21.60929,19.15194,0,1.13,1686.4
18100,60,2.000e-04,4.33526,0.73338,0.07710,0.14235,0.10688,0.12584,0.08067,0.89672,0.59405,0.30267,22.29645,37.35203,0,13.41,1693.8
18200,60,2.000e-04,6.87570,0.65446,0.09126,0.22843,0.16051,0.25611,0.19201,0.60697,0.06834,0.53863,31.34097,25.29833,0,14.84,1700.6
18300,61,2.000e-04,4.99599,0.54537,0.31544,0.14642,0.13900,0.13618,0.12004,0.60052,0.23022,0.37030,23.20242,9.92205,0,14.46,1707.5
18400,61,2.000e-04,4.79038,0.02502,0.20064,0.24063,0.08928,0.15948,0.09363,0.45984,0.28446,0.17538,30.43012,20.55730,0,14.69,1714.3
18500,61,2.000e-04,5.20949,0.71358,0.34532,0.11450,0.16371,0.10960,0.16409,0.34312,0.04848,0.29465,29.79458,8.45385,0,14.71,1721.1
18600,62,2.000e-04,5.98938,0.27595,0.94679,0.15735,0.15068,0.14219,0.19508,0.39571,0.25226,0.14345,41.65042,24.15253,0,14.66,1727.9
18700,62,2.000e-04,5.60872,0.59576,0.20132,0.17339,0.15764,0.17240,0.12786,0.65149,0.28169,0.36980,25.20913,24.07771,0,14.54,1734.8
18800,62,2.000e-04,5.96381,0.74130,0.72105,0.10036,0.20622,0.12491,0.16222,0.39517,0.12920,0.26596,22.22956,14.83839,0,14.61,1741.6
18900,63,2.000e-04,5.51852,0.38575,0.64393,0.14967,0.15985,0.12276,0.15597,0.60906,0.36274,0.24631,27.91342,17.85636,0,14.36,1748.6
19000,63,2.000e-04,6.43833,0.18355,0.35761,0.15296,0.21411,0.24134,0.20395,0.85149,0.43755,0.41394,40.86268,23.63802,0,14.07,1755.7
19100,63,2.000e-04,6.42076,0.37642,0.71070,0.18725,0.16316,0.19452,0.17138,0.18667,0.11859,0.06809,42.42103,12.61750,0,15.07,1762.3
19200,64,2.000e-04,8.27983,0.57961,0.43919,0.12119,0.35062,0.14658,0.36199,0.69146,0.09476,0.59670,30.23623,17.95744,0,15.54,1768.8
19300,64,2.000e-04,5.75490,0.37176,0.60573,0.13906,0.17233,0.13660,0.19610,0.27012,0.05681,0.21331,32.46368,9.32540,0,15.58,1775.2
19400,64,2.000e-04,4.99665,0.06772,0.33244,0.15482,0.15999,0.16427,0.12542,0.35918,0.12627,0.23291,24.53755,18.34433,0,15.63,1781.6
19500,65,2.000e-04,4.85591,0.57835,0.80795,0.10111,0.14122,0.08928,0.12000,0.28196,0.21368,0.06828,41.98696,15.37870,0,15.60,1788.0
19600,65,2.000e-04,4.27362,0.68911,0.13761,0.11392,0.11350,0.12413,0.11040,0.37418,0.21063,0.16355,17.38087,17.53580,0,15.57,1794.4
19700,65,2.000e-04,3.92387,0.24976,0.39576,0.11212,0.11417,0.10977,0.09330,0.47634,0.23200,0.24434,29.50457,24.69206,0,15.49,1800.9
19800,66,2.000e-04,4.41657,0.17235,0.91879,0.12613,0.09779,0.12516,0.09208,0.21467,0.15683,0.05784,29.99133,9.03260,0,15.55,1807.3
19900,66,2.000e-04,5.30038,0.38009,1.10759,0.18123,0.07850,0.15268,0.09039,0.22728,0.10731,0.11997,23.33790,15.50141,0,15.55,1813.7
20000,66,2.000e-04,5.02884,0.25675,0.81350,0.13537,0.12443,0.16019,0.11192,0.30408,0.12372,0.18035,21.34179,23.57237,0,15.48,1820.2
20100,67,2.000e-04,3.93307,0.27232,0.46322,0.08437,0.11641,0.12994,0.10801,0.23843,0.17197,0.06647,17.93750,12.47835,0,15.56,1826.6
20200,67,2.000e-04,4.11534,0.62048,0.23172,0.14034,0.08453,0.12003,0.08287,0.23470,0.09988,0.13482,23.04806,8.41283,0,15.58,1833.0
20300,67,2.000e-04,4.35414,0.30783,0.89960,0.08723,0.12665,0.07834,0.12325,0.33545,0.04032,0.29513,23.42256,8.98149,0,15.64,1839.4
20400,68,2.000e-04,5.27711,0.29026,0.23703,0.10464,0.18576,0.17803,0.19114,0.27098,0.17682,0.09416,26.80125,21.80577,0,15.71,1845.8
20500,68,2.000e-04,4.24055,0.35462,0.12682,0.13874,0.12452,0.12765,0.09764,0.51745,0.31428,0.20317,23.58696,12.53246,0,15.58,1852.2
20600,68,2.000e-04,5.13157,0.27096,0.33843,0.16011,0.12489,0.21309,0.12134,0.30890,0.15259,0.15631,25.46614,15.65441,0,15.67,1858.6
20700,69,2.000e-04,6.42630,0.39312,0.10604,0.11526,0.28345,0.09439,0.29361,0.24527,0.10107,0.14421,25.28738,13.15053,0,15.66,1865.0
20800,69,2.000e-04,6.54188,0.33261,1.30339,0.15580,0.17432,0.14484,0.17610,0.27962,0.12790,0.15173,26.77825,15.61717,0,15.72,1871.3
20900,69,2.000e-04,6.68906,0.72216,0.32347,0.26845,0.12727,0.24613,0.09112,0.64200,0.30113,0.34087,41.94798,15.93558,0,15.55,1877.8
21000,70,2.000e-04,5.29782,0.35996,1.08435,0.15989,0.09475,0.15598,0.10543,0.49458,0.22443,0.27015,34.94355,20.62514,0,1.22,1959.5
21100,70,2.000e-04,5.12531,0.40819,1.20512,0.11384,0.12958,0.12318,0.09239,0.41573,0.24863,0.16710,40.43330,21.58371,0,11.52,1968.2
21200,70,2.000e-04,5.80690,0.17758,0.35967,0.08979,0.25417,0.10475,0.26126,0.48481,0.24678,0.23804,25.55398,17.47269,0,14.26,1975.2
21300,71,2.000e-04,4.18789,0.28889,0.60036,0.11891,0.10134,0.13125,0.08798,0.59596,0.31625,0.27971,31.64677,15.16726,0,14.60,1982.0
21400,71,2.000e-04,5.71038,0.49591,0.36037,0.12894,0.23008,0.14810,0.10469,0.44472,0.23012,0.21460,66.81406,8.22244,0,15.10,1988.7
21500,71,2.000e-04,5.59925,0.48163,0.48612,0.11800,0.20554,0.10416,0.17506,0.43622,0.12353,0.31269,35.89571,17.21268,0,15.11,1995.3
21600,72,2.000e-04,5.04915,0.29244,0.88428,0.13709,0.12716,0.14579,0.10019,0.31301,0.11324,0.19977,35.24570,12.63493,0,15.33,2001.8
21700,72,2.000e-04,7.36214,0.09546,0.08901,0.35849,0.14264,0.30013,0.13315,0.34482,0.10945,0.23537,35.37164,14.16739,0,15.18,2008.4
21800,72,2.000e-04,5.37978,0.50734,0.16872,0.15570,0.15317,0.16590,0.15711,0.57446,0.33373,0.24074,35.13345,21.63071,0,14.53,2015.3
21900,73,2.000e-04,3.91074,0.47848,0.43935,0.10713,0.08903,0.12808,0.07818,0.53350,0.23834,0.29516,27.31449,17.14198,0,14.63,2022.1
22000,73,2.000e-04,3.50723,0.29863,0.05677,0.13816,0.07113,0.14162,0.07016,0.47508,0.23769,0.23739,19.14177,15.07281,0,14.59,2029.0
22100,73,2.000e-04,4.03561,0.03617,0.77782,0.11076,0.11083,0.09761,0.10354,0.63347,0.16951,0.46395,16.71319,34.51495,0,14.64,2035.8
22200,74,2.000e-04,5.70920,0.32888,1.04043,0.14831,0.13784,0.14143,0.15426,0.36147,0.10505,0.25642,52.09613,11.82531,0,14.72,2042.6
22300,74,2.000e-04,3.91398,0.01563,0.60176,0.14826,0.08105,0.13959,0.06111,0.46431,0.10487,0.35943,15.29718,20.72968,0,14.60,2049.4
22400,74,2.000e-04,3.49124,0.59053,0.06283,0.09541,0.07666,0.11715,0.10630,0.71840,0.33724,0.38116,17.68418,19.93466,0,14.51,2056.3
22500,75,2.000e-04,3.52903,0.70659,0.10611,0.10078,0.09071,0.06698,0.09331,0.53225,0.24464,0.28761,16.39101,18.12015,0,14.60,2063.2
22600,75,2.000e-04,4.90481,0.32979,0.08597,0.12415,0.15479,0.14994,0.19001,0.37169,0.12864,0.24305,15.03586,8.41931,0,14.62,2070.0
22700,75,2.000e-04,6.32740,0.68879,0.87734,0.17400,0.16443,0.16157,0.11383,0.53221,0.26280,0.26941,37.42138,22.93940,0,14.61,2076.9
22800,76,2.000e-04,4.22975,0.31302,0.84894,0.12654,0.08263,0.12422,0.07100,0.44339,0.29704,0.14635,40.07259,10.54299,0,14.67,2083.7
22900,76,2.000e-04,6.00260,0.44375,0.07454,0.18204,0.15947,0.21104,0.20281,0.57151,0.15063,0.42088,20.40034,25.62096,0,14.67,2090.5
23000,76,2.000e-04,4.67179,0.81641,0.28680,0.14866,0.10651,0.11984,0.08354,0.41815,0.18127,0.23688,23.92159,19.20989,0,14.73,2097.3
23100,77,2.000e-04,3.81265,0.20298,0.26584,0.14557,0.08221,0.12978,0.08343,0.22587,0.05696,0.16891,21.19746,8.81025,0,14.69,2104.1
23200,77,2.000e-04,3.48483,0.60955,0.31244,0.09879,0.07603,0.09263,0.07028,0.46330,0.20899,0.25430,18.85084,12.70048,0,14.66,2110.9
23300,77,2.000e-04,4.01157,0.27742,0.92888,0.07393,0.11381,0.07766,0.10790,0.22569,0.13751,0.08818,37.57970,8.95360,0,15.02,2117.6
23400,78,2.000e-04,4.92841,0.50147,0.90027,0.10575,0.14123,0.09457,0.11681,0.36621,0.13394,0.23226,25.34060,15.03319,0,15.65,2124.0
23500,78,2.000e-04,3.27476,0.30094,0.09971,0.07899,0.11229,0.06926,0.12299,0.38418,0.12354,0.26064,19.28149,16.83384,0,15.66,2130.3
23600,78,2.000e-04,7.72726,0.61656,0.63491,0.15029,0.29136,0.13235,0.27952,0.23141,0.13083,0.10058,30.48803,17.19884,0,15.68,2136.7
23700,79,2.000e-04,3.95996,0.42463,0.18729,0.09792,0.12508,0.11264,0.11098,0.37725,0.28320,0.09405,21.18752,8.71589,0,15.62,2143.1
23800,79,2.000e-04,5.24784,0.29997,0.51250,0.14451,0.14322,0.15818,0.15343,0.21977,0.08776,0.13202,44.69283,8.44228,0,15.69,2149.5
23900,79,2.000e-04,3.48450,0.25791,0.36363,0.09553,0.09449,0.07273,0.11983,0.21680,0.09598,0.12082,20.04123,11.63576,0,15.65,2155.9
24000,80,2.000e-04,5.74858,0.22787,0.67376,0.17165,0.15259,0.22397,0.09695,0.16405,0.06971,0.09434,38.87412,7.31597,0,1.13,2244.3
24100,80,2.000e-04,5.04234,0.37797,1.01758,0.14020,0.10528,0.14664,0.09175,0.28122,0.11846,0.16276,32.06455,15.57393,0,12.38,2252.4
24200,80,2.000e-04,6.12975,0.50984,0.60358,0.15445,0.18265,0.15977,0.16930,0.24918,0.07233,0.17685,33.85281,14.83728,0,14.52,2259.3
24300,81,2.000e-04,4.36406,0.51507,0.25478,0.09771,0.15481,0.10979,0.10402,0.31627,0.22410,0.09216,29.90989,8.51594,0,14.38,2266.3
24400,81,2.000e-04,5.29279,0.44914,0.40511,0.11438,0.18226,0.09808,0.19634,0.21174,0.04944,0.16230,29.25144,9.23457,0,13.44,2273.7
24500,81,2.000e-04,3.51749,0.17765,0.16983,0.12371,0.06553,0.16287,0.09264,0.45924,0.24639,0.21285,21.41286,16.11116,0,13.30,2281.2
24600,82,2.000e-04,5.83142,0.53901,0.48602,0.10258,0.20549,0.10539,0.23975,0.12467,0.05141,0.07326,31.74841,9.80816,0,13.37,2288.7
24700,82,2.000e-04,5.38274,0.10695,0.45144,0.09104,0.24624,0.13146,0.15884,0.51747,0.37100,0.14647,27.85025,12.30276,0,13.30,2296.2
24800,82,2.000e-04,4.75789,0.17661,0.29406,0.18149,0.12598,0.17407,0.06844,0.27013,0.17427,0.09586,36.01209,6.97270,0,12.32,2304.3
24900,83,2.000e-04,5.35397,0.24723,0.55102,0.20346,0.09964,0.21643,0.08852,0.47833,0.32240,0.15594,25.21968,17.89831,0,12.90,2312.1
25000,83,2.000e-04,3.08648,0.32845,0.13591,0.11409,0.06369,0.10691,0.06196,0.60198,0.24224,0.35974,24.13774,12.76325,0,14.00,2319.2
25100,83,2.000e-04,3.92074,0.67697,0.24926,0.11088,0.09613,0.09783,0.08703,0.45061,0.26401,0.18660,17.38607,12.34550,0,13.90,2326.4
25200,84,2.000e-04,4.18813,0.57073,0.34426,0.12125,0.10230,0.11415,0.09336,0.52431,0.26655,0.25776,33.35637,12.73298,0,14.31,2333.4
25300,84,2.000e-04,4.98398,0.24212,0.48786,0.09415,0.19765,0.08139,0.18581,0.37606,0.18850,0.18757,23.39626,8.96821,0,14.71,2340.2
25400,84,2.000e-04,5.23002,0.53403,0.37023,0.19970,0.08130,0.22821,0.07494,0.19756,0.04002,0.15754,23.09683,9.94419,0,14.52,2347.1
25500,85,2.000e-04,4.83495,0.68218,0.82107,0.14333,0.07502,0.14112,0.08852,0.29897,0.22652,0.07245,28.34656,14.31630,0,14.42,2354.0
25600,85,2.000e-04,4.55672,0.09481,0.46450,0.17832,0.10811,0.15850,0.06812,0.39473,0.14787,0.24686,42.05237,8.42101,0,14.35,2361.0
25700,85,2.000e-04,4.36689,0.23015,0.01648,0.14006,0.14445,0.13298,0.12206,0.79350,0.42108,0.37242,20.47037,21.34662,0,14.34,2368.0
25800,86,2.000e-04,5.12904,0.41230,0.12035,0.14779,0.15034,0.18534,0.13768,0.37426,0.21453,0.15974,25.77478,19.25735,0,14.44,2374.9
25900,86,2.000e-04,5.60625,0.33977,0.24275,0.16606,0.17435,0.15328,0.17065,0.46197,0.24970,0.21227,34.88000,25.65532,0,15.62,2381.3
26000,86,2.000e-04,4.44803,0.29568,0.62572,0.12518,0.12350,0.15236,0.05561,0.22828,0.10676,0.12152,35.47162,8.60337,0,15.65,2387.7
26100,87,2.000e-04,4.66346,0.04161,0.05485,0.16648,0.13730,0.14621,0.15965,1.12641,0.35365,0.77277,25.68698,16.39651,0,15.63,2394.1
26200,87,2.000e-04,3.79576,0.65019,0.16508,0.08621,0.11674,0.10402,0.08618,0.53078,0.09619,0.43459,24.66293,13.90590,0,15.70,2400.4
26300,87,2.000e-04,3.77349,0.08628,0.67818,0.09898,0.09623,0.13296,0.07843,0.71064,0.23506,0.47558,20.10590,16.94006,0,15.76,2406.8
26400,88,2.000e-04,4.76309,0.68596,0.40291,0.13296,0.12290,0.11451,0.10862,0.50449,0.08925,0.41525,18.99275,17.37897,0,15.68,2413.2
26500,88,2.000e-04,4.61356,0.13528,0.61191,0.12107,0.15249,0.09151,0.13465,0.51825,0.14678,0.37147,42.60069,8.03158,0,14.71,2420.0
26600,88,2.000e-04,5.54821,0.51305,0.59837,0.10301,0.15668,0.10155,0.26644,0.22559,0.07205,0.15354,39.88469,9.49684,0,14.47,2426.9
26700,89,2.000e-04,4.07049,0.28986,0.63909,0.11428,0.10484,0.11012,0.07994,0.47269,0.38677,0.08592,17.77073,17.02626,0,14.61,2433.7
26800,89,2.000e-04,6.29570,0.55432,0.47835,0.17895,0.16338,0.18624,0.18170,0.14411,0.03653,0.10758,34.39749,7.34913,0,14.65,2440.5
26900,89,2.000e-04,4.93440,0.30219,0.36538,0.15853,0.15061,0.13775,0.09733,0.51146,0.33152,0.17994,27.93684,17.91350,0,14.79,2447.3
27000,90,2.000e-04,4.94201,0.79647,0.42597,0.11896,0.14950,0.09290,0.11408,0.57144,0.22440,0.34704,25.91925,17.86544,0,1.23,2528.7
27100,90,2.000e-04,5.09960,0.25354,0.38443,0.12935,0.16865,0.13854,0.15778,0.51815,0.16708,0.35107,19.26049,7.90442,0,13.89,2535.9
27200,90,2.000e-04,4.34821,0.12476,0.40640,0.08659,0.19320,0.10365,0.10018,0.14431,0.06908,0.07523,25.65893,8.26322,0,14.72,2542.7
27300,91,2.000e-04,3.74439,0.44670,0.32888,0.09465,0.10414,0.08913,0.10705,0.35071,0.08428,0.26643,23.26425,9.63923,0,14.64,2549.5
27400,91,2.000e-04,4.86016,0.17493,0.50410,0.12260,0.17670,0.12331,0.11432,0.47925,0.09771,0.38154,33.08585,25.76637,0,14.81,2556.3
27500,91,2.000e-04,6.14192,0.65856,0.16660,0.17657,0.18185,0.18794,0.15859,0.54983,0.25216,0.29767,21.50685,12.04979,0,15.38,2562.8
27600,92,2.000e-04,3.75208,0.24771,0.58959,0.07204,0.11130,0.07005,0.14624,0.48462,0.11166,0.37296,21.43566,11.03412,0,15.74,2569.1
27700,92,2.000e-04,5.57711,0.61893,0.19290,0.14643,0.13691,0.17553,0.21083,0.37961,0.31607,0.06354,32.05956,22.91167,0,15.69,2575.5
27800,92,2.000e-04,6.14926,0.88034,0.31318,0.20619,0.13047,0.23984,0.07798,0.32303,0.18057,0.14246,34.04652,8.12398,0,15.71,2581.9
27900,93,2.000e-04,3.67426,0.08531,0.81682,0.10213,0.08529,0.10466,0.07493,0.50036,0.19316,0.30720,15.47237,21.51233,0,15.59,2588.3
28000,93,2.000e-04,4.27957,0.30851,0.72593,0.09013,0.12597,0.08985,0.12698,0.25991,0.06897,0.19094,15.99401,8.73020,0,15.52,2594.7
28100,93,2.000e-04,6.33500,0.58843,0.20152,0.15358,0.23626,0.13901,0.19032,0.38146,0.28628,0.09518,26.02142,15.84235,0,15.52,2601.2
28200,94,2.000e-04,4.44675,0.56263,0.86964,0.11466,0.07134,0.15730,0.07360,0.07255,0.02257,0.04998,39.69932,4.73913,0,15.36,2607.7
28300,94,2.000e-04,3.81924,0.25479,0.33509,0.11931,0.09943,0.12361,0.08478,0.35471,0.14390,0.21081,27.77737,9.50998,0,15.44,2614.2
28400,94,2.000e-04,3.53097,0.15435,0.32757,0.11135,0.10623,0.09263,0.08202,0.80524,0.24805,0.55719,17.47377,19.18920,0,15.62,2620.6
28500,95,2.000e-04,3.93130,0.28320,0.34387,0.11783,0.12008,0.10537,0.07966,0.62888,0.29265,0.33624,22.90151,25.11347,0,14.68,2627.4
28600,95,2.000e-04,4.43971,0.18738,0.42590,0.12976,0.13720,0.12837,0.10300,0.47629,0.36597,0.11031,20.21576,8.87243,0,14.48,2634.3
28700,95,2.000e-04,4.47191,0.29018,0.25851,0.10647,0.13909,0.11349,0.18003,0.30321,0.07685,0.22635,21.19524,8.41335,0,14.44,2641.2
28800,96,2.000e-04,4.40569,0.54319,0.07004,0.10898,0.14279,0.12352,0.13144,0.33317,0.23120,0.10197,18.24990,12.56062,0,14.53,2648.1
28900,96,2.000e-04,4.53272,0.39107,0.50987,0.13654,0.10707,0.14073,0.09839,0.40055,0.24945,0.15110,21.45722,17.48466,0,14.47,2655.0
29000,96,2.000e-04,4.04146,0.17576,0.35031,0.09640,0.13071,0.08597,0.16288,0.48419,0.26182,0.22236,20.09704,11.08992,0,14.51,2661.9
29100,97,2.000e-04,4.56435,0.33790,0.59714,0.13204,0.13619,0.08580,0.10362,0.48504,0.27335,0.21169,40.39323,14.75517,0,14.67,2668.7
29200,97,2.000e-04,5.46080,0.46620,0.53521,0.10710,0.20442,0.13970,0.12914,0.19086,0.07498,0.11588,42.31533,10.68101,0,14.52,2675.6
29300,97,2.000e-04,4.20316,0.07237,0.29635,0.11927,0.11375,0.20202,0.09881,1.07697,0.50491,0.57206,20.33439,33.00173,0,14.57,2682.4
29400,98,2.000e-04,3.63595,0.12317,0.41983,0.10590,0.11438,0.12097,0.05707,0.28021,0.06604,0.21418,14.73126,21.22888,0,14.74,2689.2
29500,98,2.000e-04,4.68795,0.36209,0.09847,0.17267,0.14644,0.10949,0.09775,0.48507,0.32172,0.16335,29.58895,22.62062,0,14.63,2696.1
29600,98,2.000e-04,4.37338,0.79118,0.37515,0.09688,0.12820,0.09732,0.09393,0.60408,0.39646,0.20762,17.30217,17.46439,0,14.71,2702.9
29700,99,2.000e-04,5.01366,0.38290,0.35353,0.09561,0.17889,0.12940,0.17705,0.44295,0.30238,0.14057,27.52688,12.13187,0,14.51,2709.8
29800,99,2.000e-04,4.09385,0.51306,0.72891,0.08878,0.11079,0.07683,0.09440,0.41064,0.11007,0.30058,29.79190,10.24518,0,15.03,2716.4
29900,99,2.000e-04,4.44371,0.63897,0.23928,0.13420,0.11700,0.14439,0.06632,0.47537,0.16770,0.30767,26.78328,20.56161,0,15.60,2722.8
30000,100,2.000e-04,3.36391,0.40891,0.55084,0.08220,0.08493,0.07573,0.07083,0.55258,0.42788,0.12470,15.80226,16.45545,0,1.09,2814.8
30100,100,2.000e-04,3.60611,0.36316,0.41814,0.08613,0.09516,0.07348,0.12889,0.31803,0.16868,0.14935,23.71538,7.01698,0,13.97,2821.9
30200,100,2.000e-04,5.53318,0.16853,0.03955,0.12293,0.20890,0.11529,0.28608,0.47884,0.18251,0.29632,28.90692,7.98289,0,15.70,2828.3
30300,101,2.000e-04,3.74184,0.44528,0.14197,0.10679,0.10579,0.09980,0.10595,0.40284,0.20712,0.19571,15.56533,17.81678,0,15.63,2834.7
30400,101,2.000e-04,3.44636,0.20489,0.37295,0.11944,0.08187,0.10335,0.06773,0.44503,0.26298,0.18205,23.83739,10.74575,0,15.56,2841.1
30500,101,2.000e-04,5.62195,0.01196,0.20091,0.18173,0.13566,0.28529,0.16175,0.80958,0.39912,0.41046,21.21750,14.60225,0,15.72,2847.5
30600,102,2.000e-04,4.34284,0.10343,0.37786,0.19026,0.08240,0.15509,0.07190,0.69625,0.54914,0.14711,31.84147,13.33231,0,15.56,2853.9
30700,102,2.000e-04,3.85782,0.48274,0.30663,0.11531,0.09821,0.11172,0.07494,0.50771,0.26493,0.24277,18.05737,23.63156,0,15.63,2860.3
30800,102,2.000e-04,5.61937,0.64933,0.29323,0.16618,0.13988,0.17119,0.15205,0.33808,0.14361,0.19448,20.63881,12.76106,0,15.63,2866.7
30900,103,2.000e-04,4.15608,0.60595,0.82039,0.09485,0.09725,0.09850,0.06325,0.25376,0.12204,0.13172,31.13132,7.33154,0,15.72,2873.1
31000,103,2.000e-04,4.43103,0.09978,0.53621,0.14414,0.11717,0.11981,0.11657,0.29951,0.06938,0.23014,28.47747,8.24536,0,15.78,2879.4
31100,103,2.000e-04,4.42843,0.53921,0.73605,0.12262,0.09407,0.11099,0.08627,0.30214,0.04286,0.25928,39.54224,13.09114,0,15.73,2885.7
31200,104,2.000e-04,6.07089,0.50127,0.35084,0.09652,0.26494,0.08003,0.24082,0.52727,0.29784,0.22943,30.98417,21.08307,0,15.34,2892.3
31300,104,2.000e-04,4.45632,0.87038,0.60506,0.10008,0.09444,0.09187,0.11527,0.28117,0.17595,0.10522,23.55589,15.07215,0,14.25,2899.3
31400,104,2.000e-04,3.56268,0.32242,0.66035,0.10013,0.08601,0.07050,0.07319,0.32879,0.17840,0.15039,30.14704,10.82217,0,14.44,2906.2
31500,105,2.000e-04,6.98519,0.59202,0.29193,0.21871,0.18902,0.23293,0.17184,0.60415,0.21720,0.38695,46.36284,6.64319,0,14.45,2913.1
31600,105,2.000e-04,3.96388,0.32252,0.13669,0.14709,0.10138,0.09533,0.10866,0.41324,0.22892,0.18432,22.26635,12.91575,0,14.24,2920.2
31700,105,2.000e-04,5.82859,0.57696,1.78345,0.10260,0.14116,0.10115,0.10494,0.38885,0.23860,0.15025,34.59606,18.13369,0,14.29,2927.2
31800,106,2.000e-04,3.64013,0.64683,0.27447,0.09326,0.10049,0.09666,0.05960,0.44259,0.19557,0.24702,26.34881,9.37155,0,14.27,2934.2
31900,106,2.000e-04,4.47416,0.67410,0.64687,0.10807,0.10217,0.11333,0.09682,0.49106,0.14778,0.34329,21.23362,10.52367,0,14.25,2941.2
32000,106,2.000e-04,3.75002,0.15830,0.20300,0.09559,0.12727,0.09991,0.13211,0.51960,0.29302,0.22658,16.14455,14.83220,0,14.14,2948.2
32100,107,2.000e-04,3.90946,0.30495,0.44692,0.09746,0.12352,0.10777,0.08179,0.43807,0.23623,0.20184,25.31211,9.13779,0,14.26,2955.3
32200,107,2.000e-04,4.70337,0.86934,0.54244,0.14609,0.07934,0.13211,0.07534,0.18841,0.06471,0.12371,24.57946,12.13323,0,14.39,2962.2
32300,107,2.000e-04,4.18965,0.51248,0.50643,0.09745,0.12625,0.09258,0.09417,0.22172,0.16305,0.05867,30.95533,8.47206,0,14.30,2969.2
32400,108,2.000e-04,3.38256,0.11403,0.24689,0.09245,0.10390,0.09975,0.11187,0.81153,0.38238,0.42915,22.55081,13.31549,0,14.23,2976.2
32500,108,2.000e-04,5.08211,0.92289,0.87810,0.09991,0.11591,0.10731,0.11729,0.54084,0.14548,0.39535,32.79684,15.29260,0,14.16,2983.3
32600,108,2.000e-04,4.86557,0.48508,1.08461,0.09611,0.12743,0.09066,0.12143,0.59065,0.36934,0.22131,24.33798,18.84786,0,14.19,2990.3
32700,109,2.000e-04,3.88544,0.65573,0.21172,0.12719,0.06401,0.11326,0.10794,0.67868,0.32000,0.35869,19.73156,14.80131,0,14.20,2997.4
32800,109,2.000e-04,4.11411,0.40302,0.48720,0.09761,0.12124,0.09085,0.11623,0.28661,0.14413,0.14249,25.00022,9.83741,0,14.05,3004.5
32900,109,2.000e-04,4.99942,0.63004,0.30585,0.13954,0.12535,0.19720,0.08572,0.22453,0.11534,0.10919,24.19384,4.06113,0,14.24,3011.5
33000,110,2.000e-04,4.45524,0.14820,0.18241,0.13840,0.10271,0.21905,0.12366,0.41176,0.10920,0.30256,17.34219,10.05662,0,1.21,3094.4
33100,110,2.000e-04,4.46160,0.22705,0.59098,0.12591,0.10092,0.13436,0.14070,0.38129,0.18847,0.19282,21.89281,7.26114,0,12.95,3102.1
33200,110,2.000e-04,4.02794,0.39201,0.42820,0.09613,0.09410,0.19769,0.06339,0.49116,0.28964,0.20151,22.33805,13.71532,0,14.17,3109.1
33300,111,2.000e-04,4.84104,0.40519,0.65554,0.08170,0.17015,0.08767,0.16471,0.46866,0.34719,0.12148,20.64506,14.69283,0,14.24,3116.2
33400,111,2.000e-04,4.25005,0.29865,0.47892,0.10131,0.12854,0.07869,0.15609,0.29388,0.08647,0.20742,35.02774,8.84565,0,14.18,3123.2
33500,111,2.000e-04,5.20956,0.38588,0.32664,0.12247,0.19171,0.12461,0.14644,0.52025,0.35399,0.16626,26.31553,8.44701,0,14.08,3130.3
33600,112,2.000e-04,3.86214,0.47115,0.26722,0.10438,0.10550,0.11039,0.09460,0.25088,0.07345,0.17743,13.06419,12.44341,0,14.01,3137.5
33700,112,2.000e-04,3.95444,0.36561,0.38614,0.09033,0.13464,0.07639,0.11422,0.39266,0.04428,0.34838,18.91047,8.19463,0,14.11,3144.5
33800,112,2.000e-04,3.86130,0.39647,1.00870,0.10666,0.05366,0.11753,0.05306,0.42243,0.35297,0.06946,37.85357,16.25714,0,14.11,3151.6
33900,113,2.000e-04,5.00027,0.11959,0.20008,0.12135,0.20013,0.09017,0.20300,0.45762,0.14385,0.31377,30.54700,13.20220,0,14.85,3158.4
34000,113,2.000e-04,5.89424,0.58572,0.75730,0.16152,0.14677,0.13754,0.15612,0.43528,0.03148,0.40379,26.49625,5.63548,0,15.68,3164.8
34100,113,2.000e-04,4.44195,0.34495,0.97302,0.11122,0.10235,0.11293,0.08474,0.85082,0.59306,0.25775,32.76546,28.40917,0,15.56,3171.2
34200,114,2.000e-04,3.55145,0.33149,0.37005,0.09854,0.09321,0.09592,0.09056,0.29069,0.15425,0.13644,21.91745,6.63857,0,15.73,3177.5
34300,114,2.000e-04,3.92061,0.47806,0.42563,0.11125,0.08805,0.12069,0.08411,0.32912,0.09105,0.23808,20.34833,8.44758,0,15.75,3183.9
34400,114,2.000e-04,4.86865,0.69984,0.09945,0.08139,0.16825,0.10444,0.21015,0.53178,0.31047,0.22132,16.61776,18.50124,0,15.67,3190.3
34500,115,2.000e-04,4.53743,0.59450,0.13957,0.09736,0.17015,0.08734,0.13832,0.75599,0.37837,0.37762,17.12964,26.54028,0,15.64,3196.7
34600,115,2.000e-04,3.47510,0.45389,0.69873,0.11109,0.05123,0.10751,0.03234,0.51913,0.37236,0.14676,12.37177,7.78751,0,15.59,3203.1
34700,115,2.000e-04,4.65428,0.38323,0.90866,0.11007,0.11338,0.10441,0.12115,0.10650,0.04824,0.05826,44.83466,6.87385,0,15.71,3209.4
34800,116,2.000e-04,3.67607,0.43429,0.21120,0.09496,0.09160,0.10161,0.13139,0.29287,0.21114,0.08173,19.86573,11.78998,0,15.78,3215.8
34900,116,2.000e-04,3.42563,0.25092,0.26567,0.08634,0.09723,0.08830,0.12637,0.42450,0.09606,0.32844,17.41971,8.99724,0,15.73,3222.1
35000,116,2.000e-04,3.54360,0.07542,0.05130,0.10938,0.12653,0.10138,0.11017,0.81108,0.35636,0.45472,27.84702,14.54750,0,15.73,3228.5
35100,117,2.000e-04,3.95411,0.06296,0.12797,0.09790,0.15742,0.10867,0.13333,0.72461,0.23567,0.48894,20.19647,9.73501,0,15.70,3234.9
35200,117,2.000e-04,4.82936,0.11536,0.30196,0.07117,0.24988,0.07809,0.16223,0.64722,0.26644,0.38078,27.12427,9.60543,0,15.69,3241.2
35300,117,2.000e-04,4.94362,0.86355,0.88170,0.10877,0.09983,0.12355,0.09893,0.61164,0.08829,0.52335,16.81024,22.19558,0,15.55,3247.7
35400,118,2.000e-04,4.22193,0.58213,0.37478,0.09599,0.12828,0.08294,0.12152,0.29687,0.13048,0.16639,23.15073,6.30032,0,15.54,3254.1
35500,118,2.000e-04,7.05029,0.34892,0.85277,0.17586,0.22771,0.18126,0.18132,0.28999,0.12926,0.16073,47.10879,6.87291,0,15.38,3260.6
35600,118,2.000e-04,5.71968,0.23333,0.02763,0.10873,0.25003,0.15421,0.22001,0.36616,0.10449,0.26167,26.37849,12.07465,0,15.29,3267.1
35700,119,2.000e-04,3.85099,0.54568,0.29169,0.10997,0.09073,0.11764,0.08368,0.22450,0.13352,0.09098,28.93025,10.25362,0,15.54,3273.6
35800,119,2.000e-04,4.89315,0.37154,0.68067,0.17305,0.08236,0.18398,0.07338,0.29088,0.19150,0.09938,29.95935,11.67181,0,15.53,3280.0
35900,119,2.000e-04,3.07686,0.06165,0.09180,0.09271,0.09232,0.12501,0.08962,0.77787,0.32573,0.45214,19.88534,11.59550,0,15.54,3286.4
36000,120,2.000e-04,3.33276,0.47893,0.28611,0.08319,0.07193,0.11578,0.08752,0.31126,0.11309,0.19817,24.82609,17.75035,0,1.18,3370.9
36100,120,2.000e-04,3.36320,0.47949,0.19068,0.13078,0.07162,0.07644,0.05737,0.23685,0.10858,0.12828,32.29347,15.32339,0,12.57,3378.8
36200,120,2.000e-04,3.50751,0.37932,0.21729,0.11570,0.07302,0.11219,0.09254,0.35116,0.12281,0.22834,15.80221,12.99311,0,14.30,3385.8
36300,121,2.000e-04,4.18877,0.56624,0.40720,0.09533,0.11773,0.11445,0.10249,0.52665,0.15121,0.37544,27.49381,13.89853,0,14.42,3392.7
36400,121,2.000e-04,4.52083,0.03122,0.50950,0.14791,0.12574,0.12443,0.12430,0.50701,0.11172,0.39530,29.16088,26.84102,0,14.31,3399.7
36500,121,2.000e-04,4.44955,0.44787,0.74428,0.14894,0.08743,0.08700,0.09173,0.38215,0.14974,0.23241,28.41162,10.97361,0,14.47,3406.6
36600,122,2.000e-04,5.31717,0.19735,0.32977,0.08607,0.22989,0.08788,0.23820,0.56765,0.27184,0.29581,24.47356,17.50260,0,14.44,3413.6
36700,122,2.000e-04,4.67207,0.13963,0.39469,0.10257,0.16421,0.12085,0.17316,0.60652,0.39436,0.21215,23.53072,14.47661,0,14.32,3420.6
36800,122,2.000e-04,4.16181,0.31431,0.55801,0.12720,0.08804,0.14731,0.08012,0.41527,0.16788,0.24739,20.27756,10.61461,0,14.34,3427.5
36900,123,2.000e-04,5.46269,0.70292,0.28221,0.12950,0.16502,0.12999,0.17648,0.64399,0.28316,0.36083,21.84384,18.30000,0,14.46,3434.4
37000,123,2.000e-04,3.72117,0.48332,0.30453,0.12012,0.07435,0.12612,0.07160,0.60109,0.34543,0.25566,21.85535,15.34759,0,14.41,3441.4
37100,123,2.000e-04,4.25150,0.59380,0.22957,0.11642,0.10483,0.13319,0.10993,0.46433,0.17315,0.29118,19.36884,7.60986,0,14.34,3448.4
37200,124,2.000e-04,4.05397,0.58145,0.17527,0.09089,0.12919,0.09749,0.12180,0.57970,0.35119,0.22851,18.19446,7.14154,0,14.40,3455.3
37300,124,2.000e-04,5.91325,0.30124,0.96391,0.10556,0.19920,0.12338,0.19671,0.89239,0.61982,0.27257,26.30844,20.70326,0,14.42,3462.2
37400,124,2.000e-04,3.34133,0.40226,0.46095,0.10414,0.06829,0.06615,0.08461,0.28819,0.18572,0.10247,25.01484,7.86985,0,14.44,3469.2
37500,125,2.000e-04,8.09520,0.60086,0.57209,0.13193,0.30770,0.12942,0.37578,0.33278,0.04890,0.28388,41.26421,13.12062,0,14.42,3476.1
37600,125,2.000e-04,3.40109,0.35531,0.48725,0.08204,0.07503,0.09908,0.09850,0.32396,0.12869,0.19527,25.42836,19.12820,0,14.37,3483.0
37700,125,2.000e-04,4.09141,0.52882,0.25654,0.10846,0.10311,0.11538,0.12269,0.47347,0.14842,0.32505,27.63414,11.89675,0,14.25,3490.1
37800,126,2.000e-04,3.89578,0.23006,0.43920,0.07297,0.12542,0.06681,0.18171,0.46334,0.10039,0.36295,28.39567,13.74704,0,14.26,3497.1
37900,126,2.000e-04,4.80987,0.40697,0.25184,0.12376,0.15379,0.10397,0.17114,0.24804,0.08375,0.16429,21.15134,9.07492,0,15.22,3503.6
38000,126,2.000e-04,4.43967,0.64624,0.34931,0.07246,0.15745,0.07892,0.15008,0.37821,0.15247,0.22575,20.01586,9.24387,0,15.71,3510.0
38100,127,2.000e-04,5.02502,0.06201,0.49885,0.10803,0.18005,0.11695,0.19974,0.29887,0.13279,0.16608,29.55098,14.01806,0,15.67,3516.4
38200,127,2.000e-04,4.92494,1.28448,0.60395,0.09612,0.11812,0.08880,0.09002,0.28435,0.18137,0.10298,21.47157,9.67884,0,15.48,3522.9
38300,127,2.000e-04,3.94722,1.00496,0.06743,0.09702,0.10116,0.09388,0.08473,0.24218,0.09126,0.15092,15.59937,12.14046,0,15.62,3529.3
38400,128,2.000e-04,4.64773,0.43355,0.30105,0.08645,0.18802,0.08062,0.15305,0.38224,0.13591,0.24634,19.12890,7.70890,0,15.58,3535.7
38500,128,2.000e-04,4.59554,0.81701,0.17246,0.10311,0.12997,0.09106,0.16401,0.30400,0.01949,0.28451,20.75582,10.07637,0,15.58,3542.1
38600,128,2.000e-04,4.32824,0.33409,0.40581,0.13653,0.09898,0.13396,0.11269,0.35725,0.08622,0.27103,12.01175,6.20341,0,15.43,3548.6
38700,129,2.000e-04,4.62128,0.30065,0.88505,0.12488,0.12401,0.10783,0.08149,0.10461,0.06636,0.03825,31.75199,3.91536,0,15.60,3555.0
38800,129,2.000e-04,5.05301,1.27259,0.24595,0.12460,0.11793,0.12996,0.09188,0.57186,0.15649,0.41537,21.84567,26.45400,0,15.66,3561.4
38900,129,2.000e-04,3.63719,0.59795,0.39062,0.12863,0.05606,0.11172,0.04863,0.28449,0.10540,0.17910,16.36329,9.95213,0,15.69,3567.7
39000,130,2.000e-04,3.74336,0.57529,0.15708,0.12526,0.07606,0.13324,0.06633,0.59503,0.23574,0.35929,21.27244,9.55215,0,1.23,3649.2
39100,130,2.000e-04,4.48090,0.39921,0.58443,0.14059,0.08903,0.16515,0.07505,0.28952,0.18007,0.10944,22.15278,10.63820,0,14.17,3656.3
39200,130,2.000e-04,3.90273,0.41543,0.69660,0.10170,0.09613,0.08245,0.08004,0.38036,0.27634,0.10402,22.32219,14.38313,0,15.71,3662.7
39300,131,2.000e-04,3.51059,0.34147,0.34459,0.09518,0.09320,0.11023,0.07793,0.53687,0.23755,0.29932,19.34469,10.22796,0,15.67,3669.0
39400,131,2.000e-04,4.33061,0.57797,0.47608,0.11508,0.10503,0.10310,0.11199,0.25082,0.14395,0.10688,17.76014,7.44271,0,15.64,3675.4
39500,131,2.000e-04,7.15816,0.55270,0.54218,0.13530,0.29423,0.11673,0.23686,0.38099,0.24798,0.13302,30.92439,12.07590,0,15.53,3681.9
39600,132,2.000e-04,4.60135,0.29735,0.56784,0.16861,0.08130,0.15520,0.09222,0.26248,0.18537,0.07711,19.35873,5.89890,0,15.57,3688.3
39700,132,2.000e-04,3.92137,0.29323,0.32272,0.15722,0.06860,0.14935,0.06010,0.57210,0.38997,0.18214,15.84392,11.75136,0,15.65,3694.7
39800,132,2.000e-04,4.23017,0.66382,0.28247,0.10777,0.10789,0.11334,0.11212,0.33452,0.08334,0.25119,14.87216,7.19803,0,15.82,3701.0
39900,133,2.000e-04,4.91962,1.19754,0.29478,0.14251,0.09086,0.13783,0.08091,0.36025,0.11187,0.24837,19.52129,18.68866,0,15.74,3707.4
40000,133,2.000e-04,3.43343,0.39266,0.22958,0.08012,0.11809,0.05772,0.10811,0.39163,0.14493,0.24671,17.62241,17.86819,0,15.52,3713.8
40100,133,2.000e-04,4.08761,0.09826,0.13471,0.08905,0.16601,0.09695,0.16385,0.38782,0.20853,0.17929,19.27410,14.42081,0,14.48,3720.7
40200,134,2.000e-04,5.14806,0.78013,0.33542,0.17702,0.09561,0.19368,0.06756,0.19405,0.10863,0.08542,22.73200,8.99548,0,14.29,3727.7
40300,134,2.000e-04,3.24510,0.41838,0.08918,0.09226,0.09335,0.08991,0.08637,0.41542,0.22677,0.18865,15.94282,11.60086,0,14.26,3734.7
40400,134,2.000e-04,4.30539,0.13916,1.03137,0.12103,0.09528,0.11662,0.07773,0.17360,0.06832,0.10528,38.52913,10.21032,0,15.68,3741.1
40500,135,2.000e-04,3.87059,0.05554,0.39205,0.09460,0.12466,0.09325,0.15283,0.62088,0.24974,0.37113,19.91045,15.49993,0,15.82,3747.4
40600,135,2.000e-04,9.30708,0.28406,0.83074,0.13603,0.42967,0.14330,0.36375,0.26236,0.05323,0.20913,30.74278,14.17211,0,15.82,3753.7
40700,135,2.000e-04,3.40148,0.41879,0.29415,0.10119,0.07831,0.10371,0.07499,0.57098,0.26097,0.31000,15.93882,9.00588,0,15.68,3760.1
40800,136,2.000e-04,3.27143,0.45275,0.54633,0.08033,0.07355,0.07381,0.07290,0.38270,0.24572,0.13697,16.05669,8.34558,0,15.75,3766.5
40900,136,2.000e-04,4.22738,0.70478,0.34389,0.11084,0.10590,0.10540,0.09688,0.21726,0.12214,0.09512,17.31264,10.44783,0,15.77,3772.8
41000,136,2.000e-04,4.29213,0.34978,1.00751,0.11704,0.10113,0.08589,0.06473,0.31149,0.05535,0.25614,24.38161,6.30203,0,15.66,3779.2
41100,137,2.000e-04,4.42384,0.69037,0.74980,0.09345,0.10191,0.08875,0.11726,0.29887,0.12693,0.17195,24.83754,8.43338,0,15.69,3785.6
41200,137,2.000e-04,5.01281,0.87409,0.41032,0.11245,0.13114,0.12727,0.13124,0.35706,0.19166,0.16540,20.42128,6.93236,0,14.24,3792.6
41300,137,2.000e-04,6.46766,0.51450,0.11387,0.07109,0.31057,0.05813,0.34641,0.52320,0.17470,0.34850,25.15034,9.67522,0,14.34,3799.6
41400,138,2.000e-04,2.90960,0.14197,0.22821,0.11081,0.07068,0.09100,0.05389,0.49340,0.32355,0.16984,20.85619,12.73329,0,14.38,3806.5
41500,138,2.000e-04,3.92475,0.33925,0.56413,0.12254,0.08506,0.12308,0.06601,0.30758,0.16076,0.14682,35.82730,7.99795,0,14.24,3813.6
41600,138,2.000e-04,4.12877,0.57065,0.48608,0.14275,0.07163,0.12808,0.05755,0.28966,0.16856,0.12111,34.46925,16.56891,0,14.29,3820.5
41700,139,2.000e-04,4.17859,0.91655,0.32099,0.08108,0.12641,0.06017,0.11306,0.46502,0.18113,0.28388,27.24524,10.16310,0,14.30,3827.5
41800,139,2.000e-04,5.00669,0.36372,0.21500,0.13864,0.15377,0.12410,0.17667,0.61446,0.29255,0.32191,21.36403,10.18266,0,14.17,3834.6
41900,139,2.000e-04,3.35706,0.51412,0.42349,0.09468,0.07722,0.07782,0.06226,0.26117,0.10185,0.15931,24.60076,11.47903,0,14.24,3841.6
42000,140,2.000e-04,4.25793,0.75724,0.31703,0.09808,0.11777,0.08499,0.12004,0.14243,0.06099,0.08144,28.86466,5.70023,0,1.24,3922.2
42100,140,2.000e-04,5.31562,0.71687,0.35885,0.10129,0.18961,0.10787,0.15833,0.33655,0.05998,0.27657,29.80724,7.81459,0,12.34,3930.3
42200,140,2.000e-04,5.47269,0.12346,0.95110,0.14777,0.13824,0.14301,0.16461,0.39740,0.12981,0.26760,35.47164,21.50190,0,14.39,3937.3
42300,141,2.000e-04,3.89309,0.34109,0.47282,0.10828,0.10038,0.12096,0.07754,0.35909,0.21117,0.14792,21.83933,9.44194,0,14.15,3944.3
42400,141,2.000e-04,4.46873,1.08348,0.25597,0.10181,0.11230,0.10095,0.09669,0.48360,0.12042,0.36318,18.67358,20.92841,0,14.35,3951.3
42500,141,2.000e-04,3.26915,0.32254,0.73197,0.08299,0.06560,0.08355,0.06220,0.21683,0.15454,0.06229,16.96899,7.09910,0,14.18,3958.4
42600,142,2.000e-04,4.49706,0.53521,0.16897,0.09936,0.17264,0.06620,0.14838,0.51173,0.16491,0.34682,17.46277,15.17870,0,14.10,3965.5
42700,142,2.000e-04,5.55547,0.43025,0.61703,0.13031,0.19238,0.10635,0.14992,0.45225,0.30111,0.15115,25.10062,11.09068,0,14.25,3972.5
42800,142,2.000e-04,4.54467,0.24609,0.57048,0.14591,0.11543,0.14635,0.07657,0.22218,0.03772,0.18446,22.82186,17.18750,0,14.32,3979.5
42900,143,2.000e-04,4.94322,0.76563,1.01243,0.14582,0.07386,0.13829,0.05538,0.21810,0.04856,0.16954,27.15716,9.51702,0,14.63,3986.3
43000,143,2.000e-04,4.27013,0.39620,0.36483,0.08519,0.14184,0.11152,0.13624,0.21144,0.09902,0.11242,26.88690,4.82569,0,14.74,3993.1
43100,143,2.000e-04,4.73743,0.16957,0.44518,0.12759,0.16823,0.10828,0.12462,0.38255,0.13625,0.24631,23.51756,6.77144,0,14.83,3999.8
43200,144,2.000e-04,4.59825,0.35455,0.73869,0.08695,0.17214,0.07707,0.10576,0.19574,0.11597,0.07978,45.89691,10.37128,0,14.65,4006.7
43300,144,2.000e-04,4.88723,0.33069,0.53774,0.09928,0.18331,0.10960,0.12898,0.58006,0.28075,0.29931,22.03268,8.78273,0,14.41,4013.6
43400,144,2.000e-04,6.47908,0.60451,0.03550,0.13028,0.25497,0.13771,0.25959,0.54622,0.26747,0.27875,20.99224,11.34510,0,13.79,4020.8
43500,145,2.000e-04,4.69011,0.82727,0.85923,0.12540,0.07717,0.11608,0.07950,0.19904,0.08369,0.11535,25.06026,9.99755,0,14.46,4027.8
43600,145,2.000e-04,4.85010,0.41931,0.81255,0.13410,0.12525,0.13218,0.07277,0.18728,0.09481,0.09247,28.74698,6.73039,0,14.71,4034.6
43700,145,2.000e-04,4.14028,0.51620,0.46023,0.10714,0.11108,0.09016,0.10617,0.59638,0.28824,0.30814,17.50220,16.75150,0,14.63,4041.4
43800,146,2.000e-04,3.69097,0.62236,0.20122,0.08713,0.10235,0.08969,0.10483,0.34205,0.22491,0.11715,12.90364,8.75844,0,14.77,4048.2
43900,146,2.000e-04,3.71478,0.24264,0.59500,0.08215,0.10199,0.11052,0.09663,0.38342,0.11732,0.26610,17.16422,11.58584,0,15.00,4054.8
44000,146,2.000e-04,3.55607,0.16150,0.36231,0.11700,0.08885,0.12028,0.07447,0.35806,0.11882,0.23923,19.47593,11.48062,0,15.62,4061.2
44100,147,2.000e-04,2.97512,0.28845,0.57658,0.06701,0.07738,0.06249,0.07076,0.27776,0.12422,0.15354,20.45813,6.88467,0,15.77,4067.6
44200,147,2.000e-04,3.80311,0.42952,0.24780,0.10299,0.09926,0.14565,0.07499,0.39931,0.08659,0.31272,29.16366,10.01424,0,15.68,4074.0
44300,147,2.000e-04,5.03768,0.48603,0.16118,0.09946,0.17042,0.10895,0.22938,0.33595,0.15974,0.17621,26.02603,8.49725,0,15.70,4080.3
44400,148,2.000e-04,3.37146,0.42707,0.75661,0.06682,0.09094,0.05451,0.06753,0.16839,0.10058,0.06781,14.76080,6.36256,0,15.60,4086.7
44500,148,2.000e-04,6.37759,0.70678,0.23278,0.09305,0.28187,0.07458,0.26318,0.17276,0.09960,0.07316,38.28387,5.83132,0,15.59,4093.2
44600,148,2.000e-04,3.05596,0.36471,0.25897,0.07696,0.08414,0.09452,0.06974,0.37722,0.15419,0.22303,12.26414,6.47338,0,15.39,4099.6
44700,149,2.000e-04,3.33160,0.07757,0.34854,0.09741,0.09867,0.09401,0.09493,0.40313,0.24116,0.16197,12.92017,12.81726,0,15.64,4106.0
44800,149,2.000e-04,4.80456,0.73195,0.63870,0.09156,0.09892,0.09848,0.20733,0.41160,0.22520,0.18640,19.74983,8.11297,0,15.69,4112.4
44900,149,2.000e-04,5.05998,0.61224,0.21159,0.12436,0.17469,0.08907,0.16008,0.29496,0.15338,0.14158,36.67310,6.66575,0,15.71,4118.8
45000,150,2.000e-04,3.81374,0.34383,0.46246,0.06020,0.16096,0.06623,0.09294,0.32087,0.14543,0.17544,24.22671,16.31339,0,1.29,4196.5
45100,150,2.000e-04,5.09783,0.57443,0.91774,0.14786,0.10418,0.12608,0.09098,0.22026,0.07658,0.14367,32.95583,15.46071,0,11.94,4204.9
45200,150,2.000e-04,4.08182,0.31174,0.02690,0.11882,0.10068,0.18215,0.12747,0.51460,0.30400,0.21060,20.90921,6.54194,0,14.24,4211.9
45300,151,1.987e-04,3.71695,0.52690,0.13635,0.12242,0.07972,0.11794,0.08853,0.36653,0.18796,0.17857,21.85165,14.17487,0,14.23,4218.9
45400,151,1.987e-04,4.46388,0.43910,0.34503,0.14401,0.11992,0.12005,0.08804,0.43149,0.06523,0.36626,23.78298,10.11358,0,14.52,4225.8
45500,151,1.987e-04,3.72576,0.71605,0.43446,0.06114,0.12169,0.09416,0.05522,0.30821,0.11379,0.19441,28.16184,6.17334,0,15.80,4232.1
45600,152,1.973e-04,3.92912,0.63938,0.29695,0.13337,0.08027,0.11433,0.05694,0.15000,0.07423,0.07578,26.16838,8.00298,0,15.69,4238.5
45700,152,1.973e-04,4.68215,0.53400,0.21362,0.09777,0.16237,0.12304,0.14358,0.31430,0.15327,0.16104,31.32237,9.95399,0,15.75,4244.9
45800,152,1.973e-04,4.74596,0.52405,0.53991,0.08744,0.16830,0.07282,0.15210,0.47758,0.24514,0.23244,31.32136,7.85270,0,15.72,4251.2
45900,153,1.960e-04,5.60318,0.52933,0.90968,0.09565,0.17474,0.13559,0.15645,0.11059,0.03708,0.07351,27.61840,7.68713,0,15.72,4257.6
46000,153,1.960e-04,4.62582,0.43440,0.55184,0.11122,0.14546,0.08170,0.13286,0.41756,0.35681,0.06076,20.50614,14.19368,0,15.73,4263.9
46100,153,1.960e-04,3.86851,0.59796,0.38584,0.09927,0.09647,0.08575,0.09972,0.12554,0.05238,0.07316,21.87923,5.21788,0,15.72,4270.3
46200,154,1.947e-04,3.87680,0.63207,0.25526,0.10346,0.09154,0.10125,0.10664,0.15881,0.04391,0.11490,17.78055,9.14694,0,15.79,4276.6
46300,154,1.947e-04,3.56509,0.32259,0.18630,0.11530,0.08625,0.11057,0.09758,0.30528,0.09048,0.21480,21.22142,10.82004,0,15.79,4283.0
46400,154,1.947e-04,3.65867,0.57597,0.31206,0.11496,0.07619,0.10810,0.06372,0.25797,0.13475,0.12322,15.88386,8.82813,0,15.74,4289.3
46500,155,1.933e-04,4.43261,0.52510,0.39439,0.11018,0.12665,0.11767,0.11130,0.32362,0.10647,0.21715,15.13860,4.90554,0,15.72,4295.7
46600,155,1.933e-04,4.61029,0.51236,0.43097,0.11243,0.13916,0.10845,0.12177,0.12305,0.03661,0.08644,23.93708,5.85624,0,15.68,4302.1
46700,155,1.933e-04,3.64880,0.52752,0.36544,0.12838,0.06202,0.11569,0.05467,0.27968,0.20155,0.07812,16.06434,7.72470,0,15.70,4308.4
46800,156,1.920e-04,3.65013,0.11335,0.39165,0.12736,0.08852,0.07955,0.11773,0.50676,0.27279,0.23397,23.18075,10.59403,0,15.70,4314.8
46900,156,1.920e-04,4.59419,0.58503,0.71272,0.14134,0.10228,0.12845,0.04361,0.41206,0.31813,0.09393,32.95710,8.08775,0,15.64,4321.2
47000,156,1.920e-04,5.62017,0.68706,0.51296,0.09134,0.21054,0.10193,0.17834,0.25401,0.14573,0.10828,28.99089,13.28632,0,15.71,4327.6
47100,157,1.907e-04,4.71112,0.45633,0.57438,0.16099,0.10060,0.13401,0.07887,0.43405,0.24070,0.19335,29.09230,6.73205,0,15.67,4334.0
47200,157,1.907e-04,4.12519,0.56121,0.24587,0.08334,0.15589,0.05748,0.12768,0.21077,0.13439,0.07638,25.64498,11.34738,0,15.61,4340.4
47300,157,1.907e-04,4.36484,0.61434,0.20184,0.11280,0.11902,0.08771,0.15837,0.33913,0.16956,0.16957,19.80000,8.63020,0,15.68,4346.7
47400,158,1.893e-04,3.64838,0.48305,0.48126,0.11663,0.06273,0.12744,0.05066,0.17493,0.05572,0.11921,24.07556,8.95107,0,15.03,4353.4
47500,158,1.893e-04,2.39278,0.11567,0.03873,0.07175,0.06888,0.10988,0.05654,0.54881,0.24548,0.30333,17.13630,11.64484,0,14.71,4360.2
47600,158,1.893e-04,4.18109,0.63185,0.33064,0.08651,0.11348,0.13657,0.10716,0.18163,0.16329,0.01834,21.35355,4.78161,0,14.68,4367.0
47700,159,1.880e-04,5.08153,0.41277,0.51275,0.09916,0.18018,0.09278,0.17975,0.60735,0.25451,0.35284,36.41310,9.24370,0,14.79,4373.8
47800,159,1.880e-04,3.70706,0.39811,0.58068,0.09724,0.08953,0.10117,0.07096,0.53344,0.36837,0.16507,19.21270,9.36959,0,14.79,4380.5
47900,159,1.880e-04,4.31231,0.40733,0.84523,0.11084,0.09760,0.10787,0.08719,0.21861,0.11094,0.10767,15.91513,8.48036,0,14.69,4387.3
48000,160,1.867e-04,4.15364,0.35828,1.17309,0.10891,0.07374,0.11022,0.04894,0.12012,0.01410,0.10602,27.04223,6.04440,0,1.24,4468.1
48100,160,1.867e-04,3.38518,0.28046,0.23926,0.13163,0.06066,0.12421,0.06431,0.63189,0.21978,0.41212,11.34249,8.31610,0,12.93,4475.8
48200,160,1.867e-04,3.79385,0.48708,0.31833,0.05759,0.14808,0.04641,0.13994,0.15701,0.08113,0.07588,30.42631,4.89608,0,14.12,4482.9
48300,161,1.853e-04,3.88648,0.46657,0.36917,0.08614,0.12510,0.08099,0.10668,0.39566,0.20326,0.19240,19.19291,8.87965,0,15.68,4489.3
48400,161,1.853e-04,6.07618,0.58600,1.06461,0.12859,0.17144,0.13966,0.14538,0.40090,0.34252,0.05838,26.13633,14.92835,0,15.65,4495.7
48500,161,1.853e-04,3.03650,0.24660,0.36212,0.10729,0.06007,0.08689,0.06394,0.37240,0.14642,0.22598,21.39284,9.57311,0,15.66,4502.1
48600,162,1.840e-04,4.01600,0.69718,0.74092,0.08535,0.07739,0.12320,0.06691,0.14594,0.03551,0.11044,18.48525,9.70984,0,15.69,4508.5
48700,162,1.840e-04,4.86260,0.91531,0.85516,0.09747,0.10217,0.10745,0.11169,0.53923,0.22768,0.31154,24.38170,14.75420,0,15.19,4515.0
48800,162,1.840e-04,3.26031,0.76351,0.32778,0.07046,0.05638,0.08857,0.09155,0.22492,0.14186,0.08306,18.07428,6.74522,0,14.46,4522.0
48900,163,1.827e-04,4.49001,0.83773,0.93596,0.10252,0.09728,0.08837,0.05528,0.44211,0.25477,0.18734,28.00419,14.85798,0,14.42,4528.9
49000,163,1.827e-04,3.59289,0.69996,0.37133,0.08933,0.07422,0.08805,0.08915,0.49547,0.12653,0.36894,13.94490,15.41188,0,14.48,4535.8
49100,163,1.827e-04,4.18271,0.14884,0.02552,0.09877,0.18543,0.07775,0.15550,0.45201,0.11472,0.33728,21.41189,9.55972,0,14.50,4542.7
49200,164,1.813e-04,3.37019,0.19243,0.19058,0.08719,0.11171,0.12117,0.07848,0.41244,0.30933,0.10310,19.03283,12.63164,0,14.34,4549.7
49300,164,1.813e-04,5.58780,0.40470,0.93693,0.10988,0.18750,0.09119,0.16329,0.48947,0.25943,0.23005,26.37251,13.53396,0,14.25,4556.7
49400,164,1.813e-04,9.87752,0.92980,0.58932,0.10072,0.43149,0.13426,0.47301,0.26776,0.12042,0.14733,38.12893,6.91543,0,14.36,4563.6
49500,165,1.800e-04,3.57094,0.55439,0.56911,0.08889,0.07492,0.08882,0.07306,0.51706,0.19674,0.32032,24.90648,8.16749,0,14.47,4570.6
49600,165,1.800e-04,3.80429,0.51613,0.29767,0.09831,0.08931,0.14278,0.08008,0.17235,0.09266,0.07969,28.07869,8.25056,0,14.46,4577.5
49700,165,1.800e-04,4.71567,0.42713,0.49592,0.09904,0.16027,0.09325,0.14666,0.28875,0.14977,0.13898,21.18318,9.64813,0,14.40,4584.4
49800,166,1.787e-04,4.62020,0.59810,0.68222,0.10972,0.11695,0.11338,0.10125,0.33093,0.21324,0.11769,26.58362,12.86703,0,14.54,4591.3
49900,166,1.787e-04,4.22335,1.36212,0.46707,0.08930,0.07556,0.08345,0.06567,0.63758,0.39559,0.24199,19.98512,13.27563,0,14.79,4598.1
50000,166,1.787e-04,4.84794,0.30289,0.75678,0.08314,0.15252,0.13583,0.15051,0.66219,0.22189,0.44030,20.61254,13.90219,0,14.65,4604.9
50100,167,1.773e-04,3.27756,0.41113,0.47097,0.06563,0.09561,0.06930,0.08730,0.50399,0.25415,0.24984,20.91647,7.08153,0,14.59,4611.7
50200,167,1.773e-04,4.70876,0.58214,0.71039,0.09431,0.12899,0.09051,0.14614,0.90408,0.32177,0.58231,26.17483,14.21826,0,14.64,4618.6
50300,167,1.773e-04,4.42349,0.27951,1.00391,0.12124,0.08987,0.11607,0.08972,0.50229,0.31898,0.18331,25.82196,11.23893,0,14.68,4625.4
50400,168,1.760e-04,4.42673,0.41560,0.32613,0.13430,0.09461,0.20593,0.07324,0.39586,0.15269,0.24317,24.62535,9.39272,0,15.50,4631.8
50500,168,1.760e-04,4.64482,0.19927,0.77476,0.10319,0.11720,0.14815,0.14522,0.59611,0.22367,0.37244,32.02839,10.27425,0,15.50,4638.3
50600,168,1.760e-04,4.56155,0.41228,0.60574,0.14642,0.09406,0.13877,0.08899,0.22167,0.06233,0.15934,24.74643,8.51045,0,15.64,4644.7
50700,169,1.747e-04,3.14206,0.21523,0.81386,0.06937,0.07630,0.07715,0.05410,0.40983,0.27461,0.13522,15.96768,7.54170,0,15.56,4651.1
50800,169,1.747e-04,4.02036,0.17683,0.52582,0.06933,0.16537,0.09718,0.09696,0.32760,0.16243,0.16517,31.93201,15.36373,0,15.66,4657.5
50900,169,1.747e-04,3.41578,0.42104,0.56105,0.08549,0.07898,0.08624,0.07154,0.56010,0.26612,0.29399,19.06550,9.45433,0,15.58,4663.9
51000,170,1.733e-04,4.42198,0.59647,0.38400,0.07628,0.13402,0.09883,0.16885,0.43832,0.24895,0.18937,29.02261,6.57554,0,1.37,4736.9
51100,170,1.733e-04,2.50157,0.30738,0.13158,0.06802,0.07972,0.06342,0.05363,0.21009,0.13583,0.07426,16.17616,9.51887,0,11.63,4745.5
51200,170,1.733e-04,4.23825,0.28998,0.44052,0.07835,0.15905,0.07740,0.14935,0.42362,0.20091,0.22271,22.75765,11.13171,0,14.80,4752.3
51300,171,1.720e-04,4.10121,0.48065,0.43830,0.07981,0.14119,0.09006,0.10440,0.36388,0.10268,0.26120,26.33857,12.72797,0,15.61,4758.7
51400,171,1.720e-04,11.86351,0.08759,0.60410,0.08021,0.62651,0.10596,0.71497,0.39878,0.29367,0.10511,38.11058,8.73764,0,15.70,4765.1
51500,171,1.720e-04,3.50839,0.82785,0.24377,0.09962,0.07011,0.07896,0.06893,0.12581,0.05863,0.06718,18.63352,6.57879,0,15.27,4771.6
51600,172,1.707e-04,3.63242,0.34192,0.46480,0.08297,0.10392,0.08555,0.10580,0.49804,0.15734,0.34070,21.41603,7.83226,0,15.06,4778.3
51700,172,1.707e-04,4.26418,0.22655,0.48071,0.12916,0.10149,0.11142,0.13865,0.44916,0.03603,0.41313,28.46285,12.91269,0,15.34,4784.8
51800,172,1.707e-04,3.70743,0.12586,0.34643,0.07948,0.15616,0.06336,0.11239,0.41950,0.22303,0.19647,22.67244,10.42731,0,14.12,4791.9
51900,173,1.693e-04,3.66217,0.47944,0.25085,0.08964,0.12270,0.06300,0.09868,0.28005,0.13987,0.14018,17.54607,7.79195,0,14.66,4798.7
52000,173,1.693e-04,3.06363,0.16191,0.17857,0.07987,0.09193,0.10462,0.09642,0.34257,0.09606,0.24651,16.28578,9.58282,0,14.89,4805.4
52100,173,1.693e-04,3.52917,0.58917,0.19177,0.08134,0.11131,0.07511,0.08924,0.42219,0.12776,0.29443,7.95611,13.98522,0,12.98,4813.1
52200,174,1.680e-04,3.05434,0.20500,0.39579,0.08705,0.07899,0.08548,0.07316,0.48638,0.25174,0.23464,15.89231,7.87146,0,12.79,4820.9
52300,174,1.680e-04,3.73485,0.28428,0.47360,0.11201,0.09303,0.09996,0.08536,0.39755,0.16172,0.23583,19.00930,14.96037,0,12.88,4828.7
52400,174,1.680e-04,3.73511,0.25512,0.62664,0.11015,0.08183,0.09482,0.09190,0.12741,0.08033,0.04708,19.99343,6.21754,0,12.89,4836.4
52500,175,1.667e-04,3.48641,0.27288,0.76024,0.07759,0.08217,0.09116,0.07998,0.63896,0.39026,0.24870,24.85613,13.61925,0,12.66,4844.3
52600,175,1.667e-04,4.30752,0.45296,0.28620,0.09234,0.14653,0.09415,0.14178,0.22181,0.09502,0.12680,35.34845,8.55567,0,12.54,4852.3
52700,175,1.667e-04,3.68566,0.87251,0.38023,0.06459,0.09178,0.08845,0.08540,0.47668,0.10126,0.37542,13.89912,9.22308,0,14.02,4859.4
52800,176,1.653e-04,4.54927,0.61189,0.18532,0.10065,0.14964,0.10770,0.14213,0.51426,0.10086,0.41340,19.16457,14.73715,0,12.70,4867.3
52900,176,1.653e-04,4.64063,0.42314,0.28800,0.07681,0.17433,0.07107,0.21255,0.34712,0.10832,0.23880,22.56620,12.04858,0,12.70,4875.2
53000,176,1.653e-04,3.41038,0.64841,0.41042,0.07688,0.07932,0.08243,0.07548,0.46455,0.32206,0.14249,11.61563,15.14695,0,12.63,4883.1
53100,177,1.640e-04,3.76114,0.37399,0.36080,0.09823,0.08500,0.09929,0.13953,0.41242,0.16826,0.24416,23.38855,10.15858,0,12.64,4891.0
53200,177,1.640e-04,2.85970,0.67788,0.14550,0.06830,0.08165,0.05769,0.04967,0.29531,0.21627,0.07905,17.57396,13.46009,0,12.71,4898.9
53300,177,1.640e-04,3.41549,0.46156,0.98720,0.08969,0.03773,0.10150,0.03700,0.25443,0.19986,0.05457,13.75794,7.22671,0,12.75,4906.7
53400,178,1.627e-04,3.67509,0.18649,0.28398,0.10898,0.10856,0.10155,0.10428,0.42941,0.18596,0.24345,22.84635,7.75424,0,12.70,4914.6
53500,178,1.627e-04,4.28769,0.73002,0.65284,0.13044,0.05339,0.12959,0.08373,0.05923,0.02480,0.03444,31.28705,4.58865,0,12.82,4922.4
53600,178,1.627e-04,3.19879,0.44338,0.32342,0.09388,0.07033,0.10138,0.05661,0.67348,0.31306,0.36042,19.54503,9.90485,0,12.91,4930.2
53700,179,1.613e-04,2.98769,0.39531,0.18161,0.08390,0.06377,0.11653,0.07028,0.63760,0.35787,0.27973,19.01089,10.46041,0,12.88,4937.9
53800,179,1.613e-04,3.93121,0.51605,0.76882,0.07196,0.10287,0.10082,0.07879,0.52097,0.35288,0.16809,32.04575,14.50088,0,13.83,4945.2
53900,179,1.613e-04,3.11497,0.51540,0.55805,0.05760,0.07596,0.06151,0.07967,0.12245,0.04764,0.07481,12.68067,5.51712,0,13.63,4952.5
54000,180,1.600e-04,5.17510,0.53357,0.78479,0.11868,0.12858,0.14516,0.13167,0.42996,0.12922,0.30074,36.85446,13.09111,0,1.35,5026.6
54100,180,1.600e-04,3.52260,0.18484,0.58533,0.08126,0.11597,0.08546,0.07058,0.54465,0.35465,0.19000,29.77123,12.25848,0,11.75,5035.1
54200,180,1.600e-04,4.41990,1.06519,0.56233,0.07076,0.12787,0.06960,0.09161,0.14144,0.10983,0.03161,27.52172,6.87061,0,12.76,5043.0
54300,181,1.587e-04,3.68481,0.24694,0.81611,0.07116,0.11291,0.06766,0.08855,0.34007,0.10869,0.23138,21.71546,9.96755,0,12.57,5050.9
54400,181,1.587e-04,3.66958,0.68829,0.61737,0.06686,0.08983,0.07195,0.08746,0.65515,0.25295,0.40220,10.72622,14.83472,0,12.70,5058.8
54500,181,1.587e-04,2.97414,0.36296,0.12565,0.06105,0.09114,0.10180,0.09092,0.44327,0.23560,0.20767,18.30744,9.38472,0,12.55,5066.8
54600,182,1.573e-04,3.38093,0.57198,0.70989,0.08246,0.05662,0.08261,0.05903,0.20050,0.16607,0.03443,25.06061,8.43797,0,12.55,5074.7
54700,182,1.573e-04,4.54513,0.20214,0.35768,0.08513,0.18958,0.08755,0.16010,0.36874,0.20799,0.16075,25.43950,13.74397,0,12.57,5082.7
54800,182,1.573e-04,4.96166,0.27256,0.71033,0.10311,0.17122,0.08755,0.15954,0.35542,0.07905,0.27637,41.01620,8.38766,0,12.50,5090.7
54900,183,1.560e-04,3.59058,0.55518,0.64076,0.06180,0.09792,0.07475,0.08474,0.36883,0.32506,0.04377,18.14174,16.14314,0,12.73,5098.5
55000,183,1.560e-04,4.80488,0.34132,0.20901,0.10320,0.19067,0.11302,0.15016,0.32266,0.06052,0.26214,33.59990,4.66643,0,12.67,5106.4
55100,183,1.560e-04,2.87515,0.64724,0.19128,0.05637,0.07147,0.05773,0.09392,0.55547,0.29452,0.26096,17.35008,16.61958,0,12.48,5114.5
55200,184,1.547e-04,4.34009,0.26804,0.74133,0.09986,0.11222,0.12268,0.11931,0.54624,0.18065,0.36559,19.49470,6.16738,0,12.83,5122.2
55300,184,1.547e-04,3.01584,0.31713,0.44076,0.06703,0.07804,0.06696,0.09448,0.48640,0.37108,0.11532,15.99128,8.63172,0,12.91,5130.0
55400,184,1.547e-04,3.42943,0.47357,0.22333,0.06747,0.10494,0.11812,0.08358,0.45577,0.21037,0.24540,16.39871,10.71745,0,12.71,5137.9
55500,185,1.533e-04,2.33062,0.19311,0.08738,0.08257,0.04743,0.09981,0.05023,0.24135,0.13578,0.10557,13.10865,8.93746,0,12.64,5145.8
55600,185,1.533e-04,3.72098,0.24897,0.37206,0.10012,0.11604,0.08698,0.10069,0.37687,0.11433,0.26254,23.83942,14.11145,0,12.85,5153.6
55700,185,1.533e-04,4.03779,0.55655,0.20076,0.07326,0.13315,0.07321,0.17005,0.53758,0.18620,0.35139,21.16383,7.44780,0,12.78,5161.4
55800,186,1.520e-04,4.85145,0.76701,0.36247,0.12305,0.14555,0.09485,0.11235,0.30109,0.05407,0.24701,30.02045,9.55797,0,12.57,5169.3
55900,186,1.520e-04,4.05133,0.12143,0.80147,0.10539,0.10198,0.12115,0.08978,0.32604,0.10230,0.22374,22.64673,4.96980,0,12.45,5177.4
56000,186,1.520e-04,3.85385,0.39301,0.61935,0.09778,0.10044,0.07114,0.10072,0.36538,0.29297,0.07240,34.56300,9.46424,0,12.62,5185.3
56100,187,1.507e-04,2.91906,0.53969,0.14607,0.06732,0.07734,0.08202,0.07533,0.62325,0.33715,0.28611,13.04223,14.17806,0,12.70,5193.2
56200,187,1.507e-04,4.05584,0.55639,0.70799,0.10664,0.07968,0.09158,0.09407,0.32294,0.09956,0.22338,18.19740,6.98083,0,12.70,5201.0
56300,187,1.507e-04,3.84026,0.37254,0.03900,0.07540,0.15410,0.07331,0.15344,0.43903,0.13560,0.30343,22.76819,6.02893,0,12.57,5209.0
56400,188,1.493e-04,4.80679,0.50829,0.70435,0.14738,0.09914,0.13069,0.09510,0.15810,0.04327,0.11483,38.00816,10.91723,0,12.66,5216.9
56500,188,1.493e-04,4.22241,0.33899,0.51583,0.08383,0.13988,0.07709,0.14900,0.27282,0.15249,0.12033,42.87419,8.23242,0,12.66,5224.8
56600,188,1.493e-04,3.87986,0.53981,0.11750,0.12867,0.08783,0.12652,0.08499,0.56869,0.22166,0.34704,28.10397,10.19706,0,12.62,5232.7
56700,189,1.480e-04,3.39219,0.29636,0.30541,0.10842,0.08893,0.08019,0.08320,0.39650,0.08080,0.31571,25.54904,8.62310,0,13.00,5240.4
56800,189,1.480e-04,4.69262,0.35839,0.12763,0.12771,0.15598,0.10691,0.16705,0.45449,0.36708,0.08741,27.30493,6.47759,0,12.73,5248.3
56900,189,1.480e-04,3.37614,0.19330,0.67933,0.08150,0.09435,0.07949,0.06952,0.25888,0.10528,0.15361,22.67868,9.45432,0,13.08,5255.9
57000,190,1.467e-04,3.94550,0.56344,0.86253,0.07414,0.09991,0.10490,0.05092,0.46856,0.24682,0.22173,34.58672,17.62032,0,1.34,5330.8
57100,190,1.467e-04,3.48043,0.58000,0.26701,0.08893,0.09064,0.06789,0.09966,0.75027,0.49064,0.25963,17.28628,20.04089,0,11.71,5339.3
57200,190,1.467e-04,3.22163,0.64806,0.17681,0.06673,0.09829,0.07477,0.07454,0.57334,0.25203,0.32131,18.29316,14.16349,0,12.70,5347.2
57300,191,1.453e-04,3.24659,0.34322,0.22481,0.09102,0.09696,0.07303,0.08672,0.56167,0.40830,0.15337,17.32939,15.89842,0,12.90,5355.0
57400,191,1.453e-04,3.10012,0.14322,0.49046,0.09455,0.07798,0.07256,0.07566,0.35770,0.08530,0.27240,20.37150,6.09582,0,12.83,5362.8
57500,191,1.453e-04,3.78755,0.69601,0.42595,0.09584,0.10423,0.08416,0.04881,0.46559,0.37671,0.08889,22.28550,10.37253,0,12.76,5370.6
57600,192,1.440e-04,4.42253,0.53125,0.23366,0.10679,0.14923,0.09418,0.12531,0.53871,0.41702,0.12169,21.86113,12.34312,0,12.77,5378.4
57700,192,1.440e-04,3.60382,0.21180,0.91893,0.07994,0.07901,0.09693,0.07979,0.29199,0.16214,0.12985,22.07887,6.52716,0,12.79,5386.3
57800,192,1.440e-04,3.87191,0.38258,0.66528,0.06744,0.10627,0.09821,0.11919,0.20185,0.10603,0.09582,27.11741,7.05718,0,12.75,5394.1
57900,193,1.427e-04,3.88615,0.33154,0.99306,0.10230,0.07600,0.08024,0.07546,0.44087,0.18610,0.25477,15.68763,12.46554,0,12.69,5402.0
58000,193,1.427e-04,3.22164,0.44880,0.31988,0.11043,0.05215,0.12275,0.04270,0.32199,0.18777,0.13422,27.93763,13.28860,0,12.59,5409.9
58100,193,1.427e-04,2.89958,0.36763,0.17297,0.07190,0.07599,0.08282,0.09318,0.34715,0.10063,0.24652,18.25767,4.96312,0,13.26,5417.5
58200,194,1.413e-04,5.25217,0.93794,0.34461,0.13296,0.13962,0.11406,0.13470,0.19812,0.08635,0.11177,19.81893,10.14887,0,12.75,5425.3
58300,194,1.413e-04,5.69674,0.52736,0.34184,0.07510,0.23364,0.09222,0.25581,0.33701,0.12037,0.21664,22.26433,9.83715,0,12.70,5433.2
58400,194,1.413e-04,3.31675,0.34925,0.43338,0.07938,0.08933,0.08227,0.08713,0.43630,0.25593,0.18037,17.13304,9.12688,0,12.76,5441.0
58500,195,1.400e-04,2.50436,0.30600,0.43426,0.05501,0.05926,0.07688,0.04741,0.18220,0.10584,0.07636,13.96613,6.37676,0,12.92,5448.8
58600,195,1.400e-04,3.59761,0.14440,0.94437,0.09736,0.10133,0.07147,0.03293,0.29181,0.13391,0.15790,37.86115,15.49075,0,12.79,5456.6
58700,195,1.400e-04,4.28371,0.60192,0.36422,0.11258,0.11791,0.08690,0.11562,0.25124,0.16543,0.08582,17.18524,7.95449,0,12.68,5464.5
58800,196,1.387e-04,3.04402,0.29835,0.03025,0.07403,0.11966,0.05653,0.09916,0.50273,0.17820,0.32452,17.27387,10.19987,0,12.61,5472.4
58900,196,1.387e-04,4.57583,0.40029,0.40987,0.10083,0.14061,0.10880,0.16146,0.39799,0.19350,0.20449,41.00380,10.26085,0,12.73,5480.2
59000,196,1.387e-04,4.74486,0.81836,0.13623,0.08501,0.18230,0.07921,0.14422,0.47981,0.12777,0.35205,25.80106,15.22340,0,12.81,5488.0
59100,197,1.373e-04,3.10043,0.32798,0.26086,0.10416,0.07502,0.08183,0.06214,0.39663,0.18430,0.21233,23.33359,11.22526,0,12.77,5495.9
59200,197,1.373e-04,3.25541,0.47235,0.57512,0.09373,0.05836,0.07420,0.06321,0.46257,0.22892,0.23365,17.53618,11.58690,0,12.72,5503.7
59300,197,1.373e-04,3.11564,0.20499,0.33189,0.09710,0.07960,0.07778,0.08457,0.58176,0.22849,0.35326,21.91065,12.86488,0,12.64,5511.7
59400,198,1.360e-04,4.14567,0.49464,0.29607,0.07661,0.14120,0.08264,0.15274,0.24215,0.08002,0.16213,17.79365,5.72520,0,4.75,5532.7
59500,198,1.360e-04,3.98556,0.26312,0.48930,0.09114,0.11378,0.13227,0.10452,0.31156,0.09237,0.21919,26.65986,8.58512,0,3.67,5559.9
59600,198,1.360e-04,3.01820,0.30057,0.29648,0.09948,0.06097,0.09865,0.06469,0.29478,0.10235,0.19243,19.22546,10.48450,0,3.04,5592.8
59700,199,1.347e-04,3.12266,0.49773,0.37622,0.04794,0.09830,0.03901,0.11824,0.33279,0.15969,0.17310,21.94902,8.59550,0,6.74,5607.6
59800,199,1.347e-04,3.97281,0.72966,0.46074,0.13625,0.06874,0.08133,0.06516,0.40332,0.10782,0.29550,24.72753,9.44931,0,4.85,5628.2
59900,199,1.347e-04,3.11551,0.46019,0.68653,0.06244,0.07179,0.06226,0.06304,0.45587,0.20906,0.24681,12.39494,8.25956,0,13.05,5635.9
60000,200,1.333e-04,3.25889,0.67803,0.27813,0.09040,0.06102,0.10170,0.05602,0.31078,0.17480,0.13598,20.03888,12.64733,0,1.32,5711.9
60100,200,1.333e-04,3.53509,0.48598,0.33678,0.10526,0.07847,0.09931,0.07570,0.27374,0.04833,0.22541,20.34107,7.19035,0,12.09,5720.1
60200,200,1.333e-04,3.73327,0.56844,0.32218,0.06480,0.14184,0.05607,0.09918,0.28942,0.19626,0.09315,25.28638,8.90724,0,13.22,5727.7
60300,201,1.320e-04,3.72679,0.28984,0.16745,0.08351,0.12694,0.08810,0.14490,0.34876,0.21588,0.13288,23.98238,6.53136,0,13.15,5735.3
60400,201,1.320e-04,3.16974,0.27679,0.95681,0.05952,0.06934,0.06565,0.06385,0.24508,0.12873,0.11636,12.35209,7.13353,0,13.20,5742.9
60500,201,1.320e-04,3.75198,0.39712,0.65302,0.12058,0.07024,0.08289,0.07584,0.20176,0.09128,0.11049,29.46730,5.77946,0,13.31,5750.4
60600,202,1.307e-04,4.48194,0.90213,0.70675,0.10998,0.08065,0.11358,0.07979,0.21389,0.03253,0.18136,25.89687,11.26589,0,13.99,5757.5
60700,202,1.307e-04,3.00831,0.26276,0.29815,0.06563,0.10496,0.09172,0.05658,0.49798,0.41385,0.08413,23.33420,10.58618,0,14.23,5764.6
60800,202,1.307e-04,3.28582,0.14538,0.58016,0.10401,0.06364,0.10629,0.07045,0.23083,0.04162,0.18922,22.90902,9.75071,0,14.31,5771.5
60900,203,1.293e-04,4.09216,0.77640,0.23480,0.05263,0.16037,0.04139,0.14880,0.33237,0.10979,0.22258,25.60974,11.79848,0,14.09,5778.6
61000,203,1.293e-04,4.48594,0.38830,0.68949,0.14350,0.08705,0.13775,0.08278,0.19363,0.09864,0.09498,27.02356,6.33926,0,13.39,5786.1
61100,203,1.293e-04,5.09243,0.59895,0.55799,0.10063,0.14131,0.18995,0.11327,0.45042,0.15880,0.29162,36.57788,14.04705,0,13.21,5793.7
61200,204,1.280e-04,3.11652,0.51171,0.20668,0.08808,0.06934,0.09936,0.06543,0.08526,0.03548,0.04978,17.67238,5.06840,0,13.29,5801.2
61300,204,1.280e-04,2.71926,0.40281,0.34499,0.06246,0.06334,0.06674,0.07594,0.30031,0.14881,0.15150,10.36985,6.25946,0,13.30,5808.7
61400,204,1.280e-04,3.12462,0.26210,0.76503,0.05937,0.08379,0.05872,0.07447,0.24226,0.13991,0.10236,20.03362,8.54115,0,13.33,5816.2
61500,205,1.267e-04,4.15388,0.32004,0.45755,0.12809,0.10077,0.10717,0.11037,0.23222,0.06166,0.17056,24.84368,5.06071,0,13.29,5823.7
61600,205,1.267e-04,3.16601,0.44670,0.44989,0.07569,0.05340,0.08461,0.11111,0.27465,0.08705,0.18760,11.82458,6.11940,0,13.18,5831.3
61700,205,1.267e-04,4.12704,0.56569,0.21259,0.08659,0.13780,0.09610,0.12488,0.43712,0.12866,0.30846,24.88146,15.02284,0,13.56,5838.7
61800,206,1.253e-04,3.76136,0.94251,0.37565,0.08542,0.08105,0.08085,0.07486,0.24056,0.07592,0.16464,19.31720,7.97493,0,13.41,5846.2
61900,206,1.253e-04,3.89029,0.63998,0.91817,0.08412,0.07671,0.07690,0.06787,0.30359,0.21134,0.09226,34.71659,12.74343,0,13.27,5853.7
62000,206,1.253e-04,3.11528,0.74620,0.14335,0.07193,0.08586,0.07435,0.05521,0.41665,0.21618,0.20047,17.20528,11.21400,0,13.34,5861.2
62100,207,1.240e-04,2.91192,0.40261,0.30768,0.06309,0.08837,0.05787,0.07954,0.73290,0.24812,0.48477,15.51829,10.72277,0,13.33,5868.7
62200,207,1.240e-04,3.14255,0.15822,0.52422,0.12428,0.04640,0.11528,0.03538,0.50739,0.26907,0.23832,22.26818,19.60774,0,13.27,5876.2
62300,207,1.240e-04,4.17354,0.18288,0.63122,0.06125,0.16030,0.05412,0.17465,0.35097,0.14772,0.20325,24.87306,7.81939,0,13.91,5883.4
62400,208,1.227e-04,3.56036,0.25472,0.35429,0.05575,0.11565,0.06932,0.17815,0.34904,0.12229,0.22675,21.39600,7.93178,0,14.33,5890.4
62500,208,1.227e-04,2.96437,0.50792,0.55515,0.05788,0.06812,0.05413,0.07412,0.34125,0.22148,0.11977,22.19410,10.18322,0,13.81,5897.6
62600,208,1.227e-04,3.68748,0.38208,0.59427,0.10637,0.07903,0.10347,0.06795,0.26428,0.05522,0.20905,26.06973,5.48303,0,13.20,5905.2
62700,209,1.213e-04,4.34232,0.30488,0.78224,0.09838,0.11910,0.13392,0.08216,0.46749,0.19753,0.26996,22.41582,19.60427,0,13.21,5912.8
62800,209,1.213e-04,3.28202,0.40676,0.39575,0.08095,0.09146,0.07840,0.07269,0.44613,0.17652,0.26961,23.26737,9.69196,0,13.29,5920.3
62900,209,1.213e-04,3.71571,0.71629,0.53072,0.05763,0.09108,0.10690,0.08941,0.19406,0.05195,0.14211,14.47681,6.13390,0,13.34,5927.8
63000,210,1.200e-04,3.41741,0.24969,1.00236,0.06624,0.08014,0.07071,0.06960,0.46293,0.35615,0.10678,13.54275,13.61915,0,1.32,6003.7
63100,210,1.200e-04,4.12863,0.41997,0.31953,0.08672,0.14168,0.08027,0.14074,0.34017,0.22088,0.11929,28.64005,12.07236,0,12.20,6011.9
63200,210,1.200e-04,3.01479,0.17201,0.60152,0.05173,0.09450,0.07665,0.07915,0.74228,0.49254,0.24975,14.96123,16.85602,0,13.90,6019.1
63300,211,1.187e-04,3.61024,0.50068,0.75483,0.07083,0.08363,0.08608,0.07594,0.15500,0.05501,0.09999,20.19916,8.73512,0,13.39,6026.5
63400,211,1.187e-04,3.37052,0.30306,0.39171,0.06897,0.11013,0.08567,0.09129,0.41071,0.20958,0.20113,26.55022,6.57384,0,13.84,6033.7
63500,211,1.187e-04,4.17234,0.30486,1.03880,0.08623,0.10176,0.08521,0.10454,0.36013,0.11044,0.24970,25.17740,9.93656,0,13.24,6041.3
63600,212,1.173e-04,3.74906,0.94570,0.46433,0.09003,0.06969,0.07313,0.07524,0.30465,0.07138,0.23327,16.09170,7.21419,0,13.21,6048.9
63700,212,1.173e-04,3.11747,0.39089,0.41238,0.10345,0.06544,0.07120,0.05385,0.48914,0.25652,0.23262,24.58180,11.42347,0,13.44,6056.3
63800,212,1.173e-04,4.33161,0.81010,0.51050,0.06969,0.12606,0.08554,0.12516,0.48548,0.31459,0.17088,32.22524,16.29712,0,14.29,6063.3
63900,213,1.160e-04,2.91885,0.36576,0.48859,0.06386,0.07398,0.07220,0.06503,0.43920,0.40885,0.03035,25.47969,10.18569,0,14.24,6070.3
64000,213,1.160e-04,3.47433,0.60298,0.26635,0.09393,0.08197,0.08823,0.08098,0.21848,0.19365,0.02484,20.05873,14.86900,0,14.44,6077.3
64100,213,1.160e-04,3.58840,0.74870,0.44306,0.07053,0.08076,0.09494,0.08181,0.14688,0.09718,0.04970,21.22234,7.78345,0,14.32,6084.3
64200,214,1.147e-04,3.09163,0.48893,0.22299,0.07172,0.09225,0.06714,0.08086,0.20803,0.10744,0.10059,19.21896,8.12588,0,14.23,6091.3
64300,214,1.147e-04,2.72157,0.09390,0.36155,0.06142,0.07522,0.08684,0.09309,0.42659,0.26094,0.16565,18.88997,10.27676,0,13.53,6098.7
64400,214,1.147e-04,4.16655,0.83148,0.23073,0.07012,0.12935,0.08272,0.13922,0.44970,0.29539,0.15431,24.67515,14.86246,0,13.34,6106.2
64500,215,1.133e-04,8.02686,0.84264,0.48112,0.05217,0.39126,0.06327,0.39048,0.09506,0.02342,0.07164,25.40617,5.87705,0,13.30,6113.7
64600,215,1.133e-04,3.85605,0.36916,0.26593,0.11471,0.10238,0.10743,0.10260,0.60433,0.28116,0.32316,11.91321,12.66957,0,13.21,6121.3
64700,215,1.133e-04,4.59456,1.18317,0.34621,0.07359,0.13263,0.07995,0.12065,0.09022,0.03505,0.05517,27.75438,5.59792,0,13.13,6128.9
64800,216,1.120e-04,3.41218,0.45226,0.20358,0.07234,0.11507,0.07641,0.10005,0.48403,0.14874,0.33529,9.40287,13.84468,0,13.66,6136.2
64900,216,1.120e-04,2.44218,0.19737,0.29546,0.05708,0.07315,0.06754,0.06188,0.35245,0.18395,0.16850,13.41075,10.01004,0,14.14,6143.3
65000,216,1.120e-04,3.18577,0.44165,0.45789,0.06368,0.08744,0.07299,0.08202,0.53352,0.29651,0.23701,26.09443,8.26574,0,14.31,6150.2
65100,217,1.107e-04,9.52851,0.65083,0.43040,0.07513,0.47644,0.06750,0.51881,0.15816,0.10603,0.05213,32.78895,7.71920,0,14.24,6157.3
65200,217,1.107e-04,3.49970,0.54687,0.16242,0.08436,0.10215,0.08794,0.09712,0.67110,0.32374,0.34735,15.87874,15.32855,0,13.54,6164.7
65300,217,1.107e-04,2.58090,0.32450,0.47095,0.07852,0.04459,0.07950,0.03136,0.28984,0.11918,0.17067,29.71279,7.11182,0,14.15,6171.7
65400,218,1.093e-04,3.46255,0.59545,0.43714,0.09897,0.06531,0.09473,0.06271,0.10274,0.03873,0.06401,18.05147,6.79344,0,13.73,6179.0
65500,218,1.093e-04,3.21744,0.26642,0.46220,0.10102,0.07473,0.06689,0.07936,0.20715,0.09169,0.11546,29.17003,8.17260,0,13.33,6186.5
65600,218,1.093e-04,3.05548,0.40029,0.52720,0.07865,0.07573,0.06437,0.05247,0.21931,0.16737,0.05194,18.56415,8.09527,0,13.40,6194.0
65700,219,1.080e-04,4.97021,0.19185,0.53301,0.09488,0.17857,0.10166,0.20050,0.65821,0.37034,0.28787,28.86436,11.11391,0,13.47,6201.4
65800,219,1.080e-04,4.16475,0.72570,0.42145,0.11618,0.08260,0.09991,0.10606,0.33589,0.22708,0.10880,22.52593,9.20477,0,13.24,6208.9
65900,219,1.080e-04,3.23617,0.37262,0.45024,0.05177,0.11814,0.05048,0.09237,0.18003,0.04331,0.13672,17.06955,5.65891,0,13.30,6216.5
66000,220,1.067e-04,3.17430,0.07033,0.74073,0.08776,0.07612,0.07532,0.06957,0.60880,0.24579,0.36301,38.30399,9.66568,0,1.35,6290.3
66100,220,1.067e-04,3.69541,0.70349,0.46524,0.05610,0.12814,0.06158,0.07526,0.29504,0.21396,0.08108,20.61071,7.98558,0,12.17,6298.5
66200,220,1.067e-04,3.69973,0.34469,0.49582,0.06584,0.11714,0.07940,0.12649,0.20191,0.16215,0.03976,29.76901,9.58770,0,13.26,6306.1
66300,221,1.053e-04,4.08359,0.74225,0.38615,0.11888,0.09898,0.05886,0.09646,0.11523,0.06100,0.05423,21.28514,4.42993,0,13.29,6313.6
66400,221,1.053e-04,3.25455,0.39062,0.43735,0.07827,0.09357,0.07586,0.06577,0.33709,0.25788,0.07920,18.05489,15.13090,0,13.31,6321.1
66500,221,1.053e-04,2.71008,0.40440,0.04629,0.06837,0.09009,0.06451,0.07045,0.35222,0.07034,0.28188,22.93943,16.67150,0,13.36,6328.6
66600,222,1.040e-04,3.72868,0.47061,0.41040,0.08178,0.10302,0.08779,0.11214,0.37684,0.07769,0.29916,22.06700,9.08560,0,13.40,6336.1
66700,222,1.040e-04,3.13858,0.47337,0.32840,0.09911,0.06720,0.07586,0.05888,0.34097,0.12473,0.21625,15.87735,8.99505,0,13.49,6343.5
66800,222,1.040e-04,2.81065,0.36765,0.10377,0.09034,0.07255,0.06119,0.08088,0.37790,0.16807,0.20983,18.01254,6.88203,0,13.51,6350.9
66900,223,1.027e-04,3.73335,0.58274,0.94049,0.07286,0.06452,0.09492,0.07236,0.33957,0.10200,0.23757,19.78474,8.89962,0,13.61,6358.2
67000,223,1.027e-04,3.57079,0.49133,0.47503,0.07385,0.10445,0.06975,0.09455,0.27661,0.07196,0.20465,41.95688,8.30889,0,13.53,6365.6
67100,223,1.027e-04,3.20629,0.49633,0.31346,0.07716,0.07435,0.10213,0.07416,0.39611,0.10200,0.29411,21.41332,7.39462,0,13.35,6373.1
67200,224,1.013e-04,3.29139,0.29314,0.14527,0.08070,0.13143,0.06441,0.08192,0.37468,0.15871,0.21597,15.33144,7.79066,0,13.18,6380.7
67300,224,1.013e-04,2.96977,0.27612,0.19472,0.05850,0.10119,0.07224,0.10817,0.12255,0.02220,0.10036,25.23345,3.60433,0,13.46,6388.1
67400,224,1.013e-04,4.47323,0.50378,0.20760,0.10995,0.15178,0.09836,0.13056,0.52114,0.08105,0.44009,28.56168,10.37355,0,14.05,6395.2
67500,225,1.000e-04,3.60689,0.89765,0.47448,0.06546,0.07071,0.10372,0.07089,0.55440,0.35252,0.20188,13.85315,11.49119,0,13.77,6402.5
67600,225,1.000e-04,3.93077,0.16620,0.16754,0.06285,0.19443,0.06193,0.14292,0.41330,0.27822,0.13508,33.95996,6.07619,0,14.04,6409.6
67700,225,1.000e-04,3.47630,0.55699,0.38527,0.08764,0.06891,0.08708,0.10664,0.54989,0.13921,0.41068,17.32314,10.38968,0,14.13,6416.7
67800,226,9.867e-05,4.00517,0.93816,0.74022,0.05957,0.10959,0.04092,0.08612,0.38043,0.26849,0.11194,21.60422,9.48639,0,14.27,6423.7
67900,226,9.867e-05,3.39199,0.61846,0.50008,0.06289,0.08817,0.06309,0.08948,0.55684,0.23072,0.32611,21.42912,10.06893,0,14.06,6430.8
68000,226,9.867e-05,3.49911,0.35627,0.53712,0.09240,0.09240,0.09335,0.05819,0.32153,0.11231,0.20923,17.58125,11.48787,0,14.31,6437.8
68100,227,9.733e-05,2.51334,0.31426,0.32140,0.06660,0.05602,0.07401,0.05628,0.25608,0.18639,0.06969,20.12509,7.41248,0,14.36,6444.8
68200,227,9.733e-05,3.82184,0.30683,0.68866,0.08077,0.10974,0.08458,0.09968,0.42204,0.21590,0.20615,23.23455,10.21704,0,14.10,6451.9
68300,227,9.733e-05,2.57670,0.40306,0.24156,0.06178,0.06127,0.06862,0.07169,0.40070,0.33763,0.06307,13.03877,8.36144,0,14.28,6458.9
68400,228,9.600e-05,3.71922,0.98154,0.32299,0.09927,0.05419,0.10765,0.06838,0.20837,0.12271,0.08566,18.95431,12.94589,0,14.25,6465.9
68500,228,9.600e-05,3.01374,0.36307,0.12522,0.08700,0.07697,0.10446,0.07268,0.57825,0.22043,0.35782,16.11554,14.14664,0,13.36,6473.4
68600,228,9.600e-05,4.97861,0.44929,0.40120,0.05039,0.22897,0.04553,0.22137,0.26546,0.21145,0.05401,34.10616,11.56168,0,13.42,6480.8
68700,229,9.467e-05,3.26481,0.31797,0.47847,0.09314,0.06599,0.10970,0.06571,0.28601,0.07638,0.20963,14.29087,9.11724,0,13.23,6488.4
68800,229,9.467e-05,3.32762,0.63299,0.39700,0.07759,0.05203,0.09597,0.10433,0.53410,0.19271,0.34139,13.70352,9.28769,0,13.29,6495.9
68900,229,9.467e-05,3.13394,0.63885,0.40589,0.06464,0.07906,0.08322,0.04723,0.48920,0.18465,0.30454,25.60150,8.23221,0,13.45,6503.3
69000,230,9.333e-05,4.44662,0.37771,0.06223,0.07846,0.16404,0.11200,0.20433,0.67156,0.21404,0.45752,23.42435,11.67878,0,1.29,6580.9
69100,230,9.333e-05,3.34928,0.30777,0.40149,0.07296,0.09449,0.07667,0.11644,0.34217,0.13017,0.21200,18.66863,9.45495,0,11.40,6589.7
69200,230,9.333e-05,4.25348,0.61880,0.26965,0.09697,0.12097,0.11741,0.11971,0.32893,0.17296,0.15597,27.82966,10.03438,0,13.50,6597.1
69300,231,9.200e-05,4.45178,0.66023,0.70223,0.12140,0.09835,0.11433,0.06405,0.21297,0.11175,0.10122,26.97926,8.99184,0,13.43,6604.6
69400,231,9.200e-05,4.06988,0.24690,0.60622,0.06638,0.13629,0.05646,0.18154,0.30527,0.08408,0.22119,17.27624,6.60086,0,13.50,6612.0
69500,231,9.200e-05,3.53045,0.46312,0.34130,0.11568,0.07093,0.10206,0.06993,0.28779,0.12474,0.16306,23.85069,10.19059,0,13.49,6619.4
69600,232,9.067e-05,3.42277,0.30461,0.39275,0.05427,0.11093,0.07682,0.13786,0.59208,0.25237,0.33971,17.63209,7.48963,0,13.45,6626.8
69700,232,9.067e-05,3.54746,0.37698,0.65961,0.07571,0.08972,0.05623,0.11508,0.13088,0.03814,0.09275,27.31350,4.82137,0,13.39,6634.3
69800,232,9.067e-05,3.47297,0.19374,0.41041,0.05937,0.12821,0.04570,0.15289,0.26695,0.07577,0.19118,36.91430,6.27098,0,13.33,6641.8
69900,233,8.933e-05,7.48669,0.76610,0.47180,0.08849,0.33049,0.08286,0.32894,0.22213,0.12981,0.09232,27.74866,7.30365,0,14.04,6648.9
70000,233,8.933e-05,2.84987,0.28810,0.44054,0.05484,0.07490,0.05552,0.10925,0.18347,0.06008,0.12339,24.49042,6.59910,0,14.50,6655.8
70100,233,8.933e-05,3.19794,0.41185,0.43104,0.08090,0.07124,0.09022,0.07651,0.37633,0.02680,0.34953,19.88707,6.37439,0,14.24,6662.8
70200,234,8.800e-05,3.82838,0.63295,1.21949,0.07074,0.05765,0.09139,0.04701,0.18046,0.07575,0.10471,27.49940,13.43146,0,13.33,6670.3
70300,234,8.800e-05,4.90875,0.40576,0.72674,0.08784,0.14745,0.09786,0.18680,0.15049,0.04254,0.10795,25.87906,11.20866,0,13.72,6677.6
70400,234,8.800e-05,2.90760,0.11649,0.72871,0.06113,0.06474,0.10822,0.05253,0.55438,0.21741,0.33697,23.62338,15.88664,0,14.30,6684.6
70500,235,8.667e-05,3.45779,0.33581,0.43580,0.09253,0.10467,0.06261,0.08023,0.61641,0.14312,0.47329,19.45603,10.29779,0,14.26,6691.6
70600,235,8.667e-05,3.44470,0.19045,0.72930,0.09744,0.07286,0.09462,0.06976,0.19700,0.03263,0.16437,28.24965,9.99871,0,14.07,6698.7
70700,235,8.667e-05,3.93262,0.33162,0.30429,0.06526,0.16228,0.05272,0.15154,0.80014,0.49141,0.30873,24.99603,13.84854,0,14.10,6705.8
70800,236,8.533e-05,3.44564,0.60086,0.84407,0.06432,0.07646,0.06421,0.05437,0.44834,0.25916,0.18919,28.17722,9.31658,0,13.43,6713.3
70900,236,8.533e-05,3.16020,0.47163,0.11439,0.06223,0.10582,0.07908,0.09965,0.56183,0.13254,0.42929,24.44506,10.61053,0,13.90,6720.4
71000,236,8.533e-05,3.08250,0.19747,0.63905,0.07411,0.07818,0.08237,0.06223,0.62435,0.18663,0.43772,16.62836,14.08985,0,14.16,6727.5
71100,237,8.400e-05,3.93177,0.37180,0.29128,0.07230,0.12745,0.07331,0.18093,0.26890,0.10851,0.16039,36.02583,7.56904,0,14.21,6734.5
71200,237,8.400e-05,2.74586,0.51016,0.34287,0.06730,0.06167,0.06106,0.05956,0.48776,0.33679,0.15097,14.58526,14.17826,0,14.28,6741.6
71300,237,8.400e-05,4.04515,0.65383,0.96396,0.06792,0.09256,0.08486,0.07965,0.16192,0.10359,0.05833,28.06592,6.64377,0,14.16,6748.6
71400,238,8.267e-05,3.39003,0.41630,0.60139,0.07281,0.09048,0.05446,0.09342,0.25474,0.08819,0.16655,30.67022,10.37948,0,14.10,6755.7
71500,238,8.267e-05,3.30365,0.66826,0.47950,0.08130,0.06694,0.06910,0.06561,0.41105,0.37508,0.03597,16.52034,7.72313,0,14.06,6762.8
71600,238,8.267e-05,3.90034,0.82762,0.13482,0.08746,0.09888,0.12394,0.09094,0.27010,0.16873,0.10137,21.07818,10.44394,0,14.18,6769.9
71700,239,8.133e-05,3.93322,0.07853,0.85233,0.08235,0.09747,0.06717,0.17367,0.20261,0.02987,0.17275,22.38167,5.39984,0,13.84,6777.1
71800,239,8.133e-05,3.22881,0.20261,0.64473,0.08305,0.07838,0.07276,0.08068,0.20445,0.07299,0.13146,30.82538,10.36776,0,13.81,6784.3
71900,239,8.133e-05,3.57405,0.46838,0.33768,0.05996,0.11555,0.06872,0.13388,0.34338,0.19915,0.14423,22.07390,6.35508,0,13.95,6791.5
72000,240,8.000e-05,3.43391,0.21189,0.60512,0.09378,0.08075,0.10360,0.07070,0.12249,0.05362,0.06887,23.12279,3.91878,0,1.31,6868.0
72100,240,8.000e-05,2.95921,0.37246,0.47932,0.07496,0.07481,0.07416,0.04777,0.09712,0.02345,0.07367,28.33926,3.51205,0,11.94,6876.3
72200,240,8.000e-05,3.07701,0.26449,0.17253,0.06956,0.08514,0.13509,0.08351,0.88755,0.59746,0.29010,22.83043,11.33970,0,13.30,6883.9
72300,241,7.867e-05,3.87899,0.02312,0.77540,0.05333,0.16029,0.04464,0.14420,0.76789,0.42334,0.34455,24.27188,13.81271,0,13.26,6891.4
72400,241,7.867e-05,2.99230,0.52428,0.61805,0.05342,0.07915,0.04942,0.05543,0.35506,0.17124,0.18382,19.96478,7.92780,0,13.27,6898.9
72500,241,7.867e-05,2.55018,0.29821,0.31455,0.05731,0.07394,0.05681,0.06817,0.47871,0.27382,0.20489,14.46924,8.95804,0,13.20,6906.5
72600,242,7.733e-05,3.45618,0.59234,0.60184,0.06598,0.09637,0.05865,0.06906,0.39211,0.24257,0.14954,25.69356,9.73085,0,13.17,6914.1
72700,242,7.733e-05,2.89358,0.25653,0.30159,0.09019,0.06711,0.08382,0.06867,0.33570,0.13528,0.20041,12.49784,8.53384,0,14.16,6921.2
72800,242,7.733e-05,2.94689,0.47099,0.39301,0.07263,0.06173,0.07424,0.07361,0.14669,0.02190,0.12479,19.54205,4.17424,0,14.37,6928.1
72900,243,7.600e-05,4.29891,0.87502,0.63745,0.11435,0.07768,0.10638,0.06684,0.62148,0.20585,0.41564,19.20088,11.65711,0,14.38,6935.1
73000,243,7.600e-05,2.96076,0.61368,0.38981,0.06985,0.06174,0.06969,0.05858,0.20483,0.08721,0.11762,13.76758,8.26743,0,14.31,6942.1
73100,243,7.600e-05,3.43931,0.35980,0.16678,0.04946,0.14673,0.04690,0.14326,0.31479,0.16382,0.15097,23.60618,7.36178,0,13.94,6949.2
73200,244,7.467e-05,3.20377,0.28762,0.23622,0.05829,0.10735,0.06675,0.13795,0.50246,0.16557,0.33689,34.21227,9.43534,0,13.20,6956.8
73300,244,7.467e-05,3.88441,0.53374,0.51701,0.06725,0.12037,0.08347,0.10801,0.21188,0.13499,0.07689,31.68507,8.92596,0,13.05,6964.5
73400,244,7.467e-05,4.49082,0.47380,1.06214,0.08072,0.11604,0.07253,0.12492,0.44474,0.22585,0.21889,28.06257,9.69265,0,13.13,6972.1
73500,245,7.333e-05,2.60252,0.29536,0.18321,0.06394,0.07272,0.08273,0.06874,0.44473,0.23602,0.20871,20.66612,12.50336,0,13.11,6979.7
73600,245,7.333e-05,3.03094,0.50899,0.29263,0.06224,0.09042,0.06393,0.07661,0.23674,0.03348,0.20326,15.93338,7.53823,0,13.18,6987.3
73700,245,7.333e-05,3.30969,0.17651,0.92868,0.06935,0.08090,0.05137,0.08905,0.21602,0.09723,0.11879,18.35063,6.99645,0,13.02,6995.0
73800,246,7.200e-05,3.56313,0.32002,0.90909,0.06291,0.09254,0.04626,0.10965,0.35048,0.20910,0.14138,43.71698,11.31978,0,12.79,7002.8
73900,246,7.200e-05,2.93070,0.27938,0.75704,0.06965,0.06049,0.06670,0.05186,0.19587,0.13035,0.06552,26.82281,10.53174,0,13.04,7010.5
74000,246,7.200e-05,4.29523,0.37494,0.47464,0.07441,0.15594,0.05384,0.17460,0.37421,0.16164,0.21257,29.78054,9.41091,0,13.03,7018.1
74100,247,7.067e-05,2.40722,0.26862,0.17909,0.06729,0.06330,0.05909,0.07163,0.48887,0.28976,0.19911,10.78352,8.62896,0,13.10,7025.8
74200,247,7.067e-05,3.42870,0.21426,0.88712,0.08588,0.07222,0.09295,0.05630,0.11661,0.06031,0.05630,21.43504,5.69655,0,13.16,7033.4
74300,247,7.067e-05,3.78335,0.54256,0.49827,0.06727,0.11706,0.09033,0.08952,0.23736,0.19016,0.04720,24.09899,8.41730,0,13.17,7041.0
74400,248,6.933e-05,3.21237,0.57915,0.02216,0.05028,0.12178,0.04698,0.13110,0.56835,0.25243,0.31592,18.24097,14.78487,0,14.23,7048.0
74500,248,6.933e-05,3.08006,0.37686,0.26180,0.08086,0.09057,0.06395,0.08147,0.59235,0.24285,0.34950,20.21786,9.32271,0,14.23,7055.0
74600,248,6.933e-05,2.42979,0.29024,0.33703,0.05654,0.05997,0.05739,0.07010,0.29837,0.15715,0.14122,17.35723,8.75185,0,14.34,7062.0
74700,249,6.800e-05,3.18475,0.11519,0.14916,0.08323,0.11312,0.07914,0.11224,0.25454,0.09110,0.16344,22.26794,8.13422,0,14.33,7069.0
74800,249,6.800e-05,2.95428,0.70939,0.33193,0.06359,0.06371,0.07683,0.05116,0.37410,0.27099,0.10311,16.71076,6.64951,0,14.20,7076.0
74900,249,6.800e-05,4.00290,0.31026,0.21083,0.07566,0.14777,0.11501,0.13451,0.37179,0.21728,0.15450,29.75785,6.95669,0,14.14,7083.1
75000,250,6.667e-05,3.36634,0.48491,0.73515,0.07213,0.06632,0.06736,0.08499,0.37320,0.15558,0.21762,19.52309,9.23174,0,1.32,7159.1
75100,250,6.667e-05,2.59934,0.61136,0.38426,0.05519,0.05664,0.05054,0.04654,0.26815,0.24371,0.02444,18.78766,9.33239,0,12.04,7167.4
75200,250,6.667e-05,3.36463,0.49199,0.45675,0.06309,0.09876,0.06889,0.09059,0.37077,0.13696,0.23381,13.89539,6.74708,0,13.18,7175.0
75300,251,6.533e-05,3.04133,0.57731,0.56859,0.06935,0.06677,0.05104,0.05580,0.33766,0.17321,0.16445,28.66919,6.69198,0,13.36,7182.5
75400,251,6.533e-05,3.08594,0.54122,0.58200,0.05202,0.07201,0.06116,0.08333,0.32984,0.12148,0.20835,20.81398,10.90506,0,13.64,7189.8
75500,251,6.533e-05,2.51317,0.44591,0.05659,0.06066,0.06372,0.10611,0.04728,0.38241,0.16209,0.22032,23.74296,6.54626,0,13.64,7197.1
75600,252,6.400e-05,2.53449,0.33847,0.29508,0.07069,0.05862,0.07354,0.04802,0.19124,0.07864,0.11260,18.14521,7.75474,0,13.45,7204.6
75700,252,6.400e-05,2.63503,0.70911,0.27715,0.05427,0.04952,0.04729,0.07490,0.20555,0.13474,0.07081,22.69628,7.20510,0,13.46,7212.0
75800,252,6.400e-05,3.32637,0.16137,0.60602,0.07808,0.09675,0.08509,0.07706,0.30165,0.17979,0.12186,27.20333,12.55428,0,13.34,7219.5
75900,253,6.267e-05,3.84896,0.15601,1.30894,0.07218,0.08033,0.06229,0.10950,0.37769,0.24342,0.13427,29.50788,15.87086,0,13.39,7227.0
76000,253,6.267e-05,3.12696,0.52620,0.42024,0.07168,0.07681,0.06465,0.07448,0.28096,0.15053,0.13043,20.32645,6.08123,0,13.38,7234.4
76100,253,6.267e-05,3.46561,0.30824,0.28175,0.05894,0.14118,0.06287,0.11200,0.56334,0.15930,0.40404,26.17537,11.37932,0,13.25,7242.0
76200,254,6.133e-05,3.72900,0.15980,0.34506,0.06511,0.13342,0.08235,0.16544,0.45276,0.24023,0.21253,12.32951,11.82446,0,13.32,7249.5
76300,254,6.133e-05,3.42446,0.45160,0.47670,0.10414,0.06720,0.08985,0.06670,0.29225,0.08713,0.20512,15.42376,7.59276,0,13.54,7256.9
76400,254,6.133e-05,4.70173,0.80965,0.52331,0.05072,0.17244,0.05771,0.16975,0.21862,0.12001,0.09861,26.04279,8.00360,0,13.60,7264.2
76500,255,6.000e-05,3.50892,0.24156,0.40110,0.07431,0.11347,0.08990,0.10780,0.51283,0.07759,0.43524,15.54255,8.47396,0,13.60,7271.6
76600,255,6.000e-05,2.67722,0.31056,0.22248,0.06287,0.07972,0.05801,0.08565,0.34344,0.11823,0.22521,20.76035,6.26168,0,13.38,7279.1
76700,255,6.000e-05,4.85330,0.70018,0.57482,0.06348,0.17166,0.07169,0.17368,0.25608,0.20122,0.05486,34.49411,12.22922,0,13.37,7286.5
76800,256,5.867e-05,3.44614,0.40489,0.18951,0.07506,0.12476,0.06562,0.10508,0.32840,0.16343,0.16497,19.56424,14.14717,0,13.34,7294.0
76900,256,5.867e-05,2.62740,0.27501,0.41087,0.03762,0.08804,0.03428,0.10271,0.48619,0.25440,0.23179,23.41560,17.30768,0,13.37,7301.5
77000,256,5.867e-05,3.67213,0.15858,0.59175,0.06116,0.13622,0.06301,0.12660,0.37935,0.13797,0.24138,26.24385,5.47149,0,13.33,7309.0
77100,257,5.733e-05,2.07567,0.24945,0.21639,0.05976,0.04196,0.08068,0.03785,0.46362,0.24669,0.21693,16.37817,15.91078,0,13.37,7316.5
77200,257,5.733e-05,2.67927,0.35863,0.46817,0.05769,0.06517,0.05939,0.06537,0.27769,0.10024,0.17745,22.98135,7.46261,0,13.31,7324.0
77300,257,5.733e-05,4.55540,0.18762,1.08595,0.05214,0.17381,0.05088,0.15358,0.52061,0.28773,0.23289,31.60081,10.29801,0,13.36,7331.5
77400,258,5.600e-05,3.45762,0.47221,1.07231,0.07066,0.06089,0.05827,0.06125,0.33502,0.18757,0.14745,40.21158,17.75285,0,13.26,7339.0
77500,258,5.600e-05,3.14484,0.18008,0.65845,0.08940,0.05344,0.10559,0.06999,0.44461,0.06149,0.38312,32.06865,11.58988,0,13.27,7346.6
77600,258,5.600e-05,3.22847,0.28016,0.71729,0.06935,0.08208,0.06913,0.07423,0.59018,0.43868,0.15150,27.60996,16.94818,0,13.38,7354.1
77700,259,5.467e-05,3.03027,0.37780,0.42944,0.06917,0.07294,0.06094,0.09944,0.13832,0.03163,0.10669,18.74496,8.56578,0,13.35,7361.5
77800,259,5.467e-05,4.31707,0.58029,1.40563,0.06743,0.09122,0.06077,0.08815,0.31383,0.14291,0.17091,26.70379,13.71797,0,13.47,7369.0
77900,259,5.467e-05,3.40194,0.79841,0.59245,0.06416,0.06063,0.06151,0.09113,0.51043,0.10509,0.40534,22.19826,11.55750,0,13.44,7376.4
78000,260,5.333e-05,2.49875,0.35061,0.25024,0.08500,0.05167,0.05983,0.04642,0.50270,0.23315,0.26955,19.59344,9.79862,0,1.29,7453.9
78100,260,5.333e-05,2.33198,0.33167,0.22669,0.05769,0.06423,0.05210,0.05878,0.22452,0.20055,0.02397,16.34071,7.11532,0,12.42,7461.9
78200,260,5.333e-05,3.86641,0.49246,0.45510,0.06220,0.15307,0.05630,0.09693,0.34535,0.13696,0.20839,22.48635,12.11448,0,13.41,7469.4
78300,261,5.200e-05,4.01760,0.48426,0.89580,0.05457,0.11197,0.05707,0.13737,0.31851,0.03644,0.28207,22.25662,8.00398,0,13.09,7477.0
78400,261,5.200e-05,3.44201,0.26612,0.79037,0.07928,0.08574,0.06617,0.08091,0.69713,0.46776,0.22936,21.04189,14.57172,0,13.45,7484.4
78500,261,5.200e-05,2.74221,0.54697,0.44799,0.06354,0.05477,0.05823,0.05461,0.32210,0.14982,0.17228,12.82692,13.41572,0,13.88,7491.6
78600,262,5.067e-05,6.34986,0.49444,0.11003,0.09535,0.28338,0.09160,0.30002,0.72778,0.61086,0.11692,41.02124,12.07730,0,14.38,7498.6
78700,262,5.067e-05,2.72116,0.22363,0.48427,0.07079,0.07334,0.06766,0.04673,0.55868,0.29936,0.25931,22.21228,9.96688,0,14.33,7505.6
78800,262,5.067e-05,3.14149,0.81595,0.39308,0.06038,0.07794,0.05639,0.05346,0.24477,0.16169,0.08308,24.00857,11.64433,0,14.36,7512.5
78900,263,4.933e-05,4.87514,0.35878,0.97050,0.06882,0.16860,0.07449,0.15984,0.36423,0.18976,0.17447,26.66605,11.49267,0,14.29,7519.5
79000,263,4.933e-05,2.83309,0.37293,0.55434,0.06749,0.06733,0.05128,0.06023,0.17776,0.03182,0.14594,23.51141,6.07493,0,14.26,7526.6
79100,263,4.933e-05,2.73904,0.45847,0.48605,0.04852,0.07534,0.04914,0.06204,0.37732,0.18600,0.19132,19.78137,8.26389,0,14.22,7533.6
79200,264,4.800e-05,3.66895,0.29480,1.12257,0.06482,0.07869,0.09249,0.07080,0.35804,0.23569,0.12235,22.12073,11.48786,0,14.32,7540.6
79300,264,4.800e-05,4.49952,0.44566,1.16210,0.08855,0.11781,0.07854,0.08709,0.53729,0.36419,0.17309,34.47124,10.84988,0,14.28,7547.6
79400,264,4.800e-05,3.16463,0.41672,0.09911,0.06757,0.11539,0.04400,0.11983,0.41487,0.25309,0.16179,27.15131,13.18967,0,14.23,7554.6
79500,265,4.667e-05,3.36290,0.25573,0.29264,0.09725,0.09340,0.09802,0.08357,0.55610,0.19991,0.35619,21.42112,16.96195,0,14.25,7561.6
79600,265,4.667e-05,2.75577,0.28385,0.75822,0.06413,0.04909,0.07098,0.04533,0.34826,0.09132,0.25694,22.39304,18.91965,0,14.11,7568.7
79700,265,4.667e-05,3.83816,0.18808,0.68073,0.08308,0.11601,0.05898,0.13671,0.54768,0.24968,0.29800,39.66878,19.30225,0,14.17,7575.8
79800,266,4.533e-05,2.71323,0.21761,0.52164,0.05153,0.08339,0.04749,0.07748,0.46172,0.20633,0.25539,17.56818,10.79217,0,13.41,7583.2
79900,266,4.533e-05,2.66791,0.53214,0.23538,0.08030,0.05342,0.06627,0.04637,0.44393,0.28862,0.15531,24.21218,9.03121,0,13.48,7590.6
80000,266,4.533e-05,3.44048,0.35914,0.48797,0.05572,0.12044,0.05740,0.10894,0.31620,0.11934,0.19687,26.67757,7.35490,0,13.37,7598.1
80100,267,4.400e-05,2.94547,0.34902,0.27089,0.05200,0.09160,0.05985,0.11807,0.26826,0.07112,0.19714,20.22412,7.74099,0,13.55,7605.5
80200,267,4.400e-05,3.12424,0.36954,0.26314,0.07134,0.10048,0.07947,0.07519,0.27965,0.14148,0.13818,14.21407,11.87877,0,14.13,7612.6
80300,267,4.400e-05,3.92702,0.22120,0.60595,0.05996,0.14490,0.06019,0.15005,0.35791,0.27181,0.08610,39.43798,15.05130,0,13.46,7620.0
80400,268,4.267e-05,3.29036,0.25736,0.67916,0.07603,0.08496,0.07919,0.06960,0.39359,0.07529,0.31830,22.50631,9.08390,0,13.33,7627.5
80500,268,4.267e-05,2.98254,0.31405,0.51969,0.05367,0.09352,0.05113,0.08426,0.55988,0.24525,0.31463,21.96905,13.10320,0,13.43,7635.0
80600,268,4.267e-05,3.20117,0.38454,0.99074,0.06291,0.04963,0.08507,0.05501,0.17021,0.10061,0.06959,17.64970,7.33219,0,13.45,7642.4
80700,269,4.133e-05,3.08378,0.75338,0.41860,0.06815,0.06626,0.06007,0.05347,0.29621,0.22127,0.07494,24.08874,8.09760,0,13.38,7649.9
80800,269,4.133e-05,5.17089,0.42738,0.80389,0.07191,0.18841,0.07344,0.19384,0.15970,0.03144,0.12826,33.09473,6.81851,0,13.25,7657.4
80900,269,4.133e-05,2.22213,0.34997,0.12159,0.04755,0.06905,0.04371,0.07321,0.32050,0.13280,0.18770,17.31108,8.98274,0,14.11,7664.5
81000,270,4.000e-05,2.44868,0.44929,0.05745,0.07164,0.05915,0.07444,0.05238,0.28584,0.08187,0.20397,40.06736,9.50652,0,1.36,7738.0
81100,270,4.000e-05,3.45592,0.73287,0.27211,0.05267,0.11361,0.04995,0.10767,0.59886,0.36112,0.23774,12.79382,13.10393,0,11.07,7747.0
81200,270,4.000e-05,3.18443,0.23633,0.94598,0.07902,0.05314,0.07639,0.05970,0.25392,0.12023,0.13369,21.95436,9.35119,0,12.47,7755.0
81300,271,3.867e-05,5.76425,0.66013,0.92110,0.04657,0.20998,0.07663,0.24688,0.31992,0.07965,0.24027,27.64914,6.86953,0,12.30,7763.1
81400,271,3.867e-05,3.08793,0.33634,0.41069,0.07561,0.08295,0.07449,0.07656,0.40607,0.07875,0.32731,21.94136,9.25964,0,12.45,7771.2
81500,271,3.867e-05,2.72500,0.21581,0.79954,0.05572,0.05945,0.05616,0.05542,0.35105,0.19686,0.15420,18.52322,13.20901,0,12.69,7779.1
81600,272,3.733e-05,3.68441,0.25573,0.70461,0.06472,0.12186,0.05750,0.11416,0.21591,0.04534,0.17057,22.50246,9.04743,0,12.70,7786.9
81700,272,3.733e-05,2.70497,0.20398,0.57725,0.07475,0.05564,0.07772,0.04625,0.26103,0.12871,0.13232,26.46684,8.58645,0,12.74,7794.8
81800,272,3.733e-05,2.54996,0.39603,0.89306,0.04380,0.03746,0.04992,0.03972,0.14542,0.09302,0.05241,20.34466,5.25721,0,13.48,7802.2
81900,273,3.600e-05,2.50303,0.31844,0.22904,0.05525,0.05967,0.09713,0.06412,0.33580,0.09629,0.23951,17.80585,7.55237,0,13.99,7809.4
82000,273,3.600e-05,2.66369,0.49145,0.22581,0.06015,0.07192,0.07077,0.05437,0.21937,0.14273,0.07664,19.08396,9.70921,0,14.09,7816.5
82100,273,3.600e-05,2.81332,0.43833,0.24710,0.04334,0.09590,0.05086,0.09625,0.45967,0.16640,0.29327,19.12980,7.77728,0,12.94,7824.2
82200,274,3.467e-05,2.52895,0.31623,0.25131,0.07903,0.05716,0.06958,0.05033,0.16981,0.08235,0.08745,14.68090,4.91892,0,12.82,7832.0
82300,274,3.467e-05,3.85364,0.46889,0.64261,0.05670,0.13580,0.04933,0.11409,0.30019,0.17685,0.12333,26.02449,16.58679,0,12.94,7839.7
82400,274,3.467e-05,3.20707,0.50861,1.00981,0.06013,0.05571,0.05937,0.04667,0.26189,0.19176,0.07013,20.48614,14.84956,0,13.29,7847.2
82500,275,3.333e-05,2.34776,0.33170,0.27171,0.06209,0.05651,0.05680,0.05486,0.17409,0.06449,0.10960,21.66938,6.96802,0,13.22,7854.8
82600,275,3.333e-05,3.13919,0.21159,0.61578,0.07922,0.07386,0.08342,0.07279,0.28102,0.04531,0.23570,23.17875,5.56118,0,13.29,7862.3
82700,275,3.333e-05,3.36783,0.40997,0.58949,0.06181,0.09105,0.07345,0.09450,0.50473,0.27285,0.23188,23.46283,11.42237,0,13.34,7869.8
82800,276,3.200e-05,3.50034,0.53563,1.05499,0.05943,0.07339,0.05988,0.05643,0.16994,0.03932,0.13062,26.78859,6.36089,0,13.22,7877.4
82900,276,3.200e-05,2.27141,0.41993,0.22592,0.06461,0.03500,0.05528,0.07061,0.31909,0.11189,0.20720,19.78140,7.61008,0,13.06,7885.0
83000,276,3.200e-05,2.79805,0.55920,0.23101,0.05944,0.07579,0.05358,0.07752,0.42830,0.23723,0.19106,23.32206,14.62895,0,13.00,7892.7
83100,277,3.067e-05,2.83242,0.36622,0.33616,0.06178,0.06899,0.07134,0.09311,0.25366,0.15275,0.10091,28.10970,14.42688,0,13.71,7900.0
83200,277,3.067e-05,3.75283,0.10136,0.48898,0.04741,0.16999,0.04534,0.15235,0.49722,0.20781,0.28941,34.02584,16.79849,0,14.06,7907.1
83300,277,3.067e-05,2.35522,0.25091,0.20033,0.03853,0.08304,0.05082,0.08684,0.53037,0.31442,0.21595,23.23895,9.69212,0,13.42,7914.6
83400,278,2.933e-05,2.26368,0.23122,0.31820,0.05720,0.06068,0.05748,0.04962,0.29794,0.08692,0.21102,15.82016,11.57431,0,13.21,7922.2
83500,278,2.933e-05,2.74412,0.25641,0.36905,0.07390,0.07112,0.06589,0.06779,0.66663,0.36471,0.30192,12.58558,11.71620,0,13.11,7929.8
83600,278,2.933e-05,3.47545,0.57428,0.83783,0.08414,0.05656,0.07709,0.05417,0.61657,0.38322,0.23334,12.46086,12.14525,0,13.10,7937.4
83700,279,2.800e-05,2.75999,0.29312,0.70351,0.04988,0.06944,0.05515,0.05889,0.25316,0.08736,0.16580,19.11428,7.97308,0,13.19,7945.0
83800,279,2.800e-05,3.32834,0.44179,0.41856,0.06406,0.11905,0.06547,0.06190,0.22536,0.08986,0.13550,33.90867,8.77880,0,13.03,7952.7
83900,279,2.800e-05,3.25860,0.52692,0.96318,0.06727,0.05733,0.05330,0.05119,0.35195,0.12083,0.23112,19.08528,13.95325,0,13.01,7960.4
84000,280,2.667e-05,2.22590,0.45612,0.35723,0.03550,0.05027,0.05936,0.05162,0.26706,0.20217,0.06489,24.52785,11.62862,0,1.33,8035.3
84100,280,2.667e-05,2.29587,0.16445,0.41652,0.04979,0.06309,0.04360,0.07362,0.33725,0.21009,0.12717,18.19017,8.58657,0,12.12,8043.6
84200,280,2.667e-05,3.42599,0.49547,0.62617,0.04830,0.10391,0.04665,0.10982,0.27982,0.08495,0.19486,17.11870,7.98348,0,12.87,8051.4
84300,281,2.533e-05,2.86237,0.60878,0.96035,0.05080,0.04018,0.04360,0.03308,0.21265,0.03712,0.17553,30.77825,16.59396,0,13.02,8059.0
84400,281,2.533e-05,2.77349,0.46694,0.26957,0.06019,0.07332,0.05219,0.08820,0.35866,0.15105,0.20761,20.89302,11.96755,0,13.00,8066.7
84500,281,2.533e-05,2.99695,0.24717,0.78978,0.05628,0.07291,0.05376,0.07987,0.12342,0.04516,0.07826,20.85827,11.44066,0,12.80,8074.6
84600,282,2.400e-05,3.58324,0.47322,0.54927,0.07988,0.08233,0.07312,0.11461,0.37510,0.11215,0.26295,15.32829,8.51779,0,12.95,8082.3
84700,282,2.400e-05,3.13164,0.35378,0.30806,0.06111,0.09717,0.05651,0.12089,0.29748,0.08830,0.20919,21.99712,6.45011,0,13.04,8089.9
84800,282,2.400e-05,2.25544,0.38584,0.54527,0.04815,0.03775,0.04426,0.04882,0.11420,0.06201,0.05219,25.55950,6.49061,0,13.09,8097.6
84900,283,2.267e-05,3.23580,0.39159,0.38547,0.07196,0.09559,0.06815,0.08849,0.47472,0.15666,0.31805,11.55065,11.40982,0,13.09,8105.2
85000,283,2.267e-05,2.81786,0.20363,0.55736,0.05485,0.08924,0.04936,0.07385,0.37185,0.22358,0.14826,24.83825,13.98150,0,13.03,8112.9
85100,283,2.267e-05,2.63580,0.39487,0.15790,0.08073,0.05994,0.07345,0.06181,0.20751,0.02615,0.18136,14.73954,7.36937,0,12.96,8120.6
85200,284,2.133e-05,2.78775,0.24870,0.34515,0.07771,0.05453,0.08034,0.09398,0.35738,0.14877,0.20861,26.07129,12.15746,0,13.03,8128.3
85300,284,2.133e-05,2.55742,0.27457,0.15417,0.05551,0.08525,0.05550,0.08874,0.14479,0.06136,0.08343,18.84110,7.45438,0,13.03,8136.0
85400,284,2.133e-05,2.85621,0.53237,0.57864,0.05540,0.06400,0.06299,0.04726,0.31903,0.17510,0.14393,25.12722,10.12682,0,13.09,8143.6
85500,285,2.000e-05,3.06617,0.54190,0.45238,0.05711,0.07485,0.07009,0.08035,0.39503,0.09732,0.29772,25.70095,9.79537,0,13.22,8151.2
85600,285,2.000e-05,2.78794,0.34080,0.48153,0.06670,0.06736,0.04858,0.07643,0.54696,0.40060,0.14636,25.43456,12.56663,0,13.26,8158.7
85700,285,2.000e-05,2.85321,0.52878,0.33948,0.07502,0.05902,0.07752,0.05138,0.34839,0.23232,0.11607,25.94202,15.20459,0,13.27,8166.2
85800,286,1.867e-05,2.68625,0.13744,0.26267,0.06960,0.09218,0.05955,0.07411,0.57385,0.34512,0.22873,16.48508,11.38237,0,13.29,8173.8
85900,286,1.867e-05,3.40047,0.83360,0.41063,0.06769,0.07323,0.06072,0.08869,0.17450,0.11953,0.05497,20.65634,10.81262,0,13.89,8181.0
86000,286,1.867e-05,2.64913,0.43822,0.25839,0.05650,0.07241,0.05575,0.07694,0.49153,0.21373,0.27780,19.79214,10.37246,0,12.76,8188.8
86100,287,1.733e-05,3.35159,0.64492,0.74806,0.08435,0.04510,0.08901,0.04382,0.24614,0.13704,0.10910,23.79400,10.41169,0,13.26,8196.3
86200,287,1.733e-05,2.55502,0.36430,0.25893,0.06519,0.05980,0.05312,0.08326,0.22267,0.03767,0.18500,17.44431,5.44814,0,13.42,8203.8
86300,287,1.733e-05,2.89637,0.55498,0.14063,0.07735,0.07873,0.06459,0.06340,0.41293,0.07992,0.33301,17.99617,10.60058,0,14.13,8210.9
86400,288,1.600e-05,3.07445,0.43399,0.60886,0.05484,0.08751,0.04895,0.07266,0.17112,0.05749,0.11362,25.27735,5.91054,0,13.97,8218.0
86500,288,1.600e-05,3.34271,0.35222,0.34759,0.05925,0.11981,0.06093,0.10952,0.43258,0.19877,0.23381,26.00791,12.60179,0,14.15,8225.1
86600,288,1.600e-05,2.65250,0.51840,0.32549,0.05168,0.06759,0.05034,0.07286,0.41775,0.16968,0.24807,18.24842,7.49435,0,14.14,8232.2
86700,289,1.467e-05,2.35177,0.28751,0.28487,0.05303,0.07291,0.04949,0.05451,0.20089,0.14133,0.05956,30.97492,8.17876,0,13.38,8239.6
86800,289,1.467e-05,2.27902,0.29444,0.22750,0.06784,0.04575,0.08290,0.04132,0.25297,0.11148,0.14149,17.54566,7.16632,0,13.22,8247.2
86900,289,1.467e-05,2.31680,0.30026,0.27264,0.05601,0.06502,0.05108,0.05563,0.39317,0.17845,0.21472,13.98529,13.46776,0,13.12,8254.8
87000,290,1.333e-05,2.97783,0.37360,0.45516,0.05335,0.08727,0.05670,0.09188,0.45157,0.34444,0.10713,17.54539,13.36964,0,1.55,8319.3
87100,290,1.333e-05,3.34776,0.36540,0.24601,0.05034,0.13584,0.04489,0.13001,0.76584,0.54548,0.22036,14.87751,13.43219,0,12.50,8327.3
87200,290,1.333e-05,3.11454,0.54437,0.23342,0.04356,0.11019,0.04957,0.11028,0.30389,0.07850,0.22539,19.89264,14.20776,0,14.15,8334.4
87300,291,1.200e-05,4.31392,0.40082,0.86129,0.06191,0.13837,0.06160,0.14821,0.43517,0.17900,0.25617,31.51358,9.79746,0,14.29,8341.4
87400,291,1.200e-05,3.37759,0.37859,0.61927,0.04979,0.10654,0.05755,0.10575,0.51391,0.21812,0.29578,30.06560,12.41061,0,13.49,8348.8
87500,291,1.200e-05,2.80229,0.25872,0.47798,0.06133,0.06976,0.06854,0.08238,0.19400,0.01955,0.17445,20.94961,5.18293,0,13.00,8356.5
87600,292,1.067e-05,2.49968,0.38127,0.29702,0.04057,0.08674,0.04695,0.06270,0.39426,0.14503,0.24923,26.01702,12.06511,0,13.34,8364.0
87700,292,1.067e-05,2.48696,0.18602,0.18690,0.05929,0.07115,0.09832,0.06360,0.20770,0.16211,0.04559,29.04691,6.80647,0,13.47,8371.4
87800,292,1.067e-05,3.39562,0.22799,0.60587,0.04796,0.11744,0.05142,0.13014,0.31163,0.18386,0.12777,32.10905,11.88249,0,13.58,8378.7
87900,293,9.333e-06,2.84706,0.68015,0.45902,0.04653,0.06308,0.04824,0.07413,0.28331,0.04479,0.23852,27.17108,6.24832,0,13.74,8386.0
88000,293,9.333e-06,3.10232,0.32038,0.50728,0.05044,0.10006,0.05215,0.10178,0.49057,0.21263,0.27794,14.28063,12.93244,0,13.60,8393.4
88100,293,9.333e-06,3.41589,0.44286,0.74000,0.05748,0.09386,0.05619,0.08773,0.39623,0.14022,0.25601,15.78241,8.17517,0,13.23,8400.9
88200,294,8.000e-06,3.72917,0.13500,0.20311,0.05434,0.16367,0.07991,0.16228,0.48225,0.19777,0.28448,23.98422,11.47498,0,13.43,8408.4
88300,294,8.000e-06,3.64975,0.50320,0.45423,0.04938,0.12912,0.04858,0.13288,0.30042,0.19244,0.10799,21.58768,10.21704,0,13.00,8416.1
88400,294,8.000e-06,2.73367,0.41368,0.28493,0.05492,0.08985,0.04892,0.06856,0.32063,0.09929,0.22134,23.72440,11.50471,0,13.54,8423.5
88500,295,6.667e-06,2.88362,0.22624,0.71302,0.07421,0.05624,0.07982,0.04814,0.35216,0.17997,0.17219,10.50077,17.21290,0,13.59,8430.8
88600,295,6.667e-06,2.88934,0.28411,0.19263,0.06863,0.10433,0.06537,0.07122,0.33493,0.08114,0.25379,21.77947,8.93537,0,13.52,8438.2
88700,295,6.667e-06,2.57002,0.19517,0.61467,0.05350,0.06444,0.05644,0.05972,0.60597,0.39719,0.20878,25.69604,22.65538,0,14.43,8445.1
88800,296,5.333e-06,2.85830,0.59118,0.60176,0.04449,0.07141,0.04694,0.05434,0.18804,0.02803,0.16000,22.36171,4.73657,0,14.22,8452.2
88900,296,5.333e-06,3.35506,0.90541,0.51172,0.04250,0.09195,0.04549,0.07320,0.28506,0.23477,0.05029,26.56446,8.32119,0,14.37,8459.1
89000,296,5.333e-06,2.59369,0.40947,0.17809,0.06172,0.07089,0.07265,0.06336,0.54986,0.31756,0.23230,23.68843,10.66875,0,14.26,8466.2
89100,297,4.000e-06,2.63637,0.53827,0.26233,0.04628,0.07196,0.05014,0.08053,0.23488,0.05283,0.18204,14.61327,8.72749,0,13.94,8473.3
89200,297,4.000e-06,4.04723,0.25764,0.94324,0.06599,0.11761,0.08354,0.11853,0.40604,0.23058,0.17546,26.70845,13.70617,0,13.84,8480.5
89300,297,4.000e-06,3.45331,0.30009,0.51095,0.04832,0.12186,0.07163,0.11648,0.53086,0.24266,0.28820,24.91525,11.92593,0,13.41,8488.0
89400,298,2.667e-06,2.66656,0.25451,0.85409,0.04625,0.05084,0.04891,0.06849,0.13684,0.02192,0.11492,26.91238,6.51756,0,13.78,8495.3
89500,298,2.667e-06,4.11233,0.26755,0.36420,0.04449,0.13577,0.04725,0.28834,0.33442,0.09520,0.23921,32.33655,8.26008,0,12.81,8503.1
89600,298,2.667e-06,2.36888,0.33563,0.08935,0.07268,0.05641,0.07374,0.05687,0.38863,0.18581,0.20282,9.14339,9.82833,0,13.54,8510.5
89700,299,1.333e-06,3.07521,0.53179,0.51190,0.08753,0.05230,0.08831,0.03834,0.22858,0.06754,0.16104,30.31255,8.92888,0,13.04,8518.1
89800,299,1.333e-06,2.26126,0.16391,0.20192,0.07582,0.05529,0.06638,0.05049,0.63339,0.12370,0.50969,14.44341,9.73170,0,13.14,8525.7
89900,299,1.333e-06,2.93222,0.35653,0.28817,0.05609,0.08226,0.05414,0.12666,0.49731,0.21945,0.27787,28.02876,11.64758,0,12.91,8533.5
89999,299,1.333e-06,2.41957,0.39934,0.26631,0.04783,0.07020,0.03670,0.07803,0.58946,0.35427,0.23519,26.42096,17.38742,0,12.93,8541.1
