step,epoch,lr,loss_G,gan_AB,gan_BA,cyc_A,cyc_B,idt_A,idt_B,loss_D,D_A,D_B,gn_G,gn_D,nan,imgs_per_sec,elapsed_s
0,0,2.000e-04,23.40479,2.57729,2.15093,0.64703,0.60343,0.64361,0.59080,3.78910,1.74620,2.04290,143.56204,70.95196,0,2.71,0.4
100,0,2.000e-04,9.77009,0.37146,0.40621,0.33869,0.26969,0.33237,0.24935,0.71906,0.38092,0.33813,68.03381,13.69348,0,14.62,7.2
200,0,2.000e-04,6.19880,0.38368,0.38563,0.19339,0.17294,0.19814,0.15510,0.74312,0.45013,0.29299,36.37417,32.86728,0,14.62,14.0
300,1,2.000e-04,7.23772,0.32449,0.40713,0.27330,0.16758,0.25637,0.16310,0.47854,0.21792,0.26062,44.75457,16.78366,0,14.68,20.9
400,1,2.000e-04,10.51872,0.20397,0.13611,0.23731,0.47357,0.19782,0.41614,0.68817,0.34534,0.34283,215.81996,15.20108,0,14.65,27.7
500,1,2.000e-04,9.74714,0.14426,0.27275,0.43951,0.18211,0.40278,0.22001,0.59581,0.27421,0.32160,46.11818,14.35530,0,14.65,34.5
600,2,2.000e-04,11.55830,0.37213,0.31061,0.52653,0.20509,0.53151,0.18035,0.59211,0.25589,0.33622,42.08558,27.24172,0,14.56,41.4
700,2,2.000e-04,7.39070,0.47588,0.14018,0.23009,0.23687,0.20453,0.21647,0.54906,0.26648,0.28258,33.72274,29.99120,0,14.63,48.2
800,2,2.000e-04,7.00038,0.41831,0.37651,0.23907,0.17484,0.23166,0.18163,0.54637,0.25150,0.29487,33.96619,9.84618,0,14.55,55.1
900,3,2.000e-04,10.03232,0.31631,0.37127,0.27832,0.33532,0.28710,0.35456,0.71864,0.34337,0.37527,53.43760,22.88167,0,14.65,61.9
1000,3,2.000e-04,5.34608,0.31692,0.60684,0.18186,0.10927,0.17251,0.12970,0.53390,0.28228,0.25162,26.60560,20.10495,0,14.77,68.7
1100,3,2.000e-04,7.91547,0.33468,0.27709,0.35321,0.14892,0.32504,0.13143,0.42382,0.17180,0.25202,28.25258,7.33358,0,14.77,75.4
1200,4,2.000e-04,11.61703,0.46498,0.47243,0.26198,0.44567,0.26338,0.45723,0.58889,0.23565,0.35324,47.61173,10.91526,0,14.97,82.1
1300,4,2.000e-04,6.21303,0.22169,0.27933,0.21410,0.18124,0.19341,0.15832,0.74134,0.35760,0.38374,29.36112,26.28713,0,14.92,88.8
1400,4,2.000e-04,6.99241,0.45250,0.32969,0.20140,0.21632,0.17361,0.23299,0.77782,0.39257,0.38525,31.79974,34.31199,0,14.76,95.6
1500,5,2.000e-04,6.70437,0.21147,0.29809,0.19738,0.22288,0.16538,0.23306,0.51557,0.25537,0.26020,43.45285,6.80502,0,14.78,102.4
1600,5,2.000e-04,10.02133,0.28757,0.35599,0.35140,0.30385,0.35399,0.21105,0.46492,0.21235,0.25258,43.48867,7.87856,0,14.54,109.2
1700,5,2.000e-04,9.27314,0.23713,0.61882,0.23830,0.35950,0.24312,0.24472,0.61916,0.41140,0.20776,59.13162,28.62285,0,14.31,116.2
1800,6,2.000e-04,9.94602,0.23247,0.24218,0.43618,0.22660,0.40103,0.16769,0.38617,0.19173,0.19444,41.16786,8.41495,0,14.22,123.3
1900,6,2.000e-04,5.07124,0.39323,0.21134,0.14644,0.16103,0.14903,0.12937,0.51885,0.29171,0.22715,21.49856,9.36939,0,14.49,130.2
2000,6,2.000e-04,7.37902,0.13725,0.23776,0.14836,0.30264,0.15458,0.34422,0.51563,0.22351,0.29211,32.68424,14.18547,0,14.46,137.1
2100,7,2.000e-04,6.46822,0.22404,0.57133,0.15739,0.22476,0.15312,0.21717,0.46993,0.27382,0.19612,33.14035,24.38166,0,14.66,143.9
2200,7,2.000e-04,7.59784,0.35709,0.93069,0.15352,0.26247,0.14191,0.28813,0.44987,0.18745,0.26242,33.34414,21.23586,0,14.50,150.8
2300,7,2.000e-04,5.49505,0.41078,0.40798,0.10117,0.22030,0.08768,0.20466,0.74614,0.48908,0.25707,27.36649,12.97403,0,14.68,157.6
2400,8,2.000e-04,6.75605,0.27198,0.15727,0.23161,0.19228,0.23689,0.18069,0.37557,0.16386,0.21171,26.78526,11.52101,0,14.59,164.5
2500,8,2.000e-04,5.17001,0.31875,0.38596,0.14107,0.17211,0.12075,0.14595,0.50986,0.34622,0.16364,24.55846,17.64712,0,14.63,171.3
2600,8,2.000e-04,6.79591,0.50368,0.23950,0.25109,0.16183,0.21866,0.16604,0.52813,0.20256,0.32556,33.59568,25.04181,0,14.76,178.1
2700,9,2.000e-04,6.69591,0.41840,0.40677,0.21489,0.19236,0.17424,0.18540,0.57014,0.23759,0.33255,23.34001,15.36826,0,15.70,184.4
2800,9,2.000e-04,7.51224,0.29379,0.13776,0.14962,0.32136,0.12057,0.35360,0.57054,0.34719,0.22335,29.08399,17.05592,0,15.79,190.8
2900,9,2.000e-04,6.98821,0.39245,0.30544,0.30506,0.18474,0.16940,0.10908,0.41008,0.25701,0.15308,39.66216,15.92147,0,15.77,197.1
3000,10,2.000e-04,9.09552,0.23713,0.42995,0.31512,0.28008,0.27129,0.22400,0.69982,0.34933,0.35050,55.66777,31.08252,0,1.52,262.8
3100,10,2.000e-04,4.50999,0.18213,0.15680,0.16783,0.13152,0.13323,0.10226,0.49872,0.19279,0.30593,18.55427,12.33044,0,13.04,270.4
3200,10,2.000e-04,5.46311,0.34156,0.42567,0.21113,0.07725,0.22191,0.14051,0.44168,0.19417,0.24751,49.39406,13.38511,0,15.63,276.8
3300,11,2.000e-04,5.04117,0.14140,0.33722,0.16669,0.13779,0.16799,0.13556,0.60284,0.29455,0.30829,18.81393,25.91642,0,15.92,283.1
3400,11,2.000e-04,7.36353,0.32683,0.30854,0.30193,0.14964,0.30048,0.14201,0.56929,0.35685,0.21244,33.50241,36.97448,0,15.90,289.4
3500,11,2.000e-04,5.34303,0.37095,0.56843,0.14171,0.16078,0.12275,0.15300,0.26059,0.17603,0.08456,27.62823,11.96168,0,15.91,295.7
3600,12,2.000e-04,4.70732,0.11163,0.20926,0.15958,0.14143,0.18351,0.09175,0.50742,0.24731,0.26010,29.06937,24.39318,0,15.86,302.0
3700,12,2.000e-04,5.43235,0.34437,0.47685,0.12702,0.19233,0.11755,0.16597,0.35206,0.13505,0.21701,20.83429,9.76259,0,15.65,308.4
3800,12,2.000e-04,5.96202,0.39586,0.35349,0.18486,0.19517,0.14204,0.14044,0.45984,0.25245,0.20739,52.78988,20.20553,0,15.65,314.8
3900,13,2.000e-04,5.86215,0.21253,0.27250,0.18098,0.18465,0.16712,0.17705,0.40104,0.18414,0.21690,33.45369,20.30970,0,15.85,321.1
4000,13,2.000e-04,7.03044,0.52300,0.63115,0.18623,0.21513,0.16890,0.20364,0.40309,0.20116,0.20193,34.09951,11.97331,0,15.87,327.4
4100,13,2.000e-04,8.20111,0.42405,0.41026,0.29223,0.15317,0.33476,0.24779,0.43255,0.17622,0.25633,42.19010,24.06573,0,15.76,333.7
4200,14,2.000e-04,5.58516,0.38045,0.82052,0.16092,0.12280,0.16860,0.14080,0.32662,0.19481,0.13180,20.00174,13.43268,0,15.79,340.1
4300,14,2.000e-04,9.20737,0.33039,0.35088,0.17805,0.41160,0.16200,0.36392,0.57317,0.09179,0.48139,30.57518,18.15793,0,15.93,346.3
4400,14,2.000e-04,6.78040,0.48874,0.25069,0.28667,0.12493,0.27370,0.11130,0.50577,0.37858,0.12719,31.27216,19.35143,0,15.93,352.6
4500,15,2.000e-04,7.13876,0.36438,0.57217,0.19923,0.25288,0.16587,0.17034,0.61301,0.24962,0.36339,54.00632,14.94140,0,15.87,358.9
4600,15,2.000e-04,7.40716,0.38825,0.36982,0.26720,0.19105,0.25888,0.15444,0.46603,0.28263,0.18340,49.52227,17.95869,0,15.46,365.4
4700,15,2.000e-04,5.09676,0.50335,0.29837,0.14627,0.13707,0.16611,0.12622,0.32254,0.15378,0.16875,20.03015,8.52742,0,15.65,371.8
4800,16,2.000e-04,8.10419,0.42606,0.20915,0.36932,0.16590,0.28190,0.14145,0.43872,0.27091,0.16781,36.92834,8.97942,0,15.17,378.4
4900,16,2.000e-04,6.98654,0.84495,0.19501,0.16768,0.26057,0.15791,0.17489,0.40632,0.17126,0.23505,30.26821,22.80247,0,14.65,385.2
5000,16,2.000e-04,7.12544,0.37379,0.52634,0.28689,0.12631,0.27847,0.14019,0.53158,0.27594,0.25564,28.59630,15.80330,0,14.42,392.1
5100,17,2.000e-04,5.53352,0.40832,0.38233,0.15329,0.16132,0.14020,0.17916,0.45676,0.19663,0.26013,24.11818,11.38794,0,14.69,398.9
5200,17,2.000e-04,6.09569,0.34554,0.37955,0.20656,0.15124,0.19399,0.16452,0.29343,0.11440,0.17903,19.59807,22.79988,0,14.65,405.8
5300,17,2.000e-04,4.88944,0.62201,0.14819,0.16475,0.11325,0.16395,0.10390,0.53883,0.39107,0.14776,23.34642,26.72699,0,15.03,412.4
5400,18,2.000e-04,6.71671,0.51406,0.29827,0.15939,0.23662,0.14877,0.24008,0.45779,0.24566,0.21213,18.24464,17.82937,0,14.80,419.2
5500,18,2.000e-04,4.64873,0.19159,0.78884,0.16326,0.09192,0.13114,0.09216,0.68406,0.44448,0.23958,23.69858,22.63569,0,15.00,425.8
5600,18,2.000e-04,6.36714,0.73480,0.18999,0.17472,0.19325,0.13359,0.21895,0.70904,0.27778,0.43126,31.88130,22.16175,0,15.74,432.2
5700,19,2.000e-04,5.56567,0.06082,0.34606,0.22050,0.13421,0.20234,0.12000,0.42238,0.28115,0.14123,23.71244,18.51367,0,15.72,438.6
5800,19,2.000e-04,5.37982,0.19923,0.60301,0.12950,0.18394,0.11756,0.17108,0.68281,0.29659,0.38622,21.38574,31.61352,0,15.76,444.9
5900,19,2.000e-04,9.80851,0.48267,0.45868,0.34593,0.29222,0.27234,0.22478,0.67387,0.37239,0.30148,41.32860,19.69991,0,15.76,451.2
6000,20,2.000e-04,6.37589,0.66520,0.48940,0.11714,0.23129,0.12025,0.22713,0.34341,0.16452,0.17889,30.85469,9.73732,0,1.38,523.8
6100,20,2.000e-04,5.56956,0.43837,0.72709,0.11078,0.18587,0.12260,0.16492,0.45464,0.09119,0.36345,21.32158,17.66199,0,12.85,531.6
6200,20,2.000e-04,5.04449,0.27667,0.40169,0.13318,0.16107,0.11998,0.16475,0.49570,0.33486,0.16085,15.91889,13.88674,0,14.81,538.3
6300,21,2.000e-04,5.91650,0.42292,0.36746,0.16969,0.19031,0.11824,0.18698,0.45625,0.16121,0.29504,20.15747,20.71388,0,15.22,544.9
6400,21,2.000e-04,5.06769,0.23225,0.48595,0.19411,0.09458,0.20592,0.08660,0.49517,0.24192,0.25325,29.77316,16.63569,0,15.81,551.2
6500,21,2.000e-04,6.56012,0.43553,0.19458,0.20571,0.20571,0.22361,0.13955,0.55861,0.28644,0.27216,25.75646,20.49667,0,15.82,557.5
6600,22,2.000e-04,7.15756,0.37984,0.81176,0.20214,0.21462,0.16701,0.19266,0.44361,0.25036,0.19326,25.79182,24.52757,0,15.83,563.9
6700,22,2.000e-04,4.74622,0.10816,0.19275,0.17519,0.13350,0.17148,0.10021,0.55812,0.26668,0.29144,24.60909,12.86407,0,15.80,570.2
6800,22,2.000e-04,5.79452,0.16105,0.74830,0.17186,0.18799,0.13144,0.12591,0.49026,0.18056,0.30971,30.74721,20.47169,0,15.74,576.5
6900,23,2.000e-04,4.55202,0.25149,1.07339,0.09963,0.12032,0.09554,0.10999,0.40479,0.20320,0.20159,13.27597,22.64436,0,15.72,582.9
7000,23,2.000e-04,6.61993,0.77708,0.25701,0.21896,0.17712,0.19398,0.13104,0.54396,0.39967,0.14429,27.38148,24.99021,0,15.73,589.3
7100,23,2.000e-04,4.00636,0.31727,0.23482,0.10131,0.12243,0.09755,0.14583,0.54132,0.22648,0.31485,21.72373,14.73112,0,15.46,595.7
7200,24,2.000e-04,8.49908,0.37077,0.58814,0.27059,0.22938,0.28434,0.22375,0.60827,0.19696,0.41131,40.01051,24.49634,0,15.42,602.2
7300,24,2.000e-04,5.45604,0.38667,0.59542,0.12851,0.18851,0.09873,0.16202,0.37675,0.17324,0.20351,29.91133,15.27851,0,14.90,608.9
7400,24,2.000e-04,8.36112,0.19352,0.56207,0.27141,0.25320,0.23927,0.23261,0.33616,0.21479,0.12137,31.49485,9.64737,0,14.81,615.7
7500,25,2.000e-04,4.95120,0.69207,0.26237,0.12973,0.13602,0.14154,0.12632,0.42152,0.24902,0.17250,25.81479,16.59944,0,15.00,622.3
7600,25,2.000e-04,8.33333,0.33260,0.42454,0.23042,0.28952,0.20553,0.26984,0.27953,0.12615,0.15338,27.59480,14.19888,0,12.53,630.3
7700,25,2.000e-04,5.27578,0.38917,0.20697,0.14476,0.16830,0.13812,0.17169,0.56956,0.19143,0.37813,19.08409,10.06010,0,12.71,638.2
7800,26,2.000e-04,5.36885,0.40687,0.76081,0.11016,0.17406,0.09901,0.17277,0.37021,0.12215,0.24806,29.23525,9.37117,0,12.81,646.0
7900,26,2.000e-04,4.32387,0.38876,0.64790,0.11657,0.10647,0.10810,0.10327,0.42322,0.19863,0.22459,23.69819,24.12120,0,13.10,653.6
8000,26,2.000e-04,5.69106,0.41325,0.39240,0.19540,0.14309,0.15726,0.14284,0.45017,0.23369,0.21649,47.78268,12.42580,0,14.04,660.8
8100,27,2.000e-04,4.87472,0.69165,0.37249,0.09363,0.17159,0.11880,0.11289,0.66409,0.28709,0.37701,22.47396,20.34706,0,14.66,667.6
8200,27,2.000e-04,6.15785,0.76470,0.35146,0.14632,0.19345,0.14825,0.18054,0.42414,0.26959,0.15454,23.48447,20.84190,0,13.61,674.9
8300,27,2.000e-04,7.26187,0.20771,0.38731,0.27926,0.17568,0.26397,0.15952,0.33460,0.17564,0.15897,62.51197,18.58761,0,12.47,682.9
8400,28,2.000e-04,6.29325,0.17307,0.27446,0.16653,0.23913,0.13912,0.21871,0.34939,0.17938,0.17001,21.89518,19.78002,0,14.19,690.0
8500,28,2.000e-04,5.61662,0.40607,0.66551,0.15044,0.16449,0.12965,0.14948,0.56841,0.23991,0.32850,21.30781,24.27250,0,14.61,696.8
8600,28,2.000e-04,6.80523,0.15232,0.40572,0.17703,0.26481,0.12431,0.24144,0.83157,0.30355,0.52802,46.12944,15.70127,0,14.62,703.7
8700,29,2.000e-04,5.94637,0.53244,0.35362,0.20451,0.14011,0.18692,0.13591,0.51184,0.32637,0.18547,25.99433,11.22656,0,14.40,710.6
8800,29,2.000e-04,4.40102,0.74928,0.41328,0.12040,0.09193,0.13867,0.08437,0.53633,0.18576,0.35056,18.03238,11.56378,0,14.58,717.5
8900,29,2.000e-04,5.54578,1.09885,0.54340,0.15356,0.10518,0.15592,0.10730,0.56561,0.22455,0.34105,26.14184,29.43488,0,14.51,724.4
9000,30,2.000e-04,6.35780,0.26738,0.57282,0.19173,0.18730,0.18433,0.16113,0.37752,0.28793,0.08959,24.35007,13.48555,0,1.62,786.2
9100,30,2.000e-04,4.60912,0.20269,0.44857,0.14651,0.12727,0.13127,0.11274,0.30832,0.04558,0.26273,18.00216,22.09807,0,12.99,793.9
9200,30,2.000e-04,7.46729,0.16804,0.12643,0.15622,0.33058,0.14024,0.32073,0.29690,0.17714,0.11976,26.68710,14.74613,0,13.90,801.1
9300,31,2.000e-04,4.28834,0.38371,0.30748,0.12124,0.11209,0.11047,0.14229,0.32042,0.10103,0.21939,14.59899,13.56401,0,13.91,808.3
9400,31,2.000e-04,5.17542,0.38440,0.31130,0.17764,0.13656,0.18349,0.08406,0.35276,0.20269,0.15007,36.55368,15.87994,0,14.13,815.3
9500,31,2.000e-04,4.57098,0.36468,0.27089,0.13455,0.14413,0.12787,0.10185,0.41332,0.16037,0.25295,27.92599,9.24947,0,12.59,823.3
9600,32,2.000e-04,5.66437,0.31025,0.21245,0.19162,0.15775,0.19380,0.13580,0.36207,0.13650,0.22557,24.87114,17.00685,0,13.04,831.0
9700,32,2.000e-04,4.79478,0.29138,0.09291,0.15890,0.14902,0.15145,0.11481,0.68294,0.32774,0.35520,29.29451,28.21986,0,13.65,838.3
9800,32,2.000e-04,3.85966,0.62568,0.20622,0.13353,0.07601,0.10628,0.08018,0.20706,0.07291,0.13415,16.90379,6.52535,0,14.85,845.0
9900,33,2.000e-04,5.32853,0.29033,0.05453,0.18970,0.14434,0.21581,0.11284,0.68173,0.37854,0.30319,33.62022,33.40978,0,14.65,851.8
10000,33,2.000e-04,5.74504,0.38444,0.64725,0.19003,0.12695,0.19089,0.11781,0.44445,0.12839,0.31606,21.26922,25.01561,0,14.23,858.9
10100,33,2.000e-04,5.74866,0.33967,0.77712,0.13762,0.17760,0.13343,0.16249,0.50909,0.30921,0.19989,34.00514,15.69394,0,14.07,866.0
10200,34,2.000e-04,6.55195,0.37159,0.89927,0.15394,0.19875,0.14933,0.20152,0.43864,0.13790,0.30074,23.85052,22.10730,0,14.19,873.0
10300,34,2.000e-04,6.74081,0.06915,0.63072,0.14679,0.23859,0.15456,0.28288,0.45059,0.36906,0.08153,41.40360,26.03484,0,13.79,880.3
10400,34,2.000e-04,4.06623,0.33407,0.17110,0.11462,0.13207,0.09774,0.12111,0.61821,0.38559,0.23262,28.24926,15.76325,0,14.40,887.2
10500,35,2.000e-04,5.09118,0.22557,0.33010,0.17217,0.13269,0.21681,0.08058,0.38123,0.17243,0.20880,25.31723,13.69471,0,14.73,894.0
10600,35,2.000e-04,5.30411,0.43070,0.51993,0.13349,0.16476,0.13088,0.14332,0.52600,0.28887,0.23713,20.29364,14.28835,0,15.04,900.7
10700,35,2.000e-04,4.29938,0.50502,0.21888,0.14063,0.11393,0.13520,0.07076,0.47459,0.30567,0.16892,21.75996,31.26765,0,15.23,907.2
10800,36,2.000e-04,5.50065,0.14598,0.62611,0.19846,0.13861,0.16419,0.10740,0.28498,0.08045,0.20454,32.96972,10.93445,0,14.45,914.1
10900,36,2.000e-04,7.19847,0.13369,0.30767,0.14486,0.35463,0.12399,0.22844,0.44080,0.29322,0.14758,33.77108,27.43229,0,12.04,922.5
11000,36,2.000e-04,4.52355,0.79434,0.42790,0.14418,0.08704,0.11620,0.08164,0.57243,0.32600,0.24643,22.15366,23.30819,0,13.63,929.8
11100,37,2.000e-04,8.28339,0.44145,0.72113,0.21220,0.33624,0.13686,0.19043,0.51175,0.37841,0.13334,53.63857,21.53126,0,14.10,936.9
11200,37,2.000e-04,4.45833,0.01716,0.14358,0.15075,0.13982,0.15762,0.12075,0.60381,0.41427,0.18955,25.87516,14.95951,0,11.63,945.5
11300,37,2.000e-04,6.84651,0.12350,0.45236,0.16297,0.26374,0.14570,0.25502,0.48005,0.25448,0.22557,23.76063,27.97615,0,12.13,953.7
11400,38,2.000e-04,4.66839,0.38571,0.33381,0.10762,0.15728,0.09230,0.16768,0.19868,0.12372,0.07496,22.97335,7.78411,0,13.79,961.0
11500,38,2.000e-04,6.59862,0.70576,0.60074,0.11776,0.22924,0.11722,0.24721,0.49565,0.30275,0.19290,27.48092,18.63701,0,13.51,968.4
11600,38,2.000e-04,5.56674,0.27908,0.25729,0.15819,0.16237,0.18764,0.17730,0.50041,0.24158,0.25883,49.27930,7.42250,0,13.66,975.7
11700,39,2.000e-04,6.09609,0.34455,0.66123,0.19403,0.17549,0.17941,0.09963,0.40197,0.10080,0.30117,29.06593,14.29207,0,13.14,983.3
11800,39,2.000e-04,7.07547,0.44388,0.28186,0.31039,0.12987,0.24873,0.14069,0.39836,0.24079,0.15756,32.32722,12.18092,0,12.40,991.4
11900,39,2.000e-04,5.23445,0.43920,0.46878,0.11345,0.17954,0.11377,0.16555,0.43179,0.09967,0.33213,18.50442,15.68926,0,13.15,999.0
12000,40,2.000e-04,5.07216,0.43183,0.61224,0.10532,0.16473,0.10122,0.16430,0.55050,0.39224,0.15825,19.77251,22.29692,0,1.59,1062.0
12100,40,2.000e-04,4.79366,0.55500,0.51309,0.16037,0.09114,0.15359,0.08850,0.22668,0.17068,0.05600,25.99716,8.46299,0,11.92,1070.4
12200,40,2.000e-04,4.06242,0.21153,0.56550,0.10179,0.10733,0.13315,0.10569,0.46608,0.22311,0.24296,17.39591,18.72493,0,12.67,1078.3
12300,41,2.000e-04,5.20566,0.46060,0.02539,0.17345,0.12387,0.20362,0.14568,0.62329,0.25890,0.36439,22.36088,11.59398,0,12.01,1086.6
12400,41,2.000e-04,6.44574,0.57308,0.59592,0.19441,0.16713,0.17215,0.16012,0.24452,0.12641,0.11810,29.52550,18.39153,0,12.35,1094.7
12500,41,2.000e-04,7.32135,0.41725,0.35396,0.29523,0.17297,0.21219,0.16144,0.60497,0.22119,0.38377,35.21234,24.67239,0,12.29,1102.9
12600,42,2.000e-04,5.34612,0.30134,0.37746,0.10261,0.22059,0.09347,0.19360,0.26315,0.19009,0.07306,17.44415,11.95002,0,13.31,1110.4
12700,42,2.000e-04,5.28852,0.81186,0.35368,0.17966,0.10187,0.16339,0.09814,0.46996,0.19068,0.27928,19.72403,14.68997,0,14.85,1117.1
12800,42,2.000e-04,3.99600,0.32298,0.40751,0.11843,0.11285,0.11101,0.07952,0.58681,0.35141,0.23540,21.35420,13.38674,0,14.95,1123.8
12900,43,2.000e-04,4.57353,0.46322,0.03959,0.17013,0.10669,0.13803,0.12248,0.66251,0.39369,0.26883,21.41179,18.25817,0,13.66,1131.1
13000,43,2.000e-04,4.20526,0.04632,0.79523,0.13743,0.09479,0.10068,0.10762,0.32752,0.19204,0.13547,30.09215,13.01596,0,13.86,1138.3
13100,43,2.000e-04,4.49726,0.42100,0.16058,0.10671,0.15482,0.10024,0.15984,0.32847,0.16148,0.16699,18.54569,16.56753,0,12.69,1146.2
13200,44,2.000e-04,4.35466,0.66132,0.22095,0.15124,0.09015,0.11534,0.09637,0.43073,0.25868,0.17205,18.79325,11.75367,0,11.99,1154.6
13300,44,2.000e-04,4.54469,0.18565,0.06436,0.11362,0.16840,0.13176,0.16314,0.40101,0.32817,0.07284,21.70926,20.01438,0,12.64,1162.5
13400,44,2.000e-04,4.16110,0.37170,0.36740,0.07651,0.15809,0.08452,0.13067,0.31209,0.07480,0.23729,21.90169,9.60660,0,12.04,1170.8
13500,45,2.000e-04,7.39699,0.48660,0.32684,0.26912,0.18621,0.26053,0.14552,0.46046,0.17426,0.28620,43.16063,15.44387,0,12.86,1178.5
13600,45,2.000e-04,4.53983,0.25563,0.36927,0.14222,0.11246,0.14518,0.12844,0.28717,0.20334,0.08383,22.51421,5.34618,0,13.14,1186.2
13700,45,2.000e-04,4.70851,0.54179,0.21222,0.13739,0.14207,0.11097,0.12100,0.54972,0.43449,0.11523,32.28245,12.80850,0,12.37,1194.2
13800,46,2.000e-04,4.34968,0.23596,0.31433,0.13851,0.13529,0.11747,0.09481,0.72895,0.62662,0.10233,25.26573,20.99716,0,12.31,1202.4
13900,46,2.000e-04,6.31591,0.49084,0.24672,0.18067,0.17931,0.17630,0.21941,0.45621,0.26072,0.19550,23.87664,10.30200,0,12.14,1210.6
14000,46,2.000e-04,5.90123,0.34226,0.32584,0.16615,0.22995,0.11123,0.14319,0.30651,0.12238,0.18412,79.05550,9.71926,0,13.97,1217.8
14100,47,2.000e-04,4.75918,0.44319,0.07863,0.16239,0.11385,0.15706,0.13794,0.53143,0.36991,0.16152,24.05879,15.49005,0,13.45,1225.2
14200,47,2.000e-04,6.61791,0.31944,1.13833,0.18263,0.17990,0.14436,0.16262,0.39141,0.23429,0.15712,26.42247,15.83184,0,13.53,1232.6
14300,47,2.000e-04,3.99320,0.14975,0.50220,0.11203,0.09644,0.12559,0.12573,0.30376,0.15169,0.15207,24.05796,9.37622,0,14.18,1239.6
14400,48,2.000e-04,5.91045,0.46174,0.23597,0.15051,0.19135,0.11892,0.23990,0.54442,0.31585,0.22857,35.25645,25.62906,0,14.53,1246.5
14500,48,2.000e-04,6.86105,0.57081,0.22924,0.23284,0.16914,0.27380,0.13446,0.39080,0.16099,0.22981,31.49157,14.72767,0,13.33,1254.0
14600,48,2.000e-04,4.88186,0.53852,0.46406,0.15728,0.10319,0.14922,0.10571,0.32815,0.13338,0.19477,26.22754,11.66160,0,12.39,1262.1
14700,49,2.000e-04,5.12979,0.49428,0.07825,0.17032,0.12466,0.14823,0.17326,0.62849,0.27153,0.35695,25.19489,17.14513,0,13.51,1269.5
14800,49,2.000e-04,5.08045,0.21739,0.15769,0.21652,0.09788,0.22736,0.08491,0.53976,0.21252,0.32724,30.83891,14.33438,0,12.21,1277.7
14900,49,2.000e-04,3.31136,0.27811,0.31369,0.09486,0.08676,0.09682,0.08384,0.33348,0.16577,0.16772,16.30249,11.17702,0,12.34,1285.8
15000,50,2.000e-04,5.83785,0.60395,0.49066,0.11158,0.20580,0.10055,0.21332,0.43308,0.26102,0.17206,25.96084,15.39514,0,1.53,1351.3
15100,50,2.000e-04,5.38447,0.02864,0.12730,0.14755,0.22464,0.14277,0.15856,0.46340,0.16886,0.29454,25.50181,12.57229,0,11.26,1360.2
15200,50,2.000e-04,4.79484,0.57507,0.32099,0.10799,0.15511,0.10650,0.14705,0.37597,0.15067,0.22530,18.88955,16.81762,0,13.18,1367.8
15300,51,2.000e-04,3.19245,0.21671,0.41593,0.07719,0.09159,0.07295,0.10146,0.65664,0.33947,0.31717,12.97584,21.83019,0,12.48,1375.8
15400,51,2.000e-04,4.61268,0.22039,0.72412,0.16339,0.09382,0.14398,0.07524,0.37939,0.27704,0.10235,22.99342,16.96421,0,12.52,1383.8
15500,51,2.000e-04,4.55452,0.04781,0.29298,0.15821,0.12290,0.14909,0.13144,0.52238,0.22375,0.29864,20.08437,19.31832,0,12.44,1391.8
15600,52,2.000e-04,5.29812,0.34320,0.57560,0.15294,0.15524,0.15009,0.10943,0.22577,0.13428,0.09150,26.55572,9.06455,0,12.61,1399.8
15700,52,2.000e-04,4.03629,0.29934,0.08806,0.11169,0.14975,0.09966,0.10725,0.55323,0.21939,0.33384,43.66034,11.99440,0,12.46,1407.8
15800,52,2.000e-04,5.43220,0.46554,0.74291,0.12685,0.15174,0.09843,0.18914,0.43883,0.16444,0.27439,21.97127,13.60716,0,13.43,1415.2
15900,53,2.000e-04,5.60277,0.47542,0.55029,0.14426,0.16541,0.13545,0.16062,0.47551,0.26859,0.20692,26.12520,12.06353,0,14.09,1422.3
16000,53,2.000e-04,7.32229,0.58708,0.23887,0.18448,0.26373,0.21425,0.18860,0.22649,0.17921,0.04728,30.01502,9.72042,0,15.13,1428.9
16100,53,2.000e-04,6.45846,0.58026,0.33021,0.23196,0.15560,0.18067,0.15381,0.29709,0.15026,0.14683,22.21632,16.97187,0,15.12,1435.6
16200,54,2.000e-04,3.73328,0.47988,0.06438,0.10705,0.10749,0.09636,0.11236,0.69023,0.43797,0.25226,19.08527,17.19567,0,14.98,1442.2
16300,54,2.000e-04,9.08963,0.11263,0.18336,0.17125,0.42263,0.18298,0.38799,0.45089,0.20762,0.24326,35.65406,22.23926,0,13.59,1449.6
16400,54,2.000e-04,4.94296,0.17709,0.54921,0.16624,0.12993,0.13935,0.11164,0.50403,0.34293,0.16110,24.75617,16.22864,0,14.15,1456.6
16500,55,2.000e-04,6.07315,0.52037,0.62934,0.15584,0.19600,0.12332,0.15770,0.14930,0.07502,0.07428,30.19186,4.14240,0,12.84,1464.4
16600,55,2.000e-04,5.76687,0.41412,0.62748,0.12448,0.18513,0.13807,0.18777,0.61655,0.25464,0.36191,17.05606,14.00855,0,12.36,1472.5
16700,55,2.000e-04,3.55382,0.13467,0.09926,0.12178,0.10296,0.11441,0.10009,0.44533,0.18116,0.26417,18.84659,8.00040,0,12.75,1480.4
16800,56,2.000e-04,4.71322,0.36023,0.09952,0.10039,0.17825,0.17681,0.11661,0.58174,0.21087,0.37087,29.02386,13.41923,0,12.16,1488.6
16900,56,2.000e-04,5.07021,0.16171,0.92127,0.11777,0.14793,0.13165,0.13439,0.47211,0.26845,0.20366,23.65403,17.74786,0,12.89,1496.3
17000,56,2.000e-04,4.19244,0.53754,0.39595,0.09967,0.12623,0.08908,0.11092,0.17743,0.04448,0.13295,21.37065,9.22412,0,12.50,1504.3
17100,57,2.000e-04,5.21677,0.41576,0.42029,0.16818,0.13195,0.14189,0.13401,0.53328,0.16822,0.36505,17.77811,11.99716,0,11.78,1512.8
17200,57,2.000e-04,4.04751,0.37078,0.81424,0.11244,0.08449,0.11048,0.06815,0.39084,0.25029,0.14055,14.88434,13.66198,0,12.32,1521.0
17300,57,2.000e-04,4.82364,0.24403,0.26834,0.15173,0.14712,0.12735,0.13720,0.45719,0.28477,0.17242,32.64113,10.76332,0,12.60,1528.9
17400,58,2.000e-04,4.34805,0.56766,0.29447,0.13077,0.09971,0.14108,0.09514,0.41181,0.23174,0.18006,21.28751,17.82000,0,12.84,1536.7
17500,58,2.000e-04,3.60571,0.35912,0.19218,0.09253,0.11244,0.08160,0.11935,0.38823,0.17572,0.21251,17.93440,10.65674,0,13.46,1544.1
17600,58,2.000e-04,4.39986,0.27641,0.46307,0.12810,0.10107,0.15703,0.11670,0.22712,0.14267,0.08446,10.99664,16.80128,0,14.83,1550.9
17700,59,2.000e-04,5.15132,0.25623,0.28611,0.14059,0.15523,0.12681,0.20335,0.31878,0.09188,0.22690,21.24314,14.99346,0,15.24,1557.4
17800,59,2.000e-04,3.97666,0.21113,0.43928,0.11691,0.10725,0.12391,0.09302,0.44481,0.13205,0.31276,22.24583,16.58906,0,14.50,1564.3
17900,59,2.000e-04,6.58173,0.24402,0.50346,0.16673,0.23640,0.13953,0.22106,0.50012,0.15454,0.34558,31.17674,19.02745,0,13.56,1571.7
18000,60,2.000e-04,5.24532,0.61082,0.16805,0.14485,0.16296,0.12806,0.14962,0.50293,0.07952,0.42342,27.28200,16.26372,0,1.71,1630.3
18100,60,2.000e-04,3.85427,0.60004,0.05587,0.11856,0.09686,0.12074,0.08810,0.54143,0.28020,0.26124,18.05222,19.07457,0,12.93,1638.0
18200,60,2.000e-04,7.52053,0.50469,0.14753,0.25068,0.20831,0.27011,0.18558,0.63239,0.15709,0.47530,31.73438,29.96247,0,13.94,1645.2
18300,61,2.000e-04,5.99058,0.59895,0.48009,0.18400,0.15518,0.17739,0.12657,0.66090,0.14153,0.51937,23.96536,10.28435,0,13.70,1652.5
18400,61,2.000e-04,6.24930,0.03765,0.44059,0.31179,0.09681,0.22410,0.11292,0.30543,0.12902,0.17641,25.59226,14.19015,0,14.13,1659.5
18500,61,2.000e-04,6.06409,0.91916,0.57196,0.11390,0.19351,0.09647,0.20329,0.39830,0.07628,0.32202,38.06168,10.58254,0,14.69,1666.3
18600,62,2.000e-04,5.13626,0.39462,0.40517,0.14981,0.12959,0.14272,0.16577,0.27949,0.17146,0.10804,25.51976,16.42159,0,15.24,1672.9
18700,62,2.000e-04,6.34743,0.46474,0.54952,0.18581,0.18466,0.18495,0.14076,0.51958,0.19829,0.32129,25.76267,9.66010,0,15.33,1679.4
18800,62,2.000e-04,5.46161,0.94077,0.58433,0.08431,0.16786,0.11489,0.16808,0.45745,0.12425,0.33320,18.66248,17.44738,0,14.78,1686.2
18900,63,2.000e-04,4.79274,0.16225,0.43181,0.15066,0.13246,0.12914,0.14435,0.48388,0.25104,0.23284,20.73863,13.31091,0,14.76,1693.0
19000,63,2.000e-04,7.68561,0.19632,0.46243,0.23414,0.20647,0.33023,0.19392,0.94454,0.54338,0.40116,37.13557,30.95294,0,15.16,1699.6
19100,63,2.000e-04,5.87133,0.29433,0.59417,0.16800,0.16910,0.17338,0.14899,0.25352,0.14128,0.11224,41.27527,15.08682,0,14.84,1706.3
19200,64,2.000e-04,8.56958,0.60666,0.15435,0.13263,0.40540,0.13355,0.35209,0.60127,0.16803,0.43324,33.39933,13.11039,0,14.96,1713.0
19300,64,2.000e-04,5.19822,0.21479,0.43778,0.11111,0.18073,0.13244,0.19300,0.41982,0.21554,0.20428,26.10024,15.68459,0,13.60,1720.3
19400,64,2.000e-04,4.41657,0.13362,0.15436,0.16479,0.12091,0.14311,0.11122,0.31213,0.15163,0.16049,20.29069,14.23268,0,14.16,1727.4
19500,65,2.000e-04,5.11999,0.54297,1.16829,0.08761,0.14306,0.07833,0.14207,0.28739,0.20352,0.08387,27.11144,12.58914,0,14.75,1734.2
19600,65,2.000e-04,4.07698,0.85701,0.20311,0.11359,0.08094,0.10973,0.10457,0.23965,0.11591,0.12374,14.42271,8.95098,0,15.16,1740.8
19700,65,2.000e-04,4.60098,0.54799,0.53263,0.11459,0.12448,0.11121,0.11473,0.35248,0.12896,0.22352,23.96854,16.78754,0,13.91,1748.0
19800,66,2.000e-04,3.49879,0.18494,0.49793,0.11370,0.07550,0.11250,0.07229,0.26259,0.15789,0.10470,26.15390,12.53905,0,14.08,1755.1
19900,66,2.000e-04,5.67017,0.61939,0.97786,0.18935,0.09186,0.15668,0.09548,0.25507,0.11066,0.14441,21.73056,12.92246,0,14.29,1762.1
20000,66,2.000e-04,5.02021,0.30469,0.65011,0.10648,0.15508,0.15766,0.13230,0.27252,0.16096,0.11155,17.76913,16.00851,0,14.30,1769.1
20100,67,2.000e-04,4.39750,0.39545,0.42206,0.09344,0.14187,0.13903,0.10636,0.20130,0.10992,0.09138,29.30671,10.64346,0,15.08,1775.7
20200,67,2.000e-04,5.10154,0.51776,0.77808,0.18300,0.09057,0.14676,0.06724,0.20537,0.07706,0.12831,31.52823,10.97265,0,15.29,1782.2
20300,67,2.000e-04,4.20430,0.30666,0.83099,0.09121,0.11621,0.08963,0.10888,0.34470,0.07708,0.26762,17.13715,10.35044,0,15.04,1788.9
20400,68,2.000e-04,5.85018,0.37371,0.49435,0.09681,0.20141,0.20491,0.19507,0.17863,0.11959,0.05905,28.66393,15.02108,0,15.01,1795.5
20500,68,2.000e-04,4.01280,0.24438,0.40358,0.10612,0.11690,0.11440,0.11253,0.55753,0.36397,0.19357,23.83051,15.99527,0,14.86,1802.3
20600,68,2.000e-04,5.11091,0.37769,0.47671,0.15633,0.13334,0.17887,0.09309,0.32104,0.14035,0.18069,24.22477,8.52955,0,13.99,1809.4
20700,69,2.000e-04,3.26903,0.26148,0.13168,0.09846,0.09651,0.09677,0.08847,0.20812,0.06170,0.14642,15.41848,15.03855,0,14.20,1816.5
20800,69,2.000e-04,6.03452,0.34872,0.95688,0.14572,0.17709,0.13968,0.16049,0.34261,0.11864,0.22398,25.24953,11.41776,0,14.01,1823.6
20900,69,2.000e-04,7.35298,0.69078,0.33486,0.28866,0.16487,0.25970,0.09871,0.71317,0.29750,0.41568,45.66483,15.21896,0,14.00,1830.7
21000,70,2.000e-04,4.82485,0.39005,0.81086,0.15276,0.08767,0.14387,0.10005,0.43719,0.11751,0.31968,18.39826,16.85580,0,1.63,1892.2
21100,70,2.000e-04,4.54788,0.41902,1.59087,0.09678,0.07403,0.09637,0.06961,0.51421,0.32669,0.18752,31.01251,25.89813,0,12.38,1900.3
21200,70,2.000e-04,5.86862,0.18184,0.69914,0.09809,0.22640,0.09985,0.24872,0.45567,0.28106,0.17462,24.57982,13.76894,0,13.70,1907.6
21300,71,2.000e-04,4.20797,0.29152,0.34998,0.14510,0.08836,0.16191,0.08447,0.39451,0.13663,0.25788,26.76796,10.05868,0,13.80,1914.9
21400,71,2.000e-04,6.14070,0.60176,1.53886,0.11309,0.14271,0.13189,0.15654,0.52318,0.33135,0.19183,37.38730,18.23100,0,14.03,1922.0
21500,71,2.000e-04,5.33076,0.60615,0.26255,0.12160,0.18182,0.10711,0.17845,0.44706,0.11160,0.33546,30.12916,17.66305,0,14.07,1929.1
21600,72,2.000e-04,4.63927,0.29520,0.70712,0.12835,0.11192,0.12925,0.11761,0.35201,0.10977,0.24223,33.77001,12.92700,0,14.41,1936.0
21700,72,2.000e-04,6.69369,0.08055,0.13511,0.31474,0.12283,0.29625,0.12422,0.41942,0.14938,0.27004,29.71189,19.32329,0,14.14,1943.1
21800,72,2.000e-04,4.41499,0.25608,0.44964,0.11541,0.12674,0.12257,0.13498,0.48582,0.25483,0.23100,34.21761,13.94772,0,14.02,1950.2
21900,73,2.000e-04,3.16409,0.31347,0.45818,0.07634,0.07716,0.09295,0.07854,0.55312,0.26135,0.29177,12.86081,14.26578,0,13.82,1957.5
22000,73,2.000e-04,3.74672,0.26736,0.23245,0.13062,0.09605,0.12275,0.07329,0.50880,0.18065,0.32815,19.92800,12.91929,0,13.96,1964.6
22100,73,2.000e-04,4.28481,0.07253,0.97577,0.10922,0.11562,0.09123,0.10640,0.42888,0.13444,0.29445,24.61246,25.07981,0,14.11,1971.7
22200,74,2.000e-04,5.80345,0.22206,0.31615,0.16079,0.18228,0.15780,0.20911,0.39279,0.14373,0.24907,24.14899,15.87046,0,14.05,1978.8
22300,74,2.000e-04,4.46026,0.02877,0.61032,0.17033,0.09627,0.13872,0.09233,0.59881,0.19288,0.40592,31.93973,23.96571,0,14.20,1985.9
22400,74,2.000e-04,3.70685,0.41976,0.29184,0.10272,0.09614,0.09319,0.10813,0.46194,0.16232,0.29962,50.03635,14.87321,0,14.34,1992.9
22500,75,2.000e-04,3.64997,0.63180,0.02906,0.08953,0.10686,0.07243,0.13262,0.51182,0.32703,0.18480,17.34010,24.75119,0,14.27,1999.9
22600,75,2.000e-04,5.32110,0.39729,0.30614,0.11752,0.17292,0.14662,0.19604,0.48882,0.15126,0.33756,24.26307,11.67812,0,14.22,2006.9
22700,75,2.000e-04,6.03304,0.55680,0.56436,0.18808,0.17500,0.15301,0.10321,0.41710,0.20604,0.21106,37.94960,14.39947,0,14.34,2013.9
22800,76,2.000e-04,3.51235,0.29904,0.29940,0.12717,0.07318,0.11817,0.06390,0.24936,0.07618,0.17318,25.02943,11.42310,0,14.30,2020.9
22900,76,2.000e-04,5.78946,0.64618,0.15565,0.16285,0.16266,0.16126,0.18525,0.83046,0.19574,0.63472,20.72157,37.69014,0,14.15,2027.9
23000,76,2.000e-04,5.26259,0.43773,0.12804,0.17890,0.16410,0.14695,0.10642,0.23680,0.11140,0.12540,25.65136,15.84077,0,14.15,2035.0
23100,77,2.000e-04,3.71921,0.17605,0.45684,0.13392,0.07590,0.12995,0.06767,0.24837,0.06274,0.18563,17.39009,7.35182,0,14.08,2042.1
23200,77,2.000e-04,4.74265,0.54989,0.34798,0.16019,0.10728,0.14318,0.09084,0.38299,0.13927,0.24372,35.38079,12.73773,0,14.20,2049.1
23300,77,2.000e-04,3.43073,0.14776,0.63049,0.07617,0.09875,0.08538,0.09529,0.31935,0.21565,0.10371,30.01601,13.15110,0,14.57,2056.0
23400,78,2.000e-04,3.77344,0.23266,0.38769,0.10342,0.10744,0.09854,0.11035,0.31189,0.14230,0.16960,24.26714,16.47472,0,15.22,2062.6
23500,78,2.000e-04,3.91065,0.41883,0.15244,0.10339,0.12866,0.07602,0.12776,0.44069,0.16214,0.27855,23.99774,20.66627,0,14.07,2069.7
23600,78,2.000e-04,7.91234,0.62967,0.72587,0.15847,0.28154,0.17506,0.25628,0.12203,0.06728,0.05475,32.77780,9.75923,0,14.01,2076.8
23700,79,2.000e-04,3.75049,0.33644,0.28569,0.09208,0.11015,0.11198,0.10924,0.33601,0.25063,0.08538,22.06320,17.94705,0,15.29,2083.4
23800,79,2.000e-04,5.97698,0.34427,1.04613,0.13858,0.15475,0.19246,0.13820,0.26686,0.08142,0.18545,55.42940,12.38237,0,15.29,2089.9
23900,79,2.000e-04,3.99103,0.42955,0.79062,0.08549,0.10329,0.07386,0.10275,0.35612,0.23006,0.12606,23.10876,18.76412,0,15.26,2096.5
24000,80,2.000e-04,4.87237,0.19807,0.41129,0.15655,0.11673,0.18329,0.12275,0.23356,0.11156,0.12200,37.47884,9.65254,0,1.63,2157.7
24100,80,2.000e-04,5.38161,0.32142,1.22195,0.14255,0.11581,0.15396,0.09698,0.38988,0.18900,0.20088,30.51920,22.60339,0,10.80,2167.0
24200,80,2.000e-04,5.43443,0.33625,0.58348,0.11183,0.18604,0.14243,0.16477,0.22169,0.04786,0.17383,43.92068,13.23709,0,14.92,2173.7
24300,81,2.000e-04,4.22111,0.45655,0.63813,0.09585,0.12644,0.09764,0.08307,0.28766,0.14145,0.14621,19.54008,12.84581,0,14.81,2180.4
24400,81,2.000e-04,5.49957,0.43174,0.59324,0.11644,0.19198,0.09445,0.18364,0.26337,0.11871,0.14466,41.82120,14.98066,0,13.77,2187.7
24500,81,2.000e-04,3.35429,0.15039,0.24698,0.11707,0.06683,0.13859,0.08499,0.51246,0.25236,0.26010,29.12021,11.20269,0,12.14,2195.9
24600,82,2.000e-04,4.94311,0.41375,0.31999,0.08053,0.19731,0.08674,0.19945,0.25953,0.19962,0.05991,20.50234,8.60652,0,13.00,2203.6
24700,82,2.000e-04,4.72115,0.18076,0.20126,0.07484,0.23204,0.08960,0.16447,0.55092,0.36277,0.18815,23.72174,13.70811,0,14.36,2210.6
24800,82,2.000e-04,4.51404,0.08803,0.96809,0.13937,0.09527,0.15047,0.07183,0.25070,0.12186,0.12885,37.21138,13.58375,0,14.31,2217.6
24900,83,2.000e-04,5.32171,0.17038,0.61080,0.18555,0.12143,0.20750,0.08663,0.43178,0.20115,0.23063,32.79396,18.52205,0,14.58,2224.4
25000,83,2.000e-04,4.18589,0.26987,0.10221,0.17512,0.09059,0.12564,0.10569,0.75630,0.36830,0.38800,31.07449,21.00683,0,15.13,2231.0
25100,83,2.000e-04,4.34224,0.66446,0.40021,0.12240,0.10071,0.11795,0.09134,0.43184,0.20418,0.22766,20.08749,11.28649,0,14.28,2238.1
25200,84,2.000e-04,4.23647,0.47142,0.32583,0.10021,0.13401,0.08557,0.13383,0.37301,0.16091,0.21211,35.61603,14.49739,0,14.25,2245.1
25300,84,2.000e-04,3.69945,0.18478,0.15573,0.08789,0.12896,0.09525,0.14283,0.39285,0.22594,0.16691,21.64004,11.91138,0,14.29,2252.1
25400,84,2.000e-04,5.73133,0.48633,0.35989,0.24337,0.08771,0.23147,0.08340,0.32495,0.10013,0.22482,28.92236,11.81316,0,14.44,2259.0
25500,85,2.000e-04,4.70584,0.54855,0.49640,0.15034,0.11527,0.14245,0.05852,0.24761,0.13916,0.10845,31.85248,14.04808,0,15.26,2265.6
25600,85,2.000e-04,4.15690,0.08809,0.53253,0.14568,0.10767,0.13365,0.06691,0.37019,0.18039,0.18981,43.01341,8.90697,0,15.38,2272.1
25700,85,2.000e-04,4.65762,0.41483,0.03475,0.12297,0.14933,0.15419,0.14283,0.67090,0.38713,0.28377,20.70681,22.82010,0,15.23,2278.6
25800,86,2.000e-04,5.30526,0.20084,0.03990,0.16336,0.17575,0.19171,0.14297,0.22848,0.09579,0.13269,24.27701,13.35937,0,14.68,2285.4
25900,86,2.000e-04,5.21953,0.45608,0.11002,0.16647,0.14597,0.15670,0.14912,0.41347,0.21207,0.20140,31.87399,17.00650,0,14.34,2292.4
26000,86,2.000e-04,3.96762,0.33125,0.50442,0.11282,0.09478,0.15145,0.05976,0.26588,0.11040,0.15548,32.28251,10.19309,0,14.19,2299.4
26100,87,2.000e-04,3.83243,0.02860,0.33736,0.12568,0.10271,0.08998,0.14654,1.13028,0.15934,0.97094,29.08184,18.55779,0,14.85,2306.2
26200,87,2.000e-04,3.59218,0.53499,0.29069,0.07884,0.09500,0.09905,0.10658,0.48632,0.08781,0.39850,23.78582,13.52589,0,15.20,2312.8
26300,87,2.000e-04,3.52023,0.06721,0.60166,0.09508,0.09350,0.10276,0.09036,0.70887,0.23386,0.47500,22.20845,17.11648,0,15.16,2319.4
26400,88,2.000e-04,4.77561,0.65975,0.06652,0.14890,0.13378,0.13672,0.10779,0.70907,0.21473,0.49434,21.87780,24.60045,0,14.27,2326.4
26500,88,2.000e-04,4.80213,0.13632,0.23368,0.13164,0.15729,0.11842,0.19015,0.50954,0.17862,0.33092,35.84749,11.29443,0,14.37,2333.3
26600,88,2.000e-04,5.76120,0.56062,0.53785,0.10490,0.20839,0.10542,0.20053,0.21539,0.11320,0.10219,43.86261,14.88794,0,14.07,2340.4
26700,89,2.000e-04,4.31755,0.24223,0.47438,0.12788,0.12610,0.11914,0.09308,0.47150,0.26319,0.20831,26.74870,23.95388,0,14.33,2347.4
26800,89,2.000e-04,6.35486,0.49670,0.30861,0.18273,0.18483,0.18527,0.18953,0.18896,0.06034,0.12862,30.01284,6.21132,0,14.23,2354.4
26900,89,2.000e-04,5.41547,0.47080,0.65604,0.15706,0.14607,0.13636,0.11512,0.69985,0.43973,0.26012,22.76993,19.77783,0,14.32,2361.4
27000,90,2.000e-04,5.12995,0.47262,0.40983,0.13107,0.18593,0.11014,0.10535,0.34969,0.17294,0.17676,28.80164,8.78049,0,1.66,2421.6
27100,90,2.000e-04,5.00856,0.31202,0.09875,0.14433,0.16387,0.14167,0.16147,0.52196,0.26292,0.25904,22.92924,12.23409,0,13.87,2428.8
27200,90,2.000e-04,4.20969,0.20161,0.43288,0.08185,0.15712,0.09251,0.14458,0.38870,0.20702,0.18168,25.59601,19.38705,0,15.23,2435.3
27300,91,2.000e-04,3.54248,0.43434,0.41370,0.10087,0.08525,0.09036,0.07629,0.33021,0.12017,0.21004,22.15648,7.28210,0,14.42,2442.3
27400,91,2.000e-04,4.82022,0.19559,0.99566,0.11113,0.14936,0.09032,0.11448,0.56889,0.10330,0.46559,35.78151,27.59639,0,14.55,2449.1
27500,91,2.000e-04,6.28189,0.62780,0.18864,0.18635,0.17550,0.21600,0.15340,0.75294,0.43716,0.31579,21.89869,17.36975,0,14.95,2455.8
27600,92,2.000e-04,4.76212,0.28563,0.33654,0.12752,0.18187,0.08728,0.12193,0.49132,0.13378,0.35755,26.87148,18.20121,0,14.74,2462.6
27700,92,2.000e-04,5.44514,0.53759,0.29070,0.17261,0.16376,0.16645,0.08418,0.34790,0.27675,0.07116,38.17883,19.03651,0,14.63,2469.4
27800,92,2.000e-04,5.21064,0.82134,0.58537,0.15221,0.10081,0.17913,0.07561,0.29150,0.10013,0.19137,38.91936,12.93469,0,14.70,2476.2
27900,93,2.000e-04,4.26792,0.16787,0.50778,0.10431,0.15287,0.09997,0.10412,0.38206,0.15197,0.23009,24.63409,15.33412,0,14.63,2483.1
28000,93,2.000e-04,3.46023,0.21107,0.38833,0.09045,0.10030,0.08254,0.10812,0.23936,0.05962,0.17974,16.79210,8.81332,0,14.29,2490.1
28100,93,2.000e-04,6.00148,0.58885,0.44296,0.10339,0.25220,0.10422,0.17853,0.20072,0.10396,0.09675,21.78159,10.46049,0,14.00,2497.2
28200,94,2.000e-04,5.72405,0.75781,1.02034,0.16446,0.10594,0.18847,0.05990,0.10581,0.02227,0.08354,39.99889,7.33117,0,14.22,2504.3
28300,94,2.000e-04,3.87752,0.17719,0.34350,0.12072,0.10904,0.11883,0.09301,0.27451,0.04843,0.22608,24.69028,8.78487,0,14.49,2511.2
28400,94,2.000e-04,3.52911,0.08679,0.33186,0.09500,0.13068,0.07968,0.09105,0.75363,0.23093,0.52270,15.83158,19.49758,0,14.50,2518.0
28500,95,2.000e-04,5.08145,0.27578,0.35680,0.23150,0.11208,0.11790,0.08470,0.39640,0.08415,0.31224,28.45007,14.54199,0,14.66,2524.9
28600,95,2.000e-04,4.06615,0.16490,0.29479,0.10684,0.13203,0.13946,0.10409,0.53321,0.42569,0.10753,21.18487,9.92529,0,14.44,2531.8
28700,95,2.000e-04,4.58830,0.29428,0.40507,0.09673,0.14345,0.09329,0.20415,0.40857,0.13744,0.27114,21.72942,16.46558,0,14.30,2538.8
28800,96,2.000e-04,5.10506,0.63839,0.15549,0.12955,0.15759,0.14668,0.14128,0.26010,0.10719,0.15291,21.52289,10.46239,0,14.68,2545.6
28900,96,2.000e-04,3.92836,0.22388,0.63364,0.10529,0.09973,0.11274,0.09137,0.49084,0.34828,0.14256,19.37733,15.21594,0,15.19,2552.2
29000,96,2.000e-04,4.14164,0.27436,0.34016,0.13314,0.11619,0.10274,0.10402,0.49076,0.29162,0.19914,23.44159,17.71945,0,14.40,2559.1
29100,97,2.000e-04,5.64872,0.37296,1.36862,0.09130,0.20482,0.07779,0.11141,0.36427,0.18033,0.18394,48.36880,15.26721,0,14.87,2565.8
29200,97,2.000e-04,5.77009,0.33356,0.28687,0.16853,0.15325,0.17799,0.20837,0.18177,0.09131,0.09045,58.00700,8.20442,0,14.29,2572.8
29300,97,2.000e-04,3.77579,0.03531,0.45469,0.09980,0.10001,0.14737,0.11017,0.94050,0.34014,0.60037,19.30105,29.46405,0,14.44,2579.8
29400,98,2.000e-04,3.47668,0.13241,0.26214,0.10837,0.12190,0.10209,0.05380,0.47797,0.27378,0.20419,13.08395,18.78363,0,14.44,2586.7
29500,98,2.000e-04,3.80599,0.25911,0.47618,0.09566,0.11445,0.10154,0.09239,0.48813,0.25808,0.23005,25.03360,12.31687,0,14.54,2593.6
29600,98,2.000e-04,3.88451,0.37107,0.38880,0.11749,0.10471,0.08883,0.09169,0.37105,0.17785,0.19321,18.84350,15.81322,0,14.71,2600.4
29700,99,2.000e-04,4.20445,0.21328,0.54097,0.08767,0.13093,0.10772,0.14512,0.44182,0.25487,0.18695,30.95118,11.37565,0,14.94,2607.1
29800,99,2.000e-04,4.05856,0.61560,0.85479,0.08761,0.08387,0.07923,0.09545,0.35930,0.06352,0.29578,31.22924,9.27547,0,15.34,2613.6
29900,99,2.000e-04,4.26266,0.61374,0.10822,0.13053,0.12211,0.12797,0.07488,0.48931,0.23577,0.25354,23.72780,19.47334,0,15.31,2620.1
30000,100,2.000e-04,2.99947,0.42191,0.12570,0.08406,0.08536,0.07820,0.07334,0.58878,0.45813,0.13065,11.94267,28.45055,0,1.49,2687.1
30100,100,2.000e-04,4.19688,0.48458,0.73790,0.08659,0.10388,0.08092,0.13302,0.37463,0.18869,0.18594,33.30757,12.73331,0,13.10,2694.8
30200,100,2.000e-04,5.65958,0.30151,0.04086,0.13722,0.20104,0.12720,0.25972,0.46942,0.15929,0.31012,26.72037,8.61500,0,14.73,2701.6
30300,101,2.000e-04,4.17069,0.31474,0.25025,0.13674,0.11154,0.11642,0.10816,0.36973,0.14253,0.22720,22.12676,13.50121,0,14.79,2708.3
30400,101,2.000e-04,3.51839,0.22199,0.61438,0.11376,0.07398,0.09126,0.06966,0.42707,0.09259,0.33448,19.26063,8.23503,0,14.83,2715.1
30500,101,2.000e-04,5.02101,0.06026,0.36044,0.13134,0.13924,0.22229,0.15660,0.99557,0.55412,0.44145,20.57243,15.35476,0,14.89,2721.8
30600,102,2.000e-04,4.27463,0.19978,0.45027,0.15447,0.09455,0.15378,0.07309,0.72040,0.55048,0.16991,27.59935,13.48790,0,14.86,2728.5
30700,102,2.000e-04,3.53165,0.48674,0.20513,0.09702,0.09102,0.10984,0.08202,0.36823,0.16474,0.20349,14.66273,12.03072,0,14.79,2735.3
30800,102,2.000e-04,6.08062,0.60545,0.47947,0.15416,0.18223,0.16777,0.15859,0.23043,0.11270,0.11772,22.22526,9.31736,0,14.88,2742.0
30900,103,2.000e-04,4.53355,0.58665,0.94132,0.09953,0.11181,0.10288,0.07556,0.36797,0.17987,0.18811,36.86567,8.44065,0,14.78,2748.8
31000,103,2.000e-04,4.20655,0.16243,0.30209,0.14462,0.11922,0.12417,0.09654,0.30430,0.09217,0.21212,29.98521,7.10685,0,14.69,2755.6
31100,103,2.000e-04,4.72102,0.26916,1.12336,0.13095,0.09199,0.12963,0.09019,0.28580,0.06220,0.22359,31.48490,11.64267,0,14.84,2762.3
31200,104,2.000e-04,5.23816,0.49140,0.31246,0.09602,0.21687,0.07478,0.18629,0.37200,0.17257,0.19942,23.90306,19.17116,0,14.80,2769.1
31300,104,2.000e-04,4.48715,0.85045,0.51640,0.09659,0.11180,0.08322,0.12406,0.29651,0.15034,0.14617,22.72133,12.31630,0,14.69,2775.9
31400,104,2.000e-04,3.89419,0.40758,0.90114,0.08836,0.08538,0.09470,0.07492,0.33029,0.15574,0.17455,25.36862,11.50088,0,14.55,2782.7
31500,105,2.000e-04,6.21596,0.37074,0.24601,0.19579,0.17942,0.20181,0.16761,0.61745,0.21945,0.39800,39.34577,9.91458,0,14.56,2789.6
31600,105,2.000e-04,3.42788,0.37841,0.02358,0.10646,0.09751,0.10708,0.09016,0.53424,0.34431,0.18994,17.82953,14.87259,0,14.03,2796.7
31700,105,2.000e-04,6.19265,0.57189,1.69702,0.10191,0.18058,0.08893,0.13083,0.33516,0.19521,0.13995,33.05879,18.06120,0,15.14,2803.4
31800,106,2.000e-04,4.45848,0.80439,0.22126,0.11676,0.13637,0.10594,0.07436,0.48894,0.24268,0.24626,28.41185,18.27892,0,15.32,2809.9
31900,106,2.000e-04,4.50453,0.48650,0.50543,0.12603,0.11161,0.12635,0.10090,0.41240,0.11551,0.29689,24.67602,15.22776,0,14.91,2816.6
32000,106,2.000e-04,3.74637,0.28062,0.10344,0.10055,0.12536,0.09493,0.12572,0.89482,0.52174,0.37308,13.17799,24.67261,0,14.79,2823.3
32100,107,2.000e-04,4.03117,0.18174,0.51998,0.09413,0.13749,0.10450,0.09815,0.47276,0.20971,0.26305,28.19852,9.95301,0,14.27,2830.4
32200,107,2.000e-04,4.92355,0.94405,0.75542,0.14489,0.06876,0.14676,0.07075,0.19183,0.06726,0.12458,25.25771,12.35209,0,14.07,2837.5
32300,107,2.000e-04,4.00979,0.33788,0.90571,0.08723,0.10874,0.06607,0.09522,0.14489,0.10419,0.04070,30.83355,5.10503,0,13.45,2844.9
32400,108,2.000e-04,3.66384,0.20379,0.08206,0.09642,0.12728,0.10071,0.12749,0.59237,0.21919,0.37318,32.09906,9.67107,0,14.44,2851.8
32500,108,2.000e-04,4.49107,0.77497,0.61181,0.09016,0.11799,0.10314,0.10142,0.79068,0.37350,0.41717,23.71570,15.21926,0,14.44,2858.7
32600,108,2.000e-04,4.42927,0.74460,0.81848,0.08506,0.10643,0.08208,0.10817,0.59512,0.31962,0.27550,19.84761,21.04935,0,14.45,2865.7
32700,109,2.000e-04,3.94486,0.67396,0.41646,0.08820,0.07147,0.11430,0.13725,0.51800,0.15433,0.36366,23.81216,13.69533,0,14.28,2872.7
32800,109,2.000e-04,3.40106,0.20796,0.52158,0.07792,0.09857,0.08412,0.09721,0.26324,0.06517,0.19807,17.32675,9.00687,0,14.43,2879.6
32900,109,2.000e-04,4.08536,0.58779,0.16990,0.12625,0.08792,0.17128,0.06591,0.22456,0.12579,0.09877,22.37858,7.21503,0,14.61,2886.4
33000,110,2.000e-04,4.36586,0.30773,0.21860,0.16111,0.07783,0.18699,0.10303,0.48567,0.13795,0.34772,22.83560,9.44297,0,1.43,2956.3
33100,110,2.000e-04,4.89467,0.19091,0.77154,0.15946,0.09932,0.13956,0.12933,0.44993,0.16457,0.28536,28.38169,14.97407,0,13.26,2963.8
33200,110,2.000e-04,4.01133,0.36563,0.16333,0.08661,0.17102,0.09459,0.08663,0.31998,0.11028,0.20970,21.34529,9.90644,0,14.50,2970.7
33300,111,2.000e-04,5.97492,0.33757,1.12941,0.12115,0.19389,0.09178,0.17973,0.48149,0.33254,0.14895,31.47743,16.58879,0,13.56,2978.1
33400,111,2.000e-04,4.57700,0.48925,0.20503,0.10219,0.13967,0.10349,0.18933,0.27866,0.05180,0.22686,30.12393,6.54963,0,12.27,2986.3
33500,111,2.000e-04,5.14074,0.55351,0.21780,0.12779,0.17385,0.12431,0.14631,0.35983,0.22004,0.13979,20.23703,8.54049,0,12.62,2994.2
33600,112,2.000e-04,3.98452,0.61717,0.28474,0.10818,0.10153,0.10950,0.08759,0.30628,0.05309,0.25320,16.90168,10.60299,0,12.52,3002.2
33700,112,2.000e-04,4.74350,0.35840,0.79015,0.08782,0.16827,0.07654,0.13028,0.38335,0.04803,0.33532,23.05024,9.64264,0,14.36,3009.1
33800,112,2.000e-04,3.47724,0.38288,0.92330,0.09826,0.05112,0.08166,0.05379,0.42971,0.35694,0.07278,39.31272,20.95697,0,12.30,3017.3
33900,113,2.000e-04,4.63708,0.28794,0.38029,0.09342,0.16697,0.10242,0.17057,0.42328,0.14691,0.27637,28.21279,18.73363,0,12.04,3025.6
34000,113,2.000e-04,5.05674,0.55457,0.70605,0.12213,0.12711,0.11892,0.14181,0.56839,0.05046,0.51792,22.70134,8.88011,0,12.69,3033.5
34100,113,2.000e-04,4.88487,0.54592,0.96060,0.14020,0.10427,0.10500,0.08175,0.69696,0.45287,0.24409,29.06728,24.36686,0,13.45,3040.9
34200,114,2.000e-04,3.51460,0.39973,0.54835,0.08280,0.08739,0.09583,0.07707,0.29272,0.15295,0.13978,16.24979,6.57260,0,13.74,3048.2
34300,114,2.000e-04,3.80439,0.50325,0.27651,0.12355,0.09178,0.10100,0.07325,0.43133,0.12473,0.30659,19.90214,11.89724,0,12.77,3056.0
34400,114,2.000e-04,4.89341,0.53613,0.21669,0.10713,0.16123,0.10444,0.18698,0.54877,0.32607,0.22271,23.25287,15.68879,0,12.76,3063.8
34500,115,2.000e-04,3.94313,0.62277,0.05151,0.09836,0.12279,0.09970,0.11177,0.64494,0.35802,0.28693,13.90738,28.89520,0,12.44,3071.9
34600,115,2.000e-04,3.45563,0.47364,0.55292,0.10732,0.05580,0.10749,0.05208,0.41947,0.29030,0.12917,14.27452,8.85935,0,12.62,3079.8
34700,115,2.000e-04,4.56267,0.44448,0.73296,0.07843,0.15868,0.09732,0.10553,0.16372,0.08257,0.08115,31.44393,9.44936,0,12.67,3087.7
34800,116,2.000e-04,3.95467,0.38828,0.09964,0.09537,0.11655,0.11431,0.15520,0.22109,0.15814,0.06295,20.44755,10.71975,0,12.59,3095.6
34900,116,2.000e-04,3.80459,0.07383,0.34772,0.10163,0.12912,0.08965,0.12544,0.41851,0.10827,0.31024,32.66853,9.38131,0,12.71,3103.5
35000,116,2.000e-04,3.11018,0.07760,0.05797,0.10783,0.09755,0.11113,0.07305,0.77504,0.31141,0.46363,24.36526,16.45104,0,12.90,3111.2
35100,117,2.000e-04,3.90915,0.15498,0.15606,0.09363,0.15385,0.09845,0.12621,0.63021,0.21672,0.41349,35.17283,10.66555,0,12.65,3119.2
35200,117,2.000e-04,4.47134,0.21687,0.29495,0.06484,0.22012,0.06675,0.15522,0.62332,0.21774,0.40558,42.28674,11.15139,0,12.73,3127.0
35300,117,2.000e-04,4.88011,0.77889,0.78060,0.10975,0.10711,0.13227,0.09814,0.59500,0.04667,0.54833,21.01262,21.87294,0,12.56,3135.0
35400,118,2.000e-04,3.60214,0.43397,0.14092,0.09692,0.09895,0.09159,0.12212,0.34715,0.15748,0.18967,17.17414,11.72943,0,12.59,3142.9
35500,118,2.000e-04,6.67132,0.30800,0.87736,0.13214,0.23669,0.15487,0.20465,0.27014,0.07762,0.19252,49.80187,7.14365,0,12.59,3150.9
35600,118,2.000e-04,5.05200,0.28380,0.02688,0.08436,0.23654,0.10489,0.20158,0.43673,0.17941,0.25732,24.18204,9.79670,0,12.15,3159.1
35700,119,2.000e-04,4.24761,0.40912,0.37676,0.10178,0.13605,0.13192,0.08476,0.28781,0.19280,0.09501,36.90614,11.40895,0,12.29,3167.2
35800,119,2.000e-04,4.62529,0.47705,0.22735,0.17462,0.09134,0.18188,0.07039,0.15331,0.11204,0.04127,25.08110,7.61398,0,12.61,3175.2
35900,119,2.000e-04,3.11066,0.10116,0.06206,0.10634,0.09136,0.10431,0.08977,0.92910,0.43586,0.49324,21.91170,20.33751,0,13.09,3182.8
36000,120,2.000e-04,4.20052,0.37004,0.36742,0.14148,0.08953,0.15391,0.07666,0.19511,0.02440,0.17072,24.88152,13.08642,0,1.42,3253.4
36100,120,2.000e-04,3.21331,0.52848,0.16968,0.08452,0.08168,0.10588,0.06476,0.26442,0.12907,0.13535,22.09881,17.32967,0,11.04,3262.5
36200,120,2.000e-04,3.82716,0.30360,0.53870,0.11486,0.07042,0.13445,0.09195,0.36828,0.05489,0.31339,23.60479,15.66731,0,12.38,3270.6
36300,121,2.000e-04,4.38471,0.39948,0.39874,0.09867,0.14652,0.11362,0.11329,0.40517,0.10446,0.30071,24.00720,9.36385,0,12.62,3278.5
36400,121,2.000e-04,5.13370,0.05196,0.92938,0.17513,0.11188,0.13512,0.12133,0.45113,0.04440,0.40673,40.41869,26.64713,0,12.59,3286.4
36500,121,2.000e-04,3.88967,0.53499,0.28738,0.11661,0.09170,0.10263,0.09421,0.38340,0.20326,0.18014,20.55977,8.08233,0,12.84,3294.2
36600,122,2.000e-04,4.43566,0.23891,0.13464,0.09409,0.17465,0.09933,0.17562,0.69439,0.34410,0.35029,17.23974,20.53064,0,13.11,3301.8
36700,122,2.000e-04,4.29172,0.36937,0.32730,0.10003,0.13883,0.10557,0.13572,0.57686,0.35940,0.21747,22.26051,15.05246,0,12.80,3309.6
36800,122,2.000e-04,4.09037,0.40106,0.44234,0.14139,0.08467,0.12362,0.07364,0.46673,0.15159,0.31515,17.79035,11.93614,0,12.71,3317.5
36900,123,2.000e-04,4.47728,0.69837,0.32159,0.09062,0.12846,0.11539,0.13790,0.65653,0.29101,0.36552,22.18508,16.76971,0,12.62,3325.4
37000,123,2.000e-04,3.81737,0.58885,0.46525,0.11518,0.06807,0.12458,0.06158,0.66735,0.35851,0.30883,20.99574,16.63449,0,12.48,3333.5
37100,123,2.000e-04,4.38866,0.62819,0.02526,0.13409,0.11229,0.15307,0.10123,0.58577,0.30790,0.27787,15.63806,11.55218,0,13.40,3340.9
37200,124,2.000e-04,4.53773,0.72623,0.26203,0.10344,0.12274,0.10813,0.14940,0.66329,0.34685,0.31643,19.65355,9.60814,0,12.78,3348.7
37300,124,2.000e-04,4.70795,0.28449,0.65036,0.10226,0.14786,0.12214,0.13224,0.91819,0.61163,0.30656,19.55099,18.90444,0,12.71,3356.6
37400,124,2.000e-04,2.94588,0.39460,0.37261,0.08192,0.06460,0.07887,0.06384,0.22549,0.09057,0.13492,21.09936,6.98043,0,12.77,3364.4
37500,125,2.000e-04,7.72484,0.67233,0.26745,0.14036,0.30086,0.13867,0.33591,0.37163,0.07863,0.29300,30.81062,14.20535,0,12.71,3372.3
37600,125,2.000e-04,4.85955,0.33529,1.01509,0.10560,0.13426,0.10884,0.11328,0.42510,0.23154,0.19355,27.58684,23.20111,0,12.85,3380.1
37700,125,2.000e-04,3.78542,0.54258,0.41010,0.08555,0.10200,0.09550,0.09595,0.47625,0.17655,0.29971,19.14197,14.09034,0,12.74,3387.9
37800,126,2.000e-04,4.36674,0.34480,0.48625,0.08407,0.13654,0.07166,0.19426,0.53253,0.14094,0.39159,32.65567,20.05609,0,12.76,3395.8
37900,126,2.000e-04,4.15646,0.29824,0.23275,0.12504,0.11154,0.10675,0.14518,0.32986,0.13031,0.19955,16.77546,14.47391,0,13.64,3403.1
38000,126,2.000e-04,4.42152,0.60437,0.36917,0.07265,0.15979,0.08050,0.14420,0.40098,0.14385,0.25713,25.30548,9.76831,0,14.83,3409.8
38100,127,2.000e-04,3.91691,0.08284,0.59735,0.06957,0.12348,0.10016,0.16107,0.29317,0.14798,0.14520,26.27178,10.39880,0,14.47,3416.8
38200,127,2.000e-04,4.41578,0.77703,0.46367,0.11968,0.10838,0.09119,0.08771,0.35475,0.22454,0.13022,35.05758,10.02259,0,14.42,3423.7
38300,127,2.000e-04,4.44380,0.95744,0.26255,0.09344,0.12830,0.09549,0.10580,0.34353,0.12539,0.21814,15.74020,13.67019,0,14.30,3430.7
38400,128,2.000e-04,5.11195,0.48958,0.62648,0.09873,0.18286,0.09441,0.14160,0.51399,0.21685,0.29714,21.61919,11.16073,0,15.15,3437.3
38500,128,2.000e-04,4.47147,0.78940,0.22544,0.09681,0.14872,0.11223,0.08805,0.46034,0.13781,0.32252,33.17862,13.94444,0,15.43,3443.8
38600,128,2.000e-04,4.34562,0.25569,0.30897,0.15982,0.09433,0.14793,0.09997,0.36120,0.16734,0.19386,15.05552,12.77776,0,15.39,3450.3
38700,129,2.000e-04,4.45939,0.47479,0.92944,0.11725,0.09432,0.11714,0.07074,0.07016,0.04822,0.02194,40.39768,4.69430,0,14.31,3457.3
38800,129,2.000e-04,4.89662,1.20532,0.18252,0.14511,0.11294,0.11019,0.07547,0.37504,0.11709,0.25795,25.18890,20.63986,0,14.40,3464.2
38900,129,2.000e-04,3.60687,0.42907,0.32432,0.12384,0.08154,0.10516,0.05478,0.29218,0.14284,0.14934,22.09334,9.57430,0,13.88,3471.4
39000,130,2.000e-04,3.12297,0.55013,0.18284,0.08538,0.07069,0.10239,0.06347,0.74691,0.29795,0.44896,15.02975,13.97363,0,1.38,3543.6
39100,130,2.000e-04,4.25420,0.28704,0.45244,0.14111,0.10340,0.13501,0.07893,0.29283,0.15049,0.14235,23.84286,9.77216,0,11.51,3552.3
39200,130,2.000e-04,3.23740,0.43942,0.61947,0.08471,0.05864,0.08328,0.06572,0.41208,0.28931,0.12277,13.16799,19.06487,0,12.53,3560.3
39300,131,2.000e-04,3.80378,0.32879,0.44357,0.10450,0.09828,0.13039,0.07035,0.47450,0.18813,0.28637,23.64992,12.54986,0,12.68,3568.2
39400,131,2.000e-04,3.80991,0.51202,0.47118,0.11347,0.08007,0.09734,0.08092,0.34895,0.16618,0.18276,18.14446,7.98718,0,12.62,3576.1
39500,131,2.000e-04,7.10787,0.48678,1.12743,0.16317,0.22653,0.11637,0.20296,0.44320,0.33759,0.10562,46.40229,11.86244,0,12.43,3584.2
39600,132,2.000e-04,4.80268,0.37269,0.69988,0.15324,0.09892,0.15625,0.08543,0.29013,0.20156,0.08857,23.92549,6.48867,0,12.45,3592.2
39700,132,2.000e-04,4.35316,0.22703,0.47349,0.16366,0.08315,0.16045,0.07646,0.51898,0.25898,0.26000,16.79710,10.00372,0,12.70,3600.1
39800,132,2.000e-04,5.15784,0.73362,0.36128,0.12427,0.14892,0.11994,0.14625,0.34048,0.06252,0.27796,23.32265,9.34337,0,12.50,3608.1
39900,133,2.000e-04,4.44222,0.84843,0.40010,0.12624,0.09447,0.11965,0.07767,0.26120,0.09267,0.16853,18.72578,14.29344,0,12.70,3615.9
40000,133,2.000e-04,3.59217,0.50928,0.55594,0.07062,0.10610,0.05896,0.09299,0.31257,0.07200,0.24056,13.87039,15.17159,0,12.63,3623.9
40100,133,2.000e-04,4.66390,0.24604,0.20662,0.11219,0.17685,0.12017,0.14401,0.32035,0.22227,0.09808,27.58692,11.93128,0,12.60,3631.8
40200,134,2.000e-04,4.51113,0.68921,0.30950,0.15968,0.07619,0.16875,0.06200,0.31472,0.19345,0.12127,18.66337,10.43538,0,12.70,3639.7
40300,134,2.000e-04,4.16201,0.80497,0.14752,0.11273,0.09647,0.12790,0.09559,0.39660,0.18189,0.21471,19.50842,11.74819,0,12.76,3647.5
40400,134,2.000e-04,4.26351,0.32524,0.46148,0.16997,0.08423,0.12389,0.06306,0.14146,0.07834,0.06311,29.64531,7.13691,0,12.56,3655.5
40500,135,2.000e-04,3.85384,0.03167,0.32724,0.09238,0.12500,0.10455,0.15967,0.49472,0.07068,0.42404,19.67178,19.04073,0,12.67,3663.4
40600,135,2.000e-04,9.78731,0.34420,0.53257,0.12441,0.45311,0.12968,0.49737,0.32303,0.07445,0.24858,27.52478,16.99115,0,12.68,3671.2
40700,135,2.000e-04,3.95692,0.43397,0.36391,0.13298,0.09143,0.11321,0.06978,0.57746,0.23934,0.33812,18.50438,13.02487,0,12.71,3679.1
40800,136,2.000e-04,3.42791,0.42455,0.51319,0.09102,0.07816,0.08300,0.07668,0.34180,0.16127,0.18053,16.44183,8.11910,0,12.73,3687.0
40900,136,2.000e-04,4.05606,0.59077,0.43213,0.10093,0.12133,0.09265,0.06948,0.27272,0.15953,0.11319,18.60235,16.25335,0,12.67,3694.9
41000,136,2.000e-04,4.59742,0.40511,1.10210,0.13195,0.09431,0.09793,0.06761,0.37298,0.18769,0.18529,24.96468,9.53019,0,12.68,3702.7
41100,137,2.000e-04,4.30689,0.88958,0.56053,0.08981,0.10519,0.08518,0.09618,0.31551,0.15027,0.16523,24.29894,12.00830,0,12.50,3710.7
41200,137,2.000e-04,4.09502,0.60803,0.29698,0.10173,0.10596,0.11883,0.10378,0.34346,0.17803,0.16542,19.53207,7.49942,0,12.51,3718.7
41300,137,2.000e-04,7.55570,0.49159,0.20366,0.10012,0.33757,0.07329,0.42342,0.51000,0.21804,0.29197,28.83557,12.17388,0,12.62,3726.7
41400,138,2.000e-04,2.51024,0.24198,0.32239,0.06168,0.06692,0.07493,0.05706,0.54739,0.38098,0.16641,11.63042,14.09056,0,12.74,3734.5
41500,138,2.000e-04,4.45565,0.24953,0.51637,0.11499,0.09875,0.14796,0.16251,0.38549,0.20116,0.18433,34.31586,13.20814,0,12.70,3742.4
41600,138,2.000e-04,5.24325,0.86484,0.61441,0.16744,0.08935,0.16757,0.07165,0.26501,0.19486,0.07016,42.74117,13.63464,0,12.66,3750.3
41700,139,2.000e-04,4.08939,0.86175,0.26291,0.08739,0.12683,0.05498,0.10951,0.34808,0.15707,0.19100,27.60266,9.79010,0,12.63,3758.2
41800,139,2.000e-04,4.86740,0.50522,0.29683,0.11235,0.15189,0.09767,0.18692,0.68577,0.32293,0.36284,27.32930,14.62619,0,12.64,3766.1
41900,139,2.000e-04,3.34679,0.59219,0.22025,0.09062,0.08993,0.07368,0.07209,0.36489,0.14861,0.21627,19.97369,16.86058,0,12.57,3774.1
42000,140,2.000e-04,3.64317,0.50369,0.54198,0.08235,0.09704,0.06891,0.09179,0.22842,0.14299,0.08544,27.73557,9.34571,0,1.48,3841.7
42100,140,2.000e-04,4.75146,0.66571,0.35065,0.08255,0.16711,0.10248,0.14523,0.33373,0.07995,0.25378,31.85961,8.41510,0,11.35,3850.5
42200,140,2.000e-04,6.04753,0.07908,0.89020,0.19985,0.15912,0.14557,0.15214,0.31007,0.06201,0.24806,43.97545,19.70784,0,12.66,3858.4
42300,141,2.000e-04,4.36201,0.28700,0.71488,0.11587,0.09969,0.15691,0.08401,0.33800,0.16562,0.17237,21.94596,12.39028,0,12.64,3866.3
42400,141,2.000e-04,4.21680,1.01766,0.28399,0.09933,0.09224,0.10067,0.09921,0.48599,0.18966,0.29633,15.40898,22.82915,0,12.62,3874.3
42500,141,2.000e-04,3.16726,0.26283,0.61287,0.09055,0.06780,0.08543,0.05619,0.12074,0.07965,0.04108,16.57745,5.14410,0,12.59,3882.2
42600,142,2.000e-04,4.58481,0.39964,0.31151,0.09903,0.16385,0.10575,0.14321,0.44017,0.12961,0.31056,19.29157,16.77444,0,13.77,3889.5
42700,142,2.000e-04,4.84545,0.62811,0.36065,0.11389,0.15625,0.10052,0.13053,0.53610,0.28506,0.25104,25.33891,17.51761,0,14.25,3896.5
42800,142,2.000e-04,4.19771,0.48952,0.65375,0.11076,0.09304,0.10880,0.09447,0.19463,0.07432,0.12032,19.34223,13.93914,0,12.61,3904.4
42900,143,2.000e-04,4.41676,0.79901,0.49429,0.14834,0.06159,0.15311,0.05173,0.31572,0.17634,0.13938,18.76454,11.20479,0,12.58,3912.4
43000,143,2.000e-04,4.37469,0.44489,0.26514,0.07407,0.19230,0.09203,0.10815,0.25219,0.14011,0.11207,27.99842,8.77386,0,12.65,3920.3
43100,143,2.000e-04,3.92406,0.20311,0.10769,0.11491,0.12442,0.10889,0.13511,0.30668,0.11550,0.19118,22.12032,8.95744,0,12.64,3928.2
43200,144,2.000e-04,3.30701,0.20930,0.64132,0.07392,0.07414,0.06351,0.13165,0.32373,0.12900,0.19473,29.01664,14.20553,0,12.40,3936.2
43300,144,2.000e-04,4.86520,0.26410,0.66081,0.11005,0.16797,0.10533,0.12668,0.56136,0.28052,0.28084,22.79151,9.67819,0,12.27,3944.4
43400,144,2.000e-04,6.99362,0.81543,0.12322,0.11448,0.28509,0.13446,0.27739,0.52602,0.29968,0.22634,21.27380,18.01502,0,12.46,3952.4
43500,145,2.000e-04,5.13729,0.76615,0.63558,0.13467,0.13977,0.11214,0.08608,0.15785,0.09484,0.06300,28.02459,7.32285,0,12.26,3960.6
43600,145,2.000e-04,3.62700,0.34402,0.72145,0.10854,0.06140,0.11813,0.05429,0.20168,0.09721,0.10447,21.85767,7.16856,0,12.81,3968.4
43700,145,2.000e-04,4.26727,0.81852,0.29445,0.09479,0.12055,0.08275,0.11744,0.59471,0.21423,0.38048,20.14720,18.60165,0,12.88,3976.1
43800,146,2.000e-04,3.86040,0.72897,0.10487,0.09744,0.10779,0.09440,0.10044,0.29258,0.18835,0.10423,17.22304,11.17644,0,12.68,3984.0
43900,146,2.000e-04,3.96038,0.24849,0.67513,0.08866,0.09518,0.15278,0.08689,0.22578,0.04858,0.17720,19.52245,5.41554,0,12.87,3991.8
44000,146,2.000e-04,3.75606,0.17563,0.42293,0.12926,0.09617,0.10943,0.07119,0.31024,0.12487,0.18536,28.18413,9.96823,0,12.91,3999.5
44100,147,2.000e-04,3.46930,0.23072,0.68358,0.11041,0.07161,0.08583,0.06113,0.22098,0.09213,0.12885,24.14527,8.66281,0,13.49,4007.0
44200,147,2.000e-04,3.24568,0.42887,0.28353,0.07823,0.07592,0.13472,0.06363,0.37355,0.08554,0.28801,18.57110,10.26652,0,13.00,4014.7
44300,147,2.000e-04,5.04555,0.47099,0.41658,0.12325,0.14598,0.11989,0.17325,0.33334,0.15517,0.17817,23.89340,9.08234,0,13.92,4021.8
44400,148,2.000e-04,3.21827,0.45844,0.49203,0.06672,0.09481,0.05443,0.07606,0.28251,0.13434,0.14817,19.66659,10.75776,0,14.20,4028.9
44500,148,2.000e-04,6.39683,0.80089,0.24625,0.09224,0.28924,0.07766,0.22933,0.15940,0.11437,0.04503,27.55658,7.40225,0,13.98,4036.0
44600,148,2.000e-04,3.68359,0.53803,0.24446,0.10731,0.08469,0.13317,0.06307,0.47473,0.21092,0.26380,23.47811,10.44431,0,14.00,4043.2
44700,149,2.000e-04,3.68555,0.12738,0.49099,0.12420,0.08788,0.10568,0.08360,0.40399,0.23510,0.16889,13.66640,12.60756,0,13.79,4050.4
44800,149,2.000e-04,4.28640,0.47834,0.31538,0.09659,0.11719,0.10249,0.16848,0.34320,0.11767,0.22553,17.13022,9.55049,0,13.37,4057.9
44900,149,2.000e-04,5.58946,0.62896,0.38191,0.09107,0.23671,0.08632,0.17385,0.22706,0.08212,0.14494,30.37317,5.95592,0,12.99,4065.6
45000,150,2.000e-04,3.99316,0.31442,0.57185,0.06852,0.14942,0.08646,0.09904,0.20111,0.02251,0.17860,37.49986,11.14975,0,1.51,4131.6
45100,150,2.000e-04,4.64211,0.36431,0.48794,0.13670,0.11612,0.12120,0.13114,0.34066,0.12782,0.21285,34.29123,19.86327,0,11.96,4140.0
45200,150,2.000e-04,3.55175,0.41842,0.13395,0.08851,0.08904,0.14062,0.10414,0.52670,0.26416,0.26254,24.58524,8.49335,0,13.19,4147.6
45300,151,2.000e-04,3.76498,0.43339,0.15982,0.11984,0.09810,0.11061,0.08787,0.40244,0.25109,0.15135,22.67964,16.50659,0,13.10,4155.2
45400,151,2.000e-04,3.72025,0.30620,0.55560,0.07619,0.11087,0.10259,0.09498,0.42324,0.11190,0.31133,57.21004,10.24209,0,12.11,4163.5
45500,151,2.000e-04,3.41529,0.77543,0.42554,0.06627,0.07515,0.09196,0.06806,0.31010,0.17965,0.13045,27.89374,10.68947,0,12.86,4171.3
45600,152,2.000e-04,3.79983,0.68083,0.37185,0.13771,0.06484,0.09771,0.04662,0.16066,0.09168,0.06898,24.05356,7.19244,0,13.77,4178.5
45700,152,2.000e-04,4.04707,0.62361,0.30405,0.07836,0.12691,0.07828,0.13506,0.28325,0.11031,0.17294,22.30642,10.09900,0,13.18,4186.1
45800,152,2.000e-04,4.42760,0.32598,0.49163,0.06704,0.17843,0.07538,0.15569,0.42330,0.16267,0.26063,26.90198,10.35497,0,12.89,4193.9
45900,153,2.000e-04,4.19744,0.14348,0.46049,0.09295,0.14138,0.14944,0.10060,0.36841,0.13982,0.22859,29.99293,13.81958,0,13.09,4201.5
46000,153,2.000e-04,4.77187,0.61479,0.34026,0.09858,0.15008,0.11747,0.14858,0.53674,0.46547,0.07127,20.05314,11.86352,0,13.71,4208.8
46100,153,2.000e-04,3.96137,0.54561,0.79676,0.08129,0.08853,0.09569,0.08846,0.15715,0.07291,0.08424,19.75801,6.88760,0,13.57,4216.2
46200,154,2.000e-04,4.13459,0.71906,0.33401,0.10435,0.09923,0.09320,0.11594,0.20346,0.07101,0.13245,20.45791,11.50859,0,13.24,4223.7
46300,154,2.000e-04,3.90565,0.29638,0.42794,0.14035,0.09204,0.08342,0.08806,0.41217,0.23211,0.18006,18.47769,16.27636,0,13.73,4231.0
46400,154,2.000e-04,4.01476,0.69697,0.35068,0.11256,0.08880,0.10961,0.08109,0.21804,0.06353,0.15451,16.80229,11.19841,0,13.52,4238.4
46500,155,2.000e-04,4.60348,0.41828,0.74777,0.10761,0.11847,0.10935,0.12598,0.21299,0.07635,0.13664,22.23923,5.00368,0,12.69,4246.3
46600,155,2.000e-04,4.08538,0.49141,0.37825,0.09237,0.12158,0.08384,0.13141,0.11864,0.01767,0.10097,15.42953,5.00782,0,14.11,4253.4
46700,155,2.000e-04,3.32442,0.45657,0.34030,0.11150,0.05152,0.11812,0.06136,0.19335,0.08329,0.11007,17.42567,5.00077,0,14.30,4260.4
46800,156,2.000e-04,3.59747,0.12168,0.22049,0.14552,0.09938,0.06671,0.09453,0.42798,0.19720,0.23078,29.81086,10.48703,0,13.36,4267.9
46900,156,2.000e-04,4.42037,0.65422,0.56573,0.15447,0.07459,0.11258,0.06938,0.48798,0.40416,0.08381,32.15714,11.98357,0,13.11,4275.5
47000,156,2.000e-04,5.84493,0.67365,0.51112,0.08267,0.23625,0.08822,0.20597,0.32737,0.21345,0.11392,28.47042,12.81369,0,13.14,4283.1
47100,157,2.000e-04,4.05486,0.57254,0.56590,0.12060,0.08012,0.10616,0.07567,0.53660,0.33372,0.20288,17.78877,7.67159,0,13.27,4290.6
47200,157,2.000e-04,3.47880,0.68197,0.47861,0.05231,0.09932,0.06769,0.09269,0.22565,0.13710,0.08855,13.21099,11.97434,0,13.29,4298.2
47300,157,2.000e-04,4.48666,0.58742,0.37864,0.11261,0.11991,0.10984,0.12924,0.32917,0.17731,0.15186,19.46060,10.53047,0,13.98,4305.3
47400,158,2.000e-04,4.15586,0.55208,0.23778,0.15504,0.06276,0.16730,0.07031,0.24620,0.08306,0.16314,21.22011,7.63643,0,13.89,4312.5
47500,158,2.000e-04,2.26257,0.13265,0.03230,0.07842,0.06265,0.08484,0.05254,0.54100,0.22677,0.31423,10.66291,11.11845,0,14.29,4319.5
47600,158,2.000e-04,4.32364,0.68485,0.41823,0.10379,0.09925,0.12559,0.11243,0.14951,0.11766,0.03185,26.02935,5.78210,0,14.06,4326.6
47700,159,2.000e-04,5.16743,0.25325,0.29112,0.09388,0.22528,0.09223,0.19407,0.63435,0.24405,0.39030,26.17494,8.38869,0,13.88,4333.8
47800,159,2.000e-04,3.96385,0.52193,0.47585,0.12031,0.08813,0.10563,0.07069,0.53114,0.34520,0.18594,21.85214,12.13930,0,13.32,4341.3
47900,159,2.000e-04,4.44040,0.55883,0.77216,0.12534,0.09231,0.11080,0.07579,0.24614,0.12779,0.11835,18.61703,7.83543,0,12.96,4349.0
48000,160,2.000e-04,3.85197,0.47426,0.84331,0.11992,0.05510,0.10120,0.05562,0.22673,0.09268,0.13405,29.91259,9.26025,0,1.47,4417.0
48100,160,2.000e-04,3.70872,0.17869,0.18073,0.13259,0.09137,0.13183,0.09011,0.78796,0.37380,0.41416,16.30980,14.76071,0,12.02,4425.3
48200,160,2.000e-04,4.55102,0.45527,0.20201,0.09020,0.19336,0.05384,0.15779,0.20195,0.13811,0.06384,43.23986,7.25918,0,14.22,4432.4
48300,161,2.000e-04,3.88614,0.56849,0.21437,0.07394,0.13572,0.08731,0.11402,0.37570,0.24160,0.13410,17.58323,13.57130,0,14.09,4439.5
48400,161,2.000e-04,5.68690,0.81627,0.51281,0.12064,0.17469,0.13270,0.14819,0.59368,0.55679,0.03690,32.48641,18.56772,0,13.26,4447.0
48500,161,2.000e-04,3.11401,0.37056,0.24488,0.10516,0.07808,0.07933,0.05390,0.31916,0.10350,0.21566,20.67620,9.71086,0,12.84,4454.8
48600,162,2.000e-04,4.43586,0.71986,0.57768,0.11044,0.09405,0.14400,0.07467,0.19068,0.06556,0.12512,28.10547,10.90344,0,13.27,4462.3
48700,162,2.000e-04,4.71934,0.63601,0.79892,0.12540,0.09748,0.09498,0.11614,0.60477,0.31480,0.28997,22.07138,11.34830,0,14.16,4469.4
48800,162,2.000e-04,3.04179,0.55922,0.27238,0.06678,0.08353,0.08545,0.05597,0.26442,0.10580,0.15862,18.89480,9.55999,0,13.75,4476.7
48900,163,2.000e-04,4.31290,1.01255,0.44346,0.09316,0.11337,0.08759,0.07073,0.46665,0.26651,0.20014,19.92752,13.37718,0,13.00,4484.4
49000,163,2.000e-04,4.29530,0.88377,0.40161,0.10426,0.09018,0.10128,0.11182,0.61271,0.13890,0.47381,19.32275,20.84604,0,13.89,4491.6
49100,163,2.000e-04,4.52778,0.17059,0.06964,0.09851,0.20803,0.07781,0.16661,0.40006,0.09810,0.30196,22.34327,10.13607,0,13.66,4498.9
49200,164,2.000e-04,3.47569,0.21803,0.20352,0.12501,0.09673,0.11398,0.05337,0.48747,0.39306,0.09441,22.19838,16.04587,0,13.03,4506.6
49300,164,2.000e-04,5.86086,0.37899,0.92139,0.14838,0.17841,0.10596,0.15258,0.54053,0.30809,0.23244,25.11418,13.73742,0,13.00,4514.3
49400,164,2.000e-04,10.69427,0.77007,0.48292,0.18078,0.46808,0.16016,0.43036,0.22394,0.12802,0.09592,36.57117,8.08776,0,13.25,4521.8
49500,165,2.000e-04,4.04002,0.71575,0.68659,0.09807,0.07609,0.09871,0.08051,0.63304,0.27183,0.36120,28.06706,9.22337,0,13.17,4529.4
49600,165,2.000e-04,4.62739,0.80805,0.42560,0.10041,0.12053,0.13727,0.09960,0.15051,0.12895,0.02156,29.93454,8.22176,0,13.19,4537.0
49700,165,2.000e-04,4.81579,0.38254,0.43998,0.13985,0.14720,0.09308,0.13147,0.22593,0.07599,0.14994,25.76842,12.00702,0,13.19,4544.5
49800,166,2.000e-04,4.15116,0.45412,0.48846,0.10816,0.10957,0.10087,0.10539,0.42333,0.28084,0.14249,24.71463,14.36316,0,13.14,4552.2
49900,166,2.000e-04,4.66374,1.36347,0.60809,0.12231,0.07196,0.08812,0.06177,0.40627,0.15241,0.25386,15.65535,16.24615,0,13.31,4559.7
50000,166,2.000e-04,5.04593,0.18937,0.44587,0.11933,0.15751,0.15052,0.17795,0.61824,0.27570,0.34253,17.79814,12.69702,0,13.35,4567.2
50100,167,2.000e-04,3.24497,0.16560,0.17894,0.10094,0.10101,0.08926,0.08693,0.53345,0.23709,0.29636,20.94242,8.15048,0,13.26,4574.7
50200,167,2.000e-04,4.32841,0.52861,0.47731,0.09767,0.09786,0.09005,0.18338,0.68561,0.18505,0.50056,27.36988,12.08359,0,13.23,4582.3
50300,167,2.000e-04,4.03945,0.26939,0.71484,0.11086,0.09952,0.08503,0.10525,0.52250,0.28634,0.23616,28.93651,13.87183,0,13.19,4589.9
50400,168,2.000e-04,4.81042,0.43961,0.47122,0.10531,0.10852,0.26278,0.08949,0.37729,0.16907,0.20822,33.98592,11.80644,0,13.26,4597.4
50500,168,2.000e-04,4.45912,0.31133,0.62474,0.11164,0.11707,0.11046,0.13674,0.47021,0.16662,0.30359,18.82913,6.90918,0,13.23,4605.0
50600,168,2.000e-04,4.47029,0.34600,0.73884,0.14254,0.09285,0.12766,0.07865,0.24891,0.03691,0.21200,17.86809,6.23419,0,13.04,4612.6
50700,169,2.000e-04,3.28849,0.26874,0.89603,0.06966,0.08111,0.06955,0.05364,0.52798,0.38334,0.14464,17.41732,16.15313,0,13.18,4620.2
50800,169,2.000e-04,3.15238,0.13472,0.22764,0.06686,0.12139,0.07169,0.10981,0.25213,0.10887,0.14326,21.26305,7.07316,0,13.13,4627.8
50900,169,2.000e-04,3.15949,0.39242,0.44171,0.07637,0.07663,0.09147,0.06759,0.38833,0.13845,0.24987,25.67083,6.20687,0,13.14,4635.4
51000,170,2.000e-04,4.00312,0.47878,0.38636,0.08275,0.09365,0.10576,0.16904,0.65006,0.44934,0.20072,19.61289,9.86606,0,1.59,4698.3
51100,170,2.000e-04,2.73913,0.63393,0.15368,0.07575,0.05935,0.06897,0.05114,0.22309,0.13195,0.09114,15.78860,9.78873,0,12.26,4706.5
51200,170,2.000e-04,4.28596,0.29568,0.48089,0.08397,0.14675,0.08597,0.15447,0.46286,0.26124,0.20162,24.47848,9.31750,0,14.25,4713.5
51300,171,2.000e-04,4.84066,0.52344,0.86617,0.13929,0.11946,0.08929,0.08343,0.36572,0.12412,0.24160,29.71995,12.48201,0,14.13,4720.6
51400,171,2.000e-04,11.43295,0.18430,0.67776,0.07220,0.57737,0.12858,0.68645,0.31194,0.21475,0.09719,44.89439,9.05314,0,14.05,4727.7
51500,171,2.000e-04,3.15463,1.04097,0.21549,0.06611,0.06100,0.07256,0.05286,0.21998,0.09386,0.12612,16.01660,10.19175,0,14.16,4734.8
51600,172,2.000e-04,3.93188,0.32146,0.49378,0.08821,0.09910,0.10437,0.14432,0.47369,0.13913,0.33456,19.18212,5.91788,0,14.23,4741.8
51700,172,2.000e-04,4.72278,0.55374,0.48616,0.13776,0.10207,0.14206,0.11486,0.43382,0.07717,0.35665,29.09377,13.43327,0,13.69,4749.1
51800,172,2.000e-04,4.04052,0.19885,0.23920,0.08334,0.16745,0.07639,0.14254,0.40254,0.27239,0.13015,23.24091,10.25379,0,13.62,4756.4
51900,173,2.000e-04,3.59432,0.32145,0.19847,0.08054,0.13200,0.06713,0.12265,0.24390,0.09615,0.14775,15.70738,8.24608,0,13.60,4763.8
52000,173,2.000e-04,3.01967,0.12548,0.14064,0.08887,0.09456,0.09841,0.08543,0.33259,0.09348,0.23911,15.36152,12.65231,0,13.65,4771.1
52100,173,2.000e-04,3.65444,0.49414,0.18399,0.08710,0.12343,0.07854,0.09567,0.46776,0.19890,0.26886,15.14587,10.11109,0,13.56,4778.5
52200,174,2.000e-04,2.62577,0.17438,0.25206,0.08674,0.06517,0.07066,0.06538,0.63319,0.32611,0.30708,11.78278,10.73351,0,13.41,4785.9
52300,174,2.000e-04,3.96088,0.30795,0.12110,0.10833,0.14194,0.10874,0.09708,0.48961,0.27086,0.21875,20.95124,16.10244,0,13.11,4793.6
52400,174,2.000e-04,3.58008,0.29055,0.44768,0.10001,0.09027,0.09717,0.09063,0.14026,0.07521,0.06505,21.34612,6.03329,0,13.10,4801.2
52500,175,2.000e-04,4.08630,0.17016,0.53621,0.12507,0.10753,0.09071,0.12006,0.44878,0.25547,0.19332,22.44303,11.28595,0,13.09,4808.8
52600,175,2.000e-04,3.99267,0.56671,0.45222,0.09385,0.09562,0.08631,0.12949,0.24955,0.13399,0.11556,26.30676,7.88114,0,13.08,4816.5
52700,175,2.000e-04,3.56485,0.68204,0.11011,0.08637,0.09408,0.10083,0.09280,0.40314,0.03856,0.36458,16.04946,6.06679,0,13.14,4824.1
52800,176,2.000e-04,5.02552,0.63228,0.20452,0.10297,0.19026,0.10681,0.14448,0.54833,0.08556,0.46277,22.85765,16.10855,0,13.07,4831.7
52900,176,2.000e-04,4.70586,0.34246,0.28278,0.07799,0.18628,0.06957,0.21802,0.31878,0.09040,0.22838,24.99563,8.70622,0,13.18,4839.3
53000,176,2.000e-04,3.19964,0.60423,0.33277,0.07266,0.07429,0.08542,0.07320,0.62609,0.45198,0.17410,12.89227,17.90059,0,13.88,4846.5
53100,177,2.000e-04,4.42491,0.35535,0.30746,0.10163,0.13967,0.09818,0.17162,0.44228,0.22329,0.21899,30.34287,10.53809,0,14.05,4853.7
53200,177,2.000e-04,2.47010,0.63117,0.17624,0.05879,0.05573,0.05601,0.04748,0.37550,0.30777,0.06773,13.82773,14.88852,0,13.87,4860.9
53300,177,2.000e-04,3.52228,0.51701,0.69234,0.10813,0.05086,0.10444,0.04016,0.20173,0.15914,0.04259,15.49721,6.99511,0,13.86,4868.1
53400,178,2.000e-04,4.03482,0.23465,0.31203,0.11017,0.13353,0.11667,0.09356,0.44077,0.19912,0.24164,17.23344,8.33694,0,13.52,4875.5
53500,178,2.000e-04,3.99835,0.65951,0.33010,0.12519,0.08334,0.12773,0.05697,0.08916,0.04566,0.04350,27.95812,5.36356,0,13.04,4883.2
53600,178,2.000e-04,3.78241,0.47686,0.21471,0.07695,0.15131,0.09205,0.06959,0.77396,0.43456,0.33940,37.90473,13.06019,0,13.20,4890.7
53700,179,2.000e-04,3.36654,0.49376,0.23935,0.09728,0.07240,0.11159,0.07575,0.50450,0.33577,0.16873,20.74335,7.68581,0,13.24,4898.3
53800,179,2.000e-04,3.57100,0.33493,0.72575,0.07422,0.09369,0.08873,0.07751,0.46809,0.33319,0.13490,19.82069,12.02474,0,13.22,4905.8
53900,179,2.000e-04,3.41322,0.56394,0.73453,0.05838,0.08100,0.06556,0.07862,0.32960,0.22984,0.09976,16.64917,12.88318,0,13.07,4913.5
54000,180,2.000e-04,5.94439,0.83323,0.75455,0.11098,0.18031,0.15553,0.13320,0.46170,0.12742,0.33428,32.42825,16.66766,0,1.37,4986.4
54100,180,2.000e-04,3.00231,0.16374,0.29305,0.06962,0.09759,0.09661,0.07809,0.58268,0.40207,0.18061,20.53162,11.48747,0,12.11,4994.7
54200,180,2.000e-04,4.72362,1.03073,0.72601,0.08828,0.13519,0.08839,0.05805,0.10672,0.06956,0.03715,30.04669,5.63397,0,14.20,5001.7
54300,181,2.000e-04,4.18368,0.44001,0.94152,0.06737,0.13636,0.06009,0.09288,0.33404,0.11912,0.21491,30.20436,9.47127,0,13.94,5008.9
54400,181,2.000e-04,3.82256,0.83145,0.49612,0.06468,0.09874,0.08290,0.08928,0.61806,0.18800,0.43006,14.60963,8.24109,0,14.18,5015.9
54500,181,2.000e-04,3.90842,0.33594,0.13537,0.08498,0.12290,0.15306,0.11861,0.55111,0.27884,0.27227,22.97888,6.79257,0,13.78,5023.2
54600,182,2.000e-04,3.32280,0.73186,0.23642,0.08505,0.07692,0.06437,0.08260,0.22100,0.17605,0.04496,18.81671,6.92886,0,14.12,5030.3
54700,182,2.000e-04,4.05370,0.16763,0.47352,0.09220,0.13659,0.09114,0.13379,0.40785,0.21082,0.19703,26.04329,12.48855,0,13.69,5037.6
54800,182,2.000e-04,5.40375,0.41243,0.57957,0.10052,0.19248,0.07766,0.21869,0.43457,0.15186,0.28271,28.38972,12.13745,0,13.93,5044.8
54900,183,2.000e-04,4.65207,0.45718,0.81133,0.10575,0.13106,0.11735,0.08575,0.37378,0.22488,0.14889,27.66471,20.33774,0,14.12,5051.9
55000,183,2.000e-04,4.16768,0.46198,0.30367,0.08506,0.14422,0.08549,0.13636,0.47011,0.14824,0.32187,32.15659,8.70864,0,14.00,5059.0
55100,183,2.000e-04,3.42817,0.66767,0.18276,0.08966,0.06464,0.08584,0.12112,0.47640,0.12894,0.34747,26.70269,12.90876,0,13.89,5066.2
55200,184,2.000e-04,4.03964,0.27518,0.63363,0.09613,0.10080,0.15655,0.07574,0.63840,0.17807,0.46033,17.20567,10.45515,0,13.96,5073.4
55300,184,2.000e-04,3.40215,0.41412,0.55794,0.06797,0.07311,0.08732,0.11654,0.48722,0.37867,0.10856,18.55818,8.30842,0,14.02,5080.5
55400,184,2.000e-04,3.50659,0.43948,0.31286,0.08745,0.10172,0.08959,0.08293,0.48725,0.23715,0.25010,13.59108,9.70969,0,13.85,5087.7
55500,185,2.000e-04,2.67897,0.19059,0.13454,0.09053,0.07907,0.08570,0.04587,0.31276,0.17762,0.13514,14.35704,9.29354,0,13.91,5094.9
55600,185,2.000e-04,3.31906,0.30570,0.31177,0.09414,0.09300,0.08392,0.08211,0.32170,0.12255,0.19915,19.90919,11.36568,0,14.06,5102.0
55700,185,2.000e-04,4.03608,0.47995,0.07429,0.10034,0.12770,0.08613,0.15416,0.73102,0.28507,0.44595,26.89953,13.90427,0,13.93,5109.2
55800,186,2.000e-04,4.10755,0.53883,0.35086,0.11621,0.11382,0.09483,0.08869,0.31310,0.13357,0.17953,22.84583,11.84310,0,13.86,5116.4
55900,186,2.000e-04,3.44471,0.10816,0.77092,0.09518,0.08269,0.08753,0.06986,0.31458,0.07514,0.23944,13.98843,7.32048,0,13.95,5123.6
56000,186,2.000e-04,3.19153,0.20635,0.23044,0.06906,0.12456,0.07194,0.09179,0.32341,0.25996,0.06346,19.25980,10.00838,0,13.17,5131.2
56100,187,2.000e-04,3.38264,0.67920,0.23506,0.07192,0.09321,0.08058,0.08284,0.60638,0.27222,0.33416,14.31133,17.20785,0,13.11,5138.8
56200,187,2.000e-04,3.96315,0.38677,0.74785,0.10856,0.08603,0.10020,0.07633,0.37728,0.11648,0.26080,21.67119,11.56770,0,13.12,5146.4
56300,187,2.000e-04,3.55666,0.10296,0.07137,0.07011,0.15355,0.08200,0.14715,0.46416,0.15214,0.31202,20.48582,10.86582,0,13.06,5154.1
56400,188,2.000e-04,4.29711,0.41291,0.32967,0.10524,0.13448,0.12282,0.10866,0.23833,0.09012,0.14821,23.68518,11.56041,0,13.06,5161.7
56500,188,2.000e-04,3.71639,0.23933,0.63951,0.10825,0.08148,0.07566,0.11239,0.39297,0.25893,0.13404,26.14370,12.78624,0,12.99,5169.4
56600,188,2.000e-04,4.16888,0.55668,0.05131,0.12597,0.12733,0.11571,0.08987,0.50256,0.19934,0.30322,26.58165,11.28815,0,13.22,5177.0
56700,189,2.000e-04,3.35966,0.28914,0.44861,0.07389,0.10549,0.06837,0.09724,0.33712,0.07457,0.26255,19.92383,5.38493,0,13.23,5184.5
56800,189,2.000e-04,4.57221,0.31667,0.31402,0.11603,0.15239,0.10132,0.15015,0.47029,0.33028,0.14001,24.41240,5.74860,0,12.99,5192.2
56900,189,2.000e-04,4.09499,0.22464,0.32467,0.12865,0.13813,0.10905,0.06652,0.26880,0.10283,0.16597,26.20765,9.38035,0,13.15,5199.8
57000,190,2.000e-04,3.59826,0.42586,0.54156,0.12783,0.06877,0.07661,0.05635,0.38270,0.21153,0.17117,31.95509,15.25127,0,1.35,5273.9
57100,190,2.000e-04,3.76483,0.90889,0.22577,0.07807,0.10182,0.06996,0.09628,0.67634,0.27987,0.39648,16.98953,21.50094,0,13.05,5281.5
57200,190,2.000e-04,3.68850,0.51040,0.24220,0.12431,0.07813,0.09614,0.08616,0.72560,0.34647,0.37913,21.08454,12.77804,0,13.72,5288.8
57300,191,2.000e-04,3.06441,0.37473,0.28543,0.07737,0.08071,0.07898,0.08571,0.54454,0.39718,0.14736,10.81638,11.31799,0,13.78,5296.1
57400,191,2.000e-04,3.51815,0.10884,0.41895,0.11820,0.07944,0.09400,0.10880,0.43295,0.15148,0.28147,26.21165,8.02566,0,14.08,5303.2
57500,191,2.000e-04,3.56619,0.58194,0.57246,0.08327,0.08728,0.08783,0.05343,0.48301,0.34412,0.13889,19.42407,13.08187,0,13.33,5310.7
57600,192,2.000e-04,4.59890,0.27270,0.05393,0.13036,0.17651,0.10741,0.13331,0.64728,0.40542,0.24186,22.81656,8.09772,0,12.97,5318.4
57700,192,2.000e-04,3.13343,0.12516,0.60587,0.07801,0.07744,0.09522,0.07436,0.38709,0.23785,0.14924,16.64005,7.59221,0,13.12,5326.0
57800,192,2.000e-04,4.16852,0.34075,0.49171,0.08383,0.13252,0.12146,0.11306,0.24938,0.12582,0.12356,25.75579,8.97360,0,12.95,5333.7
57900,193,2.000e-04,4.06834,0.40956,1.06293,0.10022,0.08081,0.08073,0.07638,0.38091,0.13976,0.24114,9.13210,14.08129,0,13.04,5341.4
58000,193,2.000e-04,3.28065,0.35647,0.44623,0.10006,0.05452,0.13252,0.05391,0.32507,0.21663,0.10844,24.14091,10.67933,0,12.95,5349.1
58100,193,2.000e-04,2.94951,0.47771,0.22141,0.08168,0.06105,0.07619,0.08843,0.30518,0.06810,0.23709,17.25608,5.24390,0,13.12,5356.7
58200,194,2.000e-04,6.06521,0.87034,0.43918,0.16155,0.16315,0.13306,0.16867,0.16110,0.04941,0.11169,20.37179,8.89801,0,13.26,5364.3
58300,194,2.000e-04,5.68723,0.49168,0.14981,0.07654,0.24768,0.10022,0.26049,0.52805,0.27035,0.25770,19.71745,15.05633,0,13.02,5372.0
58400,194,2.000e-04,3.35876,0.27126,0.21759,0.10072,0.09677,0.08516,0.09386,0.76871,0.49702,0.27169,15.02707,7.85737,0,13.20,5379.5
58500,195,2.000e-04,2.41134,0.31808,0.39500,0.06381,0.05753,0.05698,0.03999,0.23133,0.13475,0.09658,15.44860,9.81008,0,13.10,5387.2
58600,195,2.000e-04,3.24614,0.11304,0.59130,0.12197,0.06266,0.09687,0.04222,0.32906,0.13626,0.19280,24.97586,15.97115,0,13.33,5394.7
58700,195,2.000e-04,4.23461,0.48381,0.26200,0.12145,0.12186,0.09967,0.11146,0.20052,0.12589,0.07464,19.96122,8.22210,0,13.98,5401.8
58800,196,2.000e-04,2.81199,0.12790,0.01578,0.07682,0.10625,0.06098,0.10654,0.66367,0.28359,0.38008,14.96811,8.72661,0,14.15,5408.9
58900,196,2.000e-04,5.09876,0.46163,0.33727,0.09294,0.18066,0.10150,0.21126,0.26579,0.12487,0.14092,110.08048,7.76562,0,13.34,5416.4
59000,196,2.000e-04,5.37481,0.83893,0.05574,0.12177,0.19024,0.10038,0.17164,0.56140,0.11563,0.44576,29.55838,12.34113,0,13.09,5424.0
59100,197,2.000e-04,3.22292,0.40633,0.40765,0.09403,0.07236,0.08740,0.06159,0.56594,0.25670,0.30925,12.80888,15.23773,0,13.08,5431.7
59200,197,2.000e-04,3.46992,0.48700,0.53706,0.09476,0.07362,0.08724,0.06518,0.35834,0.13988,0.21846,17.93382,8.87361,0,13.17,5439.3
59300,197,2.000e-04,3.54392,0.36119,0.57607,0.09143,0.08080,0.09377,0.08310,0.54562,0.19826,0.34737,16.19418,9.55831,0,12.92,5447.0
59400,198,2.000e-04,3.58243,0.35708,0.09920,0.06233,0.15112,0.06528,0.13304,0.19166,0.08933,0.10233,15.31750,5.22802,0,13.81,5454.2
59500,198,2.000e-04,3.69495,0.08110,0.24801,0.09089,0.11666,0.14400,0.11408,0.49052,0.13124,0.35928,23.92530,10.76550,0,13.95,5461.4
59600,198,2.000e-04,3.24849,0.36789,0.35471,0.09543,0.07590,0.09168,0.07083,0.36321,0.15668,0.20653,22.62093,11.05845,0,13.93,5468.6
59700,199,2.000e-04,3.02588,0.53400,0.24236,0.06176,0.09288,0.04932,0.09130,0.34810,0.17696,0.17113,23.40079,10.75913,0,14.03,5475.7
59800,199,2.000e-04,3.23719,0.65804,0.21616,0.07176,0.08098,0.10406,0.06306,0.44126,0.15631,0.28495,15.18819,11.57533,0,13.49,5483.1
59900,199,2.000e-04,3.75830,0.74848,0.55762,0.09159,0.08514,0.06600,0.07099,0.43014,0.17662,0.25352,18.81836,10.39752,0,13.59,5490.5
60000,200,2.000e-04,3.52276,0.73752,0.37246,0.09932,0.06966,0.09279,0.05181,0.36548,0.22690,0.13858,21.98803,16.11426,0,1.42,5561.1
60100,200,2.000e-04,3.26808,0.45309,0.20668,0.10938,0.06792,0.09200,0.07507,0.26375,0.09455,0.16919,10.92290,7.60622,0,12.81,5569.0
60200,200,2.000e-04,3.84103,0.58748,0.25571,0.06837,0.13545,0.06194,0.13000,0.23147,0.12526,0.10620,23.60402,5.81334,0,14.08,5576.1
60300,201,2.000e-04,4.47623,0.31505,0.26069,0.07763,0.18628,0.09632,0.15595,0.41200,0.22041,0.19159,22.94678,7.35111,0,13.81,5583.3
60400,201,2.000e-04,3.14837,0.33344,0.73615,0.06476,0.07386,0.06842,0.07010,0.29240,0.12877,0.16363,13.00330,6.04422,0,13.18,5590.9
60500,201,2.000e-04,3.75614,0.31926,0.56676,0.10309,0.11126,0.05880,0.08652,0.30446,0.15027,0.15419,33.28306,6.42810,0,13.19,5598.5
60600,202,2.000e-04,3.97437,0.73856,0.38324,0.11737,0.08746,0.09619,0.06467,0.25664,0.04703,0.20961,14.37646,11.58897,0,13.06,5606.1
60700,202,2.000e-04,3.14075,0.17917,0.30235,0.06929,0.11923,0.09230,0.06252,0.47609,0.31369,0.16240,23.56285,10.53962,0,13.13,5613.7
60800,202,2.000e-04,3.15685,0.20443,0.69938,0.09261,0.05914,0.09688,0.05022,0.17617,0.07102,0.10515,18.57374,8.06910,0,13.22,5621.3
60900,203,2.000e-04,4.76010,0.93578,0.44683,0.05983,0.14668,0.07046,0.19202,0.46595,0.17420,0.29175,27.41178,16.19200,0,13.15,5628.9
61000,203,2.000e-04,4.61659,0.51926,0.51445,0.13855,0.10369,0.13934,0.09275,0.18605,0.09265,0.09340,20.44830,5.75256,0,13.21,5636.5
61100,203,2.000e-04,4.79645,0.73708,0.59112,0.08038,0.11204,0.20907,0.09974,0.58241,0.25282,0.32959,23.25655,17.66355,0,13.32,5644.0
61200,204,2.000e-04,3.34515,0.69372,0.36562,0.09844,0.06296,0.07825,0.05612,0.09619,0.04473,0.05146,18.36343,6.61123,0,13.21,5651.6
61300,204,2.000e-04,3.02932,0.41254,0.48944,0.07234,0.07349,0.07303,0.06078,0.46907,0.28105,0.18802,10.42832,9.25441,0,13.23,5659.1
61400,204,2.000e-04,3.13535,0.23137,0.54497,0.06513,0.09101,0.06409,0.09543,0.30231,0.17147,0.13083,20.20308,9.30661,0,13.12,5666.7
61500,205,2.000e-04,3.66858,0.25238,0.34320,0.09610,0.10333,0.10345,0.11229,0.32162,0.08620,0.23541,17.71725,6.59069,0,13.70,5674.0
61600,205,2.000e-04,3.23934,0.50179,0.18973,0.08948,0.08420,0.08536,0.07685,0.35344,0.15698,0.19645,21.06094,8.88908,0,13.29,5681.6
61700,205,2.000e-04,4.15797,0.55231,0.20918,0.10321,0.14025,0.07424,0.11815,0.43524,0.14052,0.29472,21.16994,14.84378,0,13.65,5688.9
61800,206,2.000e-04,3.62766,0.70018,0.20674,0.09674,0.10520,0.07607,0.06421,0.20311,0.05418,0.14892,21.54427,7.55287,0,13.05,5696.6
61900,206,2.000e-04,3.93655,0.55745,0.67379,0.09808,0.09205,0.09976,0.06104,0.32865,0.25693,0.07172,23.39979,7.90287,0,13.04,5704.2
62000,206,2.000e-04,3.23374,0.87617,0.17420,0.08115,0.07234,0.06665,0.06306,0.41492,0.21318,0.20173,14.10144,12.97615,0,13.01,5711.9
62100,207,2.000e-04,3.53313,0.54595,0.30464,0.08055,0.10336,0.09003,0.07865,0.64459,0.40166,0.24294,20.27459,12.88642,0,13.67,5719.2
62200,207,2.000e-04,3.54401,0.15016,0.82604,0.11810,0.06369,0.11204,0.03796,0.37467,0.24199,0.13268,21.75520,14.17933,0,13.50,5726.6
62300,207,2.000e-04,3.59700,0.07002,0.20510,0.06708,0.13100,0.05953,0.20867,0.30728,0.17026,0.13701,21.94365,5.60128,0,13.34,5734.1
62400,208,2.000e-04,3.78571,0.14136,0.41466,0.05680,0.15764,0.06108,0.15599,0.57990,0.29765,0.28224,25.31380,14.32073,0,13.82,5741.4
62500,208,2.000e-04,3.06026,0.54576,0.38348,0.05639,0.08430,0.05138,0.09344,0.37923,0.19213,0.18710,19.56001,8.38323,0,13.48,5748.8
62600,208,2.000e-04,3.48305,0.47907,0.38674,0.10029,0.07838,0.10095,0.06518,0.27650,0.02497,0.25154,21.42095,6.76055,0,14.04,5755.9
62700,209,2.000e-04,5.47852,0.36113,0.95660,0.11170,0.15072,0.15306,0.15425,0.41839,0.21312,0.20527,28.85073,15.09371,0,13.81,5763.1
62800,209,2.000e-04,3.96418,0.40610,0.59554,0.11524,0.08480,0.09240,0.10003,0.53949,0.21913,0.32036,22.01761,8.38117,0,13.31,5770.7
62900,209,2.000e-04,3.38890,0.56470,0.46142,0.06340,0.08153,0.11113,0.07156,0.24296,0.07494,0.16801,11.06922,5.72570,0,13.23,5778.2
63000,210,2.000e-04,3.41373,0.26056,0.75810,0.07508,0.09266,0.05831,0.08522,0.35752,0.26301,0.09451,13.28395,5.88109,0,1.45,5847.3
63100,210,2.000e-04,4.96967,0.50794,0.40291,0.08720,0.18031,0.10251,0.17424,0.32501,0.20970,0.11530,28.00559,9.09795,0,11.13,5856.3
63200,210,2.000e-04,3.60250,0.15625,0.85343,0.06804,0.10555,0.10055,0.07083,0.65211,0.38788,0.26422,21.52958,15.55089,0,12.39,5864.3
63300,211,2.000e-04,3.64682,0.36865,0.82834,0.09250,0.06927,0.10314,0.06328,0.26824,0.14945,0.11879,18.11473,10.37296,0,12.26,5872.5
63400,211,2.000e-04,4.16921,0.36996,0.36264,0.08676,0.17235,0.07136,0.09774,0.52846,0.30313,0.22533,41.20047,7.97398,0,12.81,5880.3
63500,211,2.000e-04,3.98407,0.26927,0.71195,0.08818,0.11610,0.08568,0.10633,0.32776,0.10894,0.21883,21.59270,7.10570,0,13.04,5888.0
63600,212,2.000e-04,3.26234,0.61681,0.37542,0.08130,0.07915,0.07202,0.06110,0.32399,0.08675,0.23724,14.26892,8.42078,0,13.06,5895.6
63700,212,2.000e-04,3.22591,0.40085,0.35251,0.08077,0.08948,0.07895,0.07507,0.38181,0.18969,0.19212,17.29126,10.64981,0,13.15,5903.2
63800,212,2.000e-04,4.12370,0.61833,0.40160,0.09528,0.10220,0.13275,0.09305,0.46434,0.27361,0.19072,25.04954,11.71846,0,13.17,5910.8
63900,213,2.000e-04,3.80219,0.35323,0.65251,0.08920,0.11926,0.06214,0.08022,0.53048,0.48611,0.04437,26.64342,13.56650,0,13.15,5918.4
64000,213,2.000e-04,3.30643,0.43496,0.31667,0.06491,0.10788,0.08223,0.08315,0.19688,0.14106,0.05582,13.45815,10.51403,0,13.13,5926.0
64100,213,2.000e-04,3.42374,0.79525,0.44413,0.07777,0.07484,0.06784,0.06382,0.22039,0.12643,0.09396,19.23352,8.16796,0,13.30,5933.6
64200,214,2.000e-04,3.36661,0.34072,0.23361,0.07757,0.10636,0.09397,0.09663,0.25540,0.07860,0.17680,19.50349,5.40099,0,13.88,5940.8
64300,214,2.000e-04,3.03143,0.19597,0.19073,0.07756,0.09056,0.11688,0.07583,0.63775,0.44410,0.19365,20.25768,10.13488,0,13.99,5947.9
64400,214,2.000e-04,4.20017,0.77295,0.20200,0.06064,0.14610,0.07351,0.15804,0.44804,0.30074,0.14730,19.48065,10.61310,0,13.46,5955.4
64500,215,2.000e-04,8.67179,0.56136,0.80873,0.06024,0.43802,0.05939,0.40442,0.15977,0.07199,0.08778,28.24593,8.60880,0,12.86,5963.1
64600,215,2.000e-04,3.91621,0.33157,0.27975,0.11324,0.11086,0.10842,0.10436,0.62752,0.19045,0.43707,9.44044,12.02725,0,12.91,5970.9
64700,215,2.000e-04,4.29262,0.78599,0.61240,0.07845,0.09955,0.07097,0.15187,0.12842,0.02239,0.10603,22.59602,6.60870,0,13.69,5978.2
64800,216,2.000e-04,3.64153,0.49564,0.31134,0.07237,0.12455,0.07279,0.10028,0.45475,0.14192,0.31283,10.99472,8.63061,0,12.93,5985.9
64900,216,2.000e-04,2.70855,0.24018,0.25857,0.06566,0.08576,0.06152,0.07761,0.46962,0.27495,0.19467,13.24649,8.15288,0,13.02,5993.6
65000,216,2.000e-04,3.09885,0.38090,0.38791,0.07151,0.08173,0.08592,0.07362,0.59388,0.36825,0.22564,21.90844,6.13384,0,13.84,6000.8
65100,217,2.000e-04,8.96059,0.58517,0.55139,0.08583,0.43898,0.06061,0.45457,0.32318,0.26877,0.05441,30.26170,12.55852,0,13.81,6008.1
65200,217,2.000e-04,3.72860,0.46698,0.18576,0.09384,0.12347,0.08018,0.10037,0.52609,0.21658,0.30951,16.43074,13.95996,0,13.93,6015.2
65300,217,2.000e-04,3.11499,0.37171,0.53581,0.10699,0.04711,0.08850,0.04479,0.34487,0.15844,0.18643,23.79993,11.63866,0,13.21,6022.8
65400,218,2.000e-04,3.89181,0.44559,0.72654,0.11965,0.06614,0.11391,0.05845,0.11577,0.01438,0.10139,23.41585,4.87129,0,12.88,6030.6
65500,218,2.000e-04,3.45258,0.36065,0.27335,0.08559,0.10841,0.05621,0.11951,0.31284,0.10913,0.20371,22.10912,12.23162,0,13.71,6037.9
65600,218,2.000e-04,3.25957,0.42105,0.44931,0.08602,0.08020,0.06307,0.08233,0.28798,0.18945,0.09853,14.80066,9.24346,0,14.34,6044.8
65700,219,2.000e-04,5.87020,0.32218,0.68906,0.12020,0.21385,0.11318,0.19051,0.61351,0.35427,0.25924,29.09662,6.96286,0,13.72,6052.1
65800,219,2.000e-04,4.16761,0.49784,0.46502,0.10716,0.09407,0.10859,0.12989,0.33748,0.22943,0.10806,17.22447,8.66627,0,12.92,6059.9
65900,219,2.000e-04,3.05195,0.18014,0.31336,0.06764,0.10973,0.05871,0.09823,0.31860,0.16220,0.15640,11.29967,6.77025,0,12.37,6068.0
66000,220,2.000e-04,3.61931,0.18006,0.68948,0.08951,0.10271,0.08519,0.08033,0.60734,0.20787,0.39948,25.79027,5.57319,0,1.44,6137.3
66100,220,2.000e-04,3.30749,0.60251,0.49495,0.06441,0.09321,0.05186,0.07490,0.34287,0.22832,0.11454,14.40525,8.28396,0,11.58,6145.9
66200,220,2.000e-04,3.67256,0.37888,0.58390,0.07282,0.09755,0.07148,0.12971,0.32601,0.29478,0.03123,27.17803,13.14390,0,12.90,6153.7
66300,221,2.000e-04,4.05348,0.72273,0.44001,0.09857,0.11494,0.07222,0.07890,0.39257,0.27280,0.11978,17.37377,13.85433,0,13.12,6161.3
66400,221,2.000e-04,4.01087,0.58786,0.42175,0.09929,0.10201,0.11010,0.08753,0.29316,0.22796,0.06520,21.48214,8.92968,0,13.21,6168.9
66500,221,2.000e-04,3.04823,0.39004,0.25106,0.07131,0.10465,0.06329,0.06622,0.41661,0.10265,0.31396,16.29066,12.79812,0,12.65,6176.8
66600,222,2.000e-04,3.64247,0.29322,0.52859,0.08196,0.09055,0.08607,0.13306,0.39883,0.06231,0.33652,19.30811,10.29620,0,13.17,6184.4
66700,222,2.000e-04,3.63808,0.58324,0.21729,0.13367,0.08030,0.08153,0.05804,0.45032,0.20726,0.24307,20.30917,8.81150,0,12.58,6192.3
66800,222,2.000e-04,3.26873,0.33860,0.13921,0.11082,0.08721,0.07834,0.08378,0.43938,0.24079,0.19859,21.66992,8.20150,0,12.60,6200.3
66900,223,2.000e-04,4.06926,0.38576,1.11093,0.09792,0.07331,0.09869,0.07334,0.32015,0.10040,0.21976,16.00379,9.96013,0,12.70,6208.1
67000,223,2.000e-04,3.39958,0.42044,0.61751,0.07320,0.09881,0.06834,0.05995,0.32568,0.09253,0.23315,21.65507,11.22835,0,13.37,6215.6
67100,223,2.000e-04,3.59164,0.38041,0.30093,0.08411,0.10868,0.11231,0.08418,0.36907,0.06024,0.30883,23.10616,4.66523,0,14.11,6222.7
67200,224,2.000e-04,3.41969,0.22208,0.17351,0.07616,0.14185,0.06577,0.10302,0.45223,0.21876,0.23347,13.75092,5.42089,0,14.30,6229.7
67300,224,2.000e-04,3.03745,0.18050,0.19184,0.06772,0.11293,0.05460,0.11712,0.23951,0.07482,0.16469,21.23316,8.59368,0,13.81,6236.9
67400,224,2.000e-04,4.39497,0.54060,0.38804,0.11531,0.11779,0.11649,0.11057,0.48584,0.09256,0.39328,23.14694,8.00166,0,13.62,6244.3
67500,225,2.000e-04,3.64446,0.60393,0.50712,0.07265,0.08714,0.11392,0.07318,0.69545,0.40639,0.28907,11.53514,10.73410,0,13.00,6252.0
67600,225,2.000e-04,3.87814,0.26338,0.39706,0.07770,0.14036,0.05548,0.15195,0.44151,0.28264,0.15887,28.44804,6.30952,0,14.17,6259.0
67700,225,2.000e-04,3.70802,0.53353,0.25554,0.09965,0.09702,0.09117,0.09928,0.55143,0.20094,0.35049,20.40981,7.39034,0,14.18,6266.1
67800,226,1.991e-04,4.58236,1.03077,0.76470,0.06238,0.12222,0.05019,0.13799,0.49216,0.32487,0.16729,18.17497,11.22724,0,13.55,6273.4
67900,226,1.991e-04,3.08227,0.33192,0.31086,0.07739,0.08426,0.07495,0.08964,0.62506,0.30637,0.31869,16.43707,8.24063,0,13.14,6281.1
68000,226,1.991e-04,3.50669,0.43160,0.28676,0.10052,0.09329,0.11528,0.05476,0.26661,0.14876,0.11785,15.66851,11.05975,0,13.10,6288.7
68100,227,1.982e-04,3.08509,0.41783,0.28696,0.09079,0.07404,0.07930,0.06712,0.23624,0.16661,0.06963,26.39158,8.27163,0,13.02,6296.4
68200,227,1.982e-04,4.27987,0.31041,0.86390,0.09662,0.11208,0.10999,0.09372,0.43183,0.24495,0.18688,23.58604,11.19279,0,12.99,6304.1
68300,227,1.982e-04,3.26214,0.49053,0.37822,0.07880,0.06538,0.08170,0.10861,0.47607,0.42138,0.05469,15.41858,8.16371,0,13.05,6311.7
68400,228,1.973e-04,3.92091,1.04620,0.47621,0.11825,0.05771,0.08339,0.04438,0.21778,0.12255,0.09524,17.10048,11.70903,0,13.16,6319.3
68500,228,1.973e-04,3.24887,0.71320,0.03583,0.09360,0.07025,0.10727,0.06500,0.84737,0.34244,0.50493,10.37338,23.79588,0,12.41,6327.4
68600,228,1.973e-04,7.24914,0.78248,0.25139,0.11569,0.31085,0.08422,0.30575,0.36649,0.30972,0.05678,24.49782,14.47617,0,12.19,6335.6
68700,229,1.964e-04,3.31755,0.21133,0.25283,0.11501,0.07837,0.11785,0.06607,0.76478,0.32709,0.43769,18.08575,8.41441,0,13.02,6343.3
68800,229,1.964e-04,3.81609,0.37085,0.31717,0.14470,0.07614,0.09235,0.09159,0.64334,0.28630,0.35704,18.37063,12.00966,0,13.07,6350.9
68900,229,1.964e-04,4.77178,0.68435,0.72651,0.14326,0.10445,0.09563,0.08114,0.50864,0.15485,0.35379,27.91513,8.35903,0,13.12,6358.6
69000,230,1.956e-04,4.83247,0.36785,0.23297,0.08225,0.16840,0.08736,0.25766,0.53870,0.13401,0.40469,19.29474,7.75294,0,1.59,6421.5
69100,230,1.956e-04,3.82662,0.21077,0.26086,0.07048,0.14674,0.08337,0.15320,0.30891,0.11364,0.19527,17.21567,7.54578,0,10.18,6431.4
69200,230,1.956e-04,4.58851,0.84674,0.30509,0.09380,0.12217,0.12159,0.13380,0.38143,0.17972,0.20171,21.11447,6.34495,0,12.19,6439.6
69300,231,1.947e-04,4.47051,0.68234,0.68965,0.12400,0.08298,0.12180,0.08395,0.14841,0.05178,0.09662,16.03686,3.57575,0,12.29,6447.7
69400,231,1.947e-04,4.17615,0.23876,0.53069,0.07693,0.14036,0.08265,0.16410,0.30678,0.15766,0.14912,15.38717,7.24533,0,12.15,6455.9
69500,231,1.947e-04,3.32542,0.50132,0.06819,0.09753,0.06637,0.10285,0.12052,0.38060,0.18562,0.19498,16.56327,11.55912,0,12.22,6464.1
69600,232,1.938e-04,3.66696,0.16869,0.18835,0.07699,0.12288,0.06698,0.19526,0.62964,0.25678,0.37286,15.86895,9.40688,0,12.27,6472.3
69700,232,1.938e-04,4.65142,0.37110,0.58952,0.07557,0.17942,0.06199,0.16618,0.15738,0.08898,0.06839,24.10043,5.02764,0,12.29,6480.4
69800,232,1.938e-04,3.19043,0.12671,0.22273,0.04908,0.13992,0.04348,0.14673,0.40997,0.19121,0.21876,18.71756,8.40384,0,12.65,6488.3
69900,233,1.929e-04,7.49210,0.44077,0.58729,0.07956,0.35544,0.08953,0.33329,0.32259,0.16025,0.16234,21.20375,8.79037,0,12.67,6496.2
70000,233,1.929e-04,3.15380,0.20151,0.28175,0.07547,0.08890,0.09191,0.11346,0.25056,0.04198,0.20857,18.97290,8.42031,0,13.66,6503.5
70100,233,1.929e-04,3.61955,0.36766,0.52773,0.11733,0.07791,0.08008,0.07427,0.46770,0.03168,0.43603,25.25779,5.91912,0,14.20,6510.6
70200,234,1.920e-04,3.55389,0.46800,0.56391,0.09656,0.08295,0.09349,0.05189,0.16551,0.02495,0.14056,20.34298,11.37348,0,14.16,6517.6
70300,234,1.920e-04,5.47442,0.47740,0.46807,0.09950,0.19031,0.08832,0.23784,0.21084,0.13625,0.07459,29.05098,13.77922,0,14.19,6524.7
70400,234,1.920e-04,3.34124,0.04708,0.58551,0.07434,0.07428,0.18852,0.05596,0.72782,0.33474,0.39308,20.23812,14.90650,0,13.96,6531.8
70500,235,1.911e-04,3.77970,0.45611,0.25569,0.08646,0.13055,0.08971,0.08985,0.58854,0.11872,0.46982,18.34226,12.97789,0,13.67,6539.1
70600,235,1.911e-04,3.52935,0.09978,0.69683,0.09069,0.09933,0.10460,0.06192,0.42337,0.21431,0.20907,21.73595,15.06524,0,12.96,6546.9
70700,235,1.911e-04,3.88455,0.35415,0.18781,0.05785,0.16306,0.04921,0.17749,0.86229,0.45105,0.41124,16.92090,11.30576,0,13.16,6554.5
70800,236,1.902e-04,3.78443,0.52001,0.57654,0.10458,0.08993,0.07891,0.06963,0.52473,0.23222,0.29251,23.94780,8.46694,0,12.10,6562.7
70900,236,1.902e-04,3.32204,0.34870,0.10921,0.09480,0.09976,0.08148,0.10223,0.63238,0.17142,0.46096,29.69234,8.55225,0,11.95,6571.1
71000,236,1.902e-04,3.28234,0.25233,0.52488,0.08112,0.09222,0.09460,0.05976,0.65948,0.25310,0.40638,16.62490,11.56444,0,12.25,6579.3
71100,237,1.893e-04,4.96699,0.46767,0.19303,0.10505,0.18645,0.09428,0.18398,0.40583,0.20995,0.19588,37.19656,8.87406,0,11.99,6587.6
71200,237,1.893e-04,2.64294,0.43967,0.39692,0.06525,0.05921,0.06039,0.05196,0.61655,0.44711,0.16943,10.95532,11.40715,0,12.28,6595.7
71300,237,1.893e-04,3.89438,0.61744,1.02382,0.06629,0.08867,0.06334,0.07735,0.18084,0.12924,0.05160,17.47259,6.58907,0,13.10,6603.4
71400,238,1.884e-04,3.62281,0.25348,0.43794,0.09759,0.08581,0.10256,0.11691,0.34347,0.12148,0.22200,20.18570,7.13509,0,13.13,6611.0
71500,238,1.884e-04,3.88422,0.63497,0.53475,0.08903,0.09416,0.09871,0.07782,0.41462,0.32706,0.08757,15.67567,6.94426,0,13.12,6618.6
71600,238,1.884e-04,4.71175,1.04172,0.05607,0.11799,0.11518,0.17025,0.08619,0.30054,0.17000,0.13054,27.37270,12.13801,0,13.13,6626.2
71700,239,1.876e-04,4.03642,0.05989,0.77033,0.10482,0.10235,0.08048,0.14641,0.39752,0.17081,0.22671,19.76407,10.39938,0,12.94,6634.0
71800,239,1.876e-04,3.07236,0.08673,0.58465,0.07961,0.07989,0.07118,0.09002,0.33114,0.11915,0.21199,20.35765,11.45968,0,13.08,6641.6
71900,239,1.876e-04,3.44752,0.28968,0.32554,0.07130,0.12011,0.06391,0.11973,0.40147,0.14558,0.25589,17.75769,5.65219,0,13.23,6649.2
72000,240,1.867e-04,3.96265,0.19175,0.79359,0.11810,0.08884,0.10351,0.07808,0.17003,0.05252,0.11751,27.38453,5.71819,0,1.52,6715.0
72100,240,1.867e-04,4.06065,0.40441,0.41529,0.10976,0.10966,0.13546,0.07389,0.15330,0.06283,0.09047,26.37483,7.13496,0,12.03,6723.3
72200,240,1.867e-04,3.60700,0.17446,0.37744,0.09684,0.08780,0.16807,0.07366,0.54099,0.24796,0.29303,19.87323,7.87899,0,13.20,6730.8
72300,241,1.858e-04,4.96442,0.08306,0.86455,0.06459,0.22796,0.04698,0.17129,0.75520,0.44779,0.30741,22.39879,14.09757,0,13.48,6738.3
72400,241,1.858e-04,2.72555,0.48816,0.50439,0.06306,0.05698,0.04534,0.06118,0.39948,0.16575,0.23374,11.71255,7.15921,0,13.43,6745.7
72500,241,1.858e-04,3.03351,0.27599,0.41490,0.07004,0.09082,0.06364,0.08316,0.55713,0.25415,0.30298,20.67700,6.40318,0,13.32,6753.2
72600,242,1.849e-04,3.72277,0.84047,0.34851,0.06539,0.11942,0.05625,0.08088,0.43403,0.17511,0.25892,16.18399,11.07621,0,13.13,6760.8
72700,242,1.849e-04,3.02816,0.20665,0.14343,0.10625,0.08147,0.09873,0.06144,0.56950,0.25042,0.31908,16.60028,8.21623,0,12.73,6768.7
72800,242,1.849e-04,3.50775,0.26077,0.47275,0.09694,0.08776,0.09569,0.08974,0.15195,0.02714,0.12481,20.70271,5.96302,0,12.47,6776.7
72900,243,1.840e-04,3.80093,0.43696,0.45168,0.11440,0.08237,0.12386,0.06506,0.46943,0.15741,0.31201,15.70985,6.54600,0,12.56,6784.7
73000,243,1.840e-04,3.32849,0.49973,0.23852,0.08238,0.10126,0.08555,0.06521,0.24207,0.10990,0.13216,21.30244,8.44580,0,13.03,6792.3
73100,243,1.840e-04,4.15388,0.50126,0.21158,0.08759,0.16012,0.04962,0.14318,0.29757,0.08087,0.21670,18.26591,6.17704,0,13.00,6800.0
73200,244,1.831e-04,3.83133,0.33340,0.15610,0.05776,0.18636,0.07402,0.10610,0.69816,0.29126,0.40690,25.50367,14.51047,0,13.24,6807.6
73300,244,1.831e-04,3.87118,0.38565,0.51154,0.06184,0.14471,0.07379,0.10791,0.26808,0.15275,0.11533,21.40220,7.18276,0,13.14,6815.2
73400,244,1.831e-04,4.80136,0.35931,0.54959,0.10842,0.14938,0.13045,0.13243,0.45046,0.25273,0.19773,22.11399,7.58262,0,13.09,6822.8
73500,245,1.822e-04,2.48840,0.33410,0.03622,0.07091,0.07049,0.06695,0.07386,0.39100,0.16232,0.22868,14.31855,7.28126,0,13.02,6830.5
73600,245,1.822e-04,3.32145,0.52958,0.28748,0.07686,0.09997,0.05989,0.08732,0.25671,0.04078,0.21593,15.68013,6.54546,0,13.08,6838.1
73700,245,1.822e-04,3.66956,0.58101,0.51563,0.06864,0.10707,0.05769,0.10548,0.22206,0.11044,0.11162,16.22850,6.53352,0,13.07,6845.8
73800,246,1.813e-04,3.61747,0.43062,0.56304,0.07274,0.10506,0.05245,0.11671,0.28776,0.15174,0.13602,25.79049,6.03141,0,13.09,6853.4
73900,246,1.813e-04,4.49823,0.14660,0.90906,0.06924,0.19866,0.06880,0.08392,0.22367,0.14129,0.08239,27.61237,10.48884,0,13.10,6861.1
74000,246,1.813e-04,4.86372,0.37090,0.69146,0.07798,0.17365,0.10762,0.14940,0.32113,0.09077,0.23037,27.41615,8.25818,0,13.13,6868.7
74100,247,1.804e-04,3.08262,0.42779,0.35102,0.07858,0.07033,0.08578,0.07714,0.46531,0.30255,0.16276,14.49096,8.12672,0,12.90,6876.4
74200,247,1.804e-04,3.85874,0.30102,0.69861,0.10968,0.09252,0.10745,0.05998,0.18612,0.10920,0.07691,20.72659,6.43357,0,13.07,6884.1
74300,247,1.804e-04,3.33322,0.57258,0.63685,0.06750,0.06869,0.07556,0.07682,0.33552,0.26602,0.06950,16.65952,6.16315,0,13.17,6891.7
74400,248,1.796e-04,3.41174,0.60620,0.05311,0.05199,0.14084,0.05472,0.11011,0.65851,0.33418,0.32433,16.59226,17.62793,0,13.08,6899.3
74500,248,1.796e-04,3.36721,0.42681,0.36038,0.08220,0.10036,0.06378,0.08710,0.53138,0.21814,0.31323,20.24593,6.32923,0,13.07,6907.0
74600,248,1.796e-04,2.63679,0.29014,0.19774,0.06376,0.07334,0.07104,0.08455,0.37007,0.23844,0.13163,15.92248,5.56390,0,13.14,6914.6
74700,249,1.787e-04,3.38295,0.11921,0.20736,0.08954,0.11432,0.09465,0.10892,0.37399,0.17218,0.20181,17.30563,10.50313,0,13.18,6922.2
74800,249,1.787e-04,3.03140,0.55469,0.33758,0.06710,0.07018,0.09621,0.05706,0.31197,0.20541,0.10656,14.52066,6.94053,0,12.95,6929.9
74900,249,1.787e-04,4.84226,0.36673,0.23287,0.11226,0.15680,0.14906,0.16136,0.40106,0.24149,0.15956,29.10900,8.04326,0,12.96,6937.6
75000,250,1.778e-04,3.06026,0.49665,0.24125,0.07811,0.08211,0.07007,0.07396,0.41834,0.18848,0.22986,27.34828,10.93543,0,1.53,7002.8
75100,250,1.778e-04,4.20243,0.94885,0.62515,0.05073,0.13738,0.05498,0.09448,0.22548,0.16615,0.05933,30.82056,8.77696,0,11.26,7011.7
75200,250,1.778e-04,3.23860,0.40469,0.34396,0.07668,0.09208,0.07779,0.08269,0.52711,0.29123,0.23589,10.60118,7.57283,0,12.26,7019.9
75300,251,1.769e-04,3.06316,0.25115,0.69994,0.07626,0.06727,0.05559,0.07976,0.20329,0.10103,0.10226,21.76511,6.10376,0,12.22,7028.1
75400,251,1.769e-04,3.23411,0.33850,0.84041,0.07973,0.05557,0.07805,0.06239,0.38726,0.15558,0.23167,19.20258,8.01596,0,12.30,7036.2
75500,251,1.769e-04,2.84708,0.41032,0.06467,0.05884,0.09610,0.10914,0.05541,0.36980,0.15493,0.21487,15.47644,5.20947,0,12.41,7044.2
75600,252,1.760e-04,3.38857,0.47610,0.37915,0.08656,0.09440,0.08898,0.05576,0.18713,0.06527,0.12186,20.86991,5.20727,0,12.43,7052.3
75700,252,1.760e-04,2.60243,0.44015,0.27112,0.07548,0.05067,0.07737,0.04857,0.40591,0.32274,0.08316,18.68861,10.09130,0,12.27,7060.4
75800,252,1.760e-04,2.93942,0.14624,0.25691,0.09047,0.08570,0.07886,0.07605,0.50315,0.38999,0.11317,20.54571,11.69980,0,12.35,7068.5
75900,253,1.751e-04,3.24081,0.07960,0.58322,0.07886,0.09830,0.07203,0.08925,0.34978,0.19977,0.15001,20.34886,10.55938,0,12.31,7076.7
76000,253,1.751e-04,3.26706,0.58480,0.28011,0.08120,0.07392,0.07214,0.09805,0.41336,0.21894,0.19442,17.88407,9.63466,0,12.39,7084.7
76100,253,1.751e-04,4.57193,0.37611,0.38932,0.08768,0.17846,0.08937,0.13966,0.55036,0.08776,0.46261,21.36057,10.23492,0,12.26,7092.9
76200,254,1.742e-04,3.66405,0.16851,0.35141,0.08438,0.12494,0.08021,0.12996,0.55240,0.32103,0.23137,13.37596,11.71667,0,12.27,7101.0
76300,254,1.742e-04,4.11367,0.78773,0.67313,0.09835,0.08723,0.09617,0.06323,0.36675,0.10535,0.26140,14.85441,5.74490,0,12.33,7109.1
76400,254,1.742e-04,4.80562,0.72766,0.58290,0.08685,0.13452,0.11207,0.14422,0.14892,0.08461,0.06430,23.77662,5.29593,0,12.51,7117.1
76500,255,1.733e-04,3.75152,0.12718,0.36143,0.09006,0.12117,0.10023,0.12990,0.65517,0.09295,0.56222,12.05900,7.32804,0,12.44,7125.2
76600,255,1.733e-04,3.67283,0.15808,0.09070,0.07199,0.16541,0.06914,0.14086,0.50873,0.21331,0.29542,19.86108,10.14891,0,12.42,7133.2
76700,255,1.733e-04,5.06226,0.62260,0.47928,0.11259,0.15642,0.09748,0.15658,0.29700,0.22162,0.07538,23.67666,8.36612,0,12.45,7141.2
76800,256,1.724e-04,3.56715,0.46997,0.28582,0.07943,0.10891,0.06279,0.12280,0.63540,0.43330,0.20210,15.29555,14.18587,0,12.39,7149.3
76900,256,1.724e-04,2.53719,0.18535,0.61622,0.05237,0.06443,0.04408,0.06944,0.35950,0.19433,0.16517,20.45602,7.92525,0,12.29,7157.5
77000,256,1.724e-04,4.64263,0.17315,0.38810,0.08015,0.19522,0.11133,0.15421,0.40019,0.22196,0.17823,27.70920,6.55984,0,12.27,7165.6
77100,257,1.716e-04,3.00147,0.28561,0.39293,0.09860,0.06685,0.09483,0.03886,0.49851,0.14354,0.35497,17.76720,15.88305,0,12.29,7173.7
77200,257,1.716e-04,3.57289,0.38131,0.64211,0.07735,0.10373,0.06127,0.08645,0.25506,0.04443,0.21062,24.00125,4.06713,0,12.34,7181.8
77300,257,1.716e-04,4.00960,0.28981,0.31178,0.05797,0.17325,0.05607,0.16310,0.51127,0.14156,0.36971,22.46505,9.68115,0,12.35,7189.9
77400,258,1.707e-04,3.19363,0.41270,0.80067,0.07322,0.06316,0.05900,0.06429,0.19263,0.09265,0.09998,17.45677,6.45697,0,12.26,7198.1
77500,258,1.707e-04,3.54929,0.41089,0.61388,0.09967,0.06329,0.10535,0.07363,0.36800,0.09445,0.27354,26.60622,8.93856,0,12.31,7206.2
77600,258,1.707e-04,5.06643,0.54749,0.91480,0.08079,0.16539,0.07898,0.14948,0.42621,0.34251,0.08371,25.12240,9.26622,0,12.36,7214.3
77700,259,1.698e-04,2.93452,0.23329,0.51910,0.07075,0.06176,0.07273,0.09867,0.24405,0.05616,0.18789,17.50338,11.44559,0,12.37,7222.4
77800,259,1.698e-04,3.94218,0.22981,0.92116,0.07442,0.11583,0.07733,0.10042,0.41810,0.15488,0.26322,21.08624,15.05994,0,12.47,7230.4
77900,259,1.698e-04,3.23692,0.80459,0.45559,0.06361,0.07189,0.06580,0.05855,0.37117,0.07032,0.30085,9.16453,6.44361,0,12.39,7238.5
78000,260,1.689e-04,2.48807,0.50940,0.33488,0.06756,0.04955,0.05195,0.04257,0.25638,0.15565,0.10073,12.45857,6.72102,0,1.45,7307.7
78100,260,1.689e-04,2.33210,0.27797,0.22236,0.06270,0.05925,0.06073,0.06174,0.39226,0.31098,0.08129,12.39281,5.90903,0,12.40,7315.7
78200,260,1.689e-04,3.57041,0.56153,0.13083,0.06364,0.14164,0.05179,0.11327,0.42481,0.26256,0.16225,17.55926,9.87048,0,13.50,7323.1
78300,261,1.680e-04,4.36589,0.22232,1.00892,0.07088,0.13923,0.06479,0.14191,0.32451,0.04651,0.27800,19.63893,6.52024,0,13.59,7330.5
78400,261,1.680e-04,3.92848,0.38422,0.52878,0.11141,0.09618,0.08423,0.10370,0.75174,0.45738,0.29436,24.47600,11.63520,0,12.82,7338.3
78500,261,1.680e-04,2.82574,0.50361,0.30584,0.07536,0.06997,0.05715,0.05544,0.38592,0.18670,0.19922,19.37732,9.61268,0,12.74,7346.2
78600,262,1.671e-04,5.98100,0.28138,0.30041,0.09323,0.25200,0.08599,0.30339,0.67738,0.53162,0.14576,31.09352,10.47370,0,12.98,7353.9
78700,262,1.671e-04,2.69285,0.21753,0.34529,0.07405,0.07548,0.06297,0.06398,0.69416,0.36405,0.33011,19.19612,6.70025,0,12.61,7361.8
78800,262,1.671e-04,3.45869,0.63668,0.36541,0.07195,0.10270,0.05702,0.08499,0.30697,0.18709,0.11988,27.74341,10.89557,0,13.26,7369.3
78900,263,1.662e-04,6.46954,0.36917,0.94280,0.10195,0.24306,0.08773,0.25376,0.46249,0.24949,0.21300,26.93160,11.56764,0,13.89,7376.5
79000,263,1.662e-04,3.43824,0.44631,0.67918,0.08475,0.08017,0.07768,0.05503,0.13360,0.04164,0.09196,38.18295,5.90301,0,13.15,7384.1
79100,263,1.662e-04,3.19068,0.46706,0.50434,0.05008,0.09758,0.07956,0.06899,0.42381,0.22480,0.19901,15.52315,8.41495,0,12.56,7392.1
79200,264,1.653e-04,3.85151,0.35176,0.86575,0.07583,0.10888,0.07972,0.07765,0.35151,0.10309,0.24842,18.77748,6.50799,0,12.19,7400.3
79300,264,1.653e-04,5.24276,0.89808,1.39382,0.09865,0.11148,0.08174,0.08817,0.59637,0.32366,0.27271,30.60218,11.25809,0,12.24,7408.5
79400,264,1.653e-04,2.69848,0.40548,0.04643,0.04855,0.10347,0.04056,0.10470,0.30077,0.14894,0.15183,17.90276,9.33117,0,12.53,7416.5
79500,265,1.644e-04,3.11656,0.21797,0.40132,0.09613,0.07155,0.09536,0.06872,0.69126,0.28017,0.41109,12.00068,13.78185,0,12.94,7424.2
79600,265,1.644e-04,3.15068,0.18547,0.79444,0.07625,0.07259,0.07560,0.06088,0.27998,0.15052,0.12945,29.01068,14.19628,0,12.95,7431.9
79700,265,1.644e-04,3.87513,0.06495,0.44097,0.09902,0.12806,0.07165,0.14802,0.66947,0.31950,0.34997,32.64970,14.96701,0,12.98,7439.6
79800,266,1.636e-04,2.70378,0.37530,0.33251,0.05254,0.08409,0.04995,0.07598,0.56108,0.18259,0.37849,11.83168,9.55178,0,12.88,7447.4
79900,266,1.636e-04,3.12083,0.75149,0.50819,0.06749,0.05604,0.08266,0.04252,0.47877,0.30139,0.17738,20.92601,12.47479,0,12.61,7455.3
80000,266,1.636e-04,3.64567,0.51567,0.32978,0.06808,0.11987,0.07279,0.11135,0.50144,0.31734,0.18410,13.27662,7.04018,0,12.34,7463.4
80100,267,1.627e-04,4.23442,0.31080,0.45770,0.05846,0.13120,0.13904,0.17484,0.29226,0.07434,0.21792,21.29282,4.33370,0,12.30,7471.5
80200,267,1.627e-04,3.44411,0.22879,0.21137,0.10895,0.08798,0.12752,0.07942,0.40209,0.26158,0.14051,16.48300,8.15864,0,12.29,7479.7
80300,267,1.627e-04,4.05925,0.23122,0.54208,0.07486,0.15154,0.06683,0.13758,0.51811,0.45832,0.05979,22.20118,9.65101,0,12.18,7487.9
80400,268,1.618e-04,3.02244,0.21116,0.33824,0.08154,0.08278,0.08067,0.08530,0.43365,0.08275,0.35090,10.21198,5.78396,0,12.19,7496.1
80500,268,1.618e-04,3.08324,0.20460,0.44295,0.05673,0.10054,0.06271,0.10989,0.56146,0.20941,0.35204,22.83298,7.31264,0,12.35,7504.2
80600,268,1.618e-04,3.07824,0.23540,0.80441,0.06656,0.05886,0.10583,0.05102,0.43936,0.22790,0.21146,17.59598,13.08887,0,12.42,7512.2
80700,269,1.609e-04,3.52928,0.74745,0.50365,0.08239,0.08199,0.06723,0.05966,0.36880,0.24792,0.12088,21.85921,11.01137,0,12.14,7520.5
80800,269,1.609e-04,5.90276,0.36735,1.02297,0.07241,0.24646,0.06271,0.20203,0.14712,0.03128,0.11584,29.23334,4.25154,0,12.31,7528.6
80900,269,1.609e-04,2.32420,0.24212,0.05138,0.05581,0.08704,0.05317,0.06729,0.48826,0.23545,0.25280,22.88282,7.62489,0,12.31,7536.7
81000,270,1.600e-04,3.00510,0.42721,0.14714,0.07951,0.09944,0.07752,0.05073,0.33467,0.14426,0.19041,30.65386,4.66870,0,1.27,7615.7
81100,270,1.600e-04,3.75913,0.67228,0.10188,0.07328,0.13315,0.08154,0.10259,0.52365,0.28945,0.23420,16.63443,12.54625,0,12.62,7623.7
81200,270,1.600e-04,3.28222,0.37905,0.65623,0.07279,0.08218,0.07677,0.06268,0.20082,0.07729,0.12352,17.77251,6.89669,0,14.09,7630.7
81300,271,1.591e-04,5.85769,0.57480,0.76032,0.05355,0.23835,0.06935,0.25136,0.28088,0.09758,0.18331,18.23859,5.47626,0,14.14,7637.8
81400,271,1.591e-04,3.15884,0.28336,0.26000,0.07640,0.09563,0.07915,0.09988,0.55550,0.18365,0.37186,23.26952,7.21167,0,14.14,7644.9
81500,271,1.591e-04,2.89436,0.37519,0.37679,0.07564,0.07329,0.06435,0.06627,0.43045,0.34321,0.08723,14.90273,13.69166,0,14.13,7652.0
81600,272,1.582e-04,3.22340,0.21231,0.33596,0.08256,0.09511,0.06646,0.11323,0.15904,0.02756,0.13148,18.37044,5.03433,0,14.32,7659.0
81700,272,1.582e-04,2.95161,0.29450,0.58246,0.08504,0.05386,0.07356,0.06355,0.38089,0.21906,0.16183,16.82345,9.25135,0,14.22,7666.0
81800,272,1.582e-04,2.43016,0.51264,0.42099,0.06635,0.03394,0.06210,0.03663,0.27070,0.11936,0.15134,15.53934,10.01774,0,13.00,7673.7
81900,273,1.573e-04,2.74641,0.36161,0.27028,0.07112,0.06109,0.09664,0.06184,0.38759,0.14029,0.24730,14.19559,7.16736,0,12.82,7681.5
82000,273,1.573e-04,3.27336,0.53620,0.25176,0.06083,0.10753,0.06985,0.09051,0.27375,0.18160,0.09215,18.91494,6.90384,0,13.03,7689.2
82100,273,1.573e-04,2.96355,0.40921,0.13360,0.04651,0.12231,0.05436,0.09216,0.40042,0.15541,0.24501,28.70160,7.07372,0,13.04,7696.8
82200,274,1.564e-04,2.75477,0.44916,0.13716,0.07549,0.07190,0.07184,0.06708,0.32980,0.14741,0.18239,15.20753,8.60469,0,13.13,7704.4
82300,274,1.564e-04,3.95722,0.49223,0.61065,0.07888,0.12169,0.06890,0.10083,0.27848,0.18158,0.09690,20.10544,8.16660,0,13.03,7712.1
82400,274,1.564e-04,3.81566,0.73736,1.01381,0.07357,0.06419,0.08232,0.05504,0.24892,0.12038,0.12855,16.16195,12.57772,0,12.77,7719.9
82500,275,1.556e-04,2.73476,0.43100,0.19252,0.09281,0.05282,0.08039,0.05061,0.23525,0.14430,0.09095,16.66474,5.74778,0,12.30,7728.1
82600,275,1.556e-04,3.21770,0.15258,0.56322,0.09575,0.07720,0.09375,0.06073,0.51148,0.15018,0.36130,17.36302,7.94316,0,12.40,7736.1
82700,275,1.556e-04,3.78111,0.33178,0.49695,0.10148,0.10815,0.07817,0.09307,0.48810,0.25343,0.23466,23.53783,7.07185,0,12.52,7744.1
82800,276,1.547e-04,3.40691,0.42087,0.78641,0.06987,0.08342,0.06632,0.06702,0.30330,0.08548,0.21782,21.65385,7.09424,0,13.16,7751.7
82900,276,1.547e-04,2.72540,0.58870,0.14098,0.06112,0.06618,0.05448,0.09007,0.33891,0.11453,0.22438,43.43160,8.26680,0,12.81,7759.5
83000,276,1.547e-04,3.31212,0.54404,0.51224,0.05846,0.09545,0.05765,0.08569,0.50467,0.29238,0.21229,17.64826,13.14739,0,12.73,7767.4
83100,277,1.538e-04,3.71095,0.33362,0.37821,0.07164,0.12073,0.09972,0.11535,0.19370,0.10176,0.09194,24.82710,10.14238,0,12.23,7775.6
83200,277,1.538e-04,3.30532,0.10682,0.39401,0.06665,0.10678,0.07280,0.14124,0.38613,0.14225,0.24389,17.17626,7.86110,0,12.44,7783.6
83300,277,1.538e-04,2.67049,0.13086,0.22887,0.05997,0.06513,0.08484,0.12712,0.62880,0.34478,0.28402,18.97035,7.20275,0,13.12,7791.2
83400,278,1.529e-04,2.43869,0.22239,0.46999,0.06224,0.05396,0.06465,0.05221,0.64961,0.40522,0.24439,15.11695,14.51849,0,13.58,7798.6
83500,278,1.529e-04,2.92320,0.19586,0.58723,0.07843,0.07152,0.06851,0.05961,0.64311,0.37192,0.27119,10.12185,11.32442,0,13.13,7806.2
83600,278,1.529e-04,3.66411,0.46122,0.65738,0.08418,0.09198,0.09679,0.05999,0.62284,0.39883,0.22400,10.06823,6.82007,0,13.01,7813.9
83700,279,1.520e-04,3.17854,0.23715,0.59983,0.07955,0.07724,0.07025,0.08447,0.30203,0.15656,0.14547,15.88380,7.17387,0,13.10,7821.5
83800,279,1.520e-04,4.32839,0.56598,0.46191,0.06620,0.16339,0.07663,0.12429,0.31218,0.17805,0.13413,23.16119,6.36152,0,13.14,7829.1
83900,279,1.520e-04,3.07900,0.71110,0.85357,0.06310,0.03843,0.05464,0.04516,0.30116,0.19235,0.10881,14.37520,5.71127,0,13.17,7836.7
84000,280,1.511e-04,2.46564,0.63626,0.53387,0.04129,0.04128,0.06264,0.03132,0.31718,0.20803,0.10915,10.39968,9.71581,0,1.38,7909.1
84100,280,1.511e-04,2.77275,0.29759,0.40031,0.05855,0.06976,0.05020,0.10815,0.57438,0.29739,0.27698,12.83027,12.84640,0,11.60,7917.8
84200,280,1.511e-04,3.15508,0.33626,0.34350,0.05571,0.10802,0.05550,0.11209,0.29029,0.02936,0.26094,22.38542,3.93955,0,12.52,7925.7
84300,281,1.502e-04,2.79042,0.53380,0.61609,0.04999,0.06664,0.04508,0.04977,0.22290,0.11220,0.11070,15.49775,9.60193,0,12.33,7933.9
84400,281,1.502e-04,2.96177,0.31604,0.11627,0.06215,0.11552,0.05370,0.09685,0.50038,0.24324,0.25715,14.88295,11.70179,0,12.56,7941.8
84500,281,1.502e-04,3.70503,0.46890,0.76605,0.07498,0.10288,0.05720,0.08109,0.34059,0.26968,0.07091,17.74294,12.65597,0,12.46,7949.8
84600,282,1.493e-04,3.73430,0.37835,0.45491,0.11023,0.09736,0.07750,0.08751,0.52162,0.32710,0.19452,14.25602,9.01498,0,13.04,7957.5
84700,282,1.493e-04,3.23726,0.28686,0.49555,0.06730,0.09737,0.06762,0.09402,0.38741,0.20830,0.17911,13.47456,7.27400,0,13.42,7965.0
84800,282,1.493e-04,2.82827,0.48071,0.50369,0.06784,0.06744,0.05586,0.04236,0.20157,0.13897,0.06261,20.22175,5.11663,0,12.94,7972.7
84900,283,1.484e-04,3.70179,0.63631,0.40549,0.07334,0.11282,0.06754,0.09214,0.61762,0.16991,0.44771,17.29020,11.27986,0,12.56,7980.6
85000,283,1.484e-04,3.00532,0.14230,0.48807,0.06603,0.10467,0.06270,0.07089,0.47855,0.31060,0.16796,16.66568,12.50284,0,13.13,7988.3
85100,283,1.484e-04,2.72712,0.48497,0.14839,0.08354,0.05890,0.07680,0.05707,0.18873,0.01669,0.17204,12.24570,10.88771,0,13.24,7995.8
85200,284,1.476e-04,3.17889,0.29407,0.28846,0.08128,0.07579,0.10328,0.10186,0.24636,0.09933,0.14703,22.92762,6.45894,0,12.61,8003.7
85300,284,1.476e-04,2.74484,0.35490,0.16969,0.07194,0.08303,0.06851,0.06560,0.21118,0.15667,0.05450,15.00597,6.69958,0,12.67,8011.6
85400,284,1.476e-04,3.36548,0.32358,0.59548,0.08452,0.10400,0.06020,0.05206,0.42845,0.30220,0.12625,27.94154,10.13899,0,14.02,8018.8
85500,285,1.467e-04,3.91772,0.66951,0.29278,0.08378,0.11304,0.09749,0.09995,0.33077,0.08799,0.24278,32.57508,5.54419,0,12.95,8026.5
85600,285,1.467e-04,4.37403,0.37307,0.65903,0.12912,0.10205,0.10602,0.10002,0.56922,0.43188,0.13734,36.57775,12.48991,0,13.24,8034.0
85700,285,1.467e-04,2.86763,0.38309,0.52730,0.07860,0.04877,0.09034,0.04638,0.38873,0.28930,0.09943,14.38599,8.45330,0,13.62,8041.4
85800,286,1.458e-04,2.91624,0.15870,0.50370,0.06978,0.07999,0.06755,0.08367,0.51392,0.23671,0.27721,10.02258,7.74897,0,13.90,8048.6
85900,286,1.458e-04,2.97652,0.50612,0.07534,0.07351,0.08541,0.07054,0.09063,0.18485,0.10821,0.07664,12.01389,9.63580,0,13.38,8056.1
86000,286,1.458e-04,2.77415,0.64609,0.09729,0.06791,0.06987,0.06809,0.06251,0.43038,0.20494,0.22545,15.31568,8.72076,0,12.92,8063.8
86100,287,1.449e-04,3.70771,0.54310,0.63856,0.10249,0.08083,0.08241,0.05616,0.25506,0.11044,0.14462,21.15519,6.53888,0,12.76,8071.6
86200,287,1.449e-04,2.77575,0.30401,0.10293,0.07009,0.09256,0.05503,0.09345,0.23001,0.05870,0.17131,21.85011,6.75301,0,12.51,8079.6
86300,287,1.449e-04,2.63105,0.39760,0.03145,0.07459,0.07924,0.06497,0.06777,0.42234,0.09677,0.32557,14.56454,6.33061,0,12.57,8087.6
86400,288,1.440e-04,3.18411,0.41129,0.45646,0.07745,0.08824,0.06440,0.06750,0.17960,0.11339,0.06621,23.32030,4.71905,0,13.47,8095.0
86500,288,1.440e-04,3.81027,0.40651,0.62685,0.06940,0.11283,0.05812,0.13280,0.44242,0.20609,0.23633,15.97702,9.03979,0,13.08,8102.7
86600,288,1.440e-04,3.16772,0.48916,0.45967,0.06531,0.09049,0.06457,0.06760,0.44416,0.15424,0.28992,20.80042,7.90956,0,13.52,8110.1
86700,289,1.431e-04,2.74265,0.37690,0.37555,0.06901,0.07209,0.04964,0.06619,0.19049,0.12138,0.06911,16.51572,8.53600,0,14.05,8117.2
86800,289,1.431e-04,2.53930,0.39976,0.31194,0.07787,0.04110,0.07426,0.05331,0.32143,0.11021,0.21122,18.05810,5.40329,0,14.48,8124.1
86900,289,1.431e-04,2.23652,0.38932,0.03607,0.05477,0.06210,0.07548,0.05300,0.39277,0.14403,0.24874,8.25820,6.81841,0,14.44,8131.0
87000,290,1.422e-04,2.91558,0.17372,0.54455,0.05741,0.09943,0.06057,0.06520,0.50274,0.33212,0.17062,16.75331,11.12815,0,1.63,8192.5
87100,290,1.422e-04,4.10052,0.51812,0.34445,0.06131,0.15719,0.05452,0.15607,0.62778,0.36276,0.26502,17.12182,10.31386,0,11.08,8201.6
87200,290,1.422e-04,4.25687,0.81022,0.37199,0.08823,0.12094,0.08746,0.10912,0.51733,0.24724,0.27009,20.63564,18.76570,0,12.40,8209.6
87300,291,1.413e-04,4.78693,0.20672,0.97700,0.06801,0.17937,0.06083,0.16506,0.49950,0.25949,0.24001,25.57073,11.43183,0,12.51,8217.6
87400,291,1.413e-04,3.83325,0.33842,0.77258,0.06339,0.12684,0.06410,0.09989,0.62849,0.28431,0.34418,21.97636,10.72708,0,13.87,8224.8
87500,291,1.413e-04,2.37197,0.23137,0.28475,0.06426,0.06288,0.05809,0.05879,0.26254,0.06931,0.19323,15.78468,6.12078,0,13.84,8232.0
87600,292,1.404e-04,4.02853,0.61853,0.48616,0.05708,0.16021,0.05923,0.09096,0.30175,0.09432,0.20743,33.81290,9.19034,0,13.64,8239.4
87700,292,1.404e-04,2.35361,0.10548,0.41675,0.06003,0.05914,0.08416,0.04379,0.43650,0.33073,0.10577,21.70232,6.95753,0,13.14,8247.0
87800,292,1.404e-04,3.27130,0.21404,0.84802,0.06203,0.08450,0.07058,0.07821,0.23124,0.12306,0.10817,22.87947,8.82010,0,13.37,8254.5
87900,293,1.396e-04,3.97507,0.86384,0.94318,0.07160,0.07338,0.07260,0.07105,0.57073,0.38435,0.18637,23.69627,21.54389,0,13.86,8261.7
88000,293,1.396e-04,3.23168,0.31486,0.59095,0.06363,0.09577,0.05346,0.09292,0.48281,0.21531,0.26750,13.90285,10.57014,0,13.75,8269.0
88100,293,1.396e-04,3.46341,0.15703,0.84605,0.06029,0.10570,0.06374,0.09633,0.50731,0.14108,0.36623,15.68494,7.24168,0,13.16,8276.6
88200,294,1.387e-04,3.59260,0.10133,0.34196,0.06400,0.14716,0.06143,0.14611,0.52802,0.32294,0.20508,22.85314,7.87817,0,13.88,8283.8
88300,294,1.387e-04,4.06640,0.50705,0.45533,0.06501,0.12604,0.07851,0.16018,0.36852,0.19145,0.17707,21.53122,7.92823,0,13.75,8291.0
88400,294,1.387e-04,2.55837,0.40662,0.22585,0.06172,0.06992,0.05988,0.06202,0.40152,0.17987,0.22166,13.22903,6.36011,0,13.87,8298.2
88500,295,1.378e-04,3.71904,0.30129,0.72432,0.07922,0.10039,0.09564,0.08382,0.37066,0.09698,0.27368,19.21963,13.05886,0,12.96,8306.0
88600,295,1.378e-04,2.93682,0.34705,0.07322,0.07118,0.10905,0.07585,0.06700,0.37251,0.16175,0.21076,18.45749,14.22918,0,13.27,8313.5
88700,295,1.378e-04,3.09226,0.30851,0.51088,0.06178,0.09526,0.05777,0.08273,0.68016,0.44524,0.23492,21.31567,7.14479,0,13.17,8321.1
88800,296,1.369e-04,3.58887,0.68064,0.53302,0.06374,0.11373,0.05646,0.06364,0.31302,0.16721,0.14582,29.98160,10.29995,0,13.03,8328.8
88900,296,1.369e-04,3.50455,0.74564,0.34050,0.05233,0.11799,0.04352,0.09953,0.31733,0.24038,0.07694,22.74516,8.86105,0,12.81,8336.6
89000,296,1.369e-04,3.25403,0.24987,0.10775,0.07780,0.12418,0.06662,0.10870,0.53397,0.29139,0.24259,21.48940,7.93900,0,12.59,8344.5
89100,297,1.360e-04,3.24911,0.59420,0.31608,0.08341,0.08223,0.05925,0.07723,0.35593,0.14947,0.20646,22.54867,6.93116,0,12.81,8352.3
89200,297,1.360e-04,3.69648,0.31738,0.58391,0.06562,0.11206,0.08695,0.11672,0.40990,0.20207,0.20783,19.69458,7.06133,0,13.78,8359.6
89300,297,1.360e-04,3.19383,0.13125,0.35865,0.05544,0.11644,0.09244,0.10458,0.52418,0.28187,0.24231,14.28784,10.82222,0,13.49,8367.0
89400,298,1.351e-04,3.47966,0.58205,0.79306,0.09538,0.05102,0.06991,0.05821,0.15485,0.04648,0.10836,21.84356,8.20287,0,14.11,8374.1
89500,298,1.351e-04,3.61299,0.09201,0.13232,0.05948,0.14660,0.04139,0.22418,0.34122,0.10459,0.23663,17.33022,6.90657,0,14.12,8381.2
89600,298,1.351e-04,2.90843,0.62288,0.11756,0.07557,0.06472,0.07881,0.07419,0.48636,0.21611,0.27025,9.01458,14.98736,0,13.93,8388.3
89700,299,1.342e-04,3.79718,1.01025,0.22892,0.11316,0.06344,0.10081,0.05760,0.38115,0.17425,0.20690,23.85991,10.94133,0,13.89,8395.5
89800,299,1.342e-04,2.43058,0.04558,0.32934,0.06673,0.07824,0.06754,0.05366,0.56921,0.10059,0.46862,12.93353,11.84728,0,13.89,8402.7
89900,299,1.342e-04,3.90348,0.32530,0.12596,0.08041,0.13964,0.06339,0.18694,0.58590,0.34703,0.23886,28.95580,9.12279,0,13.77,8410.0
90000,300,1.333e-04,3.06544,0.29319,0.66127,0.07616,0.06454,0.06511,0.07568,0.34888,0.16075,0.18814,17.26320,9.11350,0,1.45,8479.0
90100,300,1.333e-04,2.43223,0.28440,0.14711,0.07084,0.06922,0.06504,0.05498,0.40206,0.16207,0.23999,10.67236,7.71415,0,11.77,8487.5
90200,300,1.333e-04,2.91265,0.20739,0.52118,0.05052,0.08485,0.06746,0.09860,0.54438,0.17025,0.37413,15.39607,7.06724,0,12.57,8495.5
90300,301,1.324e-04,3.05308,0.31653,0.28958,0.07804,0.08520,0.08582,0.07711,0.40852,0.18791,0.22061,19.39428,7.39174,0,12.97,8503.2
90400,301,1.324e-04,2.47771,0.26849,0.61417,0.04826,0.05763,0.04515,0.06207,0.43206,0.17777,0.25429,14.25402,12.08750,0,13.24,8510.7
90500,301,1.324e-04,3.13884,0.50635,0.64130,0.08233,0.03769,0.11143,0.04676,0.20045,0.15446,0.04598,19.38105,7.97652,0,13.16,8518.3
90600,302,1.316e-04,2.75116,0.35532,0.52046,0.06449,0.05450,0.07601,0.06109,0.50582,0.29593,0.20989,17.68517,8.63591,0,13.35,8525.8
90700,302,1.316e-04,3.60977,0.55255,1.30199,0.05686,0.05988,0.06555,0.05201,0.52518,0.28192,0.24326,26.03228,14.54492,0,12.98,8533.5
90800,302,1.316e-04,3.35050,0.41416,0.25265,0.12481,0.05894,0.09466,0.07456,0.29417,0.10322,0.19095,21.49633,4.05129,0,12.79,8541.3
90900,303,1.307e-04,3.03420,0.57803,0.51935,0.06046,0.06748,0.05146,0.08004,0.30859,0.27253,0.03606,12.00475,8.78010,0,14.08,8548.4
91000,303,1.307e-04,2.23299,0.23168,0.11855,0.06656,0.04365,0.11529,0.04085,0.44324,0.23331,0.20993,16.16582,8.71886,0,13.95,8555.6
91100,303,1.307e-04,2.84376,0.53687,0.34998,0.07971,0.06663,0.05876,0.03993,0.63634,0.32633,0.31001,19.16803,11.63421,0,13.36,8563.1
91200,304,1.298e-04,1.72003,0.16321,0.04902,0.05378,0.04657,0.05159,0.04927,0.39803,0.21675,0.18127,9.25918,10.23053,0,13.82,8570.3
91300,304,1.298e-04,3.19080,0.46011,0.86792,0.06875,0.05637,0.05025,0.07207,0.43051,0.25784,0.17267,21.27969,10.65988,0,12.90,8578.1
91400,304,1.298e-04,2.19298,0.26659,0.19615,0.06305,0.05778,0.05601,0.04838,0.57966,0.24540,0.33426,9.23073,9.01443,0,13.19,8585.7
91500,305,1.289e-04,3.62989,0.42118,0.22177,0.10130,0.06390,0.17816,0.08883,0.31952,0.16144,0.15808,21.63757,8.09953,0,12.73,8593.5
91600,305,1.289e-04,3.68924,0.70320,0.73319,0.05486,0.07553,0.06041,0.12938,0.26433,0.14690,0.11743,22.00355,9.92198,0,12.74,8601.4
91700,305,1.289e-04,2.85660,0.51291,0.43873,0.05899,0.07183,0.05350,0.06586,0.35852,0.28825,0.07028,19.74398,11.37004,0,12.62,8609.3
91800,306,1.280e-04,2.47240,0.19000,0.25630,0.07544,0.06147,0.08995,0.04145,0.33490,0.22332,0.11158,18.24917,8.56968,0,13.15,8616.9
91900,306,1.280e-04,3.77057,0.09864,0.31525,0.07357,0.15592,0.05564,0.15671,0.33920,0.14871,0.19049,20.81420,13.24178,0,12.92,8624.6
92000,306,1.280e-04,2.71918,0.28898,0.30332,0.08250,0.06087,0.07707,0.06156,0.40578,0.12316,0.28262,16.75175,6.89922,0,12.99,8632.3
92100,307,1.271e-04,2.40011,0.19396,0.33552,0.06117,0.06333,0.07596,0.04917,0.37336,0.14790,0.22546,16.72489,7.52944,0,12.79,8640.1
92200,307,1.271e-04,2.88179,0.48089,0.21059,0.05183,0.09237,0.05567,0.09399,0.21123,0.12252,0.08871,16.13811,7.86246,0,12.91,8647.9
92300,307,1.271e-04,2.37263,0.20148,0.71421,0.05100,0.05188,0.04609,0.03954,0.44425,0.19057,0.25368,13.10712,9.10890,0,12.82,8655.7
92400,308,1.262e-04,3.18796,0.55021,0.44636,0.07939,0.06064,0.09254,0.06568,0.23335,0.14255,0.09079,16.88367,5.76259,0,12.63,8663.6
92500,308,1.262e-04,2.80819,0.24163,0.31359,0.06379,0.09877,0.06164,0.06383,0.32718,0.27176,0.05542,20.39012,8.46338,0,12.57,8671.6
92600,308,1.262e-04,3.56314,0.26541,0.72239,0.05621,0.12098,0.05739,0.10330,0.26294,0.11221,0.15073,16.01282,9.22523,0,12.80,8679.4
92700,309,1.253e-04,2.69395,0.40708,0.26815,0.07847,0.05807,0.08476,0.04591,0.45175,0.21007,0.24168,12.37482,11.88600,0,13.00,8687.1
92800,309,1.253e-04,2.48989,0.53835,0.35444,0.04803,0.06465,0.04056,0.05351,0.50946,0.16139,0.34807,10.93448,10.51870,0,12.77,8694.9
92900,309,1.253e-04,3.17124,0.44329,0.30394,0.06079,0.10598,0.05451,0.09676,0.38019,0.19516,0.18503,12.81619,7.40496,0,12.84,8702.7
93000,310,1.244e-04,3.47768,0.53532,0.60060,0.10608,0.05250,0.09413,0.05705,0.30581,0.13718,0.16862,13.81817,6.50746,0,1.45,8771.4
93100,310,1.244e-04,2.46588,0.42713,0.13221,0.06268,0.07065,0.05501,0.05964,0.55504,0.24711,0.30793,12.58525,7.00586,0,10.95,8780.6
93200,310,1.244e-04,3.70890,0.52110,0.34877,0.06974,0.13169,0.05885,0.10611,0.26313,0.10237,0.16076,25.19593,4.10416,0,13.77,8787.8
93300,311,1.236e-04,2.76829,0.09671,0.40243,0.06134,0.10150,0.05212,0.07603,0.47473,0.25447,0.22026,22.73004,7.22883,0,13.24,8795.4
93400,311,1.236e-04,3.58927,0.23676,0.27186,0.10157,0.07340,0.10178,0.16441,0.46480,0.25292,0.21188,12.56683,8.23125,0,14.03,8802.5
93500,311,1.236e-04,3.80720,0.32429,0.46522,0.08647,0.11263,0.08263,0.12271,0.31587,0.08240,0.23346,18.00459,5.35339,0,13.91,8809.7
93600,312,1.227e-04,2.72412,0.32739,0.30453,0.07695,0.06246,0.05718,0.08246,0.47002,0.18255,0.28747,15.65174,8.22603,0,14.05,8816.8
93700,312,1.227e-04,5.53665,0.06639,0.21260,0.06088,0.29569,0.06544,0.27295,0.56747,0.35790,0.20957,24.90913,14.55572,0,14.08,8823.9
93800,312,1.227e-04,3.52347,0.26594,0.18676,0.08458,0.13586,0.07851,0.09476,0.33469,0.06210,0.27259,15.53652,4.11271,0,13.18,8831.5
93900,313,1.218e-04,3.39441,0.40711,0.50670,0.05418,0.11872,0.06802,0.08231,0.38062,0.30045,0.08017,28.36812,10.16139,0,13.05,8839.2
94000,313,1.218e-04,3.21514,0.22891,0.68722,0.05938,0.10025,0.06595,0.07460,0.14307,0.01469,0.12839,16.96000,3.52610,0,13.14,8846.8
94100,313,1.218e-04,2.65418,0.35307,0.38232,0.06680,0.07157,0.05304,0.05399,0.18627,0.03367,0.15260,17.04112,6.02887,0,13.23,8854.3
94200,314,1.209e-04,2.86766,0.46824,0.52435,0.06185,0.06695,0.06205,0.05536,0.52185,0.23891,0.28294,14.58106,10.83775,0,13.65,8861.7
94300,314,1.209e-04,2.64079,0.45053,0.36296,0.05802,0.06570,0.04451,0.07350,0.35794,0.14755,0.21039,16.49483,6.38131,0,13.50,8869.1
94400,314,1.209e-04,5.10424,0.46787,0.88124,0.09588,0.16215,0.08918,0.14580,0.21516,0.12994,0.08521,23.79028,10.44572,0,13.15,8876.7
94500,315,1.200e-04,3.44961,0.34710,0.16910,0.07045,0.11033,0.08456,0.14056,0.46524,0.16774,0.29750,21.57279,7.95025,0,13.05,8884.3
94600,315,1.200e-04,3.13621,0.53029,0.31375,0.09720,0.05979,0.09054,0.05392,0.31634,0.08825,0.22808,11.15640,6.86732,0,13.12,8891.9
94700,315,1.200e-04,3.05652,0.18367,0.51858,0.07831,0.07009,0.08306,0.09099,0.44026,0.33835,0.10191,22.95037,9.00607,0,13.06,8899.6
94800,316,1.191e-04,2.66156,0.39601,0.14139,0.09364,0.05881,0.07885,0.04108,0.55845,0.20257,0.35588,13.24372,11.80029,0,12.99,8907.3
94900,316,1.191e-04,3.96052,0.21849,0.19448,0.06032,0.16287,0.07297,0.19016,0.53073,0.41601,0.11472,30.21240,19.67049,0,13.23,8914.9
95000,316,1.191e-04,2.12329,0.18162,0.26347,0.06451,0.04819,0.05560,0.05464,0.49852,0.26619,0.23234,13.07719,12.43910,0,12.76,8922.7
95100,317,1.182e-04,3.19086,0.64747,0.16316,0.10062,0.05647,0.08404,0.07783,0.51834,0.18045,0.33789,15.87693,7.99240,0,13.05,8930.4
95200,317,1.182e-04,3.74038,1.19995,0.26239,0.09408,0.06417,0.10150,0.03761,0.37362,0.16338,0.21024,20.85829,10.47406,0,12.72,8938.2
95300,317,1.182e-04,3.49659,0.42640,0.35825,0.07130,0.12360,0.06211,0.09048,0.18222,0.09409,0.08814,23.02932,6.56147,0,13.03,8945.9
95400,318,1.173e-04,2.53828,0.25173,0.39248,0.07754,0.05586,0.07575,0.03625,0.40822,0.13801,0.27020,11.85081,7.13897,0,12.91,8953.6
95500,318,1.173e-04,2.84508,0.24434,0.20447,0.05348,0.11138,0.05685,0.09268,0.57460,0.14752,0.42708,24.74113,6.97570,0,13.06,8961.3
95600,318,1.173e-04,2.90969,0.44383,0.54461,0.05659,0.07628,0.05149,0.06701,0.69297,0.33054,0.36243,14.05999,9.76430,0,12.94,8969.0
95700,319,1.164e-04,2.69369,0.38632,0.33431,0.06066,0.08153,0.05420,0.05603,0.49552,0.20044,0.29507,16.88169,7.08905,0,13.01,8976.7
95800,319,1.164e-04,3.23962,0.53265,0.09053,0.05596,0.14243,0.03724,0.08925,0.40616,0.10521,0.30096,26.77642,7.93371,0,13.07,8984.4
95900,319,1.164e-04,2.31092,0.46983,0.09695,0.05877,0.06276,0.05347,0.05230,0.29967,0.17048,0.12919,14.90239,7.36765,0,13.42,8991.8
96000,320,1.156e-04,2.46219,0.69184,0.12554,0.04906,0.06582,0.04395,0.05525,0.48075,0.31060,0.17015,14.27916,7.75112,0,1.39,9063.7
96100,320,1.156e-04,3.17943,0.60889,0.53850,0.05370,0.09044,0.04234,0.07579,0.32795,0.22885,0.09911,31.88622,7.25261,0,12.08,9072.0
96200,320,1.156e-04,2.21693,0.14413,0.27542,0.05394,0.06442,0.06472,0.05803,0.44582,0.21775,0.22807,11.79616,8.82698,0,13.30,9079.5
96300,321,1.147e-04,2.85224,0.45804,0.78105,0.05169,0.05937,0.04915,0.05137,0.34533,0.10417,0.24116,32.29423,4.62423,0,13.40,9087.0
96400,321,1.147e-04,2.79293,0.41427,0.47316,0.07721,0.05434,0.08268,0.03531,0.28292,0.17684,0.10608,14.78348,7.74409,0,13.06,9094.6
96500,321,1.147e-04,2.10862,0.32768,0.27967,0.05483,0.04918,0.05585,0.03640,0.39009,0.31106,0.07903,8.14418,7.64909,0,12.98,9102.3
96600,322,1.138e-04,3.23694,0.37368,0.06801,0.05828,0.13659,0.05832,0.11098,0.34608,0.22871,0.11737,9.38166,7.31494,0,13.21,9109.9
96700,322,1.138e-04,2.58685,0.27515,0.09467,0.06277,0.09050,0.06018,0.07668,0.30841,0.06844,0.23997,15.28485,4.95309,0,12.98,9117.6
96800,322,1.138e-04,3.32022,0.05867,0.58599,0.07788,0.12003,0.05156,0.08772,0.37593,0.14597,0.22996,22.78792,7.81026,0,13.17,9125.2
96900,323,1.129e-04,2.84640,0.19417,0.42321,0.08594,0.07571,0.07963,0.04287,0.29030,0.20458,0.08572,18.13629,10.15566,0,13.05,9132.9
97000,323,1.129e-04,2.91676,0.34497,0.57121,0.05971,0.08686,0.04717,0.05980,0.24267,0.12991,0.11276,19.40801,10.70330,0,13.16,9140.5
97100,323,1.129e-04,3.10300,0.19372,0.11446,0.09345,0.09475,0.08657,0.09598,0.37561,0.07122,0.30439,10.98774,13.65599,0,12.93,9148.2
97200,324,1.120e-04,2.29489,0.25937,0.34680,0.05698,0.06229,0.04617,0.05302,0.39518,0.21304,0.18214,8.24671,9.00923,0,13.09,9155.8
97300,324,1.120e-04,4.79646,0.50501,0.22158,0.10619,0.20564,0.09584,0.09448,0.19530,0.09190,0.10340,24.96682,5.11014,0,13.28,9163.4
97400,324,1.120e-04,2.48998,0.40947,0.59558,0.06485,0.03618,0.06050,0.03443,0.39701,0.22225,0.17477,10.18353,9.38946,0,13.03,9171.0
97500,325,1.111e-04,2.34170,0.43271,0.29218,0.05618,0.04976,0.06581,0.04568,0.41323,0.25126,0.16197,18.72522,7.17263,0,13.60,9178.4
97600,325,1.111e-04,2.51057,0.13339,0.41667,0.06965,0.06115,0.07453,0.05599,0.49773,0.14987,0.34786,20.38030,13.25314,0,13.07,9186.0
97700,325,1.111e-04,2.95090,0.41165,0.62537,0.07865,0.05873,0.06836,0.03966,0.27744,0.16229,0.11515,23.45887,11.47400,0,12.80,9193.8
97800,326,1.102e-04,2.83305,0.12522,0.58632,0.05911,0.08426,0.05334,0.08422,0.36741,0.20335,0.16406,14.57270,5.69303,0,12.45,9201.9
97900,326,1.102e-04,2.47041,0.32365,0.40419,0.07950,0.04064,0.07866,0.02957,0.18137,0.13191,0.04946,11.65875,6.80421,0,13.74,9209.2
98000,326,1.102e-04,3.47468,0.86609,0.17792,0.09508,0.08026,0.08313,0.05231,0.33052,0.14226,0.18826,26.80243,10.53097,0,13.52,9216.6
98100,327,1.093e-04,3.33212,0.04842,0.37249,0.06381,0.13575,0.05139,0.13174,0.33732,0.15384,0.18348,12.23330,5.85957,0,12.62,9224.5
98200,327,1.093e-04,3.80162,0.53437,0.66017,0.06786,0.10641,0.07196,0.10092,0.50065,0.10696,0.39368,25.77787,10.25230,0,13.05,9232.1
98300,327,1.093e-04,2.76315,0.25742,0.12716,0.04596,0.12161,0.04062,0.09993,0.64632,0.32606,0.32026,15.87089,8.68770,0,14.54,9239.0
98400,328,1.084e-04,2.20815,0.17938,0.46216,0.04888,0.06315,0.03640,0.05287,0.38661,0.09420,0.29241,12.66091,4.93403,0,13.95,9246.2
98500,328,1.084e-04,2.33287,0.23993,0.01464,0.05824,0.08060,0.05787,0.08011,0.57516,0.32616,0.24900,17.82033,13.00871,0,14.20,9253.2
98600,328,1.084e-04,3.09685,0.44123,0.14796,0.04568,0.12160,0.06711,0.09985,0.35154,0.14862,0.20292,24.33558,5.81364,0,14.42,9260.2
98700,329,1.076e-04,3.15415,0.32940,0.70800,0.04835,0.10544,0.03630,0.07947,0.22655,0.17528,0.05127,15.55548,5.03903,0,14.05,9267.3
98800,329,1.076e-04,2.83339,0.19524,0.08091,0.08580,0.08884,0.08293,0.07925,0.48092,0.19863,0.28229,8.65281,12.97235,0,14.57,9274.1
98900,329,1.076e-04,2.16676,0.31297,0.08301,0.06103,0.05613,0.06141,0.05842,0.62067,0.50501,0.11565,12.57953,11.08623,0,14.09,9281.2
99000,330,1.067e-04,2.37431,0.16189,0.34696,0.06455,0.05959,0.05791,0.06692,0.53863,0.37292,0.16570,7.50179,11.53099,0,1.45,9350.2
99100,330,1.067e-04,2.72942,0.44311,0.02662,0.05415,0.10151,0.05884,0.08178,0.92062,0.47780,0.44282,14.32948,14.08927,0,11.55,9358.8
99200,330,1.067e-04,2.74378,0.19419,0.33440,0.08796,0.07352,0.06778,0.05229,0.45210,0.19905,0.25305,27.33423,6.79222,0,13.25,9366.4
99300,331,1.058e-04,4.08559,0.48075,0.48928,0.05502,0.15316,0.04827,0.15849,0.38753,0.16188,0.22565,15.69856,7.66337,0,13.02,9374.1
99400,331,1.058e-04,2.84013,0.23285,1.28776,0.05252,0.03915,0.04690,0.03367,0.36373,0.32869,0.03503,29.19570,9.39476,0,12.91,9381.8
99500,331,1.058e-04,4.81434,0.55549,0.63183,0.06007,0.17104,0.05990,0.20328,0.40017,0.21153,0.18864,45.48615,6.08179,0,13.22,9389.4
99600,332,1.049e-04,3.31934,0.66406,0.54411,0.07301,0.07450,0.06964,0.05756,0.28841,0.17657,0.11184,20.26532,6.74656,0,12.99,9397.1
99700,332,1.049e-04,3.69313,0.36172,1.18458,0.06338,0.08073,0.05437,0.08677,0.33215,0.17465,0.15750,23.83908,8.05065,0,12.86,9404.9
99800,332,1.049e-04,4.91098,0.15894,0.68221,0.04349,0.22816,0.04088,0.22979,0.18897,0.15370,0.03528,24.85217,5.85387,0,13.35,9412.3
99900,333,1.040e-04,2.55018,0.46436,0.33241,0.04959,0.06885,0.04565,0.06814,0.43329,0.17307,0.26022,12.15043,5.78902,0,12.96,9420.1
100000,333,1.040e-04,2.53231,0.19336,0.15618,0.05252,0.11771,0.05001,0.04607,0.43717,0.18124,0.25593,16.81896,6.03358,0,13.82,9427.3
100100,333,1.040e-04,4.70417,0.45360,0.56266,0.06756,0.17688,0.06487,0.18383,0.33050,0.20655,0.12395,30.58000,7.71522,0,12.75,9435.1
100200,334,1.031e-04,2.71218,0.43097,0.85656,0.05076,0.05113,0.04303,0.03812,0.27788,0.11568,0.16220,13.08223,5.60437,0,12.25,9443.3
100300,334,1.031e-04,2.44179,0.28626,0.46751,0.05252,0.06296,0.05150,0.05515,0.50863,0.23479,0.27384,15.45066,7.57473,0,12.23,9451.5
100400,334,1.031e-04,2.75156,0.29829,0.46538,0.04273,0.09190,0.04969,0.07863,0.43212,0.04940,0.38272,18.71282,7.27352,0,12.29,9459.6
100500,335,1.022e-04,3.18659,0.41429,0.05397,0.07974,0.10747,0.07812,0.09111,0.26067,0.04529,0.21538,16.79655,3.40509,0,12.21,9467.8
100600,335,1.022e-04,2.83271,0.51953,0.20971,0.08070,0.06956,0.06695,0.05323,0.21029,0.08611,0.12417,14.47288,8.38269,0,12.12,9476.1
100700,335,1.022e-04,3.37940,0.43167,0.47278,0.09130,0.09063,0.06533,0.06580,0.45501,0.29006,0.16495,22.97425,6.51217,0,12.33,9484.2
100800,336,1.013e-04,2.66834,0.17615,0.23126,0.09613,0.05973,0.09078,0.04970,0.36545,0.13628,0.22917,18.52256,8.70835,0,12.10,9492.4
100900,336,1.013e-04,2.62266,0.50099,0.29735,0.04653,0.07827,0.04378,0.07148,0.30994,0.19271,0.11724,11.53151,7.92012,0,12.28,9500.6
101000,336,1.013e-04,3.12236,0.31219,0.26464,0.06088,0.11364,0.06744,0.09264,0.34027,0.14277,0.19750,23.26325,7.83149,0,12.13,9508.8
101100,337,1.004e-04,2.68739,0.30170,0.49238,0.07383,0.05076,0.07688,0.05260,0.44481,0.23313,0.21167,9.25027,15.56601,0,12.41,9516.9
101200,337,1.004e-04,2.44439,0.07029,0.41103,0.06683,0.06975,0.06373,0.05574,0.18273,0.04824,0.13450,13.32677,4.87934,0,13.23,9524.4
101300,337,1.004e-04,4.79344,0.19898,0.17089,0.07321,0.24000,0.07120,0.18710,0.78069,0.56730,0.21339,25.29530,19.21813,0,13.10,9532.1
101400,338,9.956e-05,8.01154,0.43564,0.51404,0.08523,0.39246,0.07554,0.38146,0.45871,0.30653,0.15218,41.03224,6.64097,0,13.07,9539.7
101500,338,9.956e-05,2.97539,0.42958,0.35012,0.07018,0.08024,0.07334,0.06497,0.29719,0.02254,0.27465,15.17735,5.18648,0,13.11,9547.3
101600,338,9.956e-05,2.66408,0.28628,0.54820,0.07235,0.06515,0.05841,0.03250,0.23174,0.14977,0.08197,18.83048,10.56555,0,13.19,9554.9
101700,339,9.867e-05,8.78261,0.90966,0.65912,0.06186,0.40481,0.06198,0.44745,0.23896,0.20046,0.03849,32.66205,5.77545,0,13.19,9562.5
101800,339,9.867e-05,2.68578,0.50802,0.53032,0.04793,0.06256,0.05303,0.05549,0.14522,0.05633,0.08889,12.48678,6.23273,0,13.01,9570.2
101900,339,9.867e-05,2.54106,0.28268,0.10684,0.07196,0.07051,0.08360,0.06177,0.45984,0.18180,0.27804,18.68617,6.06571,0,12.42,9578.2
102000,340,9.778e-05,2.57562,0.21635,0.42139,0.06296,0.07261,0.05650,0.05994,0.49372,0.32198,0.17174,13.94678,8.13209,0,0.92,9687.0
102100,340,9.778e-05,2.45225,0.46696,0.29743,0.05474,0.05866,0.05496,0.05580,0.24648,0.19456,0.05192,19.60542,9.78170,0,11.37,9695.8
102200,340,9.778e-05,3.15853,0.41391,0.24083,0.08542,0.07802,0.11235,0.06153,0.55300,0.34702,0.20598,23.91162,11.74467,0,12.64,9703.7
102300,341,9.689e-05,2.66839,0.22737,0.13675,0.07280,0.09643,0.04758,0.07481,0.83993,0.29128,0.54865,24.69426,8.02323,0,12.81,9711.5
102400,341,9.689e-05,3.81492,0.51398,0.75790,0.07595,0.09534,0.07208,0.09394,0.24044,0.13269,0.10774,23.38799,5.22591,0,13.26,9719.1
102500,341,9.689e-05,2.89658,0.45420,0.32011,0.07198,0.06653,0.06410,0.08334,0.36657,0.09808,0.26849,19.64399,7.94333,0,12.98,9726.8
102600,342,9.600e-05,2.89942,0.20086,0.46612,0.07030,0.08149,0.06953,0.07338,0.38599,0.22924,0.15676,15.91066,9.68935,0,13.03,9734.4
102700,342,9.600e-05,2.16880,0.20529,0.43803,0.04250,0.06280,0.04486,0.04963,0.60036,0.32493,0.27543,12.96658,11.98927,0,12.79,9742.3
102800,342,9.600e-05,3.89917,0.49862,0.98539,0.07184,0.09341,0.06215,0.09038,0.26072,0.20407,0.05664,15.52160,6.98835,0,12.71,9750.1
102900,343,9.511e-05,3.71000,0.33148,0.66861,0.06404,0.12647,0.04810,0.11287,0.27589,0.09583,0.18007,27.31968,10.84355,0,12.59,9758.1
103000,343,9.511e-05,2.70634,0.46734,0.55573,0.07235,0.05057,0.05037,0.04045,0.31586,0.23478,0.08108,19.30924,6.79764,0,12.28,9766.2
103100,343,9.511e-05,3.15634,0.62960,0.13774,0.06887,0.08989,0.06251,0.09777,0.41786,0.05866,0.35920,18.27349,8.66162,0,12.44,9774.3
103200,344,9.422e-05,3.83240,0.36287,0.92640,0.08591,0.08612,0.07093,0.09363,0.27924,0.07434,0.20490,21.87570,8.69477,0,13.47,9781.7
103300,344,9.422e-05,2.88551,0.43316,0.47023,0.05808,0.08903,0.04857,0.05363,0.13324,0.10581,0.02743,17.35459,7.03317,0,13.64,9789.0
103400,344,9.422e-05,2.87338,0.25496,0.33599,0.05544,0.11159,0.05012,0.07232,0.56029,0.36638,0.19391,34.37474,14.08353,0,13.74,9796.3
103500,345,9.333e-05,2.81801,0.34632,0.57124,0.04706,0.08798,0.03991,0.07011,0.21220,0.12392,0.08828,27.88176,6.83742,0,13.80,9803.5
103600,345,9.333e-05,2.58193,0.47763,0.60895,0.05098,0.05919,0.04747,0.03127,0.21754,0.16897,0.04856,28.99302,11.81535,0,12.89,9811.3
103700,345,9.333e-05,2.89667,0.29477,0.79277,0.07345,0.05254,0.06269,0.04715,0.44443,0.27502,0.16941,22.01254,16.66977,0,13.22,9818.9
103800,346,9.244e-05,3.99151,0.81954,1.18733,0.05962,0.08043,0.05814,0.05867,0.21338,0.11431,0.09907,14.89107,7.98213,0,14.01,9826.0
103900,346,9.244e-05,3.61826,0.20477,1.07473,0.06869,0.09458,0.06511,0.07610,0.43145,0.23633,0.19512,15.76904,11.19747,0,14.02,9833.1
104000,346,9.244e-05,2.78187,0.35764,0.33363,0.07639,0.06769,0.06998,0.05997,0.32595,0.18123,0.14472,14.01796,6.99291,0,14.22,9840.2
104100,347,9.156e-05,4.24164,0.62752,0.96295,0.10200,0.06577,0.11246,0.08223,0.31084,0.27702,0.03382,21.17497,10.85127,0,13.85,9847.4
104200,347,9.156e-05,2.53198,0.27343,0.60915,0.05770,0.05741,0.05260,0.04706,0.53244,0.38353,0.14891,16.89975,9.41649,0,13.18,9855.0
104300,347,9.156e-05,5.13321,0.48073,1.00552,0.08191,0.17639,0.07013,0.14267,0.23712,0.11910,0.11802,24.49015,10.12103,0,13.51,9862.4
104400,348,9.067e-05,2.62242,0.40337,0.21987,0.06381,0.06026,0.06582,0.08587,0.26734,0.16816,0.09918,22.30351,11.43265,0,13.47,9869.8
104500,348,9.067e-05,3.53886,0.98414,0.50181,0.07397,0.06748,0.06445,0.06325,0.37184,0.11251,0.25933,18.25427,8.38872,0,12.92,9877.5
104600,348,9.067e-05,3.45465,0.18782,0.59375,0.06098,0.11095,0.10019,0.09056,0.28324,0.02705,0.25619,17.94825,11.19157,0,13.64,9884.9
104700,349,8.978e-05,3.53522,0.41152,0.38276,0.05272,0.13291,0.05902,0.11791,0.55744,0.29103,0.26641,14.22587,7.82566,0,13.08,9892.5
104800,349,8.978e-05,4.18055,0.31617,0.30809,0.07273,0.16333,0.06492,0.17422,0.66621,0.23666,0.42955,29.35922,12.02436,0,12.95,9900.2
104900,349,8.978e-05,3.04778,0.49904,0.45746,0.05623,0.09209,0.05504,0.06657,0.43514,0.05734,0.37780,25.58990,8.74056,0,12.89,9908.0
105000,350,8.889e-05,2.96693,0.29548,0.52125,0.05821,0.08185,0.06370,0.08622,0.31772,0.17058,0.14714,15.97384,10.67855,0,1.37,9980.8
105100,350,8.889e-05,4.07501,0.42808,0.29714,0.07231,0.13846,0.07587,0.17255,0.55479,0.39099,0.16380,30.75627,10.67856,0,11.66,9989.3
105200,350,8.889e-05,3.25967,0.58982,0.15761,0.07185,0.09240,0.07426,0.09969,0.37515,0.22253,0.15262,17.35843,13.46059,0,13.00,9997.0
105300,351,8.800e-05,2.76417,0.33251,0.26228,0.05857,0.08781,0.05538,0.08575,0.44386,0.13940,0.30446,14.43978,8.88267,0,13.19,10004.6
105400,351,8.800e-05,3.52392,0.32718,0.54601,0.05072,0.13060,0.05625,0.11127,0.57311,0.32024,0.25288,19.50477,11.20519,0,13.32,10012.1
105500,351,8.800e-05,2.51692,0.29171,0.18286,0.05562,0.07507,0.08184,0.06525,0.50378,0.10582,0.39796,16.36367,14.12621,0,13.31,10019.6
105600,352,8.711e-05,2.50581,0.20081,0.20305,0.03688,0.11444,0.05429,0.06346,0.43252,0.18982,0.24271,19.86843,7.12612,0,13.23,10027.2
105700,352,8.711e-05,3.12287,0.82316,0.27547,0.08971,0.05240,0.08194,0.03868,0.27790,0.07059,0.20731,17.39591,8.62258,0,13.28,10034.7
105800,352,8.711e-05,2.86308,0.37796,0.55260,0.05671,0.07191,0.04812,0.08113,0.54855,0.21488,0.33366,25.84127,10.31460,0,13.25,10042.3
105900,353,8.622e-05,2.80030,0.25651,0.78958,0.05135,0.05831,0.04385,0.08768,0.47132,0.25108,0.22024,22.61929,7.78097,0,13.09,10049.9
106000,353,8.622e-05,3.27437,0.18538,0.84976,0.07264,0.08316,0.05894,0.07730,0.25025,0.05184,0.19841,17.11724,6.45976,0,13.08,10057.6
106100,353,8.622e-05,3.05913,0.15157,0.36046,0.08768,0.07743,0.07893,0.10026,0.43916,0.20723,0.23193,22.67418,7.72704,0,13.23,10065.1
106200,354,8.533e-05,1.61937,0.03998,0.15432,0.05090,0.04960,0.05126,0.03275,0.53631,0.16625,0.37006,13.16994,14.52377,0,13.07,10072.8
106300,354,8.533e-05,2.35597,0.09956,0.74506,0.04009,0.06137,0.04902,0.05032,0.24147,0.09622,0.14525,15.00743,7.03588,0,13.25,10080.3
106400,354,8.533e-05,2.68465,0.17742,0.12829,0.07035,0.09345,0.05432,0.09387,0.59005,0.40868,0.18137,13.44583,9.98624,0,13.30,10087.8
106500,355,8.444e-05,2.74881,0.64294,0.31908,0.06053,0.06138,0.07304,0.04050,0.45084,0.23215,0.21869,14.96621,10.30683,0,13.26,10095.4
106600,355,8.444e-05,4.37214,0.74531,0.73321,0.07078,0.11876,0.05390,0.14574,0.36487,0.18180,0.18307,21.72210,9.64993,0,13.58,10102.7
106700,355,8.444e-05,3.77040,0.62272,0.76967,0.05452,0.11239,0.04943,0.09236,0.34271,0.16183,0.18088,38.21193,10.86325,0,14.04,10109.9
106800,356,8.356e-05,3.68005,0.32451,0.85892,0.05485,0.11170,0.06522,0.10100,0.47773,0.10947,0.36827,19.04969,12.77606,0,14.06,10117.0
106900,356,8.356e-05,2.80565,0.53644,0.51422,0.05553,0.05813,0.04925,0.07444,0.37692,0.12053,0.25638,15.23314,9.39861,0,13.93,10124.1
107000,356,8.356e-05,3.28636,0.37388,0.47888,0.05702,0.11121,0.04195,0.10831,0.45592,0.26405,0.19187,31.26169,7.58441,0,13.64,10131.5
107100,357,8.267e-05,2.48433,0.19063,0.13446,0.06525,0.08128,0.06733,0.07145,0.31143,0.09845,0.21299,15.73536,7.70637,0,13.64,10138.8
107200,357,8.267e-05,2.83645,0.29557,0.68520,0.06564,0.05764,0.05423,0.07034,0.30939,0.11848,0.19090,16.71913,7.86568,0,13.98,10146.0
107300,357,8.267e-05,2.99875,0.60284,0.29077,0.05020,0.09625,0.04925,0.07887,0.22910,0.13199,0.09711,12.88651,6.03878,0,14.27,10153.0
107400,358,8.178e-05,2.88138,0.30720,0.35042,0.07956,0.07828,0.07709,0.05198,0.23659,0.13181,0.10478,19.23705,13.51463,0,14.12,10160.1
107500,358,8.178e-05,3.14456,0.28954,0.56644,0.08055,0.07294,0.07376,0.07697,0.47971,0.12081,0.35890,20.27368,12.06010,0,13.21,10167.6
107600,358,8.178e-05,3.53955,0.56718,0.91058,0.07102,0.07171,0.07289,0.05399,0.36555,0.17704,0.18851,23.12286,7.17803,0,13.17,10175.2
107700,359,8.089e-05,2.77159,0.21062,1.02435,0.05666,0.05368,0.04838,0.03828,0.42068,0.24139,0.17929,20.19361,15.80968,0,13.45,10182.7
107800,359,8.089e-05,3.70791,0.25099,0.73120,0.06668,0.11306,0.08365,0.10201,0.27608,0.11452,0.16155,12.16308,5.62402,0,13.36,10190.1
107900,359,8.089e-05,2.85095,0.57743,0.50300,0.05530,0.06020,0.06943,0.05367,0.29510,0.14144,0.15365,22.94736,8.77421,0,13.31,10197.7
108000,360,8.000e-05,2.85267,0.29827,0.32245,0.07738,0.07098,0.08517,0.06450,0.47795,0.11390,0.36405,32.37790,7.60417,0,1.47,10265.8
108100,360,8.000e-05,2.46220,0.32085,0.58242,0.05574,0.05038,0.05479,0.04476,0.45028,0.34315,0.10713,15.87170,8.57667,0,12.47,10273.8
108200,360,8.000e-05,7.70866,0.29927,0.59839,0.05346,0.33520,0.08776,0.49712,0.31047,0.10458,0.20589,32.77488,8.43710,0,13.48,10281.2
108300,361,7.911e-05,2.50500,0.15937,0.14698,0.06516,0.07028,0.09382,0.07503,0.41333,0.27095,0.14237,25.20216,13.22795,0,13.32,10288.7
108400,361,7.911e-05,2.55376,0.46691,0.10104,0.05295,0.07227,0.04696,0.09975,0.38848,0.11038,0.27810,11.51199,7.94273,0,13.29,10296.2
108500,361,7.911e-05,2.21486,0.22702,0.39195,0.06274,0.05240,0.05800,0.03089,0.44792,0.25621,0.19171,14.16396,10.17796,0,13.24,10303.8
108600,362,7.822e-05,2.82605,0.30676,0.38923,0.05857,0.09490,0.05535,0.06372,0.36541,0.14528,0.22013,14.51965,8.42679,0,13.25,10311.3
108700,362,7.822e-05,2.45777,0.32582,0.59904,0.06390,0.03870,0.05159,0.04981,0.34704,0.25999,0.08705,18.61539,9.92812,0,13.20,10318.9
108800,362,7.822e-05,3.32735,0.59645,0.51019,0.07401,0.07836,0.06638,0.07302,0.34042,0.15820,0.18222,24.60869,9.41657,0,13.19,10326.5
108900,363,7.733e-05,2.98746,0.25911,0.85486,0.08665,0.03972,0.08939,0.03258,0.10932,0.08059,0.02873,21.91947,5.94988,0,13.01,10334.2
109000,363,7.733e-05,3.36323,0.62836,0.34254,0.08225,0.09409,0.06121,0.06457,0.34962,0.15326,0.19636,29.36391,7.83824,0,13.12,10341.8
109100,363,7.733e-05,3.80752,0.81836,0.63019,0.09475,0.05959,0.09897,0.06415,0.22306,0.08581,0.13725,17.48076,9.68035,0,13.00,10349.5
109200,364,7.644e-05,3.23553,0.54344,0.64465,0.07558,0.06641,0.07317,0.05234,0.18205,0.01470,0.16736,17.00907,8.90661,0,13.06,10357.2
109300,364,7.644e-05,3.22861,0.80243,0.27549,0.04562,0.10701,0.05608,0.06881,0.27072,0.15439,0.11633,29.67785,9.44875,0,13.13,10364.8
109400,364,7.644e-05,2.89100,0.69873,0.39475,0.05962,0.06007,0.05872,0.06140,0.35315,0.07416,0.27900,24.50191,8.53403,0,12.95,10372.5
109500,365,7.556e-05,3.16312,0.53336,0.37066,0.04046,0.10442,0.07472,0.08735,0.41890,0.20204,0.21685,18.46306,9.35742,0,12.95,10380.2
109600,365,7.556e-05,2.15579,0.31478,0.28900,0.05188,0.05798,0.04230,0.04838,0.24957,0.07559,0.17398,13.65284,5.51924,0,14.04,10387.3
109700,365,7.556e-05,3.14906,0.34169,0.79183,0.05065,0.08797,0.06146,0.06440,0.31828,0.11438,0.20389,24.16151,6.70862,0,13.57,10394.7
109800,366,7.467e-05,2.91108,0.33351,0.52324,0.08959,0.05587,0.08089,0.03905,0.59934,0.31351,0.28584,15.11048,10.07591,0,13.19,10402.3
109900,366,7.467e-05,3.42466,0.77050,0.83194,0.06620,0.06058,0.06465,0.04623,0.12562,0.04798,0.07764,17.24796,5.32817,0,13.24,10409.8
110000,366,7.467e-05,2.56264,0.38076,0.48383,0.04605,0.05560,0.08155,0.05476,0.16860,0.02866,0.13995,14.80882,6.33806,0,13.25,10417.4
110100,367,7.378e-05,3.00651,0.37393,0.32391,0.07510,0.08467,0.07418,0.06802,0.23922,0.14705,0.09217,16.70734,8.15838,0,13.22,10425.0
110200,367,7.378e-05,3.14476,0.39451,0.57428,0.06603,0.08461,0.07081,0.06310,0.31284,0.21405,0.09879,17.45509,6.31881,0,13.19,10432.5
110300,367,7.378e-05,3.03219,0.54393,0.60120,0.06649,0.06401,0.05887,0.05754,0.42143,0.13800,0.28343,26.98173,8.88315,0,13.18,10440.1
110400,368,7.289e-05,2.57427,0.16530,0.20157,0.06285,0.07364,0.05407,0.11443,0.36686,0.23144,0.13542,21.66428,7.69368,0,14.04,10447.2
110500,368,7.289e-05,2.58165,0.17123,0.29429,0.04482,0.10180,0.04094,0.08903,0.55021,0.07165,0.47856,17.12121,10.07023,0,13.65,10454.6
110600,368,7.289e-05,2.67645,0.61494,0.16995,0.05719,0.05505,0.09535,0.05847,0.33354,0.12854,0.20500,18.32858,13.09611,0,13.30,10462.1
110700,369,7.200e-05,2.52062,0.24316,0.49346,0.05146,0.06603,0.06372,0.05809,0.34502,0.18346,0.16156,21.37652,6.08870,0,13.05,10469.8
110800,369,7.200e-05,2.73430,0.27675,0.48228,0.05886,0.08408,0.05244,0.05673,0.29736,0.09613,0.20123,17.66895,6.70131,0,13.34,10477.2
110900,369,7.200e-05,3.41006,0.32968,0.38630,0.08418,0.09972,0.07888,0.09214,0.30830,0.20179,0.10651,16.78919,8.00159,0,14.15,10484.3
111000,370,7.111e-05,2.84729,0.49432,0.10713,0.05674,0.08116,0.05831,0.11505,0.56945,0.31224,0.25722,12.50856,11.06583,0,1.41,10555.2
111100,370,7.111e-05,2.26487,0.37884,0.37566,0.04510,0.06225,0.04185,0.04552,0.25896,0.10148,0.15748,22.35467,8.61481,0,12.10,10563.4
111200,370,7.111e-05,2.93814,0.61701,0.31968,0.05887,0.08112,0.05217,0.06813,0.53089,0.39299,0.13790,16.62300,15.74631,0,13.11,10571.0
111300,371,7.022e-05,3.68786,0.40621,0.70411,0.10566,0.08730,0.08031,0.04928,0.19499,0.07740,0.11759,22.35721,9.79152,0,13.27,10578.6
111400,371,7.022e-05,2.58695,0.68406,0.27386,0.04605,0.06405,0.04519,0.06041,0.26667,0.13592,0.13075,17.30099,8.81586,0,13.22,10586.1
111500,371,7.022e-05,2.05816,0.33566,0.10251,0.05657,0.05768,0.05613,0.03937,0.32479,0.22566,0.09913,12.16458,8.59137,0,13.33,10593.6
111600,372,6.933e-05,2.35976,0.12766,0.15352,0.04902,0.08886,0.04038,0.09959,0.38156,0.16990,0.21166,18.13850,6.41189,0,13.11,10601.3
111700,372,6.933e-05,2.42245,0.34121,0.16466,0.05373,0.08270,0.04068,0.06979,0.27674,0.16433,0.11241,19.41697,6.76856,0,13.07,10608.9
111800,372,6.933e-05,2.71717,0.42782,0.60135,0.06115,0.06449,0.04848,0.03783,0.20956,0.11831,0.09125,30.92360,7.00346,0,13.21,10616.5
111900,373,6.844e-05,3.20546,0.40175,0.93138,0.07818,0.04990,0.07772,0.04059,0.31484,0.15999,0.15485,21.23690,7.14975,0,13.38,10624.0
112000,373,6.844e-05,4.00600,0.98166,0.73540,0.06826,0.09619,0.06143,0.06746,0.44054,0.22058,0.21996,66.43236,9.57873,0,13.08,10631.6
112100,373,6.844e-05,2.18845,0.27331,0.05097,0.06272,0.07018,0.05794,0.04910,0.33532,0.06428,0.27104,20.43805,10.65908,0,13.13,10639.2
112200,374,6.756e-05,2.99168,0.88008,0.21691,0.06610,0.06796,0.05538,0.05544,0.36220,0.16546,0.19674,21.38107,8.07135,0,13.19,10646.8
112300,374,6.756e-05,2.42447,0.55517,0.12145,0.05715,0.06488,0.05291,0.05261,0.39194,0.15429,0.23764,12.97443,8.62338,0,13.14,10654.4
112400,374,6.756e-05,2.85585,0.36796,0.11727,0.05576,0.10505,0.05526,0.09725,0.63220,0.34789,0.28431,16.74189,10.62566,0,13.13,10662.0
112500,375,6.667e-05,3.38580,0.42762,0.62070,0.05045,0.11039,0.05385,0.09198,0.38572,0.16240,0.22332,24.75464,12.78598,0,13.05,10669.7
112600,375,6.667e-05,2.59703,0.25502,0.18553,0.06518,0.08928,0.06250,0.05986,0.33529,0.28663,0.04866,19.18035,16.68323,0,13.13,10677.3
112700,375,6.667e-05,2.59230,0.31048,0.38442,0.05943,0.07702,0.05368,0.05291,0.30168,0.12136,0.18032,37.68929,7.70488,0,13.10,10685.0
112800,376,6.578e-05,3.03075,0.89360,0.35581,0.05962,0.06174,0.05748,0.05606,0.53939,0.30891,0.23048,16.18698,12.92387,0,13.16,10692.6
112900,376,6.578e-05,5.31902,0.48651,0.74738,0.08836,0.18780,0.07325,0.19147,0.44638,0.26983,0.17655,61.67353,6.72122,0,13.05,10700.2
113000,376,6.578e-05,6.91460,0.15595,0.66584,0.05095,0.37563,0.04419,0.32121,0.58692,0.31047,0.27645,40.58131,11.10565,0,13.18,10707.8
113100,377,6.489e-05,3.20354,0.70795,1.04670,0.03195,0.06145,0.04740,0.05559,0.27930,0.13200,0.14730,18.71373,8.42950,0,13.13,10715.4
113200,377,6.489e-05,2.61603,0.30050,0.18292,0.05259,0.08976,0.04960,0.09222,0.45925,0.10238,0.35687,21.14290,8.74699,0,11.97,10723.8
113300,377,6.489e-05,2.61739,0.32120,0.17841,0.03994,0.08644,0.06175,0.10905,0.25649,0.07617,0.18032,13.56996,8.24625,0,12.02,10732.1
113400,378,6.400e-05,3.46184,0.73759,0.56546,0.05280,0.09424,0.05093,0.08674,0.30459,0.24509,0.05950,21.68976,11.92285,0,12.42,10740.1
113500,378,6.400e-05,3.08392,0.50228,0.42081,0.08185,0.06860,0.07482,0.05644,0.48877,0.20319,0.28559,20.09069,6.45667,0,12.78,10748.0
113600,378,6.400e-05,2.37288,0.16268,0.27093,0.05298,0.08304,0.04689,0.06892,0.56213,0.22846,0.33366,18.97000,12.11222,0,13.05,10755.6
113700,379,6.311e-05,2.63202,0.10881,0.21966,0.05608,0.08867,0.07535,0.09586,1.10341,0.51703,0.58638,23.83531,10.57700,0,12.36,10763.7
113800,379,6.311e-05,2.80299,0.52628,0.52143,0.04931,0.07649,0.03662,0.06284,0.30791,0.11555,0.19236,20.05982,6.89283,0,12.97,10771.4
113900,379,6.311e-05,2.78468,0.31638,0.29388,0.06724,0.08275,0.05846,0.07645,0.49431,0.19525,0.29907,15.61959,19.36123,0,13.40,10778.9
114000,380,6.222e-05,2.60437,0.47425,0.28965,0.04464,0.08351,0.05395,0.05785,0.41860,0.19781,0.22079,18.07128,6.99056,0,1.33,10854.1
114100,380,6.222e-05,2.96263,0.81898,0.56810,0.05349,0.04127,0.05851,0.06708,0.20213,0.15380,0.04833,14.88639,8.09231,0,12.15,10862.3
114200,380,6.222e-05,2.16769,0.16551,0.38188,0.07077,0.03716,0.07534,0.03285,0.59321,0.24920,0.34401,13.85369,19.88250,0,13.42,10869.8
114300,381,6.133e-05,3.07666,0.77407,0.87538,0.04522,0.05421,0.04768,0.03889,0.25513,0.09774,0.15739,50.66189,7.69098,0,13.29,10877.3
114400,381,6.133e-05,2.46662,0.85963,0.14189,0.04485,0.05779,0.03920,0.04855,0.26766,0.08081,0.18685,12.03838,10.52811,0,13.47,10884.7
114500,381,6.133e-05,3.01094,0.44406,0.75972,0.05628,0.04523,0.12235,0.03606,0.39876,0.26579,0.13297,47.32300,5.95078,0,13.34,10892.2
114600,382,6.044e-05,1.84853,0.39066,0.26807,0.03962,0.04308,0.04211,0.03047,0.46274,0.21686,0.24588,11.23172,8.04954,0,13.16,10899.8
114700,382,6.044e-05,2.26416,0.38397,0.22517,0.07278,0.04058,0.06333,0.04096,0.28423,0.14806,0.13617,9.15151,10.00305,0,13.35,10907.3
114800,382,6.044e-05,2.68775,0.26285,0.29876,0.04753,0.09082,0.05607,0.09245,0.53592,0.31254,0.22337,12.57116,7.72341,0,13.38,10914.8
114900,383,5.956e-05,2.52020,0.45502,0.31011,0.05603,0.06239,0.04727,0.06690,0.10905,0.04277,0.06628,12.64305,4.88890,0,13.39,10922.3
115000,383,5.956e-05,3.57741,0.45715,1.04299,0.04993,0.10166,0.03919,0.07308,0.29351,0.08416,0.20935,47.99841,8.47880,0,13.36,10929.7
115100,383,5.956e-05,2.42097,0.40567,0.43931,0.03678,0.06333,0.06280,0.05218,0.46618,0.11628,0.34990,17.86888,8.50600,0,13.42,10937.2
115200,384,5.867e-05,2.98865,0.31281,0.83083,0.04135,0.08934,0.03529,0.07232,0.31247,0.18537,0.12711,13.17955,12.51066,0,13.34,10944.7
115300,384,5.867e-05,3.52921,0.37462,0.73855,0.04678,0.11614,0.04770,0.10968,0.35731,0.27295,0.08435,27.62811,12.87365,0,13.07,10952.3
115400,384,5.867e-05,2.30692,0.38759,0.11208,0.04555,0.08200,0.04339,0.06295,0.51938,0.31892,0.20046,15.19213,9.87181,0,13.73,10959.6
115500,385,5.778e-05,3.39944,0.47715,0.22465,0.05910,0.12792,0.05152,0.11396,0.59672,0.26135,0.33537,23.36269,12.17232,0,13.35,10967.1
115600,385,5.778e-05,2.59999,0.38595,0.47476,0.05801,0.06362,0.06173,0.04285,0.43656,0.21234,0.22422,21.60983,9.67249,0,13.55,10974.5
115700,385,5.778e-05,2.45267,0.28477,0.41023,0.05657,0.05820,0.05352,0.06847,0.53359,0.22753,0.30606,19.88673,10.59037,0,13.27,10982.0
115800,386,5.689e-05,3.45457,0.26036,0.49554,0.05046,0.15670,0.04258,0.08284,0.37412,0.17631,0.19780,29.53148,8.77006,0,14.09,10989.1
115900,386,5.689e-05,3.35015,0.70946,0.54269,0.06325,0.08115,0.07281,0.05799,0.49951,0.38846,0.11105,16.32392,10.04687,0,12.65,10997.0
116000,386,5.689e-05,3.18800,0.51471,0.31140,0.06118,0.09942,0.06478,0.08641,0.34420,0.11538,0.22882,22.32160,7.07299,0,12.71,11004.9
116100,387,5.600e-05,2.87161,0.37957,0.45759,0.05094,0.07376,0.05497,0.10251,0.42464,0.25195,0.17270,12.25591,7.51259,0,13.31,11012.4
116200,387,5.600e-05,2.51768,0.34159,0.62395,0.04998,0.05745,0.05080,0.04478,0.49365,0.30066,0.19298,28.02212,10.12928,0,13.33,11019.9
116300,387,5.600e-05,3.86903,0.18759,0.83810,0.08342,0.11555,0.06662,0.10412,0.49821,0.26843,0.22978,33.58353,12.90681,0,13.22,11027.5
116400,388,5.511e-05,2.33964,0.19851,0.17180,0.05926,0.07761,0.06390,0.05622,0.51829,0.20093,0.31736,17.92173,13.52651,0,13.46,11034.9
116500,388,5.511e-05,3.18331,0.53809,0.58158,0.05703,0.08405,0.04395,0.08662,0.15887,0.09269,0.06617,24.17811,4.30777,0,13.74,11042.2
116600,388,5.511e-05,2.81745,0.48904,0.18149,0.06677,0.09127,0.05628,0.05703,0.32535,0.22033,0.10502,49.09997,8.10888,0,13.08,11049.8
116700,389,5.422e-05,2.64224,0.60911,0.20392,0.06506,0.06476,0.05905,0.04716,0.42002,0.11335,0.30666,19.36167,10.94431,0,13.23,11057.4
116800,389,5.422e-05,3.26573,0.36436,0.06534,0.05126,0.11958,0.04919,0.17635,0.67533,0.29132,0.38401,27.26315,12.48760,0,13.25,11064.9
116900,389,5.422e-05,2.69199,0.10512,0.71237,0.07085,0.05553,0.06640,0.05573,0.48688,0.16158,0.32531,17.51784,9.62326,0,13.38,11072.4
117000,390,5.333e-05,2.76801,0.28048,0.23237,0.07830,0.07246,0.08820,0.06131,0.17181,0.07340,0.09841,17.60035,6.97036,0,1.41,11143.4
117100,390,5.333e-05,2.60587,0.50343,0.23678,0.06585,0.05635,0.06424,0.06449,0.33201,0.15478,0.17723,14.85329,10.33667,0,12.22,11151.6
117200,390,5.333e-05,3.14214,0.39893,0.35202,0.07314,0.09720,0.08006,0.05750,0.38119,0.24884,0.13235,28.49183,15.08168,0,13.28,11159.2
117300,391,5.244e-05,2.15653,0.29515,0.07695,0.07559,0.05330,0.06727,0.03183,0.23164,0.07158,0.16006,19.13107,6.66854,0,13.86,11166.4
117400,391,5.244e-05,2.80437,0.39577,0.33947,0.06326,0.08029,0.05737,0.06935,0.27013,0.06243,0.20770,11.88983,4.63076,0,13.84,11173.6
117500,391,5.244e-05,2.68938,0.39157,0.39538,0.06586,0.06410,0.04682,0.07376,0.51344,0.16943,0.34402,18.90018,12.65747,0,13.43,11181.0
117600,392,5.156e-05,2.67499,0.38245,0.45249,0.06500,0.06557,0.05668,0.05019,0.10195,0.04474,0.05721,26.27506,5.23015,0,13.17,11188.6
117700,392,5.156e-05,3.05663,0.52266,0.17022,0.05169,0.10585,0.06108,0.09660,0.50369,0.25364,0.25005,25.28633,11.66675,0,13.23,11196.2
117800,392,5.156e-05,3.33791,0.82069,0.77297,0.06220,0.05973,0.05540,0.04959,0.43049,0.17284,0.25766,18.30378,14.47186,0,13.27,11203.7
117900,393,5.067e-05,2.21155,0.50293,0.04643,0.07447,0.03467,0.06577,0.04837,0.12261,0.02861,0.09400,12.63092,5.21923,0,13.14,11211.3
118000,393,5.067e-05,2.22139,0.24474,0.39780,0.04081,0.05992,0.04811,0.06620,0.42028,0.14634,0.27393,9.90029,12.21046,0,13.06,11219.0
118100,393,5.067e-05,2.88139,0.09437,0.50125,0.04732,0.08828,0.04251,0.14344,0.40649,0.20049,0.20600,14.22489,12.33582,0,13.20,11226.6
118200,394,4.978e-05,2.53469,0.52465,0.34563,0.05770,0.06008,0.05165,0.04567,0.29128,0.11673,0.17454,13.00736,9.05390,0,13.18,11234.2
118300,394,4.978e-05,3.27924,0.72854,0.57894,0.06680,0.06850,0.06185,0.06191,0.34896,0.04887,0.30009,20.38941,9.20435,0,13.27,11241.7
118400,394,4.978e-05,2.16756,0.39162,0.09428,0.04317,0.07287,0.04276,0.06149,0.22888,0.06679,0.16208,12.05216,7.04412,0,12.93,11249.4
118500,395,4.889e-05,2.74696,0.35737,0.22683,0.06517,0.08317,0.07275,0.06311,0.25789,0.12648,0.13140,18.39670,8.30275,0,12.41,11257.5
118600,395,4.889e-05,2.24249,0.34262,0.34503,0.03597,0.06324,0.04912,0.06343,0.41567,0.32386,0.09181,12.81466,9.91075,0,12.54,11265.5
118700,395,4.889e-05,3.59763,0.32806,0.45585,0.09638,0.06853,0.11308,0.11986,0.48727,0.30850,0.17877,32.44546,9.82376,0,13.67,11272.8
118800,396,4.800e-05,2.49897,0.17747,0.85616,0.04759,0.05266,0.04660,0.04596,0.70055,0.31653,0.38402,17.28102,14.84441,0,13.40,11280.2
118900,396,4.800e-05,2.95325,0.20943,0.53177,0.03508,0.12125,0.04795,0.08180,0.44745,0.31106,0.13640,25.31637,12.81676,0,13.15,11287.8
119000,396,4.800e-05,2.14028,0.28199,0.35749,0.04159,0.06491,0.03873,0.04842,0.25090,0.09560,0.15530,20.93698,10.32820,0,13.04,11295.5
119100,397,4.711e-05,2.44614,0.26970,0.09402,0.04515,0.09244,0.04008,0.10122,0.30555,0.12240,0.18315,20.69185,11.66745,0,13.15,11303.1
119200,397,4.711e-05,2.64514,0.54661,0.33775,0.05196,0.06389,0.06201,0.05846,0.19814,0.09103,0.10712,20.17710,6.04560,0,13.22,11310.7
119300,397,4.711e-05,3.71874,0.56515,0.43786,0.05387,0.12474,0.05335,0.13259,0.28344,0.09196,0.19148,24.64171,6.97168,0,13.22,11318.2
119400,398,4.622e-05,3.24871,0.38286,0.54712,0.07592,0.08570,0.07981,0.06070,0.67058,0.25485,0.41572,21.64237,9.67292,0,13.26,11325.8
119500,398,4.622e-05,1.70774,0.26511,0.07828,0.04391,0.05062,0.04865,0.03517,0.44263,0.20001,0.24263,13.88700,13.40716,0,12.60,11333.7
119600,398,4.622e-05,2.22690,0.51276,0.15870,0.05796,0.05223,0.04113,0.04957,0.39219,0.17393,0.21826,11.64685,10.67975,0,12.46,11341.7
119700,399,4.533e-05,2.70030,0.50700,0.22535,0.06994,0.06925,0.07455,0.04066,0.15576,0.05332,0.10244,28.03817,3.93544,0,12.27,11349.9
119800,399,4.533e-05,2.39497,0.22513,0.51474,0.04418,0.06479,0.05402,0.05906,0.57901,0.21955,0.35946,15.83561,8.91228,0,12.57,11357.8
119900,399,4.533e-05,2.76458,0.39751,0.45522,0.06633,0.06129,0.06018,0.06694,0.46454,0.22866,0.23588,18.42358,10.88048,0,12.43,11365.9
120000,400,4.444e-05,2.36008,0.61831,0.34551,0.04373,0.05862,0.03632,0.03823,0.15508,0.10328,0.05179,17.43574,6.11479,0,1.43,11436.0
120100,400,4.444e-05,2.12976,0.48368,0.16708,0.05454,0.05001,0.04330,0.04340,0.40847,0.17698,0.23149,12.89019,8.83765,0,10.33,11445.7
120200,400,4.444e-05,3.63115,0.66119,1.02461,0.05456,0.07818,0.04451,0.07908,0.34400,0.10295,0.24105,17.84585,7.51942,0,12.46,11453.7
120300,401,4.356e-05,2.31946,0.39944,0.10475,0.05748,0.06920,0.05007,0.05961,0.36199,0.22282,0.13917,12.32273,7.12470,0,13.63,11461.0
120400,401,4.356e-05,2.65667,0.52864,0.22548,0.07362,0.05679,0.07346,0.04623,0.50194,0.30387,0.19807,15.47941,10.84911,0,14.16,11468.1
120500,401,4.356e-05,3.20562,0.41295,0.91010,0.06394,0.06522,0.06454,0.05367,0.34333,0.14416,0.19917,13.40134,8.02599,0,12.49,11476.1
120600,402,4.267e-05,2.22654,0.31129,0.32324,0.05316,0.04274,0.05299,0.07361,0.46924,0.28277,0.18647,16.27148,18.27471,0,13.79,11483.3
120700,402,4.267e-05,2.51330,0.28847,0.45255,0.06336,0.05440,0.06239,0.05655,0.48606,0.27999,0.20608,13.48371,17.68253,0,14.40,11490.3
120800,402,4.267e-05,3.03774,0.28055,0.37491,0.07262,0.09415,0.07067,0.07225,0.27531,0.12129,0.15402,27.41961,8.58884,0,13.75,11497.6
120900,403,4.178e-05,2.36671,0.31761,0.28344,0.04350,0.07992,0.03495,0.07135,0.50524,0.19925,0.30599,13.56946,12.35910,0,14.47,11504.5
121000,403,4.178e-05,3.19534,0.47623,0.32772,0.04994,0.10401,0.04881,0.12157,0.47863,0.20159,0.27704,21.92579,14.03198,0,14.53,11511.4
121100,403,4.178e-05,2.54215,0.16432,0.51543,0.06571,0.06000,0.06399,0.05707,0.37602,0.19803,0.17800,30.91425,17.96292,0,14.44,11518.3
121200,404,4.089e-05,2.11985,0.23629,0.42611,0.03193,0.05638,0.03378,0.08110,0.34578,0.19007,0.15571,19.69078,14.64060,0,14.69,11525.1
121300,404,4.089e-05,2.60496,0.36263,0.35780,0.05351,0.07664,0.04555,0.07105,0.49541,0.30485,0.19055,15.70072,14.16054,0,14.60,11531.9
121400,404,4.089e-05,2.25276,0.21032,0.13178,0.06692,0.06755,0.05989,0.05331,0.38022,0.09346,0.28675,12.32119,7.95508,0,13.36,11539.4
121500,405,4.000e-05,2.86908,0.68516,0.11901,0.09469,0.04551,0.09331,0.03925,0.43720,0.23589,0.20131,15.78039,12.01824,0,12.94,11547.2
121600,405,4.000e-05,3.03284,0.51181,0.60932,0.06302,0.07049,0.05551,0.05981,0.25346,0.14039,0.11307,20.52841,8.30306,0,13.94,11554.3
121700,405,4.000e-05,3.14188,0.29111,0.22199,0.08109,0.09468,0.07475,0.09946,0.12645,0.04004,0.08642,24.05238,8.29826,0,13.69,11561.6
121800,406,3.911e-05,2.57244,0.26956,0.52545,0.04872,0.06001,0.04266,0.09535,0.29616,0.09892,0.19724,28.29349,6.12388,0,13.94,11568.8
121900,406,3.911e-05,2.73040,0.63427,0.38866,0.05035,0.05871,0.04972,0.07366,0.38675,0.13890,0.24785,21.47121,9.00920,0,13.61,11576.2
122000,406,3.911e-05,2.57797,0.45808,0.30332,0.04707,0.08549,0.04403,0.05415,0.23635,0.08291,0.15344,22.45596,7.78932,0,13.57,11583.5
122100,407,3.822e-05,2.78938,0.52460,0.60155,0.05234,0.06382,0.04136,0.05895,0.25538,0.10930,0.14608,20.07189,7.54782,0,13.96,11590.7
122200,407,3.822e-05,3.08654,0.38875,0.44891,0.06389,0.08247,0.04808,0.10897,0.39154,0.20693,0.18461,22.48530,8.82560,0,13.93,11597.9
122300,407,3.822e-05,2.08393,0.31469,0.18434,0.04348,0.06741,0.03941,0.05580,0.68285,0.43527,0.24758,17.30699,13.92305,0,14.33,11604.8
122400,408,3.733e-05,2.40944,0.19005,0.70036,0.04510,0.05605,0.05734,0.04417,0.18460,0.01909,0.16552,22.46274,3.54411,0,14.35,11611.8
122500,408,3.733e-05,1.80887,0.20116,0.20266,0.04801,0.05086,0.04375,0.03953,0.26147,0.09783,0.16363,15.86165,5.56848,0,14.25,11618.8
122600,408,3.733e-05,2.40192,0.26293,0.52170,0.04079,0.06550,0.03395,0.07694,0.31207,0.16185,0.15022,28.89552,8.67516,0,14.41,11625.8
122700,409,3.644e-05,3.65115,0.34398,0.36392,0.05411,0.15470,0.04716,0.12387,0.29735,0.15617,0.14118,25.84442,6.60793,0,14.33,11632.7
122800,409,3.644e-05,1.98056,0.32396,0.34553,0.04024,0.04837,0.03685,0.04814,0.44166,0.18123,0.26043,35.92921,6.71232,0,14.44,11639.7
122900,409,3.644e-05,3.74515,0.61970,0.71667,0.05270,0.10767,0.03729,0.12373,0.46228,0.28568,0.17660,25.76893,8.31094,0,14.24,11646.7
123000,410,3.556e-05,4.80852,0.31593,0.67300,0.05789,0.22949,0.05282,0.13634,0.18359,0.03570,0.14789,41.12554,5.95255,0,1.38,11719.1
123100,410,3.556e-05,3.13638,0.32333,0.63371,0.07644,0.07627,0.07181,0.05865,0.27792,0.04142,0.23650,23.02543,6.64531,0,12.38,11727.2
123200,410,3.556e-05,2.96404,0.36349,0.33626,0.08583,0.07416,0.07876,0.05412,0.44386,0.12414,0.31973,20.76320,12.64165,0,13.48,11734.6
123300,411,3.467e-05,3.46378,0.53598,0.22431,0.05491,0.12515,0.04571,0.13487,0.43850,0.14363,0.29487,29.07945,9.76672,0,13.59,11742.0
123400,411,3.467e-05,2.13204,0.51373,0.38609,0.03727,0.05101,0.02992,0.03997,0.13105,0.06128,0.06978,19.62036,6.03264,0,13.65,11749.3
123500,411,3.467e-05,2.60904,0.54673,0.32163,0.02931,0.11241,0.02535,0.03933,0.32481,0.04544,0.27938,32.93939,6.82415,0,13.63,11756.6
123600,412,3.378e-05,3.08087,0.27039,0.51500,0.05185,0.10381,0.05412,0.09365,0.36494,0.11490,0.25004,25.67509,9.42809,0,14.43,11763.5
123700,412,3.378e-05,2.71212,0.67558,0.10460,0.06824,0.06355,0.06423,0.05858,0.62609,0.25830,0.36779,18.54683,9.55093,0,14.40,11770.5
123800,412,3.378e-05,3.51674,0.35680,0.27875,0.05356,0.13702,0.05207,0.14302,0.53994,0.21910,0.32084,22.94149,7.02511,0,14.46,11777.4
123900,413,3.289e-05,2.72273,0.47100,0.65851,0.05515,0.05468,0.05734,0.04164,0.21953,0.12162,0.09791,13.29417,10.54631,0,14.39,11784.3
124000,413,3.289e-05,2.51616,0.47415,0.34516,0.04583,0.07159,0.04310,0.06145,0.34974,0.22526,0.12449,19.35733,11.40848,0,13.51,11791.7
124100,413,3.289e-05,2.39970,0.51003,0.24665,0.04695,0.06343,0.04654,0.06130,0.45279,0.14461,0.30818,19.85879,11.37909,0,13.24,11799.3
124200,414,3.200e-05,3.28889,0.46383,0.64602,0.06290,0.08754,0.05975,0.07519,0.29997,0.16839,0.13158,34.72102,10.89231,0,13.31,11806.8
124300,414,3.200e-05,2.79792,0.26437,0.76454,0.04463,0.07282,0.03503,0.08386,0.36414,0.14949,0.21465,14.69355,8.18706,0,13.41,11814.3
124400,414,3.200e-05,3.59961,0.53504,0.67338,0.07685,0.08504,0.07156,0.08290,0.28786,0.08114,0.20671,54.79633,6.61475,0,13.44,11821.7
124500,415,3.111e-05,3.39818,0.53000,0.58595,0.06899,0.07885,0.06015,0.10062,0.36226,0.16403,0.19823,44.19016,12.65809,0,13.48,11829.1
124600,415,3.111e-05,2.93245,0.54898,1.10134,0.04769,0.03934,0.04957,0.03281,0.49749,0.26256,0.23493,58.62308,11.94842,0,13.50,11836.5
124700,415,3.111e-05,3.10920,0.43894,0.74446,0.04557,0.07869,0.05558,0.08106,0.60077,0.17863,0.42214,23.89279,12.50855,0,13.41,11844.0
124800,416,3.022e-05,2.69271,0.21275,0.50106,0.03913,0.09598,0.03896,0.08661,0.40380,0.12327,0.28053,12.03929,7.25704,0,13.40,11851.5
124900,416,3.022e-05,3.52887,0.19933,0.94073,0.06301,0.10055,0.05453,0.09612,0.31575,0.12250,0.19325,35.46613,6.82806,0,13.30,11859.0
125000,416,3.022e-05,3.23705,0.69631,0.46742,0.06322,0.07779,0.05747,0.07516,0.22548,0.06011,0.16537,21.91959,4.98987,0,13.61,11866.3
125100,417,2.933e-05,2.58441,0.10554,0.45178,0.05109,0.08590,0.05137,0.08008,0.40468,0.21043,0.19425,21.04523,11.04079,0,13.11,11874.0
125200,417,2.933e-05,2.77429,0.29550,0.39358,0.05515,0.07897,0.05365,0.09516,0.21626,0.07788,0.13838,19.05004,9.77251,0,13.44,11881.4
125300,417,2.933e-05,2.78592,0.39070,0.58537,0.06244,0.06061,0.05862,0.05726,0.31640,0.14506,0.17134,23.54606,9.17546,0,13.46,11888.8
125400,418,2.844e-05,2.66573,0.32171,0.21560,0.03986,0.11883,0.05243,0.05588,0.62008,0.33412,0.28595,25.34383,10.96784,0,13.29,11896.4
125500,418,2.844e-05,2.62232,0.47096,0.35653,0.05849,0.06487,0.05224,0.05999,0.30044,0.17039,0.13005,24.08217,11.02945,0,12.78,11904.2
125600,418,2.844e-05,3.06668,0.40787,0.12286,0.04465,0.12218,0.05212,0.12140,0.40440,0.15583,0.24857,13.26111,10.81998,0,12.60,11912.1
125700,419,2.756e-05,2.66016,0.26925,0.60172,0.05306,0.07173,0.04589,0.06236,0.49770,0.18889,0.30882,9.04924,12.68961,0,11.72,11920.6
125800,419,2.756e-05,3.21590,0.79749,0.66090,0.04327,0.07458,0.04474,0.07106,0.28767,0.08074,0.20693,17.28856,7.84730,0,11.73,11929.2
125900,419,2.756e-05,2.41064,0.59929,0.10719,0.05354,0.06359,0.05077,0.05580,0.71653,0.36247,0.35406,19.42233,11.09972,0,11.83,11937.6
126000,420,2.667e-05,2.57960,0.22204,0.50752,0.03301,0.07037,0.05423,0.10902,0.26879,0.11922,0.14957,25.53134,14.38578,0,0.76,12070.0
126100,420,2.667e-05,3.61931,0.58158,0.67821,0.09040,0.07453,0.07859,0.06346,0.78636,0.39065,0.39571,17.86536,18.45704,0,10.91,12079.1
126200,420,2.667e-05,3.38770,0.49604,0.82550,0.05033,0.09005,0.04475,0.08772,0.27961,0.20084,0.07877,19.56335,17.89432,0,12.47,12087.2
126300,421,2.578e-05,2.27505,0.41549,0.48085,0.04139,0.05425,0.03557,0.04889,0.29433,0.14859,0.14574,14.70668,12.41527,0,12.63,12095.1
126400,421,2.578e-05,2.59271,0.43156,0.34928,0.05912,0.06277,0.06442,0.05416,0.46634,0.09659,0.36975,15.14397,8.30798,0,13.07,12102.7
126500,421,2.578e-05,2.37143,0.21889,0.56176,0.04910,0.06177,0.04818,0.04825,0.23435,0.09395,0.14039,17.50985,8.52253,0,12.77,12110.6
126600,422,2.489e-05,3.28113,0.61515,0.49398,0.07570,0.07167,0.07946,0.06019,0.28634,0.11319,0.17315,25.97972,10.59255,0,12.86,12118.3
126700,422,2.489e-05,3.37556,0.53367,0.96803,0.04946,0.09407,0.03849,0.04922,0.23351,0.11498,0.11854,38.79448,10.53353,0,12.73,12126.2
126800,422,2.489e-05,2.60337,0.18726,0.93785,0.03573,0.05998,0.05512,0.04911,0.35752,0.26932,0.08820,43.53228,13.19052,0,12.94,12133.9
126900,423,2.400e-05,2.89184,0.58318,0.50112,0.06882,0.04934,0.06749,0.05769,0.26240,0.09007,0.17233,14.52295,8.53744,0,12.86,12141.7
127000,423,2.400e-05,2.13467,0.50579,0.20280,0.04591,0.05027,0.04553,0.04731,0.43196,0.18292,0.24904,21.05552,10.27452,0,13.04,12149.4
127100,423,2.400e-05,2.71769,0.34631,0.45334,0.07157,0.05670,0.06918,0.05789,0.37553,0.19495,0.18058,23.34079,8.33870,0,12.74,12157.2
127200,424,2.311e-05,2.66336,0.47077,0.56022,0.06231,0.05064,0.04921,0.05136,0.12205,0.06323,0.05882,21.40636,10.49811,0,13.39,12164.7
127300,424,2.311e-05,2.53814,0.58616,0.44589,0.05808,0.04857,0.05001,0.03792,0.38420,0.15707,0.22712,26.15870,7.96936,0,13.80,12171.9
127400,424,2.311e-05,3.03279,0.54530,0.67809,0.05313,0.07247,0.04285,0.06782,0.50553,0.15100,0.35453,12.99995,10.66786,0,14.16,12179.0
127500,425,2.222e-05,2.27532,0.31573,0.44898,0.04803,0.05315,0.04400,0.05576,0.34936,0.23220,0.11715,21.02731,11.82137,0,13.83,12186.2
127600,425,2.222e-05,2.31294,0.60798,0.22402,0.04797,0.04550,0.05117,0.05807,0.67606,0.25755,0.41851,13.37742,17.30195,0,13.90,12193.4
127700,425,2.222e-05,2.62429,0.37578,0.58846,0.05392,0.05489,0.04429,0.07010,0.26546,0.22159,0.04387,48.41992,11.77976,0,13.87,12200.6
127800,426,2.133e-05,3.65946,0.52617,1.09063,0.06620,0.07451,0.05697,0.07013,0.26721,0.11220,0.15501,58.84878,13.14423,0,13.98,12207.8
127900,426,2.133e-05,2.48225,0.58902,0.20063,0.05283,0.06596,0.04336,0.05759,0.34942,0.08783,0.26160,13.18662,8.13231,0,13.92,12215.0
128000,426,2.133e-05,2.43847,0.41043,0.49638,0.04822,0.05779,0.03985,0.05446,0.33525,0.15230,0.18296,9.07413,8.26532,0,14.32,12221.9
128100,427,2.044e-05,3.11790,0.72627,0.07834,0.04345,0.10715,0.05054,0.11092,0.46058,0.11416,0.34642,11.50827,13.85403,0,13.73,12229.2
128200,427,2.044e-05,4.07040,0.31569,0.64335,0.03582,0.16433,0.04177,0.18019,0.51618,0.21647,0.29970,30.24989,12.46713,0,13.70,12236.5
128300,427,2.044e-05,3.92733,0.94089,0.77566,0.06402,0.08168,0.06206,0.08869,0.22670,0.05520,0.17150,24.32020,6.22405,0,14.48,12243.4
128400,428,1.956e-05,2.23931,0.41374,0.29819,0.04370,0.06267,0.03781,0.05494,0.26556,0.12246,0.14310,24.02795,9.42856,0,14.86,12250.2
128500,428,1.956e-05,3.68341,0.37689,0.77619,0.05600,0.09606,0.04707,0.15487,0.45705,0.13046,0.32659,40.33046,14.52885,0,13.31,12257.7
128600,428,1.956e-05,3.27622,0.62507,0.57264,0.06388,0.08364,0.04877,0.07190,0.23414,0.09835,0.13579,27.41467,9.82444,0,13.42,12265.1
128700,429,1.867e-05,1.93285,0.21666,0.62257,0.03440,0.04033,0.03577,0.03349,0.24601,0.11403,0.13197,33.53998,11.28660,0,13.67,12272.4
128800,429,1.867e-05,2.73662,0.58459,0.41135,0.05700,0.06639,0.04291,0.05845,0.16299,0.02241,0.14058,21.80237,7.41675,0,13.83,12279.7
128900,429,1.867e-05,2.33700,0.29665,0.43900,0.06244,0.04758,0.06065,0.03959,0.35271,0.18355,0.16916,13.01810,10.36632,0,13.89,12286.9
129000,430,1.778e-05,2.41888,0.43885,0.33843,0.05045,0.06514,0.04732,0.04982,0.39970,0.21506,0.18464,25.60663,8.89076,0,1.42,12357.0
129100,430,1.778e-05,2.27822,0.50895,0.51972,0.04377,0.04105,0.04268,0.03759,0.33127,0.10328,0.22798,15.91049,8.48685,0,13.14,12364.7
129200,430,1.778e-05,2.62043,0.27207,0.42668,0.05547,0.07678,0.05100,0.06884,0.53912,0.16503,0.37410,14.62581,8.77018,0,13.91,12371.8
129300,431,1.689e-05,2.59730,0.27830,0.53470,0.04701,0.07608,0.04902,0.06165,0.55938,0.22161,0.33777,18.51937,10.62798,0,14.33,12378.8
129400,431,1.689e-05,2.31928,0.33036,0.41154,0.03696,0.07323,0.03881,0.05628,0.25491,0.04053,0.21438,22.32548,5.97755,0,14.18,12385.9
129500,431,1.689e-05,2.44568,0.37550,0.22180,0.05099,0.08209,0.04194,0.06157,0.35320,0.16992,0.18328,15.28628,10.56433,0,14.14,12392.9
129600,432,1.600e-05,3.16063,0.41177,0.82130,0.03617,0.06365,0.07152,0.11434,0.39042,0.06653,0.32390,14.54176,8.53188,0,14.17,12400.0
129700,432,1.600e-05,2.33173,0.45021,0.47954,0.05038,0.04748,0.04431,0.04037,0.31788,0.06767,0.25021,11.13929,9.08416,0,14.47,12406.9
129800,432,1.600e-05,2.22326,0.24284,0.34755,0.06133,0.05073,0.05264,0.04983,0.32250,0.18212,0.14038,16.93721,7.91189,0,13.68,12414.2
129900,433,1.511e-05,2.17450,0.38928,0.16342,0.04053,0.07364,0.03151,0.06451,0.29300,0.06801,0.22499,9.21227,6.85762,0,13.75,12421.5
130000,433,1.511e-05,1.68156,0.23178,0.07903,0.05497,0.04191,0.04709,0.03331,0.32275,0.08313,0.23962,11.00508,8.85357,0,13.73,12428.8
130100,433,1.511e-05,2.45415,0.13476,0.86656,0.04837,0.05233,0.05097,0.03819,0.46172,0.30874,0.15297,39.24512,14.68202,0,13.34,12436.3
130200,434,1.422e-05,2.29375,0.47424,0.44059,0.04929,0.04127,0.06087,0.03380,0.28939,0.16132,0.12807,20.10488,6.89327,0,14.14,12443.3
130300,434,1.422e-05,3.36151,0.54856,0.82269,0.05652,0.08244,0.05028,0.06985,0.50477,0.22811,0.27666,24.76493,13.46941,0,13.40,12450.8
130400,434,1.422e-05,4.88788,0.49315,0.30392,0.06082,0.20395,0.05972,0.22891,0.26141,0.21864,0.04277,29.72211,11.06456,0,13.09,12458.4
130500,435,1.333e-05,2.66038,0.54252,0.41805,0.06839,0.04809,0.07088,0.03612,0.08119,0.01633,0.06487,15.24657,4.05143,0,13.14,12466.1
130600,435,1.333e-05,2.84885,0.48464,0.49477,0.04888,0.08805,0.04814,0.05189,0.16528,0.13954,0.02574,56.07646,8.42944,0,13.79,12473.3
130700,435,1.333e-05,2.69305,0.47130,0.41330,0.04726,0.06154,0.04630,0.09780,0.12715,0.02771,0.09944,22.14025,5.89292,0,14.41,12480.2
130800,436,1.244e-05,1.79923,0.33226,0.21095,0.05685,0.02994,0.05132,0.02629,0.40405,0.13361,0.27044,10.49431,12.49629,0,14.11,12487.3
130900,436,1.244e-05,2.83493,0.38035,0.34149,0.05980,0.08636,0.05313,0.07716,0.40891,0.11602,0.29289,17.02438,9.60171,0,14.33,12494.3
131000,436,1.244e-05,3.02638,0.57742,0.90645,0.05470,0.05695,0.04439,0.04083,0.20392,0.10484,0.09908,20.84393,12.42202,0,14.15,12501.4
131100,437,1.156e-05,2.79807,0.36121,0.43795,0.06102,0.07634,0.06109,0.06398,0.49887,0.22806,0.27081,13.27942,14.42536,0,13.71,12508.7
131200,437,1.156e-05,3.11832,0.36750,0.57277,0.06993,0.07961,0.05827,0.07826,0.33155,0.14081,0.19074,20.63890,12.94386,0,13.90,12515.9
131300,437,1.156e-05,3.31802,0.49964,0.46202,0.09570,0.07085,0.08912,0.04906,0.19893,0.13187,0.06706,19.27718,9.91811,0,14.31,12522.9
131400,438,1.067e-05,1.89131,0.42141,0.20975,0.03394,0.04973,0.03798,0.04671,0.65699,0.23621,0.42078,15.63411,13.38090,0,13.82,12530.1
131500,438,1.067e-05,2.75574,0.57224,0.76229,0.04357,0.05622,0.04156,0.04310,0.20548,0.07984,0.12563,23.73385,10.72337,0,14.21,12537.1
131600,438,1.067e-05,1.98844,0.27927,0.34763,0.05033,0.04231,0.04257,0.04445,0.49349,0.18959,0.30390,22.46765,14.38593,0,14.28,12544.1
131700,439,9.778e-06,2.93042,0.29926,0.30035,0.09112,0.05651,0.09113,0.07977,0.48372,0.19671,0.28701,19.72249,9.15461,0,14.27,12551.1
131800,439,9.778e-06,2.54557,0.14349,0.53384,0.05338,0.07331,0.05638,0.06389,0.40877,0.23001,0.17876,15.63436,15.58142,0,14.38,12558.1
131900,439,9.778e-06,4.47347,0.19956,1.16133,0.04797,0.14811,0.03981,0.19056,0.44440,0.21031,0.23409,31.10272,17.28545,0,14.18,12565.1
132000,440,8.889e-06,2.99296,0.32587,0.50686,0.04985,0.09842,0.04057,0.09494,0.30645,0.07920,0.22725,16.25936,7.29230,0,1.61,12627.1
132100,440,8.889e-06,2.41915,0.38319,0.38708,0.04800,0.06578,0.03946,0.06277,0.32643,0.17809,0.14834,18.19486,9.10797,0,12.06,12635.4
132200,440,8.889e-06,2.47669,0.53566,0.52685,0.04086,0.05215,0.05993,0.03689,0.28378,0.13325,0.15053,19.19250,9.10379,0,13.92,12642.5
132300,441,8.000e-06,3.10715,0.65160,0.55053,0.04868,0.08346,0.04066,0.07605,0.27156,0.06088,0.21068,19.76683,6.92905,0,14.01,12649.7
132400,441,8.000e-06,2.98351,0.46950,0.55811,0.04566,0.08205,0.06130,0.07447,0.41135,0.10924,0.30211,13.52354,8.47671,0,13.77,12656.9
132500,441,8.000e-06,2.69201,0.51520,0.47952,0.05988,0.05900,0.06511,0.03659,0.33000,0.14572,0.18428,17.69823,7.06797,0,14.15,12664.0
132600,442,7.111e-06,2.39591,0.35928,0.52294,0.03475,0.07080,0.03098,0.06066,0.29777,0.11294,0.18483,24.35403,8.06489,0,14.20,12671.1
132700,442,7.111e-06,3.03327,0.37776,0.52206,0.05404,0.09197,0.04836,0.08631,0.25304,0.07626,0.17678,14.17449,5.83721,0,14.31,12678.0
132800,442,7.111e-06,3.58700,0.52179,0.64313,0.04459,0.12391,0.04316,0.10425,0.17942,0.04667,0.13275,27.95792,6.13405,0,14.08,12685.1
132900,443,6.222e-06,3.76559,0.25959,0.59559,0.04316,0.13694,0.04013,0.18174,0.34059,0.26336,0.07723,32.12529,11.67537,0,13.67,12692.5
133000,443,6.222e-06,3.10095,0.50905,0.66786,0.04760,0.08744,0.05248,0.06224,0.56703,0.23476,0.33227,34.40220,19.21131,0,14.24,12699.5
133100,443,6.222e-06,3.26562,0.65316,0.38516,0.04946,0.10737,0.04347,0.08833,0.37537,0.14960,0.22578,18.77495,8.47199,0,14.25,12706.5
133200,444,5.333e-06,3.05658,0.41397,0.14146,0.03441,0.12022,0.03649,0.15449,0.41217,0.26802,0.14414,29.76838,11.20407,0,13.56,12713.9
133300,444,5.333e-06,2.90868,0.29083,0.64533,0.06640,0.05594,0.07448,0.07534,0.22775,0.09864,0.12911,23.64345,6.94631,0,13.29,12721.4
133400,444,5.333e-06,2.38781,0.19105,0.19045,0.07966,0.05779,0.07812,0.04824,0.33862,0.16586,0.17276,17.02899,9.23922,0,13.35,12728.9
133500,445,4.444e-06,2.70209,0.34543,0.80187,0.04346,0.05451,0.04275,0.07228,0.47860,0.17050,0.30810,21.29816,7.45986,0,13.28,12736.4
133600,445,4.444e-06,3.50126,0.48101,1.11038,0.06115,0.07272,0.06212,0.05212,0.25040,0.18605,0.06436,44.37357,8.99569,0,14.02,12743.6
133700,445,4.444e-06,2.42998,0.20373,0.88644,0.03820,0.05678,0.04643,0.03155,0.62098,0.41399,0.20699,24.56795,16.73179,0,13.89,12750.8
133800,446,3.556e-06,2.22922,0.31958,0.24947,0.03350,0.08048,0.04077,0.06330,0.21892,0.11300,0.10592,15.25577,8.11520,0,14.46,12757.7
133900,446,3.556e-06,2.48344,0.37455,0.11455,0.06907,0.06735,0.08137,0.04465,0.20774,0.05352,0.15422,12.90539,8.72925,0,14.29,12764.7
134000,446,3.556e-06,3.17823,0.44006,0.49133,0.05522,0.09806,0.04731,0.09550,0.40214,0.11056,0.29158,16.97784,8.32121,0,13.30,12772.2
134100,447,2.667e-06,3.02877,0.57768,0.51337,0.04133,0.08870,0.05021,0.07726,0.16812,0.08729,0.08083,29.18711,8.30336,0,13.08,12779.8
134200,447,2.667e-06,3.37008,0.54681,0.73910,0.06182,0.08250,0.05231,0.07588,0.12178,0.03145,0.09033,12.99710,4.55403,0,13.30,12787.4
134300,447,2.667e-06,3.23223,0.50420,0.61676,0.05607,0.08042,0.05720,0.09208,0.20413,0.11230,0.09183,21.72962,7.57416,0,13.16,12795.0
134400,448,1.778e-06,2.74774,0.37670,0.43303,0.06034,0.07259,0.06571,0.05602,0.40941,0.14866,0.26075,31.61233,10.77928,0,13.42,12802.4
134500,448,1.778e-06,2.75075,0.19811,0.29519,0.04511,0.11065,0.04395,0.09600,0.72704,0.51612,0.21092,25.95428,23.90284,0,13.27,12809.9
134600,448,1.778e-06,2.28653,0.19827,0.23405,0.06609,0.05956,0.06977,0.04977,0.26368,0.04260,0.22108,11.97433,7.03958,0,13.15,12817.5
134700,449,8.889e-07,2.47623,0.15385,0.55052,0.05118,0.06268,0.05597,0.07069,0.24126,0.08567,0.15559,26.80849,11.20335,0,13.31,12825.1
134800,449,8.889e-07,2.70601,0.42240,0.41472,0.05755,0.06957,0.05339,0.06616,0.60507,0.43754,0.16753,24.52561,13.52465,0,13.25,12832.6
134900,449,8.889e-07,2.63928,0.56809,0.28679,0.06112,0.06343,0.05475,0.05303,0.26753,0.12914,0.13839,10.68408,8.58947,0,13.34,12840.1
134999,449,8.889e-07,2.81629,0.51261,0.44981,0.06713,0.05515,0.06666,0.05955,0.29594,0.06306,0.23288,19.60899,7.43671,0,13.15,12847.6
