step,epoch,lr,loss_G,gan_AB,gan_BA,cyc_A,cyc_B,idt_A,idt_B,loss_D,D_A,D_B,gn_G,gn_D,nan,imgs_per_sec,elapsed_s
0,0,2.000e-04,23.40479,2.57729,2.15093,0.64703,0.60343,0.64361,0.59080,3.78910,1.74620,2.04290,143.57980,70.95196,0,1.94,0.5
100,0,2.000e-04,10.03643,0.38397,0.30819,0.35212,0.28273,0.34384,0.25531,0.62908,0.38249,0.24659,61.40166,17.70135,0,8.71,12.0
200,0,2.000e-04,6.50808,0.45089,0.38144,0.19324,0.19624,0.19932,0.15689,0.64489,0.25848,0.38641,36.04791,19.79446,0,8.80,23.4
300,1,2.000e-04,6.99659,0.32038,0.52218,0.26545,0.14846,0.26627,0.13671,0.50248,0.23560,0.26688,41.40548,19.51609,0,8.83,34.7
400,1,2.000e-04,9.73896,0.16923,0.22814,0.24611,0.40443,0.21774,0.34951,0.71218,0.37496,0.33723,49.94822,16.59472,0,8.72,46.1
500,1,2.000e-04,10.30908,0.15489,0.31874,0.44748,0.19925,0.43326,0.24038,0.50765,0.28119,0.22646,46.96883,10.70639,0,8.86,57.4
600,2,2.000e-04,12.34614,0.37683,0.25109,0.57698,0.20894,0.56245,0.20935,0.51969,0.26027,0.25942,41.61600,9.69813,0,8.95,68.6
700,2,2.000e-04,7.55602,0.49959,0.46035,0.23907,0.21678,0.20272,0.20478,0.55549,0.32388,0.23161,31.37742,19.63190,0,9.21,79.5
800,2,2.000e-04,8.94522,0.34085,0.34998,0.30259,0.27380,0.26429,0.23382,0.63739,0.36811,0.26928,39.27674,22.09429,0,8.76,90.9
900,3,2.000e-04,10.81883,0.30481,0.27373,0.32569,0.36998,0.32476,0.33196,0.77280,0.38168,0.39112,45.28415,23.64142,0,8.83,102.2
1000,3,2.000e-04,5.23052,0.30235,0.51394,0.18670,0.10918,0.18768,0.10341,0.49252,0.24385,0.24867,35.01321,12.57021,0,9.07,113.2
1100,3,2.000e-04,8.04391,0.29941,0.34564,0.34987,0.15602,0.31999,0.14800,0.41932,0.17613,0.24319,28.03406,6.41019,0,11.52,121.9
1200,4,2.000e-04,12.50209,0.48431,0.37825,0.25888,0.55026,0.25265,0.45698,0.54749,0.20641,0.34108,78.10365,14.96329,0,9.45,132.5
1300,4,2.000e-04,6.69158,0.33856,0.40114,0.19144,0.21087,0.18495,0.20080,0.63283,0.22084,0.41199,26.19074,30.63144,0,9.00,143.6
1400,4,2.000e-04,7.44966,0.35208,0.15322,0.18682,0.29666,0.16224,0.25968,0.71513,0.37648,0.33865,40.32259,22.45419,0,9.24,154.4
1500,5,2.000e-04,6.10538,0.34037,0.38848,0.19002,0.18272,0.16718,0.16264,0.58331,0.26123,0.32208,34.17110,16.19556,0,9.08,165.5
1600,5,2.000e-04,9.35381,0.27928,0.46435,0.34049,0.25940,0.32835,0.19391,0.41033,0.19741,0.21291,44.52655,12.11060,0,9.06,176.5
1700,5,2.000e-04,9.35171,0.15690,0.51999,0.26860,0.35596,0.25412,0.23171,0.48916,0.24332,0.24584,52.29273,13.33307,0,8.60,188.1
1800,6,2.000e-04,9.14810,0.29462,0.33196,0.36953,0.20227,0.41374,0.14698,0.46211,0.15354,0.30857,37.95165,11.48952,0,8.70,199.6
1900,6,2.000e-04,5.32166,0.40426,0.28807,0.15023,0.18180,0.13639,0.12543,0.50701,0.30555,0.20146,22.04165,15.47025,0,8.82,211.0
2000,6,2.000e-04,8.04171,0.19053,0.50433,0.14481,0.35312,0.13014,0.34335,0.48267,0.21985,0.26282,28.66357,17.83257,0,8.86,222.2
2100,7,2.000e-04,6.40445,0.27461,0.22965,0.16257,0.23618,0.14864,0.23390,0.45537,0.22696,0.22841,30.06408,14.58003,0,8.88,233.5
2200,7,2.000e-04,10.65887,0.36732,0.72891,0.16847,0.55803,0.13097,0.32856,0.43086,0.22124,0.20962,39.82535,23.13125,0,8.75,244.9
2300,7,2.000e-04,6.08170,0.43116,0.35282,0.11503,0.25224,0.10742,0.21759,0.59502,0.28397,0.31105,25.64128,15.79639,0,8.89,256.2
2400,8,2.000e-04,8.46344,0.54732,0.47219,0.26717,0.25278,0.26738,0.18151,0.41124,0.22562,0.18562,24.37752,22.26728,0,8.83,267.5
2500,8,2.000e-04,4.93283,0.34690,0.41839,0.14439,0.15084,0.11784,0.12520,0.63782,0.46433,0.17348,19.82489,38.15163,0,8.83,278.8
2600,8,2.000e-04,8.20162,0.64137,0.40074,0.24674,0.21430,0.27463,0.23519,0.53903,0.23439,0.30465,33.18398,20.57573,0,9.14,289.8
2700,9,2.000e-04,7.06309,0.70381,0.59731,0.21801,0.18284,0.18956,0.16112,0.72141,0.31943,0.40198,26.29424,36.46182,0,9.05,300.8
2800,9,2.000e-04,7.60124,0.44193,0.52817,0.16412,0.28280,0.12328,0.30911,0.48552,0.31864,0.16688,40.37918,25.98572,0,9.13,311.8
2900,9,2.000e-04,6.47371,0.31477,0.42279,0.21632,0.17309,0.15513,0.21327,0.26867,0.11010,0.15857,49.55030,17.13756,0,9.09,322.8
3000,10,2.000e-04,6.37004,0.25836,0.24598,0.25665,0.17058,0.19140,0.12728,0.53600,0.22363,0.31237,43.32042,17.94733,0,1.61,384.7
3100,10,2.000e-04,4.85718,0.38066,0.34276,0.18136,0.10216,0.16346,0.09624,0.48847,0.20067,0.28780,24.89164,19.76864,0,8.43,396.6
3200,10,2.000e-04,7.04384,0.40711,0.32079,0.24852,0.21845,0.22451,0.10474,0.52419,0.29730,0.22689,48.57414,14.72266,0,9.03,407.7
3300,11,2.000e-04,5.62238,0.25222,0.40195,0.19429,0.14186,0.19144,0.12989,0.50136,0.28164,0.21972,25.09032,20.39358,0,8.90,418.9
3400,11,2.000e-04,8.06643,0.23779,0.31418,0.34525,0.16418,0.35612,0.12792,0.35370,0.20816,0.14554,35.38685,16.26896,0,8.39,430.9
3500,11,2.000e-04,5.44880,0.58321,0.39015,0.14760,0.14261,0.14795,0.16671,0.42121,0.28330,0.13791,28.96866,37.62145,0,8.23,443.0
3600,12,2.000e-04,5.48558,0.38537,0.30946,0.17320,0.16502,0.17520,0.10652,0.30162,0.13442,0.16720,36.93869,12.98285,0,8.55,454.7
3700,12,2.000e-04,5.55093,0.40058,0.21456,0.14922,0.19649,0.12906,0.16669,0.32834,0.09639,0.23194,23.86667,7.83372,0,8.70,466.2
3800,12,2.000e-04,5.21765,0.15958,0.35450,0.14849,0.16552,0.15283,0.15986,0.41632,0.18884,0.22748,20.07593,15.47858,0,8.95,477.4
3900,13,2.000e-04,6.54070,0.29926,0.60230,0.17842,0.20316,0.17008,0.19459,0.43770,0.29527,0.14243,30.59954,20.22618,0,9.00,488.5
4000,13,2.000e-04,7.24194,0.42008,0.67631,0.19562,0.21917,0.17305,0.22646,0.42001,0.26785,0.15216,36.35867,23.37201,0,8.95,499.6
4100,13,2.000e-04,6.77931,0.38362,0.31849,0.23952,0.15007,0.27636,0.15990,0.55209,0.27103,0.28105,38.74786,26.65102,0,10.11,509.5
4200,14,2.000e-04,6.10349,0.50066,0.62517,0.16507,0.19787,0.16472,0.10494,0.36839,0.13666,0.23173,38.47310,21.15112,0,8.58,521.2
4300,14,2.000e-04,8.58543,0.49674,0.66167,0.18428,0.31996,0.18506,0.29186,0.83942,0.38043,0.45899,29.13994,10.85218,0,8.58,532.8
4400,14,2.000e-04,7.35906,0.15966,0.45070,0.28384,0.19589,0.27448,0.11580,0.50299,0.20474,0.29825,32.49799,22.60397,0,8.62,544.4
4500,15,2.000e-04,5.71438,0.08605,0.42955,0.16474,0.21270,0.13137,0.15351,0.63582,0.38501,0.25081,34.17064,17.38426,0,9.02,555.5
4600,15,2.000e-04,8.28395,0.43503,0.68353,0.28292,0.22326,0.29003,0.13069,0.39128,0.16987,0.22142,51.96472,16.06740,0,9.03,566.6
4700,15,2.000e-04,4.68520,0.41641,0.22548,0.13246,0.14604,0.13586,0.11581,0.37230,0.21653,0.15577,10.61944,17.28115,0,8.46,578.4
4800,16,2.000e-04,7.78709,0.25265,0.24859,0.35149,0.17498,0.26576,0.13848,0.54295,0.24530,0.29765,43.47823,15.70147,0,8.12,590.7
4900,16,2.000e-04,8.11688,0.99072,0.15127,0.21472,0.27832,0.22812,0.18077,0.63836,0.16541,0.47294,39.50500,28.94992,0,8.39,602.6
5000,16,2.000e-04,6.92357,0.14224,0.38697,0.28508,0.14140,0.28304,0.14287,0.50446,0.19844,0.30602,29.78251,17.39656,0,8.70,614.1
5100,17,2.000e-04,4.50090,0.26640,0.17078,0.15857,0.11899,0.13641,0.12121,0.30639,0.13602,0.17037,21.30486,19.99708,0,8.60,625.8
5200,17,2.000e-04,6.48072,0.23036,0.58088,0.21569,0.16492,0.19471,0.17796,0.38113,0.18314,0.19799,19.01933,18.88379,0,8.55,637.5
5300,17,2.000e-04,5.15749,0.57989,0.33761,0.15612,0.13527,0.16310,0.10212,0.51846,0.44291,0.07555,18.67405,25.99350,0,8.30,649.5
5400,18,2.000e-04,7.16735,0.34258,0.85873,0.16505,0.23720,0.15795,0.23076,0.45477,0.27006,0.18470,19.94425,22.14169,0,8.49,661.3
5500,18,2.000e-04,5.27968,0.10318,0.44296,0.19751,0.14279,0.14846,0.11764,0.69869,0.49310,0.20559,29.34209,16.53916,0,8.55,673.0
5600,18,2.000e-04,5.96201,0.40635,0.15087,0.17107,0.20527,0.13335,0.19493,0.57979,0.23919,0.34060,33.93162,21.10857,0,8.75,684.4
5700,19,2.000e-04,5.95900,0.16688,1.02505,0.17378,0.14970,0.16753,0.13891,0.48894,0.29963,0.18931,22.97369,17.51328,0,8.41,696.3
5800,19,2.000e-04,5.57220,0.11697,0.57364,0.15614,0.17964,0.13664,0.16810,0.44362,0.13749,0.30614,27.72653,15.28075,0,8.46,708.1
5900,19,2.000e-04,9.36835,0.27855,0.21180,0.33773,0.27501,0.32771,0.22242,0.49446,0.26377,0.23068,39.67479,20.14381,0,8.49,719.9
6000,20,2.000e-04,6.45344,0.42203,0.64954,0.12029,0.25171,0.11149,0.22089,0.38311,0.21687,0.16624,35.54893,17.23382,0,1.60,782.2
6100,20,2.000e-04,5.45940,0.64966,0.73504,0.09297,0.20381,0.07432,0.14705,0.28730,0.14839,0.13891,27.67131,21.73857,0,7.88,794.9
6200,20,2.000e-04,5.46052,0.33603,0.34094,0.16218,0.16570,0.12965,0.17130,0.54412,0.27086,0.27326,23.27946,16.59138,0,8.04,807.3
6300,21,2.000e-04,5.91082,0.21793,0.42906,0.18569,0.20008,0.12146,0.15975,0.55203,0.26559,0.28644,27.12954,17.94723,0,8.43,819.2
6400,21,2.000e-04,4.73523,0.45279,0.23920,0.18868,0.09011,0.16700,0.08407,0.48859,0.24478,0.24381,23.90089,12.76787,0,8.41,831.1
6500,21,2.000e-04,5.99017,0.29703,0.10718,0.18768,0.18849,0.20375,0.16111,0.55386,0.28723,0.26662,35.82555,24.19489,0,8.62,842.7
6600,22,2.000e-04,7.23778,0.42990,0.52395,0.21981,0.20611,0.20806,0.19689,0.47781,0.21843,0.25938,23.32590,16.52672,0,9.50,853.2
6700,22,2.000e-04,4.60677,0.08775,0.14391,0.17418,0.12295,0.17088,0.10989,0.63653,0.26070,0.37583,23.54322,21.38288,0,8.71,864.7
6800,22,2.000e-04,6.69001,0.23830,0.50716,0.19472,0.22767,0.13827,0.20585,0.51769,0.23956,0.27813,32.60044,17.67605,0,8.52,876.4
6900,23,2.000e-04,4.00880,0.23639,0.42067,0.10089,0.13205,0.10566,0.09882,0.31124,0.16656,0.14468,17.86074,17.55662,0,8.48,888.2
7000,23,2.000e-04,6.37719,0.43141,0.26523,0.22331,0.18441,0.17873,0.14195,0.27334,0.18187,0.09146,26.89183,11.08017,0,8.35,900.2
7100,23,2.000e-04,3.97329,0.36403,0.39450,0.10684,0.10805,0.09980,0.11337,0.74900,0.32237,0.42663,19.04642,30.82652,0,8.56,911.9
7200,24,2.000e-04,9.65429,0.37500,0.58952,0.30848,0.29915,0.26252,0.26017,0.53057,0.34571,0.18486,40.08157,11.24745,0,9.51,922.4
7300,24,2.000e-04,4.48569,0.26936,0.44181,0.11360,0.12169,0.11839,0.16594,0.40955,0.24138,0.16818,16.64871,10.36019,0,8.93,933.6
7400,24,2.000e-04,7.11323,0.37557,0.33885,0.21814,0.22118,0.19995,0.20116,0.71765,0.47332,0.24432,33.62203,30.53328,0,8.79,945.0
7500,25,2.000e-04,5.44754,0.65967,0.60155,0.13506,0.14132,0.13888,0.14562,0.37556,0.15135,0.22421,24.58114,12.59027,0,8.63,956.6
7600,25,2.000e-04,8.00598,0.27397,0.47601,0.25929,0.24867,0.21307,0.22221,0.56054,0.39108,0.16947,32.90708,15.12424,0,8.42,968.5
7700,25,2.000e-04,5.12826,0.29265,0.21302,0.13599,0.17831,0.13498,0.16093,0.63640,0.29180,0.34460,19.73759,11.36766,0,8.57,980.1
7800,26,2.000e-04,5.93834,0.36089,0.48384,0.10901,0.25514,0.10017,0.19025,0.48026,0.11807,0.36218,30.25396,9.54843,0,8.62,991.7
7900,26,2.000e-04,4.86333,0.18463,0.45503,0.13981,0.15821,0.11754,0.13115,0.58377,0.30629,0.27748,30.46678,16.32252,0,8.91,1002.9
8000,26,2.000e-04,6.30834,0.49489,0.15665,0.17873,0.24320,0.15605,0.13144,0.67316,0.22586,0.44731,31.28640,23.94070,0,8.93,1014.1
8100,27,2.000e-04,4.62012,0.51797,0.51537,0.12638,0.11821,0.11054,0.11765,0.35495,0.21146,0.14348,19.67861,13.42194,0,8.83,1025.5
8200,27,2.000e-04,6.11098,0.76349,0.38447,0.13312,0.21987,0.12552,0.16112,0.41879,0.21449,0.20430,24.00413,16.56785,0,8.93,1036.7
8300,27,2.000e-04,6.88730,0.25454,0.66989,0.22619,0.18404,0.22370,0.14842,0.46876,0.28015,0.18861,25.63358,20.38835,0,8.62,1048.3
8400,28,2.000e-04,6.84928,0.25398,0.63016,0.15579,0.24922,0.15202,0.23098,0.22659,0.12449,0.10210,23.46336,17.59409,0,8.66,1059.8
8500,28,2.000e-04,5.80609,0.43702,0.93758,0.14010,0.16511,0.13832,0.13755,0.54865,0.28350,0.26515,20.88527,19.53864,0,8.53,1071.5
8600,28,2.000e-04,5.56560,0.22423,0.77917,0.14729,0.14549,0.16934,0.15754,0.53212,0.20158,0.33054,36.22017,24.84494,0,8.44,1083.4
8700,29,2.000e-04,6.55643,0.48086,0.51248,0.22596,0.14688,0.22722,0.13972,0.60312,0.38939,0.21373,23.35753,29.46925,0,8.42,1095.3
8800,29,2.000e-04,5.25181,1.25067,0.60173,0.14490,0.08931,0.12796,0.08350,0.42994,0.18693,0.24302,19.32772,14.25846,0,8.41,1107.1
8900,29,2.000e-04,7.98167,0.58364,0.47938,0.37082,0.13210,0.24375,0.13413,0.31113,0.14304,0.16809,40.28289,14.36585,0,8.56,1118.8
9000,30,2.000e-04,5.77959,0.41864,0.49124,0.14877,0.19017,0.14730,0.14877,0.32520,0.18801,0.13719,22.09023,16.12655,0,1.62,1180.6
9100,30,2.000e-04,5.13103,0.28475,0.25080,0.18603,0.13871,0.16095,0.10866,0.26386,0.14130,0.12256,21.28843,19.86465,0,7.94,1193.1
9200,30,2.000e-04,7.28611,0.25102,0.15664,0.16764,0.29594,0.16689,0.28164,0.49037,0.31033,0.18004,24.30430,12.41374,0,8.83,1204.5
9300,31,2.000e-04,4.82549,0.42218,0.30540,0.12589,0.15981,0.11336,0.13481,0.35601,0.16891,0.18710,18.73882,15.14726,0,8.67,1216.0
9400,31,2.000e-04,5.17909,0.49903,0.35291,0.14068,0.17723,0.15504,0.07457,0.37659,0.22484,0.15175,33.24603,14.16887,0,8.42,1227.9
9500,31,2.000e-04,4.65770,0.39501,0.46026,0.14401,0.11953,0.13439,0.09902,0.32493,0.15054,0.17440,23.21262,10.46819,0,8.69,1239.4
9600,32,2.000e-04,6.18606,0.41946,0.32304,0.22201,0.14184,0.23846,0.12255,0.40272,0.23633,0.16639,24.26211,9.66646,0,8.91,1250.6
9700,32,2.000e-04,5.72448,0.42293,0.10299,0.19344,0.16753,0.20290,0.11486,0.62733,0.31693,0.31040,27.80654,23.22097,0,8.51,1262.4
9800,32,2.000e-04,3.88455,0.70259,0.27508,0.12301,0.06841,0.11303,0.08550,0.25009,0.12286,0.12723,17.12956,11.66386,0,8.61,1274.0
9900,33,2.000e-04,7.11219,0.52018,0.17657,0.25515,0.21914,0.16758,0.16694,0.32189,0.15061,0.17128,33.73272,19.43674,0,9.15,1284.9
10000,33,2.000e-04,5.90307,0.25024,0.75799,0.17665,0.15465,0.17198,0.14439,0.42900,0.13931,0.28969,26.58385,22.37042,0,8.93,1296.1
10100,33,2.000e-04,6.98855,0.43071,0.67368,0.19383,0.21505,0.18147,0.17760,0.46981,0.22987,0.23994,33.67748,22.50946,0,9.63,1306.5
10200,34,2.000e-04,6.34606,0.26924,0.91768,0.15211,0.19843,0.15570,0.17504,0.40916,0.24726,0.16190,21.11621,19.57842,0,8.87,1317.7
10300,34,2.000e-04,7.87651,0.10676,0.54813,0.18604,0.31508,0.20023,0.24185,0.34151,0.24338,0.09813,42.27727,12.65001,0,8.67,1329.3
10400,34,2.000e-04,4.57370,0.14737,0.57892,0.15253,0.11823,0.11438,0.11360,0.72988,0.30698,0.42290,23.63735,26.35974,0,8.62,1340.9
10500,35,2.000e-04,3.90778,0.31555,0.21831,0.13055,0.08531,0.17146,0.07161,0.32972,0.11948,0.21024,20.50230,12.63041,0,8.66,1352.4
10600,35,2.000e-04,5.14354,0.33476,0.56654,0.14838,0.16468,0.12989,0.09246,0.52360,0.23020,0.29340,22.97624,22.66790,0,8.42,1364.3
10700,35,2.000e-04,4.32825,0.57854,0.10519,0.11814,0.13651,0.12014,0.09945,0.26807,0.14039,0.12768,20.40152,18.85394,0,8.78,1375.7
10800,36,2.000e-04,6.73034,0.18978,0.54965,0.25227,0.18424,0.21736,0.10780,0.48868,0.28510,0.20358,32.40083,12.74641,0,8.77,1387.1
10900,36,2.000e-04,7.28117,0.40339,0.29060,0.13666,0.32835,0.13907,0.24835,0.52321,0.27313,0.25008,35.83276,25.96328,0,8.65,1398.6
11000,36,2.000e-04,5.62060,0.88700,0.26734,0.16697,0.15112,0.13402,0.12305,0.40699,0.18375,0.22324,34.62067,16.78854,0,8.75,1410.1
11100,37,2.000e-04,8.00163,0.26715,0.62268,0.21643,0.33163,0.16739,0.15885,0.59878,0.51500,0.08378,44.41647,25.94361,0,8.70,1421.6
11200,37,2.000e-04,4.28969,0.00700,0.53333,0.11231,0.14517,0.10428,0.13063,0.78585,0.52463,0.26122,20.66437,21.74896,0,8.57,1433.2
11300,37,2.000e-04,6.53345,0.07991,0.67873,0.17736,0.21080,0.16108,0.21757,0.56469,0.25772,0.30697,27.24672,23.04537,0,8.56,1444.9
11400,38,2.000e-04,5.39131,0.64439,0.47489,0.11709,0.17542,0.08766,0.18173,0.23010,0.13108,0.09902,21.47483,11.53637,0,8.55,1456.6
11500,38,2.000e-04,6.60463,0.63809,0.78481,0.12413,0.22279,0.12845,0.21404,0.42852,0.17116,0.25735,22.32667,11.83184,0,8.73,1468.1
11600,38,2.000e-04,5.04572,0.54408,0.10530,0.13252,0.15888,0.14167,0.15479,0.55496,0.22541,0.32954,29.87400,15.67369,0,8.69,1479.6
11700,39,2.000e-04,5.04418,0.29271,0.65187,0.12736,0.18688,0.10296,0.08848,0.50618,0.19460,0.31158,20.56145,13.64607,0,8.63,1491.1
11800,39,2.000e-04,6.16133,0.50070,0.18312,0.25548,0.11628,0.23917,0.11282,0.33085,0.25214,0.07871,28.30843,12.08873,0,8.88,1502.4
11900,39,2.000e-04,4.34725,0.37340,0.37347,0.10892,0.12538,0.10633,0.14516,0.49591,0.16876,0.32715,15.22973,17.93910,0,8.73,1513.9
12000,40,2.000e-04,4.85586,0.49129,0.16457,0.11798,0.16632,0.11101,0.16040,0.39111,0.20190,0.18921,22.03318,14.66168,0,1.56,1577.8
12100,40,2.000e-04,8.28314,0.37610,0.36865,0.36713,0.15295,0.37711,0.09040,0.36459,0.26476,0.09983,28.66236,18.93950,0,7.97,1590.4
12200,40,2.000e-04,4.45792,0.14492,0.32276,0.11867,0.15809,0.11190,0.13262,0.44473,0.14269,0.30204,16.14000,19.59955,0,8.42,1602.3
12300,41,2.000e-04,5.01790,0.55801,0.23838,0.16758,0.11459,0.16085,0.11910,0.67016,0.28660,0.38356,24.45509,11.04255,0,8.77,1613.7
12400,41,2.000e-04,6.62531,0.71187,0.30421,0.22827,0.16298,0.19001,0.14935,0.19832,0.10709,0.09123,29.89977,11.05188,0,9.03,1624.7
12500,41,2.000e-04,7.15588,0.13542,0.38672,0.28677,0.18694,0.24032,0.13902,0.23103,0.05465,0.17638,37.28918,13.55960,0,8.95,1635.9
12600,42,2.000e-04,5.89057,0.24353,0.77553,0.15381,0.20635,0.09340,0.16058,0.31825,0.17010,0.14815,43.07326,19.82824,0,8.58,1647.6
12700,42,2.000e-04,5.70245,0.67854,0.54881,0.18454,0.10419,0.19819,0.11937,0.39537,0.11103,0.28433,17.27872,16.53220,0,8.66,1659.1
12800,42,2.000e-04,3.42197,0.29507,0.26629,0.09881,0.10611,0.08007,0.08222,0.62119,0.45015,0.17105,14.78844,6.75980,0,8.28,1671.2
12900,43,2.000e-04,4.55538,0.46097,0.10244,0.14779,0.13064,0.11456,0.12696,0.44786,0.24929,0.19858,24.54910,17.64626,0,8.46,1683.0
13000,43,2.000e-04,4.11620,0.04769,0.91340,0.12410,0.07993,0.15278,0.07018,0.43846,0.17948,0.25898,29.42855,12.11887,0,8.43,1694.9
13100,43,2.000e-04,4.89403,0.32010,0.33599,0.12804,0.16270,0.10193,0.16418,0.23885,0.08806,0.15078,21.94334,8.60635,0,8.31,1706.9
13200,44,2.000e-04,4.40314,0.43256,0.09510,0.17497,0.09573,0.14427,0.08942,0.44237,0.33313,0.10924,20.37298,18.96981,0,8.56,1718.6
13300,44,2.000e-04,5.33787,0.08561,0.14147,0.20346,0.16951,0.13508,0.14114,0.24636,0.16906,0.07729,31.68364,14.01394,0,8.76,1730.0
13400,44,2.000e-04,4.12287,0.38454,0.41192,0.08834,0.13233,0.09803,0.12590,0.38387,0.10891,0.27496,15.16654,11.37830,0,8.76,1741.4
13500,45,2.000e-04,5.70666,0.42002,0.36017,0.20937,0.13252,0.18912,0.11240,0.59763,0.24353,0.35409,30.43653,19.40099,0,8.49,1753.2
13600,45,2.000e-04,5.09147,0.45455,0.28348,0.16893,0.11268,0.15243,0.15504,0.41719,0.20870,0.20849,21.08193,17.54902,0,8.37,1765.1
13700,45,2.000e-04,4.16209,0.54689,0.21847,0.09020,0.14956,0.07447,0.12536,0.32866,0.24877,0.07988,18.97975,10.31826,0,9.53,1775.6
13800,46,2.000e-04,4.72806,0.14460,0.36617,0.14367,0.15217,0.11839,0.13340,0.48054,0.29423,0.18631,23.32711,16.40775,0,8.58,1787.3
13900,46,2.000e-04,6.75337,0.44599,0.29847,0.18834,0.21933,0.17600,0.21045,0.37461,0.19975,0.17486,25.34583,5.62297,0,8.38,1799.2
14000,46,2.000e-04,5.95008,0.46670,0.25087,0.19672,0.14892,0.21411,0.14113,0.20925,0.07617,0.13308,29.34623,9.33097,0,9.15,1810.1
14100,47,2.000e-04,4.60388,0.77778,0.12780,0.12883,0.12856,0.11124,0.11363,0.47196,0.20429,0.26766,21.14775,23.01327,0,8.41,1822.0
14200,47,2.000e-04,6.06941,0.60964,0.50808,0.16484,0.19142,0.13160,0.14623,0.55072,0.26736,0.28336,25.08508,9.13387,0,8.28,1834.1
14300,47,2.000e-04,4.62269,0.23573,0.76904,0.13385,0.10135,0.14374,0.10944,0.36410,0.22273,0.14137,22.91441,13.54813,0,9.58,1844.6
14400,48,2.000e-04,6.48791,0.27305,0.43958,0.16850,0.20966,0.16736,0.23138,0.47627,0.18027,0.29600,32.74503,5.66984,0,9.91,1854.6
14500,48,2.000e-04,7.01540,0.68463,0.03876,0.28052,0.14375,0.27285,0.13700,0.40076,0.17468,0.22607,34.13948,13.15422,0,9.90,1864.7
14600,48,2.000e-04,5.00042,0.61109,0.32138,0.16596,0.10824,0.16778,0.09742,0.26940,0.11139,0.15801,27.14763,10.08993,0,9.09,1875.7
14700,49,2.000e-04,4.64792,0.51321,0.04566,0.16453,0.11268,0.14051,0.12287,0.66287,0.33571,0.32716,19.95269,20.37532,0,8.44,1887.6
14800,49,2.000e-04,4.57798,0.16582,0.18951,0.15547,0.10489,0.22803,0.09577,0.47632,0.29567,0.18065,28.75366,15.18778,0,8.54,1899.3
14900,49,2.000e-04,3.46123,0.40358,0.18913,0.10521,0.08294,0.10970,0.08772,0.29359,0.19743,0.09616,14.78110,15.04244,0,8.93,1910.5
15000,50,2.000e-04,6.01784,0.56540,1.02381,0.09499,0.19747,0.09101,0.20980,0.49019,0.26838,0.22181,23.41306,17.81571,0,1.56,1974.4
15100,50,2.000e-04,5.07048,0.05210,0.33803,0.13950,0.19034,0.12563,0.15075,0.33206,0.27217,0.05989,22.38364,9.85646,0,7.88,1987.1
15200,50,2.000e-04,4.95502,0.49222,0.46300,0.12687,0.14229,0.11128,0.15036,0.32685,0.11824,0.20862,19.38715,10.93111,0,8.48,1998.9
15300,51,2.000e-04,3.88794,0.41545,0.52927,0.07397,0.11520,0.07577,0.13455,0.66269,0.35481,0.30787,16.13205,18.37172,0,8.83,2010.2
15400,51,2.000e-04,4.66811,0.37473,0.55232,0.17044,0.09097,0.15095,0.07444,0.28427,0.18105,0.10323,17.10114,9.71091,0,9.08,2021.2
15500,51,2.000e-04,4.94280,0.06473,0.19216,0.15644,0.15286,0.16535,0.15324,0.47282,0.29325,0.17956,22.60632,13.58140,0,8.83,2032.6
15600,52,2.000e-04,5.91392,0.62340,1.12856,0.15398,0.12573,0.15895,0.11403,0.45179,0.26855,0.18324,16.96875,21.87906,0,8.71,2044.1
15700,52,2.000e-04,4.18408,0.29214,0.17080,0.17091,0.10173,0.11280,0.08615,0.42796,0.15756,0.27040,27.63403,12.90919,0,8.30,2056.1
15800,52,2.000e-04,5.91247,0.55137,0.94985,0.14298,0.15894,0.10124,0.17717,0.22669,0.12664,0.10004,19.44797,10.92360,0,8.52,2067.9
15900,53,2.000e-04,5.63901,0.61160,0.45853,0.11371,0.18870,0.10934,0.19960,0.50213,0.24977,0.25236,31.44191,18.39216,0,8.46,2079.7
16000,53,2.000e-04,6.27007,0.61412,0.24061,0.18037,0.17562,0.19106,0.18003,0.30667,0.08263,0.22404,26.15300,19.72211,0,8.94,2090.9
16100,53,2.000e-04,6.18583,0.75119,0.25621,0.20368,0.14776,0.20209,0.13073,0.28097,0.06072,0.22024,19.63929,11.48082,0,9.75,2101.1
16200,54,2.000e-04,4.30523,0.71598,0.11396,0.12828,0.11268,0.12276,0.09037,0.44839,0.19282,0.25558,22.78577,10.23692,0,9.02,2112.2
16300,54,2.000e-04,8.15386,0.22291,0.29145,0.13664,0.37363,0.15502,0.35234,0.43955,0.23089,0.20867,32.40038,17.54145,0,8.44,2124.0
16400,54,2.000e-04,4.07348,0.02043,0.46623,0.11644,0.14800,0.09024,0.09823,0.65022,0.27914,0.37108,21.60608,13.29492,0,8.76,2135.5
16500,55,2.000e-04,6.33002,0.41800,1.03281,0.17019,0.16599,0.11651,0.18698,0.19260,0.10647,0.08613,40.85252,10.90020,0,8.74,2146.9
16600,55,2.000e-04,5.93976,0.32022,1.01993,0.11835,0.18189,0.12108,0.19835,0.59316,0.24506,0.34810,14.72228,20.19931,0,8.83,2158.2
16700,55,2.000e-04,4.50100,0.13068,0.30929,0.15189,0.13567,0.13278,0.10430,0.61381,0.20691,0.40690,22.28753,17.37161,0,8.60,2169.9
16800,56,2.000e-04,4.94210,0.49162,0.16836,0.14440,0.12158,0.21278,0.11168,0.64145,0.23986,0.40159,30.88351,13.02725,0,8.54,2181.6
16900,56,2.000e-04,5.94351,0.16504,1.21141,0.19093,0.11061,0.19740,0.11292,0.50967,0.34999,0.15968,27.04534,22.98140,0,9.05,2192.6
17000,56,2.000e-04,4.62266,0.49815,0.42573,0.12927,0.12511,0.10170,0.12930,0.30124,0.19854,0.10270,23.64645,11.48065,0,8.50,2204.4
17100,57,2.000e-04,5.13056,0.42340,0.40225,0.14811,0.13497,0.15294,0.14188,0.57241,0.16958,0.40283,17.45453,11.45108,0,8.73,2215.8
17200,57,2.000e-04,3.64802,0.21920,0.42098,0.11545,0.08735,0.11292,0.08305,0.20890,0.14223,0.06667,11.12035,9.25815,0,8.42,2227.7
17300,57,2.000e-04,3.77805,0.11831,0.07647,0.12238,0.13524,0.09069,0.11071,0.50107,0.34842,0.15265,25.14186,13.17140,0,8.85,2239.0
17400,58,2.000e-04,5.03282,0.64311,0.71105,0.15280,0.09016,0.16132,0.08851,0.67737,0.42307,0.25430,22.66270,24.43787,0,8.70,2250.5
17500,58,2.000e-04,3.93152,0.26072,0.21233,0.11949,0.11206,0.09864,0.12996,0.43483,0.15448,0.28035,25.14009,11.80247,0,8.73,2261.9
17600,58,2.000e-04,4.23486,0.17799,0.71961,0.12766,0.10593,0.11523,0.08503,0.23531,0.15484,0.08047,10.37014,13.14359,0,8.99,2273.1
17700,59,2.000e-04,5.85460,0.45886,0.32173,0.17211,0.16639,0.13688,0.20093,0.36832,0.27081,0.09751,24.00825,7.19239,0,8.93,2284.3
17800,59,2.000e-04,3.72201,0.30387,0.56714,0.09146,0.08911,0.12306,0.08599,0.53488,0.29565,0.23923,16.73858,20.69154,0,8.73,2295.7
17900,59,2.000e-04,6.19504,0.35907,0.87684,0.14084,0.17977,0.15205,0.19858,0.53239,0.24964,0.28275,26.38685,18.47136,0,8.82,2307.1
18000,60,2.000e-04,5.18914,0.46408,0.06973,0.14812,0.17087,0.12091,0.17217,0.73093,0.20609,0.52483,27.32486,17.27014,0,1.65,2367.7
18100,60,2.000e-04,4.31441,0.74585,0.05895,0.14246,0.10436,0.12747,0.08082,0.60649,0.24802,0.35847,17.95663,17.91587,0,8.15,2380.0
18200,60,2.000e-04,7.16378,0.90817,0.07093,0.22040,0.19020,0.21777,0.19795,0.63786,0.25233,0.38553,29.30164,22.45224,0,8.66,2391.5
18300,61,2.000e-04,6.08963,0.98265,0.48215,0.18169,0.13160,0.17113,0.12727,0.58561,0.24572,0.33989,16.14450,23.14575,0,8.81,2402.9
18400,61,2.000e-04,5.38234,0.04970,0.24119,0.25159,0.09994,0.20585,0.10939,0.38713,0.15677,0.23035,29.17075,13.39670,0,8.69,2414.4
18500,61,2.000e-04,5.06331,0.50430,0.16609,0.11930,0.17478,0.10658,0.18385,0.58665,0.32610,0.26055,22.99496,16.83720,0,8.65,2426.0
18600,62,2.000e-04,5.34821,0.45517,0.45820,0.14372,0.15225,0.13343,0.16161,0.41777,0.28552,0.13224,24.43374,15.27897,0,8.57,2437.6
18700,62,2.000e-04,5.65085,0.30444,0.22168,0.20748,0.14111,0.17760,0.15017,0.40940,0.21991,0.18949,24.36325,17.50982,0,8.53,2449.3
18800,62,2.000e-04,6.00948,0.91799,0.73742,0.10459,0.19242,0.11553,0.16127,0.52857,0.24630,0.28227,15.08915,28.04883,0,8.68,2460.9
18900,63,2.000e-04,5.23835,0.39216,0.51597,0.14997,0.13391,0.14899,0.14929,0.45271,0.20840,0.24431,20.09459,20.43841,0,8.62,2472.5
19000,63,2.000e-04,8.53177,0.21008,0.01768,0.30103,0.22308,0.39932,0.21325,0.50368,0.30994,0.19374,32.81826,8.74783,0,8.57,2484.1
19100,63,2.000e-04,6.11284,0.32162,0.57868,0.15141,0.20019,0.17384,0.16547,0.18518,0.11400,0.07118,35.35497,10.51585,0,8.61,2495.7
19200,64,2.000e-04,6.87605,0.63457,0.60193,0.11733,0.26357,0.13262,0.23348,0.64758,0.14983,0.49775,26.05486,12.48794,0,8.38,2507.7
19300,64,2.000e-04,5.30832,0.40943,0.47083,0.13814,0.14634,0.13568,0.18096,0.44761,0.28490,0.16270,20.22759,10.66206,0,8.53,2519.4
19400,64,2.000e-04,4.63876,0.08298,0.21639,0.18127,0.12696,0.14298,0.10843,0.41975,0.17669,0.24306,21.99889,19.94213,0,8.67,2530.9
19500,65,2.000e-04,5.18493,0.29774,1.23873,0.09297,0.17831,0.09169,0.09543,0.30696,0.16166,0.14530,23.66951,12.04028,0,8.60,2542.5
19600,65,2.000e-04,4.06717,0.58093,0.24735,0.13181,0.09084,0.12991,0.07255,0.33296,0.14058,0.19238,13.34828,12.93359,0,8.57,2554.2
19700,65,2.000e-04,4.72111,0.45371,0.37768,0.12935,0.13262,0.12290,0.13110,0.28286,0.11530,0.16756,23.86296,11.67436,0,8.79,2565.6
19800,66,2.000e-04,3.51905,0.10539,0.33852,0.12430,0.08432,0.11944,0.07834,0.34593,0.16761,0.17832,18.97583,11.67989,0,8.67,2577.1
19900,66,2.000e-04,4.26836,0.24158,0.56385,0.13202,0.09265,0.14878,0.09446,0.26258,0.11668,0.14590,17.82480,13.86518,0,8.75,2588.6
20000,66,2.000e-04,5.62851,0.45342,0.96456,0.15107,0.11477,0.17647,0.13396,0.49959,0.24178,0.25781,26.93030,24.37976,0,8.61,2600.2
20100,67,2.000e-04,4.85177,0.39329,0.44766,0.11965,0.14742,0.14213,0.12589,0.22064,0.15593,0.06471,25.62325,5.37413,0,8.73,2611.6
20200,67,2.000e-04,5.22731,0.86805,0.79706,0.17137,0.09369,0.13510,0.04721,0.27235,0.15580,0.11655,32.13586,13.81827,0,8.57,2623.3
20300,67,2.000e-04,4.39761,0.47790,0.68429,0.08463,0.13312,0.07991,0.13168,0.59864,0.30906,0.28959,21.65069,19.54231,0,8.53,2635.0
20400,68,2.000e-04,5.21170,0.48635,0.36650,0.11458,0.16648,0.13665,0.17298,0.28766,0.20254,0.08513,19.48028,19.53708,0,8.56,2646.7
20500,68,2.000e-04,4.15361,0.34068,0.44323,0.12960,0.10103,0.13107,0.08162,0.46950,0.29348,0.17602,21.74302,10.95061,0,9.03,2657.8
20600,68,2.000e-04,5.72373,0.98719,0.47970,0.18264,0.08268,0.22377,0.09694,0.37090,0.19916,0.17174,17.46719,10.70638,0,8.77,2669.2
20700,69,2.000e-04,3.72862,0.24587,0.25600,0.10785,0.11887,0.09080,0.10111,0.21813,0.12228,0.09585,16.88487,14.43260,0,8.56,2680.8
20800,69,2.000e-04,5.53335,0.25504,0.29600,0.15573,0.18104,0.13784,0.18510,0.52030,0.14978,0.37053,11.68302,12.28424,0,8.50,2692.6
20900,69,2.000e-04,6.13330,0.45070,0.25746,0.22280,0.13578,0.25594,0.11194,0.77565,0.34195,0.43370,33.11552,7.79235,0,8.78,2704.0
21000,70,2.000e-04,4.25827,0.42548,0.10668,0.15071,0.09417,0.14009,0.11537,0.94754,0.59034,0.35720,15.93317,32.10257,0,1.66,2764.1
21100,70,2.000e-04,4.48884,0.45180,0.71985,0.12164,0.10249,0.12651,0.08866,0.35315,0.20661,0.14654,22.29528,16.06763,0,8.24,2776.2
21200,70,2.000e-04,5.16147,0.08884,0.48160,0.08818,0.21461,0.08243,0.23018,0.32501,0.21380,0.11121,18.57530,11.55437,0,8.55,2787.9
21300,71,2.000e-04,3.75402,0.37889,0.17463,0.10283,0.09791,0.15055,0.08808,0.56239,0.33382,0.22857,21.21078,9.38709,0,8.50,2799.7
21400,71,2.000e-04,4.81842,0.38410,0.53076,0.11218,0.14584,0.11279,0.15189,0.51319,0.38123,0.13196,26.62995,14.57283,0,8.34,2811.7
21500,71,2.000e-04,5.82632,0.90389,0.49468,0.12854,0.17300,0.12245,0.16001,0.63430,0.33999,0.29430,30.13458,21.00660,0,8.23,2823.8
21600,72,2.000e-04,4.89277,0.30509,0.76646,0.13226,0.12820,0.14340,0.09992,0.36496,0.18027,0.18469,22.95938,12.63786,0,8.54,2835.5
21700,72,2.000e-04,5.71047,0.13881,0.05968,0.25302,0.10995,0.26441,0.11204,0.53171,0.20882,0.32289,33.22759,14.70484,0,8.53,2847.2
21800,72,2.000e-04,4.59513,0.33756,0.44840,0.16247,0.09955,0.12380,0.11400,0.44542,0.20346,0.24196,23.06553,12.10298,0,9.58,2857.7
21900,73,2.000e-04,3.77371,0.34857,0.13670,0.10531,0.10185,0.14242,0.10094,0.66253,0.34384,0.31869,20.96790,8.75205,0,8.74,2869.1
22000,73,2.000e-04,4.15374,0.36038,0.18231,0.15574,0.09931,0.14541,0.06672,0.37124,0.24245,0.12879,21.74697,8.99614,0,8.47,2880.9
22100,73,2.000e-04,4.15486,0.17969,0.54077,0.11173,0.11974,0.10771,0.11623,0.33279,0.20289,0.12990,13.02495,12.18776,0,8.29,2893.0
22200,74,2.000e-04,5.42262,0.12072,0.55578,0.14180,0.16601,0.14872,0.18489,0.44169,0.18407,0.25762,20.85514,10.01992,0,8.64,2904.6
22300,74,2.000e-04,4.65247,0.02965,0.93693,0.18774,0.07515,0.14683,0.06457,0.41976,0.16564,0.25412,17.76622,13.21772,0,8.35,2916.5
22400,74,2.000e-04,5.84874,0.44250,0.30769,0.31895,0.07756,0.15443,0.07226,0.69300,0.28480,0.40821,30.29585,11.45751,0,8.71,2928.0
22500,75,2.000e-04,4.22310,0.76189,0.09751,0.10044,0.13977,0.07422,0.11811,0.52006,0.26531,0.25475,22.55345,17.74310,0,8.45,2939.8
22600,75,2.000e-04,5.12901,0.42151,0.19635,0.12602,0.17640,0.12371,0.17369,0.56525,0.26932,0.29592,18.11263,11.23767,0,8.46,2951.7
22700,75,2.000e-04,5.61240,0.60140,0.34154,0.18805,0.13359,0.17280,0.11782,0.81518,0.63052,0.18465,27.72033,19.31805,0,8.59,2963.3
22800,76,2.000e-04,3.61562,0.32305,0.40434,0.12129,0.07698,0.11540,0.06570,0.34974,0.25822,0.09153,19.04612,17.41235,0,8.50,2975.1
22900,76,2.000e-04,5.62878,0.20644,0.26715,0.15467,0.18412,0.17415,0.17930,0.68168,0.31556,0.36613,18.73037,21.87333,0,8.46,2986.9
23000,76,2.000e-04,4.29062,0.23611,0.10564,0.13735,0.13400,0.13711,0.10997,0.45251,0.24486,0.20764,24.41430,23.32871,0,8.66,2998.4
23100,77,2.000e-04,4.07988,0.26588,0.11609,0.18056,0.08678,0.13445,0.07046,0.65728,0.29787,0.35941,24.66202,25.91653,0,8.76,3009.8
23200,77,2.000e-04,3.64344,0.37981,0.15488,0.12594,0.07359,0.14325,0.07944,0.38918,0.22732,0.16186,12.92529,6.09136,0,8.76,3021.3
23300,77,2.000e-04,4.03091,0.14749,0.53561,0.09011,0.12927,0.10881,0.12198,0.43197,0.27297,0.15899,18.41082,13.64455,0,8.43,3033.1
23400,78,2.000e-04,4.95457,0.16539,0.22777,0.16043,0.18282,0.12028,0.10550,0.49489,0.33060,0.16429,20.78041,20.66268,0,8.67,3044.6
23500,78,2.000e-04,3.69481,0.24396,0.11326,0.10377,0.10851,0.12913,0.11384,0.42810,0.15121,0.27689,29.07545,14.27616,0,8.30,3056.7
23600,78,2.000e-04,8.04269,0.49878,0.21485,0.18529,0.32092,0.15074,0.30265,0.58906,0.27866,0.31040,23.47664,22.05311,0,8.41,3068.6
23700,79,2.000e-04,4.37015,0.50112,0.48256,0.08802,0.14252,0.10450,0.11173,0.33533,0.19036,0.14498,19.11508,7.64368,0,8.65,3080.1
23800,79,2.000e-04,5.67045,0.29306,0.55834,0.17991,0.15422,0.15316,0.14238,0.32800,0.16031,0.16769,34.00954,7.66000,0,8.48,3091.9
23900,79,2.000e-04,3.24935,0.26715,0.59585,0.08332,0.08919,0.06422,0.06804,0.26431,0.15017,0.11415,16.54189,6.27003,0,8.41,3103.8
24000,80,2.000e-04,5.58671,0.36416,0.61197,0.13499,0.16568,0.18854,0.13224,0.25525,0.19539,0.05986,29.02055,7.02008,0,1.58,3167.2
24100,80,2.000e-04,4.73197,0.32250,0.77370,0.13615,0.10391,0.15172,0.09531,0.42185,0.19004,0.23181,19.64040,24.16716,0,8.11,3179.5
24200,80,2.000e-04,5.59947,0.59102,0.32196,0.16635,0.14951,0.16842,0.13717,0.24591,0.09585,0.15006,18.22357,6.31609,0,8.70,3191.0
24300,81,2.000e-04,4.08508,0.34071,0.48348,0.10572,0.12254,0.09919,0.09647,0.38972,0.15240,0.23732,22.47880,11.59035,0,9.03,3202.1
24400,81,2.000e-04,5.99464,0.36178,0.25081,0.14959,0.23120,0.12895,0.18587,0.50635,0.37100,0.13535,30.63707,22.15594,0,8.79,3213.4
24500,81,2.000e-04,3.48895,0.11936,0.49888,0.10866,0.08169,0.11327,0.08018,0.46081,0.25664,0.20417,17.49898,15.24876,0,8.76,3224.9
24600,82,2.000e-04,5.12117,0.35510,0.56130,0.07998,0.20835,0.07174,0.19254,0.23912,0.19897,0.04015,21.31877,10.28774,0,8.76,3236.3
24700,82,2.000e-04,5.35059,0.19924,0.59869,0.07072,0.24058,0.07593,0.21200,0.32942,0.19620,0.13322,21.20169,13.35103,0,8.63,3247.9
24800,82,2.000e-04,4.91306,0.23716,0.21941,0.21123,0.10626,0.19657,0.05976,0.35266,0.23484,0.11782,28.27273,8.94755,0,8.63,3259.4
24900,83,2.000e-04,4.99976,0.22107,0.45486,0.20410,0.07450,0.22826,0.07930,0.30250,0.22008,0.08241,26.50632,16.02300,0,8.38,3271.4
25000,83,2.000e-04,3.12541,0.14795,0.40433,0.10290,0.08237,0.07912,0.06497,0.57757,0.25134,0.32623,21.79775,16.67924,0,8.54,3283.1
25100,83,2.000e-04,3.45169,0.37491,0.07480,0.10771,0.09322,0.11036,0.08819,0.55273,0.29382,0.25892,14.80935,17.65586,0,8.65,3294.6
25200,84,2.000e-04,3.92871,0.33684,0.28166,0.12663,0.09736,0.09638,0.11768,0.38838,0.23018,0.15819,20.09487,7.80535,0,8.77,3306.0
25300,84,2.000e-04,4.44677,0.31358,0.10718,0.10617,0.17611,0.08857,0.15208,0.20066,0.05008,0.15058,22.80469,6.60800,0,8.64,3317.6
25400,84,2.000e-04,4.78859,0.36167,0.37924,0.18180,0.09307,0.17718,0.08261,0.35661,0.14012,0.21649,23.14014,7.98684,0,8.44,3329.5
25500,85,2.000e-04,5.11358,0.65436,1.06325,0.15993,0.07090,0.16242,0.05510,0.39747,0.33204,0.06543,19.51686,20.28008,0,8.60,3341.1
25600,85,2.000e-04,4.88552,0.15889,0.58104,0.15109,0.13257,0.12774,0.13406,0.56331,0.27578,0.28753,32.44315,16.19073,0,8.67,3352.6
25700,85,2.000e-04,5.27308,0.41035,0.03026,0.13762,0.18760,0.17839,0.13766,0.40646,0.17895,0.22751,29.58272,6.59784,0,8.78,3364.0
25800,86,2.000e-04,5.67891,0.47874,0.26629,0.17096,0.15048,0.18187,0.16203,0.32816,0.19316,0.13499,22.49376,12.00422,0,8.63,3375.6
25900,86,2.000e-04,5.51584,0.37125,0.49693,0.17832,0.14528,0.14860,0.13374,0.32326,0.10793,0.21533,36.08821,8.84384,0,8.49,3387.4
26000,86,2.000e-04,4.09590,0.49016,0.11056,0.14000,0.06898,0.22671,0.05438,0.20049,0.05596,0.14452,28.47614,6.34346,0,8.57,3399.1
26100,87,2.000e-04,4.73502,0.04657,0.19396,0.12245,0.17005,0.10626,0.20765,0.99316,0.32050,0.67267,18.42102,14.29730,0,8.39,3411.0
26200,87,2.000e-04,3.12162,0.28905,0.22630,0.09027,0.08337,0.09155,0.08243,0.48960,0.18220,0.30740,17.43090,13.60055,0,8.34,3423.0
26300,87,2.000e-04,3.97754,0.08485,1.21531,0.08133,0.10099,0.08022,0.09062,0.82372,0.42830,0.39542,14.81638,17.90216,0,8.37,3434.9
26400,88,2.000e-04,5.58262,0.70058,0.26730,0.17048,0.13183,0.16569,0.15266,0.66081,0.10484,0.55597,22.22950,17.98708,0,8.43,3446.8
26500,88,2.000e-04,5.08109,0.06599,0.13889,0.14618,0.18253,0.11506,0.20276,0.45558,0.12548,0.33010,30.02840,11.74069,0,8.98,3457.9
26600,88,2.000e-04,6.31115,0.51928,0.36976,0.18417,0.21435,0.11179,0.17559,0.47717,0.30452,0.17265,34.87558,22.80410,0,9.09,3468.9
26700,89,2.000e-04,5.50458,0.48862,0.38453,0.12882,0.20782,0.12362,0.12939,0.45293,0.30179,0.15114,29.82385,17.53807,0,8.54,3480.6
26800,89,2.000e-04,6.27420,0.37020,0.66323,0.19043,0.16022,0.16423,0.18262,0.28083,0.16027,0.12056,21.19482,10.21398,0,8.58,3492.3
26900,89,2.000e-04,5.41335,0.62600,0.49334,0.15475,0.14028,0.14450,0.12425,0.43977,0.19028,0.24949,13.85242,11.76784,0,8.49,3504.0
27000,90,2.000e-04,4.27137,0.25587,0.31256,0.11904,0.14593,0.09631,0.11434,0.44955,0.26938,0.18017,21.74704,9.04090,0,1.28,3582.4
27100,90,2.000e-04,5.39927,0.56856,0.31302,0.13741,0.16814,0.13445,0.15799,0.29431,0.14560,0.14870,18.93519,11.17412,0,7.71,3595.4
27200,90,2.000e-04,3.73870,0.21042,0.39863,0.08196,0.12475,0.08188,0.13062,0.27946,0.13010,0.14935,17.41935,14.54033,0,8.35,3607.4
27300,91,2.000e-04,3.51138,0.19973,0.75701,0.09878,0.07308,0.09708,0.07013,0.60477,0.26661,0.33815,13.24876,21.58256,0,8.24,3619.5
27400,91,2.000e-04,4.31092,0.37872,0.90502,0.09872,0.11221,0.08962,0.09396,0.51563,0.29723,0.21840,16.73380,19.02495,0,8.46,3631.3
27500,91,2.000e-04,6.17542,0.78809,0.10884,0.16848,0.19525,0.16451,0.16371,0.81585,0.43489,0.38096,22.05354,15.33459,0,8.28,3643.4
27600,92,2.000e-04,4.01830,0.33266,0.23075,0.10383,0.14418,0.08947,0.10549,0.50409,0.12224,0.38185,26.18754,10.83056,0,8.26,3655.5
27700,92,2.000e-04,6.45067,0.61709,0.03708,0.24883,0.17887,0.19192,0.11199,0.71517,0.39643,0.31875,44.31616,27.78625,0,8.23,3667.7
27800,92,2.000e-04,5.65101,0.74641,0.36100,0.17165,0.11336,0.27493,0.06378,0.33722,0.18394,0.15328,23.50970,8.42247,0,8.31,3679.7
27900,93,2.000e-04,4.53628,0.29857,0.78215,0.11999,0.13066,0.11110,0.07871,0.37678,0.18758,0.18919,23.73195,9.01599,0,8.61,3691.3
28000,93,2.000e-04,4.09037,0.28528,0.77311,0.08695,0.11366,0.07626,0.12890,0.31254,0.13104,0.18150,17.75879,7.70721,0,8.35,3703.3
28100,93,2.000e-04,6.51738,0.53596,0.54265,0.11671,0.27809,0.11672,0.18143,0.39105,0.23887,0.15217,28.92019,8.84184,0,8.52,3715.0
28200,94,2.000e-04,5.04577,0.65306,1.25639,0.10627,0.07803,0.20665,0.05202,0.14351,0.08394,0.05958,20.68950,9.43557,0,8.41,3726.9
28300,94,2.000e-04,3.80759,0.37058,0.27763,0.13474,0.08563,0.10150,0.08963,0.44826,0.19733,0.25093,17.80276,11.92233,0,8.32,3739.0
28400,94,2.000e-04,3.71711,0.34115,0.17054,0.09225,0.12624,0.09671,0.10738,0.51807,0.21037,0.30770,15.00539,12.51343,0,8.28,3751.0
28500,95,2.000e-04,4.26577,0.19861,0.38162,0.12005,0.11831,0.14388,0.11649,0.57840,0.15492,0.42348,20.51015,14.52977,0,8.38,3763.0
28600,95,2.000e-04,5.39659,0.34622,0.93372,0.16079,0.12298,0.14925,0.10653,0.43568,0.26706,0.16862,25.95503,19.37138,0,8.58,3774.6
28700,95,2.000e-04,5.59275,0.24451,0.56059,0.11321,0.19790,0.12778,0.20754,0.74711,0.45415,0.29296,21.05173,15.09987,0,9.49,3785.2
28800,96,2.000e-04,4.74478,0.42006,0.10115,0.12144,0.16595,0.14030,0.12961,0.28149,0.14439,0.13709,21.58567,12.00783,0,8.30,3797.2
28900,96,2.000e-04,4.64203,0.21939,0.30174,0.16716,0.12485,0.13208,0.10809,0.46081,0.22585,0.23496,23.04047,12.80786,0,8.30,3809.3
29000,96,2.000e-04,3.94274,0.29795,0.27868,0.11894,0.11192,0.07878,0.13273,0.48219,0.28539,0.19680,23.13947,12.81793,0,8.99,3820.4
29100,97,2.000e-04,3.66781,0.40635,0.37812,0.10502,0.09675,0.09442,0.07871,0.39420,0.25213,0.14207,18.28477,13.21193,0,8.87,3831.7
29200,97,2.000e-04,7.13754,0.43183,0.77100,0.11034,0.30479,0.11700,0.23969,0.22932,0.17383,0.05550,27.28114,5.57211,0,8.43,3843.5
29300,97,2.000e-04,3.85502,0.13749,0.61739,0.09362,0.11529,0.11524,0.08696,0.55964,0.45800,0.10165,17.36334,13.47304,0,8.43,3855.4
29400,98,2.000e-04,3.08320,0.43533,0.31589,0.09298,0.06329,0.09549,0.05838,0.31302,0.21837,0.09465,12.02705,9.22787,0,8.29,3867.4
29500,98,2.000e-04,3.62248,0.44276,0.10971,0.08748,0.12973,0.07784,0.10174,0.52687,0.33917,0.18769,18.68674,11.32142,0,8.54,3879.1
29600,98,2.000e-04,4.78666,0.83575,0.19558,0.15027,0.12065,0.10976,0.09946,0.55118,0.31752,0.23366,25.84020,19.39987,0,8.34,3891.1
29700,99,2.000e-04,4.55306,0.23363,0.19195,0.12011,0.15307,0.10900,0.17014,0.32291,0.14758,0.17532,19.63170,11.51248,0,9.10,3902.1
29800,99,2.000e-04,3.72952,0.26388,0.40755,0.10614,0.10854,0.07958,0.10267,0.61049,0.15381,0.45668,20.80923,13.89013,0,8.53,3913.9
29900,99,2.000e-04,4.43767,0.65479,0.21739,0.14289,0.10626,0.14060,0.07420,0.42218,0.26699,0.15519,29.35147,15.22277,0,8.27,3925.9
30000,100,2.000e-04,3.49586,0.40040,0.30774,0.10690,0.08621,0.09337,0.07796,0.48258,0.19536,0.28722,19.97843,12.84655,0,1.60,3988.6
30100,100,2.000e-04,4.23314,0.54495,0.93699,0.10679,0.08831,0.08606,0.07399,0.39511,0.16071,0.23439,21.71953,10.07178,0,8.02,4001.1
30200,100,2.000e-04,5.75225,0.22326,0.06725,0.14608,0.20324,0.12461,0.26910,0.48848,0.17674,0.31173,26.38868,9.21619,0,8.51,4012.9
30300,101,2.000e-04,5.25077,0.37480,0.72381,0.17628,0.11669,0.12880,0.11569,0.30742,0.15402,0.15339,24.70430,11.48063,0,8.50,4024.6
30400,101,2.000e-04,3.91977,0.16056,0.46873,0.15270,0.08365,0.10792,0.07747,0.41563,0.19353,0.22209,20.50585,5.19272,0,8.40,4036.5
30500,101,2.000e-04,4.33967,0.13296,0.19508,0.11202,0.13864,0.14174,0.15925,0.56235,0.32340,0.23894,17.24090,10.45240,0,8.33,4048.5
30600,102,2.000e-04,4.12092,0.15853,0.93892,0.13325,0.07450,0.13191,0.05730,0.63514,0.52094,0.11420,18.25558,21.42146,0,8.26,4060.6
30700,102,2.000e-04,4.55310,0.66898,0.40549,0.11426,0.12950,0.10481,0.10341,0.48246,0.25268,0.22978,23.04902,14.44812,0,8.32,4072.6
30800,102,2.000e-04,4.35415,0.36310,0.41110,0.08889,0.15616,0.07805,0.14783,0.43029,0.23073,0.19957,22.05654,10.34678,0,8.53,4084.4
30900,103,2.000e-04,4.80027,0.72347,1.46277,0.10784,0.06835,0.10039,0.07004,0.42420,0.24038,0.18381,13.91176,20.99927,0,8.54,4096.1
31000,103,2.000e-04,4.54521,0.22590,0.50949,0.13804,0.13912,0.12121,0.08643,0.41462,0.20271,0.21191,18.74938,7.03984,0,8.61,4107.7
31100,103,2.000e-04,4.64639,0.56857,0.82495,0.12432,0.09265,0.11603,0.10061,0.54016,0.09642,0.44374,18.81829,14.25343,0,8.97,4118.8
31200,104,2.000e-04,4.56082,0.75024,0.23349,0.07112,0.16840,0.06162,0.17476,0.29043,0.14805,0.14238,11.39700,14.50653,0,8.99,4129.9
31300,104,2.000e-04,4.57728,0.90520,0.22663,0.09981,0.13620,0.09702,0.12006,0.14167,0.07495,0.06673,27.73742,6.48392,0,8.30,4142.0
31400,104,2.000e-04,3.90310,0.47571,0.91142,0.09533,0.08253,0.07008,0.07739,0.33657,0.26709,0.06949,17.81683,8.54843,0,8.25,4154.1
31500,105,2.000e-04,6.39472,0.65379,0.16837,0.15223,0.22413,0.17218,0.18961,0.70277,0.28476,0.41801,32.49453,13.30052,0,7.97,4166.6
31600,105,2.000e-04,3.99395,0.32537,0.32705,0.14346,0.10125,0.08524,0.09364,0.35246,0.15516,0.19730,20.84499,10.71527,0,8.71,4178.1
31700,105,2.000e-04,4.95684,0.57271,0.71468,0.12029,0.12571,0.09820,0.14369,0.32227,0.15227,0.17000,19.94304,12.03091,0,8.33,4190.1
31800,106,2.000e-04,3.97966,0.51661,0.88038,0.09363,0.08475,0.08296,0.07682,0.46023,0.28876,0.17147,16.58647,14.25047,0,8.24,4202.3
31900,106,2.000e-04,4.37906,0.74908,0.27640,0.12585,0.10216,0.11096,0.10374,0.66395,0.26148,0.40247,11.37168,21.37526,0,8.24,4214.4
32000,106,2.000e-04,3.11429,0.15203,0.17771,0.06774,0.12231,0.06535,0.11147,0.61864,0.26286,0.35577,8.47908,12.21190,0,8.24,4226.5
32100,107,2.000e-04,4.01690,0.47854,0.57207,0.10202,0.09807,0.10640,0.08668,0.43466,0.32250,0.11216,13.60256,9.49004,0,8.22,4238.7
32200,107,2.000e-04,4.44411,0.71267,0.56918,0.13340,0.08163,0.12008,0.08231,0.18474,0.09204,0.09270,17.71893,8.79158,0,8.23,4250.9
32300,107,2.000e-04,4.38846,0.59446,0.68977,0.10653,0.10572,0.08859,0.10775,0.29345,0.12947,0.16398,24.70334,12.28342,0,8.26,4263.0
32400,108,2.000e-04,2.79758,0.14025,0.21499,0.09912,0.05731,0.10111,0.07449,0.54598,0.33884,0.20714,13.18200,9.92128,0,8.32,4275.0
32500,108,2.000e-04,4.11927,0.84356,0.16045,0.09296,0.11696,0.08374,0.11947,0.82760,0.35149,0.47612,15.19845,21.96789,0,8.56,4286.7
32600,108,2.000e-04,3.97049,0.87772,0.61469,0.07964,0.08722,0.07180,0.09009,0.70809,0.40924,0.29885,14.08899,21.09055,0,8.32,4298.7
32700,109,2.000e-04,3.97357,0.67173,0.22337,0.12170,0.07416,0.12525,0.09872,0.39062,0.14216,0.24847,21.50323,9.86437,0,8.62,4310.3
32800,109,2.000e-04,3.71771,0.29999,0.68146,0.08132,0.10606,0.07215,0.10034,0.38426,0.19265,0.19161,17.85530,7.49457,0,8.37,4322.3
32900,109,2.000e-04,4.65032,0.53519,0.29949,0.15395,0.09465,0.19021,0.07571,0.19966,0.14176,0.05790,20.85745,5.55340,0,8.51,4334.0
33000,110,2.000e-04,4.49467,0.26299,0.01519,0.16996,0.09826,0.20945,0.09741,0.57271,0.18229,0.39042,22.53156,10.15938,0,1.59,4397.1
33100,110,2.000e-04,5.06997,0.39539,0.42308,0.14471,0.15391,0.11161,0.14145,0.46185,0.25194,0.20991,23.90171,6.62479,0,8.24,4409.2
33200,110,2.000e-04,4.11270,0.38670,0.13555,0.12386,0.10964,0.11904,0.13204,0.36667,0.19235,0.17432,20.43329,9.80925,0,8.42,4421.1
33300,111,2.000e-04,5.18373,0.36099,0.43181,0.11490,0.18787,0.10121,0.17144,0.36156,0.16382,0.19774,31.20129,6.40661,0,8.62,4432.7
33400,111,2.000e-04,3.98607,0.35152,0.11911,0.08350,0.14411,0.10715,0.14072,0.49900,0.21953,0.27947,28.58178,13.98791,0,8.51,4444.4
33500,111,2.000e-04,4.59967,0.54226,0.41356,0.11851,0.13548,0.11232,0.10845,0.33353,0.15524,0.17829,16.12151,8.59421,0,8.51,4456.2
33600,112,2.000e-04,4.10922,0.53582,0.22838,0.12284,0.10431,0.12446,0.09025,0.47595,0.17439,0.30156,16.47085,19.25076,0,8.61,4467.8
33700,112,2.000e-04,3.61536,0.27312,0.16922,0.08604,0.13469,0.07765,0.11549,0.49653,0.24978,0.24674,15.51146,8.40607,0,8.56,4479.5
33800,112,2.000e-04,3.32748,0.30964,0.63757,0.10574,0.05563,0.10161,0.05171,0.56216,0.32324,0.23892,23.34917,24.19355,0,8.76,4490.9
33900,113,2.000e-04,4.66086,0.24024,0.30033,0.07935,0.20353,0.06982,0.18847,0.42400,0.18418,0.23982,25.51748,12.62270,0,9.38,4501.5
34000,113,2.000e-04,5.56325,0.61811,0.40646,0.13322,0.18639,0.13113,0.13739,0.49546,0.22331,0.27214,23.37615,15.57665,0,10.10,4511.4
34100,113,2.000e-04,4.02166,0.32783,1.06495,0.09144,0.08780,0.08842,0.07889,0.70766,0.39070,0.31697,17.20699,18.13123,0,9.87,4521.6
34200,114,2.000e-04,3.33352,0.16684,0.76421,0.08831,0.07520,0.08387,0.06961,0.22943,0.08779,0.14164,13.32199,7.35020,0,10.18,4531.4
34300,114,2.000e-04,3.79619,0.35650,0.12384,0.14234,0.08847,0.11565,0.08591,0.62527,0.35205,0.27322,31.85349,11.96406,0,9.88,4541.5
34400,114,2.000e-04,4.17641,0.20825,0.08405,0.07958,0.16278,0.09994,0.19215,0.63501,0.47513,0.15988,24.13917,17.25696,0,9.99,4551.5
34500,115,2.000e-04,4.57892,0.88093,0.22720,0.09661,0.13797,0.08448,0.14052,0.75987,0.24186,0.51802,13.49847,23.79814,0,8.74,4563.0
34600,115,2.000e-04,3.66822,0.31913,0.93707,0.11069,0.05359,0.10953,0.04431,0.57379,0.24557,0.32823,13.09275,13.90656,0,10.18,4572.8
34700,115,2.000e-04,4.08360,0.35076,0.46270,0.07714,0.13521,0.11958,0.10974,0.15550,0.07423,0.08127,23.50707,10.53126,0,9.90,4582.9
34800,116,2.000e-04,4.69104,0.44547,0.15294,0.10298,0.15358,0.13768,0.16773,0.26882,0.22016,0.04866,31.53181,6.71341,0,9.79,4593.1
34900,116,2.000e-04,3.53963,0.36617,0.17930,0.10429,0.09791,0.09903,0.09539,0.48659,0.19817,0.28842,14.70443,9.42222,0,9.17,4604.0
35000,116,2.000e-04,3.64349,0.09777,0.10121,0.12157,0.10473,0.14114,0.09517,0.43892,0.25182,0.18710,22.70996,7.58465,0,9.00,4615.1
35100,117,2.000e-04,4.23917,0.05684,0.30457,0.10662,0.14700,0.11589,0.15242,0.39641,0.18726,0.20915,14.11034,11.07984,0,8.40,4627.0
35200,117,2.000e-04,4.73325,0.31540,0.13652,0.07010,0.24536,0.06218,0.16318,0.70457,0.34582,0.35875,24.89477,14.66179,0,8.58,4638.7
35300,117,2.000e-04,4.25580,0.56120,0.39354,0.10912,0.11244,0.09626,0.12082,0.45934,0.08300,0.37634,19.18847,15.83320,0,8.48,4650.4
35400,118,2.000e-04,3.74177,0.54319,0.49217,0.09474,0.08966,0.09409,0.07840,0.34264,0.19088,0.15176,14.32314,11.11873,0,8.70,4661.9
35500,118,2.000e-04,5.62818,0.21589,0.99016,0.10927,0.19853,0.10448,0.16434,0.31929,0.10604,0.21325,29.76399,11.96667,0,8.49,4673.7
35600,118,2.000e-04,6.24089,0.42544,0.05878,0.15231,0.21070,0.23298,0.19233,0.31551,0.04865,0.26685,41.77479,10.89626,0,8.63,4685.3
35700,119,2.000e-04,3.56994,0.61822,0.33161,0.08323,0.09750,0.09863,0.06393,0.18722,0.03337,0.15385,20.19782,9.07633,0,8.52,4697.0
35800,119,2.000e-04,4.71512,0.56061,0.92476,0.14720,0.07175,0.14231,0.06575,0.40265,0.24864,0.15401,15.19331,19.20411,0,8.53,4708.8
35900,119,2.000e-04,3.30749,0.24178,0.42272,0.09345,0.08353,0.10293,0.07171,0.90301,0.39621,0.50680,19.07988,16.87483,0,8.98,4719.9
36000,120,2.000e-04,4.59566,0.40996,0.57783,0.13882,0.10517,0.14749,0.08610,0.30880,0.14795,0.16085,23.81870,14.92809,0,1.16,4805.9
36100,120,2.000e-04,3.98843,0.71990,0.55705,0.10553,0.09655,0.07545,0.06268,0.32151,0.05213,0.26938,26.65482,21.25955,0,8.57,4817.5
36200,120,2.000e-04,3.68837,0.33841,0.77414,0.09463,0.07168,0.09930,0.08324,0.20749,0.07948,0.12801,15.11856,6.48251,0,8.47,4829.3
36300,121,2.000e-04,4.46580,0.67285,0.11881,0.09938,0.15125,0.12057,0.11302,0.60012,0.18023,0.41990,18.57509,17.22760,0,8.42,4841.2
36400,121,2.000e-04,4.64723,0.04908,0.71409,0.14287,0.11210,0.15490,0.11197,0.34128,0.07206,0.26921,23.60718,20.57105,0,8.53,4852.9
36500,121,2.000e-04,3.89271,0.61011,0.20233,0.11867,0.10402,0.07957,0.09108,0.56037,0.36284,0.19753,17.08228,16.07144,0,8.40,4864.8
36600,122,2.000e-04,5.45316,0.24360,0.34566,0.10941,0.22821,0.12442,0.17312,0.48955,0.16834,0.32121,17.11870,12.83778,0,8.76,4876.3
36700,122,2.000e-04,4.16186,0.53827,0.17595,0.09901,0.13503,0.08273,0.13872,0.63537,0.35638,0.27899,17.09885,14.89962,0,8.75,4887.7
36800,122,2.000e-04,3.83965,0.44255,0.36156,0.12225,0.09048,0.10455,0.07710,0.35831,0.19057,0.16774,16.12317,8.39442,0,8.57,4899.4
36900,123,2.000e-04,3.91075,0.77867,0.22524,0.09185,0.09557,0.09128,0.11525,0.82503,0.42649,0.39854,18.19608,30.20763,0,8.56,4911.0
37000,123,2.000e-04,3.78187,0.35209,0.54366,0.10613,0.07140,0.16393,0.05823,0.49469,0.17502,0.31968,17.18599,8.50899,0,8.75,4922.5
37100,123,2.000e-04,4.21365,0.66993,0.29702,0.11406,0.10356,0.11175,0.10236,0.42794,0.22893,0.19901,14.48798,7.92610,0,8.69,4934.0
37200,124,2.000e-04,5.52682,0.84644,0.39427,0.10846,0.18960,0.09443,0.16666,0.32593,0.18604,0.13989,20.63619,16.33630,0,8.53,4945.7
37300,124,2.000e-04,4.87217,0.35899,0.31040,0.09016,0.20787,0.08108,0.16343,0.70914,0.36794,0.34120,26.17734,7.86379,0,8.70,4957.2
37400,124,2.000e-04,3.17602,0.60597,0.49035,0.06873,0.06719,0.07835,0.06577,0.25730,0.09790,0.15941,19.92990,12.07964,0,8.48,4969.0
37500,125,2.000e-04,8.42319,0.42605,0.39098,0.14722,0.35183,0.14602,0.37712,0.42595,0.08578,0.34017,24.80938,5.84819,0,8.56,4980.7
37600,125,2.000e-04,5.63036,0.45357,0.84704,0.20634,0.05961,0.22381,0.11025,0.30215,0.20782,0.09434,32.43639,12.57773,0,8.59,4992.3
37700,125,2.000e-04,4.05219,0.88061,0.02599,0.10699,0.09988,0.11063,0.10476,0.77557,0.40779,0.36778,22.03242,23.87739,0,8.82,5003.7
37800,126,2.000e-04,4.71895,0.46588,0.46708,0.08882,0.14934,0.13700,0.14387,0.47234,0.17375,0.29860,28.12278,10.99903,0,9.20,5014.5
37900,126,2.000e-04,3.45686,0.24573,0.13821,0.11444,0.08895,0.09660,0.11119,0.25395,0.08952,0.16443,11.23094,10.30654,0,8.60,5026.2
38000,126,2.000e-04,3.58078,0.41123,0.11380,0.07430,0.12896,0.08710,0.11753,0.37015,0.09274,0.27741,15.19529,9.09001,0,8.64,5037.7
38100,127,2.000e-04,4.23903,0.13193,0.59391,0.08047,0.12649,0.11603,0.17270,0.38926,0.17956,0.20970,21.31665,14.29836,0,8.51,5049.5
38200,127,2.000e-04,5.08147,0.80795,0.74181,0.13885,0.10769,0.12931,0.08396,0.32231,0.17192,0.15039,19.11329,6.50299,0,8.51,5061.3
38300,127,2.000e-04,4.20521,1.02950,0.31713,0.08254,0.11872,0.08108,0.08813,0.21596,0.06845,0.14750,15.25939,13.59060,0,8.58,5072.9
38400,128,2.000e-04,4.59530,0.61200,0.73658,0.08950,0.13572,0.06778,0.13113,0.35038,0.10033,0.25005,16.02546,9.68910,0,8.76,5084.3
38500,128,2.000e-04,3.57509,0.57773,0.27214,0.10580,0.08322,0.09740,0.06961,0.36864,0.14329,0.22535,12.75527,9.53154,0,8.58,5096.0
38600,128,2.000e-04,4.26959,0.34420,0.68629,0.13708,0.07700,0.13825,0.08142,0.23360,0.07353,0.16007,10.67785,8.67558,0,8.58,5107.6
38700,129,2.000e-04,4.12178,0.41446,0.70573,0.13200,0.07516,0.10626,0.07972,0.12522,0.06042,0.06480,25.36506,4.27574,0,8.47,5119.4
38800,129,2.000e-04,4.63499,0.90897,0.48395,0.11737,0.10846,0.11837,0.07838,0.44869,0.17028,0.27841,20.38067,20.91894,0,8.56,5131.1
38900,129,2.000e-04,4.34048,0.49572,0.61407,0.15364,0.06935,0.14719,0.05297,0.31956,0.14424,0.17532,22.46831,7.46122,0,8.45,5143.0
39000,130,2.000e-04,3.36503,0.26794,0.38955,0.11049,0.06476,0.13032,0.06068,0.59205,0.23284,0.35921,15.78023,8.87895,0,1.41,5213.8
39100,130,2.000e-04,4.10405,0.24010,0.10079,0.14733,0.11370,0.13915,0.09142,0.20735,0.04900,0.15835,16.41467,10.22607,0,8.49,5225.6
39200,130,2.000e-04,3.29129,0.48281,0.43521,0.08292,0.08312,0.08386,0.05872,0.25818,0.20286,0.05532,12.48817,10.28469,0,8.96,5236.8
39300,131,2.000e-04,3.20735,0.18384,0.35925,0.09123,0.08142,0.10460,0.08295,0.47735,0.13721,0.34014,15.82881,8.96809,0,9.01,5247.9
39400,131,2.000e-04,4.41626,0.43830,0.56171,0.15066,0.08178,0.13588,0.08250,0.32870,0.14140,0.18730,19.90122,11.27446,0,9.04,5258.9
39500,131,2.000e-04,5.03914,0.31681,0.54685,0.10355,0.16905,0.09656,0.19335,0.32791,0.18092,0.14698,20.15450,11.73219,0,9.02,5270.0
39600,132,2.000e-04,4.22657,0.16403,0.67466,0.14837,0.09598,0.11213,0.07675,0.40862,0.20940,0.19922,16.67318,9.23591,0,9.28,5280.8
39700,132,2.000e-04,4.26230,0.30680,0.19454,0.18044,0.06704,0.17859,0.07866,0.51250,0.23045,0.28205,14.38171,10.64907,0,8.99,5291.9
39800,132,2.000e-04,3.93969,0.41876,0.22466,0.11300,0.11113,0.10634,0.10466,0.45134,0.18205,0.26930,12.12865,8.41012,0,8.89,5303.2
39900,133,2.000e-04,4.30874,0.88537,0.36814,0.10837,0.09707,0.12158,0.07859,0.32582,0.19784,0.12798,13.63856,12.91797,0,8.80,5314.5
40000,133,2.000e-04,3.32337,0.26348,0.33361,0.07532,0.11499,0.06599,0.09865,0.35977,0.11640,0.24338,11.87955,10.37017,0,8.93,5325.8
40100,133,2.000e-04,3.93879,0.05886,0.09349,0.09541,0.15892,0.10614,0.14250,0.51384,0.29424,0.21960,20.85246,14.23953,0,8.88,5337.0
40200,134,2.000e-04,4.74949,0.62687,0.50506,0.15319,0.09946,0.15726,0.06095,0.22926,0.12919,0.10007,19.16429,5.92464,0,8.91,5348.2
40300,134,2.000e-04,3.92758,0.51327,0.27029,0.09839,0.11330,0.08088,0.12453,0.40963,0.18026,0.22936,12.63359,5.67298,0,8.82,5359.6
40400,134,2.000e-04,4.50947,0.36491,0.77697,0.15122,0.10481,0.09336,0.06811,0.23913,0.16327,0.07586,21.31873,9.78901,0,8.98,5370.7
40500,135,2.000e-04,3.46051,0.04765,0.20979,0.10776,0.09569,0.08997,0.14376,0.63726,0.17180,0.46546,20.11419,16.58957,0,8.87,5382.0
40600,135,2.000e-04,8.23449,0.29984,0.47430,0.11755,0.36283,0.12789,0.40342,0.26469,0.09761,0.16709,24.95110,13.18918,0,8.89,5393.2
40700,135,2.000e-04,4.11716,0.46187,0.38213,0.11070,0.09223,0.15024,0.09854,0.66404,0.16045,0.50359,17.68313,7.73561,0,8.94,5404.4
40800,136,2.000e-04,3.30938,0.33391,0.29314,0.07847,0.11557,0.07850,0.06989,0.31826,0.17859,0.13967,16.62157,4.91247,0,8.93,5415.6
40900,136,2.000e-04,4.30443,0.54521,0.72847,0.11121,0.09951,0.10063,0.08408,0.21049,0.10935,0.10114,18.93433,10.43531,0,8.93,5426.8
41000,136,2.000e-04,4.14387,0.29301,0.65258,0.13731,0.09982,0.10078,0.06462,0.27810,0.03555,0.24255,21.98572,7.52727,0,8.95,5438.0
41100,137,2.000e-04,4.89042,0.66602,1.21261,0.10283,0.09955,0.08575,0.11187,0.22202,0.10528,0.11674,20.76608,10.24486,0,8.77,5449.4
41200,137,2.000e-04,4.86830,0.81830,0.23413,0.10819,0.15791,0.10318,0.12779,0.35281,0.15607,0.19674,32.24451,10.45843,0,8.88,5460.6
41300,137,2.000e-04,7.26753,0.57539,0.11823,0.08316,0.34573,0.09263,0.36436,0.73774,0.39088,0.34686,25.73007,13.51264,0,8.97,5471.8
41400,138,2.000e-04,2.51256,0.15316,0.34405,0.08165,0.04979,0.09414,0.04605,0.50216,0.32659,0.17557,14.76488,11.45100,0,9.02,5482.9
41500,138,2.000e-04,3.80039,0.20000,0.45705,0.13148,0.07197,0.10952,0.11225,0.30195,0.21152,0.09043,20.88091,6.39325,0,9.04,5493.9
41600,138,2.000e-04,4.35611,0.47598,0.16540,0.15316,0.11631,0.13653,0.06747,0.22738,0.16980,0.05758,29.09768,16.63422,0,9.00,5505.1
41700,139,2.000e-04,5.07990,0.82870,0.33883,0.10089,0.18350,0.07169,0.14200,0.41155,0.12314,0.28842,32.08946,11.88241,0,8.95,5516.2
41800,139,2.000e-04,4.47293,0.58434,0.03261,0.09763,0.14765,0.12189,0.15874,0.53240,0.22562,0.30678,24.90199,17.06864,0,8.94,5527.4
41900,139,2.000e-04,3.26151,0.56349,0.29258,0.09348,0.07265,0.08531,0.06352,0.26944,0.17470,0.09473,14.77688,15.96920,0,8.89,5538.7
42000,140,2.000e-04,3.44315,0.54707,0.33908,0.08041,0.09391,0.06263,0.10015,0.23278,0.12638,0.10641,17.14063,8.56372,0,1.66,5598.8
42100,140,2.000e-04,4.01684,0.37110,0.23621,0.08245,0.14914,0.10087,0.11787,0.39734,0.23592,0.16142,23.35866,10.13984,0,8.36,5610.8
42200,140,2.000e-04,4.73838,0.26347,0.55066,0.11023,0.13463,0.13744,0.15768,0.19779,0.12344,0.07435,26.12145,10.23190,0,8.78,5622.2
42300,141,2.000e-04,3.83835,0.30191,0.50141,0.11692,0.08533,0.12736,0.07513,0.60082,0.41070,0.19012,15.63989,14.23236,0,8.81,5633.5
42400,141,2.000e-04,3.79763,0.89270,0.07180,0.09362,0.10221,0.08783,0.08713,0.61704,0.32184,0.29520,13.16572,23.02376,0,8.88,5644.8
42500,141,2.000e-04,3.16910,0.23735,0.81105,0.08202,0.06305,0.06842,0.06559,0.29480,0.18234,0.11245,11.82613,9.81234,0,8.83,5656.1
42600,142,2.000e-04,4.75810,0.50617,0.08702,0.13448,0.15006,0.12058,0.14332,0.41287,0.11952,0.29335,17.24902,18.01239,0,8.75,5667.6
42700,142,2.000e-04,4.38789,0.25262,0.30782,0.09929,0.17045,0.09417,0.13185,0.40708,0.21368,0.19340,18.28746,7.91139,0,8.64,5679.1
42800,142,2.000e-04,4.30719,0.28733,0.47760,0.12991,0.12906,0.11110,0.07940,0.17563,0.08572,0.08990,22.82213,11.51852,0,8.89,5690.4
42900,143,2.000e-04,4.36039,0.48765,0.80056,0.12352,0.09529,0.11170,0.06510,0.24133,0.09634,0.14498,17.80667,6.45968,0,8.94,5701.6
43000,143,2.000e-04,4.76662,0.42978,0.54929,0.09240,0.17115,0.09310,0.13731,0.24635,0.15651,0.08984,28.05337,11.90100,0,8.86,5712.9
43100,143,2.000e-04,4.45927,0.17260,0.17334,0.13636,0.16089,0.09922,0.12895,0.64001,0.36141,0.27859,22.90940,15.76184,0,8.91,5724.1
43200,144,2.000e-04,3.96305,0.25675,0.94572,0.07287,0.09697,0.06344,0.14899,0.40114,0.28207,0.11907,22.35691,9.46296,0,8.84,5735.4
43300,144,2.000e-04,4.89883,0.25677,0.65783,0.12007,0.16140,0.11711,0.11680,0.62075,0.37413,0.24662,14.29603,14.01268,0,9.14,5746.3
43400,144,2.000e-04,6.06020,0.46771,0.24468,0.12298,0.24393,0.10467,0.23108,0.46604,0.21568,0.25037,23.81929,15.53013,0,8.66,5757.9
43500,145,2.000e-04,4.02368,0.72402,0.37438,0.12100,0.07402,0.10727,0.08775,0.11829,0.07090,0.04739,16.56598,4.50631,0,8.55,5769.6
43600,145,2.000e-04,4.04681,0.48535,0.68540,0.10345,0.09449,0.10952,0.06981,0.72935,0.45280,0.27655,14.52876,19.43345,0,8.60,5781.2
43700,145,2.000e-04,4.04149,0.44235,0.25943,0.11055,0.13001,0.10228,0.08455,0.39328,0.23671,0.15657,21.76872,7.42079,0,8.55,5792.9
43800,146,2.000e-04,3.87311,0.62360,0.35215,0.08906,0.11438,0.07530,0.09729,0.40680,0.17949,0.22731,15.12694,14.52558,0,8.51,5804.7
43900,146,2.000e-04,4.70654,0.11639,0.42466,0.15513,0.13395,0.15789,0.09706,0.37410,0.21158,0.16252,32.15998,9.47948,0,8.49,5816.4
44000,146,2.000e-04,4.03346,0.11699,0.61684,0.13725,0.09286,0.12944,0.07027,0.53778,0.35840,0.17938,23.63540,14.42401,0,8.83,5827.8
44100,147,2.000e-04,4.83985,0.15110,1.19413,0.15331,0.09975,0.12630,0.06651,0.46157,0.19000,0.27157,20.90570,17.51299,0,8.78,5839.2
44200,147,2.000e-04,3.61833,0.61400,0.39380,0.10255,0.07347,0.10542,0.06464,0.57224,0.24395,0.32829,18.54763,8.41028,0,8.51,5850.9
44300,147,2.000e-04,5.22270,0.48010,0.71175,0.09578,0.17873,0.09854,0.15861,0.38690,0.18210,0.20481,21.47632,6.92247,0,8.65,5862.5
44400,148,2.000e-04,3.10740,0.35630,0.51220,0.06046,0.08455,0.07702,0.08073,0.25221,0.20184,0.05037,17.55703,9.74119,0,8.76,5873.9
44500,148,2.000e-04,6.83451,0.90966,0.29704,0.09150,0.29039,0.07785,0.28393,0.25043,0.08287,0.16757,25.36599,5.82669,0,9.06,5884.9
44600,148,2.000e-04,2.94165,0.18138,0.25943,0.09755,0.07355,0.09153,0.06644,0.62185,0.33204,0.28981,13.74408,7.15234,0,9.06,5896.0
44700,149,2.000e-04,3.44208,0.11197,0.28570,0.12069,0.09251,0.09896,0.08351,0.47802,0.26803,0.21000,15.74862,14.71945,0,9.17,5906.9
44800,149,2.000e-04,5.62152,0.75966,0.56079,0.11894,0.15009,0.11987,0.20227,0.33865,0.26721,0.07145,28.98488,11.86126,0,8.99,5918.0
44900,149,2.000e-04,5.33287,0.77923,0.36099,0.11021,0.18044,0.12166,0.13557,0.55217,0.27995,0.27222,28.11530,9.26918,0,8.97,5929.1
45000,150,2.000e-04,3.23807,0.35142,0.70223,0.06075,0.09862,0.05976,0.05837,0.18039,0.06625,0.11413,25.68076,6.93755,0,1.66,5989.4
45100,150,2.000e-04,4.29471,0.57847,0.43718,0.09707,0.10740,0.10310,0.14376,0.19759,0.06825,0.12934,20.58801,15.60196,0,8.50,6001.1
45200,150,2.000e-04,4.47466,0.38624,0.08012,0.15756,0.09892,0.16864,0.12007,0.60993,0.34806,0.26187,23.27015,10.14799,0,9.09,6012.1
45300,151,2.000e-04,3.96970,0.37994,0.24680,0.13355,0.09219,0.11505,0.10207,0.47426,0.20171,0.27255,20.19776,6.18517,0,8.86,6023.4
45400,151,2.000e-04,4.38620,0.39914,0.58526,0.08689,0.09616,0.20858,0.10570,0.28999,0.05871,0.23128,18.40972,7.20512,0,9.05,6034.4
45500,151,2.000e-04,3.40454,0.41249,0.25313,0.09679,0.08863,0.10964,0.06730,0.22966,0.11419,0.11547,19.67019,12.70045,0,8.74,6045.9
45600,152,2.000e-04,3.57423,0.76464,0.29235,0.09263,0.08994,0.08774,0.05058,0.29598,0.16522,0.13076,21.06380,9.88339,0,8.80,6057.2
45700,152,2.000e-04,4.80945,0.47225,0.45867,0.12472,0.16102,0.09697,0.10724,0.22140,0.13649,0.08491,26.82170,8.07722,0,8.69,6068.8
45800,152,2.000e-04,4.12473,0.32302,0.42793,0.06751,0.14320,0.06716,0.18618,0.30964,0.14633,0.16330,26.49298,7.49780,0,8.72,6080.2
45900,153,2.000e-04,5.28382,0.35120,0.54182,0.07818,0.21717,0.14247,0.14499,0.24627,0.16196,0.08431,23.53806,11.85972,0,8.89,6091.5
46000,153,2.000e-04,4.47019,0.36050,0.54191,0.08075,0.15428,0.10835,0.13515,0.42033,0.27341,0.14692,15.94895,8.11117,0,8.99,6102.6
46100,153,2.000e-04,4.90201,0.64294,1.18185,0.10900,0.11237,0.08704,0.08567,0.28904,0.18652,0.10252,25.20982,12.66424,0,9.01,6113.7
46200,154,2.000e-04,4.15741,0.46848,0.15993,0.12241,0.11643,0.10270,0.12542,0.32266,0.18702,0.13563,20.83672,16.84479,0,9.22,6124.5
46300,154,2.000e-04,3.48317,0.22728,0.45543,0.09517,0.09053,0.11652,0.07217,0.36010,0.20778,0.15232,14.63363,18.94968,0,8.85,6135.8
46400,154,2.000e-04,4.01406,0.38656,0.30334,0.12263,0.12172,0.10297,0.07315,0.26013,0.10949,0.15064,16.08487,15.43657,0,8.79,6147.2
46500,155,2.000e-04,4.11582,0.33773,0.32053,0.11061,0.12525,0.09769,0.12211,0.31603,0.17001,0.14602,13.22372,8.30825,0,8.72,6158.7
46600,155,2.000e-04,5.00937,0.47131,0.58070,0.13303,0.14921,0.11752,0.10948,0.26381,0.18973,0.07408,22.72761,7.91234,0,8.63,6170.3
46700,155,2.000e-04,3.44849,0.41722,0.53330,0.12337,0.05283,0.10095,0.04624,0.41795,0.26451,0.15345,15.24660,7.45056,0,8.60,6181.9
46800,156,2.000e-04,3.70646,0.23317,0.57660,0.10526,0.09614,0.09064,0.08590,0.54375,0.32979,0.21396,20.79880,9.59498,0,8.69,6193.4
46900,156,2.000e-04,3.91856,0.72345,0.32077,0.11286,0.09074,0.09513,0.07253,0.42416,0.33525,0.08891,20.08003,9.43576,0,8.70,6204.9
47000,156,2.000e-04,6.13127,0.41800,0.54620,0.09784,0.28001,0.09472,0.18300,0.26038,0.10756,0.15282,27.98381,6.20667,0,8.57,6216.5
47100,157,2.000e-04,3.59013,0.58849,0.29763,0.09410,0.08912,0.10499,0.06936,0.47294,0.29400,0.17894,20.15032,6.66697,0,8.52,6228.3
47200,157,2.000e-04,4.92811,0.59825,0.19557,0.09565,0.14397,0.25270,0.09491,0.38835,0.31253,0.07582,20.01877,22.64451,0,8.54,6240.0
47300,157,2.000e-04,3.60887,0.40484,0.24693,0.08186,0.11277,0.09323,0.10892,0.44551,0.33686,0.10865,14.53209,7.26276,0,8.65,6251.6
47400,158,2.000e-04,3.60498,0.80905,0.28334,0.12633,0.06344,0.08207,0.04091,0.39704,0.22501,0.17203,20.85718,11.10504,0,8.75,6263.0
47500,158,2.000e-04,2.38556,0.19507,0.13267,0.06945,0.07891,0.05387,0.06098,0.36548,0.16919,0.19629,13.55262,8.66296,0,8.90,6274.2
47600,158,2.000e-04,4.13913,0.45804,0.43173,0.10518,0.11333,0.13130,0.08156,0.31866,0.28629,0.03236,25.46095,7.92046,0,8.64,6285.8
47700,159,2.000e-04,3.81568,0.19111,0.39879,0.09970,0.10771,0.08360,0.14674,0.40352,0.11035,0.29317,24.52291,12.15321,0,8.68,6297.3
47800,159,2.000e-04,4.53438,0.45042,0.67012,0.14036,0.10282,0.11653,0.07988,0.29518,0.16126,0.13393,21.63498,10.65188,0,8.49,6309.1
47900,159,2.000e-04,4.25807,0.37403,0.94098,0.11996,0.08676,0.09589,0.07929,0.30321,0.24262,0.06059,17.94511,12.06558,0,8.72,6320.6
48000,160,2.000e-04,4.05789,0.68403,0.89182,0.10603,0.05421,0.11291,0.06301,0.20602,0.06364,0.14238,15.35761,10.98926,0,1.61,6382.5
48100,160,2.000e-04,4.28949,0.28588,0.76133,0.14049,0.08443,0.12215,0.07647,0.66357,0.26100,0.40257,18.33259,13.31364,0,7.79,6395.4
48200,160,2.000e-04,3.93427,0.34623,0.39109,0.09402,0.12976,0.05159,0.14024,0.30797,0.20883,0.09914,26.50731,10.82765,0,8.85,6406.7
48300,161,2.000e-04,3.40066,0.45068,0.22950,0.06137,0.13048,0.05340,0.10700,0.53393,0.25178,0.28215,15.86283,11.29597,0,9.32,6417.4
48400,161,2.000e-04,4.35568,0.54618,0.43444,0.08709,0.14639,0.07117,0.13688,0.49803,0.40210,0.09593,18.13343,11.13961,0,8.56,6429.1
48500,161,2.000e-04,3.04885,0.47117,0.38931,0.08153,0.06666,0.08789,0.05341,0.34580,0.16927,0.17653,13.40805,7.97578,0,9.69,6439.4
48600,162,2.000e-04,4.65189,0.61034,0.44401,0.15645,0.09125,0.14536,0.07874,0.18873,0.04604,0.14270,30.34920,7.27805,0,8.60,6451.0
48700,162,2.000e-04,5.41115,0.94874,0.44419,0.15872,0.11145,0.14767,0.11563,0.50268,0.23640,0.26628,27.71679,11.07043,0,8.63,6462.6
48800,162,2.000e-04,3.42380,0.76404,0.64906,0.07323,0.06050,0.08379,0.05089,0.22472,0.14245,0.08227,13.50731,4.93546,0,8.33,6474.6
48900,163,2.000e-04,3.79740,0.86221,0.38404,0.10984,0.06300,0.08198,0.08259,0.28869,0.13158,0.15711,16.44822,11.59079,0,8.38,6486.6
49000,163,2.000e-04,3.89506,0.57009,0.43591,0.10465,0.09543,0.10778,0.06988,0.60570,0.19768,0.40801,14.61266,12.76759,0,8.64,6498.1
49100,163,2.000e-04,4.23795,0.34914,0.03100,0.07926,0.18912,0.07101,0.16380,0.81596,0.38787,0.42809,14.86881,15.15801,0,8.68,6509.7
49200,164,2.000e-04,4.20700,0.30819,0.62887,0.08721,0.14952,0.10570,0.07481,0.48705,0.35402,0.13303,19.00395,9.01344,0,8.59,6521.3
49300,164,2.000e-04,5.01314,0.47196,0.50723,0.10854,0.16891,0.08452,0.16737,0.70653,0.38219,0.32434,13.54476,14.08057,0,8.77,6532.7
49400,164,2.000e-04,9.68270,0.57398,0.64819,0.07831,0.49468,0.09337,0.45275,0.23662,0.13371,0.10291,27.07370,11.92314,0,8.63,6544.3
49500,165,2.000e-04,2.83658,0.41511,0.41954,0.06288,0.06130,0.06917,0.08286,0.49402,0.14996,0.34406,16.06090,5.40920,0,8.54,6556.0
49600,165,2.000e-04,4.77047,0.61517,0.44896,0.08672,0.15031,0.15843,0.10877,0.10061,0.06650,0.03411,23.01747,5.52393,0,8.69,6567.5
49700,165,2.000e-04,4.44052,0.36734,0.32194,0.11016,0.15588,0.09738,0.12080,0.47739,0.34790,0.12949,19.62011,10.28513,0,9.02,6578.6
49800,166,2.000e-04,4.23787,0.41743,0.42166,0.09364,0.12811,0.10015,0.13612,0.39730,0.27967,0.11763,20.36202,19.75164,0,8.78,6590.0
49900,166,2.000e-04,3.82519,0.87500,0.34212,0.09656,0.08699,0.09412,0.06041,0.52494,0.34321,0.18172,12.15746,13.93028,0,8.59,6601.6
50000,166,2.000e-04,4.64393,0.13752,0.14279,0.10057,0.17736,0.16486,0.15201,0.74964,0.40120,0.34844,23.89841,18.23726,0,8.52,6613.4
50100,167,2.000e-04,3.19344,0.54585,0.01757,0.07623,0.11810,0.06386,0.07350,0.49194,0.24784,0.24410,20.57996,6.12756,0,8.55,6625.1
50200,167,2.000e-04,3.99115,0.69321,0.44823,0.10138,0.07368,0.09138,0.12843,0.76645,0.25856,0.50789,18.83565,16.11102,0,8.34,6637.1
50300,167,2.000e-04,3.30831,0.31421,0.19463,0.10901,0.09869,0.07964,0.06484,0.50622,0.32521,0.18101,16.74330,15.42991,0,8.56,6648.7
50400,168,2.000e-04,4.39605,0.37924,0.30007,0.07241,0.12279,0.25445,0.09849,0.46925,0.22631,0.24294,15.69258,9.51056,0,8.53,6660.5
50500,168,2.000e-04,4.07703,0.22845,0.21708,0.11082,0.13623,0.11040,0.12181,0.63997,0.27466,0.36531,13.04658,6.98422,0,9.24,6671.3
50600,168,2.000e-04,4.49267,0.61827,0.56278,0.13665,0.09087,0.12533,0.08196,0.25950,0.05820,0.20130,14.31374,9.46761,0,8.52,6683.0
50700,169,2.000e-04,3.39540,0.18285,0.94365,0.08477,0.06976,0.08192,0.06280,0.54051,0.42341,0.11710,11.93331,22.70205,0,8.64,6694.6
50800,169,2.000e-04,3.24179,0.18084,0.28579,0.07879,0.11017,0.09198,0.08513,0.41259,0.18627,0.22632,21.83828,10.05122,0,8.54,6706.3
50900,169,2.000e-04,3.17131,0.49072,0.24244,0.08798,0.08417,0.07697,0.06636,0.47786,0.17176,0.30610,11.36561,8.63604,0,8.24,6718.4
51000,170,2.000e-04,3.58270,0.45357,0.41583,0.08277,0.07871,0.07729,0.14241,0.34928,0.19180,0.15748,15.41940,6.01258,0,1.62,6780.1
51100,170,2.000e-04,2.57929,0.41450,0.13095,0.06370,0.08113,0.06390,0.05320,0.16871,0.07932,0.08938,20.28232,9.15186,0,8.21,6792.3
51200,170,2.000e-04,4.24548,0.32569,0.30661,0.09174,0.15038,0.08414,0.15427,0.37110,0.16402,0.20708,22.78186,8.10878,0,9.03,6803.3
51300,171,2.000e-04,3.80891,0.51974,0.31392,0.12163,0.09248,0.08383,0.08299,0.56208,0.09705,0.46503,15.76261,12.61188,0,8.62,6814.9
51400,171,2.000e-04,12.21495,0.20120,0.50697,0.07910,0.67307,0.08577,0.71124,0.37129,0.29160,0.07970,23.50311,10.45984,0,8.45,6826.8
51500,171,2.000e-04,3.72248,0.99026,0.14601,0.08404,0.10775,0.06614,0.06752,0.44684,0.34460,0.10225,27.15554,13.75531,0,8.51,6838.5
51600,172,2.000e-04,3.81244,0.69067,0.13000,0.10756,0.09903,0.06297,0.12219,0.48826,0.22477,0.26348,14.59233,13.00689,0,8.41,6850.4
51700,172,2.000e-04,3.53382,0.37277,0.25232,0.09670,0.09273,0.09253,0.11035,0.25965,0.15005,0.10960,17.80833,14.79559,0,8.65,6862.0
51800,172,2.000e-04,4.77198,0.46352,0.68739,0.09138,0.11930,0.08926,0.21360,0.34982,0.23762,0.11220,23.00328,3.83761,0,8.59,6873.6
51900,173,2.000e-04,4.06251,0.40545,0.35105,0.11782,0.10892,0.11745,0.09027,0.58900,0.43322,0.15578,17.41524,7.22115,0,8.41,6885.5
52000,173,2.000e-04,3.64849,0.25598,0.12889,0.09605,0.12229,0.12054,0.09550,0.24762,0.12160,0.12602,15.98280,4.98657,0,8.37,6897.5
52100,173,2.000e-04,3.69004,0.57301,0.06643,0.09018,0.12083,0.09492,0.09318,0.73493,0.41715,0.31778,12.65639,20.40084,0,8.26,6909.6
52200,174,2.000e-04,3.07256,0.19267,0.12670,0.10512,0.09112,0.09720,0.06098,0.57155,0.10947,0.46209,15.73703,6.64486,0,8.66,6921.1
52300,174,2.000e-04,3.92212,0.24127,0.30928,0.12142,0.12350,0.10224,0.08224,0.62763,0.23916,0.38847,17.37012,17.49150,0,8.39,6933.0
52400,174,2.000e-04,4.34251,0.38177,0.65532,0.14453,0.09158,0.12145,0.06740,0.25404,0.18861,0.06543,24.60519,10.23604,0,8.49,6944.8
52500,175,2.000e-04,3.61963,0.18710,0.73907,0.08311,0.09437,0.09675,0.08698,0.48491,0.28901,0.19590,12.71041,15.41463,0,8.43,6956.7
52600,175,2.000e-04,3.87502,0.50200,0.71692,0.08935,0.06175,0.11266,0.11636,0.29329,0.09139,0.20190,21.28531,13.14345,0,8.30,6968.7
52700,175,2.000e-04,3.84320,0.79337,0.06811,0.11069,0.09850,0.09195,0.08601,0.78705,0.39491,0.39214,24.73657,20.89897,0,8.43,6980.6
52800,176,2.000e-04,4.31109,0.66276,0.02879,0.10627,0.12917,0.12267,0.13035,0.74818,0.31568,0.43250,17.99391,12.45416,0,8.51,6992.3
52900,176,2.000e-04,4.39396,0.47138,0.26553,0.07715,0.12636,0.08180,0.24258,0.37121,0.18714,0.18407,18.28862,9.56706,0,8.83,7003.7
53000,176,2.000e-04,3.35909,0.66077,0.13762,0.09448,0.07192,0.10742,0.07193,0.44288,0.20150,0.24138,17.51273,19.09668,0,8.38,7015.6
53100,177,2.000e-04,4.58733,0.11429,1.23612,0.10301,0.09582,0.09622,0.15351,0.36650,0.13424,0.23226,34.50584,7.93897,0,8.87,7026.9
53200,177,2.000e-04,3.36119,0.73608,0.18644,0.07848,0.09012,0.08118,0.06937,0.21582,0.07951,0.13631,20.85153,7.88752,0,8.64,7038.4
53300,177,2.000e-04,3.13527,0.45689,0.69237,0.09808,0.03868,0.08676,0.03692,0.22463,0.15417,0.07046,11.29545,9.58011,0,8.63,7050.0
53400,178,2.000e-04,4.02416,0.12763,0.33410,0.10077,0.14182,0.12186,0.10545,0.63084,0.36547,0.26537,20.90612,11.82526,0,8.66,7061.6
53500,178,2.000e-04,3.64588,0.66316,0.30865,0.09650,0.07930,0.11452,0.06871,0.10773,0.05270,0.05503,21.55890,6.66320,0,8.50,7073.3
53600,178,2.000e-04,3.67374,0.29352,0.29210,0.12461,0.08886,0.08419,0.10651,0.49756,0.23347,0.26409,24.99460,11.67785,0,8.54,7085.0
53700,179,2.000e-04,3.72437,0.49562,0.17987,0.09987,0.10505,0.11432,0.08560,0.55803,0.34523,0.21281,19.02409,11.16821,0,8.47,7096.8
53800,179,2.000e-04,3.26233,0.48421,0.67907,0.05636,0.07774,0.06334,0.08828,0.43102,0.26974,0.16128,13.11112,9.68723,0,8.46,7108.7
53900,179,2.000e-04,3.12197,0.71714,0.28747,0.06675,0.06977,0.07271,0.07772,0.20985,0.12838,0.08147,11.18677,13.10736,0,8.37,7120.6
54000,180,2.000e-04,4.23474,0.64598,0.16606,0.09365,0.14132,0.11347,0.10113,0.49307,0.21778,0.27528,21.03281,14.66298,0,1.59,7183.3
54100,180,2.000e-04,2.61134,0.14932,0.13910,0.06741,0.08677,0.08354,0.07270,0.65542,0.29957,0.35585,16.56728,9.47448,0,9.03,7194.4
54200,180,2.000e-04,4.13036,0.84123,0.61112,0.08384,0.08294,0.12392,0.07811,0.15634,0.09669,0.05964,30.65889,6.08634,0,9.37,7205.1
54300,181,2.000e-04,3.92674,0.38954,0.83691,0.07164,0.11239,0.07374,0.09826,0.41617,0.25377,0.16240,18.87504,9.04625,0,10.78,7214.3
54400,181,2.000e-04,3.35757,0.58287,0.41560,0.06795,0.08696,0.07569,0.08631,0.66520,0.44269,0.22250,10.11467,10.00605,0,10.08,7224.3
54500,181,2.000e-04,3.67875,0.54183,0.04480,0.08387,0.11350,0.11274,0.11095,0.57281,0.29382,0.27899,18.01783,13.46486,0,9.50,7234.8
54600,182,2.000e-04,3.52731,0.53459,1.06839,0.07229,0.05994,0.06947,0.05092,0.30621,0.19227,0.11394,25.34961,13.43643,0,9.98,7244.8
54700,182,2.000e-04,4.03825,0.11268,0.56938,0.10627,0.12989,0.09339,0.10553,0.30218,0.12547,0.17671,22.57198,13.02033,0,8.62,7256.4
54800,182,2.000e-04,5.81719,0.25561,0.87458,0.11044,0.21120,0.10192,0.19221,0.34806,0.13821,0.20985,23.77680,11.16554,0,8.67,7267.9
54900,183,2.000e-04,3.80742,0.87758,0.38709,0.06924,0.09671,0.09357,0.08309,0.53809,0.45904,0.07905,17.95667,18.32753,0,8.67,7279.5
55000,183,2.000e-04,4.63985,0.52632,0.16052,0.09100,0.18214,0.08348,0.16084,0.49034,0.20940,0.28094,29.92459,14.20487,0,9.16,7290.4
55100,183,2.000e-04,2.37852,0.47851,0.07261,0.05159,0.06704,0.05715,0.07106,0.59820,0.35283,0.24537,15.62646,18.78695,0,10.81,7299.6
55200,184,2.000e-04,4.45739,0.35931,0.74360,0.10593,0.12044,0.11526,0.10288,0.49563,0.25589,0.23974,17.73295,9.70512,0,9.19,7310.5
55300,184,2.000e-04,3.98242,0.32204,0.53948,0.08431,0.09655,0.12745,0.13501,0.22476,0.07547,0.14929,15.22817,3.40894,0,8.54,7322.2
55400,184,2.000e-04,3.54801,0.64492,0.18715,0.09182,0.08988,0.08920,0.09058,0.43582,0.13423,0.30159,16.59486,14.92725,0,8.41,7334.1
55500,185,2.000e-04,2.83811,0.24578,0.50376,0.09861,0.05061,0.08028,0.03899,0.28213,0.18910,0.09303,12.87263,6.33350,0,9.26,7344.9
55600,185,2.000e-04,3.02148,0.15205,0.38348,0.10058,0.07013,0.08858,0.06720,0.38156,0.07974,0.30181,13.55865,15.71157,0,8.29,7357.0
55700,185,2.000e-04,4.20357,0.40234,0.28509,0.12175,0.11402,0.08387,0.14781,0.60225,0.26079,0.34147,23.81479,13.76010,0,8.70,7368.5
55800,186,2.000e-04,4.29382,0.80169,0.31684,0.11513,0.10618,0.09606,0.09639,0.16087,0.09790,0.06297,23.62119,6.09141,0,9.44,7379.1
55900,186,2.000e-04,3.84559,0.13576,0.49925,0.11863,0.08684,0.14933,0.08185,0.27525,0.13347,0.14178,17.24147,11.06808,0,8.82,7390.4
56000,186,2.000e-04,4.10433,0.24131,1.02534,0.13214,0.06762,0.09995,0.06807,0.37752,0.25840,0.11912,22.34296,10.20781,0,9.45,7401.0
56100,187,2.000e-04,3.41898,0.52736,0.10716,0.09989,0.09739,0.07713,0.08521,0.52519,0.31751,0.20768,14.86917,21.53779,0,9.44,7411.6
56200,187,2.000e-04,3.59691,0.24259,0.55402,0.10563,0.08354,0.09148,0.09024,0.41066,0.17554,0.23511,15.61983,12.03562,0,9.55,7422.1
56300,187,2.000e-04,3.80918,0.14864,0.01480,0.07209,0.18858,0.06359,0.14421,0.65393,0.33975,0.31418,24.79851,12.39337,0,9.38,7432.7
56400,188,2.000e-04,4.94751,0.59098,0.39169,0.13551,0.15345,0.13060,0.08444,0.39233,0.25184,0.14050,24.37084,17.76647,0,9.05,7443.8
56500,188,2.000e-04,3.91943,0.29506,0.57427,0.11394,0.09436,0.08757,0.10584,0.36820,0.18377,0.18443,30.98708,7.86774,0,9.04,7454.9
56600,188,2.000e-04,4.55447,0.84539,0.05328,0.12745,0.12907,0.10997,0.10816,0.58310,0.07026,0.51284,17.56450,17.90060,0,8.74,7466.3
56700,189,2.000e-04,3.20867,0.49460,0.23894,0.06776,0.11068,0.05338,0.08476,0.46553,0.18122,0.28431,19.96614,6.24884,0,8.88,7477.6
56800,189,2.000e-04,4.47603,0.27098,0.29691,0.12758,0.12381,0.12566,0.15318,0.30247,0.20491,0.09756,23.62072,6.39199,0,8.73,7489.0
56900,189,2.000e-04,3.72206,0.31587,0.78462,0.09431,0.09088,0.08420,0.06974,0.54199,0.29770,0.24429,23.65939,14.64877,0,8.63,7500.6
57000,190,2.000e-04,3.06931,0.66607,0.49238,0.09122,0.05952,0.04986,0.03083,0.18445,0.14598,0.03847,18.56122,7.58329,0,1.62,7562.3
57100,190,2.000e-04,4.00398,0.68023,0.26938,0.08363,0.12772,0.07585,0.11232,0.53617,0.25190,0.28427,15.92694,18.65879,0,8.75,7573.7
57200,190,2.000e-04,2.92608,0.41363,0.08383,0.08079,0.08073,0.08089,0.08179,0.59673,0.31540,0.28133,17.54276,22.81732,0,8.58,7585.4
57300,191,2.000e-04,4.05378,0.62808,0.99047,0.07409,0.08989,0.08884,0.07025,0.50360,0.32745,0.17615,15.53192,17.00026,0,8.88,7596.6
57400,191,2.000e-04,3.72789,0.23792,0.44132,0.11889,0.08234,0.11312,0.09415,0.41954,0.20050,0.21904,21.53301,7.51087,0,9.01,7607.7
57500,191,2.000e-04,3.58389,0.72888,0.48207,0.09624,0.07464,0.08084,0.05197,0.22363,0.14570,0.07794,17.79756,5.16997,0,9.15,7618.7
57600,192,2.000e-04,5.09132,0.57588,0.08416,0.17491,0.14697,0.10952,0.13297,0.46152,0.27648,0.18504,24.93361,8.26303,0,8.59,7630.3
57700,192,2.000e-04,3.23621,0.11321,0.63940,0.08955,0.07819,0.08776,0.07346,0.67515,0.23474,0.44041,18.09320,17.15791,0,8.51,7642.0
57800,192,2.000e-04,3.62692,0.28311,0.24996,0.08199,0.11406,0.09792,0.12874,0.20243,0.11371,0.08872,23.12594,6.00595,0,8.56,7653.7
57900,193,2.000e-04,3.48737,0.32186,0.54971,0.08885,0.09182,0.08500,0.07683,0.33903,0.11527,0.22376,13.53242,7.54313,0,8.67,7665.2
58000,193,2.000e-04,3.73532,0.18100,1.17300,0.10171,0.05659,0.11014,0.04954,0.61697,0.47505,0.14193,20.68681,20.86656,0,8.77,7676.6
58100,193,2.000e-04,3.26159,0.19881,0.41242,0.09337,0.08471,0.08915,0.08476,0.59102,0.26687,0.32415,17.59675,14.88102,0,8.87,7687.9
58200,194,2.000e-04,5.85105,1.07518,0.20386,0.15851,0.15738,0.13597,0.14663,0.28529,0.05972,0.22556,17.78497,11.77625,0,8.64,7699.5
58300,194,2.000e-04,5.42591,0.40409,0.02128,0.08282,0.23491,0.08294,0.28170,0.52218,0.19490,0.32728,22.17255,15.17309,0,8.82,7710.8
58400,194,2.000e-04,2.91642,0.11508,0.23295,0.09074,0.08917,0.06552,0.08833,0.60032,0.33869,0.26163,14.81223,18.13876,0,9.14,7721.8
58500,195,2.000e-04,2.95892,0.35312,0.45049,0.09632,0.05784,0.08139,0.04135,0.19371,0.05207,0.14164,20.18269,3.94054,0,10.58,7731.2
58600,195,2.000e-04,3.42884,0.13484,0.69814,0.10801,0.08079,0.07962,0.06196,0.54855,0.34078,0.20777,23.43553,18.44034,0,9.67,7741.6
58700,195,2.000e-04,4.72759,0.28486,0.74933,0.14659,0.11046,0.11656,0.10801,0.25105,0.10480,0.14626,18.52376,12.72021,0,8.95,7752.7
58800,196,2.000e-04,3.26878,0.15156,0.14129,0.08278,0.10525,0.10893,0.11019,0.66808,0.24738,0.42070,18.91477,8.72326,0,9.27,7763.5
58900,196,2.000e-04,5.42052,0.56962,0.79973,0.10352,0.14213,0.08191,0.23704,0.43495,0.26773,0.16722,35.10593,7.46352,0,8.63,7775.1
59000,196,2.000e-04,4.26563,0.73085,0.09313,0.08477,0.13496,0.07871,0.17017,0.65261,0.27552,0.37710,18.27108,18.72616,0,8.40,7787.0
59100,197,2.000e-04,3.55599,0.32811,0.41949,0.10795,0.09677,0.08047,0.07178,0.47386,0.23486,0.23900,12.37504,7.04862,0,8.79,7798.4
59200,197,2.000e-04,3.78863,0.60517,0.38023,0.11615,0.07959,0.08731,0.08185,0.40884,0.12908,0.27977,19.72338,14.03277,0,8.35,7810.4
59300,197,2.000e-04,3.15895,0.40776,0.29063,0.06070,0.09742,0.07322,0.10264,0.80719,0.53788,0.26931,14.45769,12.37082,0,8.57,7822.0
59400,198,2.000e-04,3.60377,0.37879,0.11174,0.06944,0.13907,0.07224,0.13340,0.37867,0.10068,0.27799,14.57316,8.67816,0,8.47,7833.9
59500,198,2.000e-04,4.05543,0.19304,0.40880,0.11009,0.11622,0.14175,0.09635,0.47527,0.23216,0.24311,22.69762,12.23653,0,8.50,7845.6
59600,198,2.000e-04,3.05762,0.40792,0.26706,0.09982,0.06106,0.09435,0.06042,0.26869,0.08845,0.18023,9.68967,8.47809,0,8.35,7857.6
59700,199,2.000e-04,3.25904,0.56767,0.30174,0.07627,0.09393,0.04518,0.09233,0.30177,0.12708,0.17469,21.24052,7.29110,0,8.55,7869.3
59800,199,2.000e-04,3.34150,0.67695,0.29768,0.08192,0.06551,0.10309,0.07542,0.44906,0.15908,0.28998,15.72084,15.90714,0,9.33,7880.0
59900,199,2.000e-04,3.36492,0.47318,0.39865,0.08053,0.09230,0.08629,0.06667,0.56048,0.31053,0.24995,15.32904,7.07881,0,10.02,7890.0
60000,200,2.000e-04,3.26819,0.68723,0.13784,0.08506,0.09417,0.08201,0.04814,0.34288,0.15486,0.18802,13.96751,12.43302,0,1.65,7950.6
60100,200,2.000e-04,4.02908,0.74968,0.69045,0.10805,0.06627,0.09047,0.07867,0.28219,0.11788,0.16431,11.21234,6.10868,0,8.46,7962.4
60200,200,2.000e-04,3.51952,0.52590,0.28969,0.06204,0.12751,0.06283,0.09886,0.30025,0.13192,0.16833,19.53743,9.28853,0,8.75,7973.8
60300,201,2.000e-04,4.03461,0.33710,0.24629,0.08768,0.14861,0.08362,0.13407,0.25452,0.10714,0.14738,18.73239,6.55015,0,8.74,7985.3
60400,201,2.000e-04,3.26608,0.29437,0.63395,0.07998,0.07591,0.07637,0.07940,0.46687,0.29703,0.16984,13.40706,10.73520,0,8.66,7996.8
60500,201,2.000e-04,3.30629,0.48981,0.40507,0.10140,0.07418,0.06448,0.06665,0.53176,0.23500,0.29677,20.84816,6.64267,0,8.54,8008.5
60600,202,2.000e-04,4.41959,0.78407,0.61141,0.09288,0.10809,0.09623,0.10665,0.27882,0.07857,0.20025,16.66051,11.70861,0,8.56,8020.2
60700,202,2.000e-04,3.18316,0.44495,0.56242,0.08243,0.05393,0.10206,0.06039,0.20155,0.09116,0.11038,10.46848,4.54223,0,8.41,8032.1
60800,202,2.000e-04,2.99700,0.18789,0.30865,0.09252,0.08220,0.09053,0.06011,0.26783,0.14375,0.12409,14.79117,12.99084,0,8.54,8043.8
60900,203,2.000e-04,5.15293,0.84344,0.44507,0.09612,0.16376,0.06817,0.18495,0.27092,0.11353,0.15740,32.88477,8.17112,0,10.33,8053.5
61000,203,2.000e-04,3.92298,0.23884,0.13852,0.13416,0.10892,0.13350,0.08947,0.25227,0.08615,0.16612,11.12961,8.83016,0,9.41,8064.1
61100,203,2.000e-04,3.69834,0.56167,0.27935,0.06299,0.11789,0.08764,0.12206,0.54561,0.15738,0.38823,18.91044,15.36600,0,8.38,8076.0
61200,204,2.000e-04,3.52998,0.53044,0.54179,0.10345,0.07164,0.07172,0.06964,0.13006,0.05536,0.07470,20.35289,6.36977,0,8.55,8087.7
61300,204,2.000e-04,2.84939,0.29390,0.62832,0.06448,0.07066,0.05927,0.05589,0.36711,0.17290,0.19421,9.91227,8.92681,0,8.55,8099.4
61400,204,2.000e-04,3.13181,0.24279,0.70013,0.06295,0.08504,0.06295,0.07886,0.27463,0.13530,0.13932,17.89181,11.80881,0,8.75,8110.9
61500,205,2.000e-04,3.59532,0.34908,0.23506,0.10600,0.09202,0.10257,0.10364,0.29150,0.11691,0.17459,15.83665,5.80907,0,8.90,8122.1
61600,205,2.000e-04,3.19534,0.71578,0.19584,0.07438,0.08447,0.06816,0.07090,0.61305,0.27110,0.34195,13.79699,9.36775,0,8.61,8133.7
61700,205,2.000e-04,3.91763,0.42077,0.17185,0.08666,0.14801,0.06734,0.12832,0.32223,0.12533,0.19690,18.24142,9.46065,0,8.72,8145.2
61800,206,2.000e-04,3.13307,0.40284,0.31612,0.07620,0.09435,0.07475,0.06696,0.27970,0.15976,0.11994,16.76404,8.28117,0,8.67,8156.7
61900,206,2.000e-04,3.27378,0.48058,0.29518,0.09156,0.08617,0.09095,0.05318,0.23661,0.16921,0.06740,20.93098,10.55129,0,8.84,8168.0
62000,206,2.000e-04,2.88136,0.52854,0.38639,0.07881,0.05376,0.07249,0.05565,0.20279,0.10988,0.09291,11.77137,11.25531,0,8.53,8179.8
62100,207,2.000e-04,3.98777,0.51871,0.42292,0.08897,0.12445,0.09639,0.08601,0.49529,0.25890,0.23638,21.06350,4.36087,0,8.72,8191.2
62200,207,2.000e-04,4.09853,0.22605,0.94080,0.12912,0.07342,0.12017,0.06108,0.42964,0.27069,0.15895,27.71121,16.71349,0,8.70,8202.7
62300,207,2.000e-04,3.10887,0.15704,0.50613,0.04954,0.08409,0.06024,0.16166,0.56707,0.24647,0.32061,16.47971,7.69205,0,9.10,8213.7
62400,208,2.000e-04,4.05721,0.16853,0.55892,0.05998,0.14996,0.06279,0.18329,0.67640,0.40851,0.26789,22.41858,7.22624,0,9.68,8224.0
62500,208,2.000e-04,2.58845,0.19623,0.28565,0.05586,0.06980,0.06431,0.10569,0.60110,0.33616,0.26494,9.51365,9.33514,0,8.53,8235.7
62600,208,2.000e-04,3.71551,0.68292,0.27850,0.10425,0.08087,0.10683,0.07375,0.36063,0.12557,0.23507,12.23484,6.63322,0,8.72,8247.2
62700,209,2.000e-04,4.38504,0.39206,0.62608,0.08907,0.12911,0.15098,0.08604,0.26215,0.12374,0.13841,18.43983,17.80826,0,8.88,8258.5
62800,209,2.000e-04,3.36841,0.68448,0.18943,0.07836,0.10309,0.07085,0.06516,0.62885,0.20945,0.41940,15.29106,7.03662,0,8.48,8270.3
62900,209,2.000e-04,4.80460,1.09071,0.62488,0.07729,0.12615,0.12429,0.08663,0.29396,0.09152,0.20244,19.20577,14.19524,0,9.46,8280.8
63000,210,2.000e-04,2.83744,0.42609,0.15522,0.06898,0.08662,0.05998,0.08004,0.37523,0.24497,0.13026,8.80359,9.15625,0,1.66,8341.1
63100,210,2.000e-04,4.06539,0.50214,0.26884,0.09820,0.11783,0.06183,0.16500,0.39225,0.22659,0.16566,22.78105,14.36451,0,8.10,8353.4
63200,210,2.000e-04,3.48778,0.31878,0.63717,0.06205,0.11112,0.07829,0.08175,0.53251,0.32484,0.20767,18.14353,9.17372,0,8.87,8364.7
63300,211,2.000e-04,3.44350,0.29212,0.90621,0.08806,0.05903,0.08178,0.07309,0.24246,0.13866,0.10380,12.49622,13.07759,0,9.83,8374.9
63400,211,2.000e-04,3.43668,0.23827,0.19321,0.08831,0.11882,0.08566,0.10111,0.64103,0.39168,0.24935,24.77809,12.14823,0,10.75,8384.2
63500,211,2.000e-04,3.83858,0.22142,0.64705,0.07948,0.12313,0.08832,0.10048,0.41874,0.19365,0.22508,16.69453,6.64344,0,9.62,8394.6
63600,212,2.000e-04,4.23517,0.89331,0.80329,0.09494,0.08361,0.08517,0.06544,0.32651,0.15245,0.17406,14.59490,8.89207,0,9.02,8405.7
63700,212,2.000e-04,3.08019,0.30144,0.38336,0.07191,0.09167,0.07436,0.07756,0.51612,0.22495,0.29116,14.98493,7.95561,0,8.83,8417.0
63800,212,2.000e-04,4.43437,0.89194,0.57502,0.09200,0.09468,0.09715,0.12296,0.48513,0.19962,0.28551,18.68559,10.59393,0,8.62,8428.6
63900,213,2.000e-04,3.54607,0.34842,0.53445,0.08807,0.10447,0.07291,0.07464,0.25111,0.20515,0.04596,22.93781,8.14366,0,8.64,8440.2
64000,213,2.000e-04,3.77303,0.43264,0.23242,0.10680,0.12241,0.07938,0.08380,0.26289,0.18940,0.07348,16.79918,6.10805,0,8.73,8451.6
64100,213,2.000e-04,3.42349,0.82085,0.32601,0.08407,0.06831,0.06420,0.08638,0.19063,0.10547,0.08515,13.12983,9.73589,0,9.55,8462.1
64200,214,2.000e-04,3.43444,0.31782,0.20054,0.08697,0.10098,0.11752,0.08980,0.36382,0.20243,0.16139,16.69075,10.04147,0,8.72,8473.5
64300,214,2.000e-04,2.92613,0.18283,0.12345,0.08313,0.08392,0.11032,0.07954,0.83124,0.43480,0.39644,14.31612,7.15033,0,8.82,8484.9
64400,214,2.000e-04,4.18212,0.53157,0.20794,0.10557,0.12294,0.07864,0.15286,0.22404,0.13514,0.08890,16.86950,5.31958,0,8.77,8496.3
64500,215,2.000e-04,8.42249,0.45288,1.05750,0.07975,0.36511,0.06096,0.43175,0.21910,0.10891,0.11020,19.40771,13.54324,0,8.50,8508.0
64600,215,2.000e-04,4.35640,0.35108,0.43519,0.11268,0.12850,0.11267,0.11898,0.52305,0.33278,0.19028,17.48124,9.73333,0,8.79,8519.4
64700,215,2.000e-04,5.18053,0.91480,0.89632,0.07035,0.16035,0.06415,0.14834,0.14262,0.04058,0.10203,20.38837,7.18506,0,8.47,8531.2
64800,216,2.000e-04,3.43553,0.61448,0.06848,0.07208,0.12176,0.06337,0.09946,0.50618,0.12654,0.37963,9.94985,12.32964,0,9.07,8542.2
64900,216,2.000e-04,2.92534,0.35188,0.32293,0.09564,0.06791,0.05819,0.06481,0.45026,0.20359,0.24666,17.80926,7.61336,0,9.20,8553.1
65000,216,2.000e-04,2.73303,0.32621,0.27776,0.06112,0.07632,0.06580,0.08513,0.60509,0.27554,0.32955,12.09399,7.77207,0,8.40,8565.0
65100,217,2.000e-04,8.17852,0.65821,0.42462,0.07387,0.34797,0.06902,0.50644,0.16575,0.06592,0.09982,27.13670,7.23914,0,8.54,8576.7
65200,217,2.000e-04,3.85969,0.54252,0.06143,0.09292,0.12969,0.08839,0.11753,0.67358,0.25564,0.41794,17.22043,16.10282,0,8.86,8588.0
65300,217,2.000e-04,2.77631,0.34185,0.36905,0.09458,0.04861,0.07431,0.05240,0.15545,0.07018,0.08526,24.98942,4.61370,0,8.97,8599.2
65400,218,2.000e-04,3.24086,0.58460,0.47415,0.08859,0.06082,0.09048,0.04712,0.15532,0.12080,0.03452,8.24605,11.77890,0,9.54,8609.7
65500,218,2.000e-04,2.99455,0.28206,0.36150,0.07972,0.07717,0.08259,0.07384,0.25572,0.13123,0.12449,16.60021,4.30887,0,9.43,8620.3
65600,218,2.000e-04,3.39732,0.38247,0.30157,0.10626,0.07779,0.09388,0.08068,0.19679,0.06042,0.13636,18.67992,9.09898,0,9.08,8631.3
65700,219,2.000e-04,4.69539,0.30264,0.20767,0.10513,0.18195,0.09502,0.16783,0.57522,0.32918,0.24604,16.66157,10.14121,0,8.78,8642.7
65800,219,2.000e-04,3.93102,0.29272,0.62891,0.10906,0.09755,0.08954,0.09913,0.35751,0.19477,0.16274,13.34813,10.04138,0,8.63,8654.2
65900,219,2.000e-04,3.19877,0.53863,0.35314,0.05113,0.11082,0.05407,0.08344,0.33775,0.16496,0.17280,11.88821,9.90661,0,8.53,8666.0
66000,220,2.000e-04,3.03729,0.16538,0.32965,0.08627,0.08899,0.07891,0.07902,0.69733,0.41773,0.27960,13.91760,8.09103,0,1.61,8728.2
66100,220,2.000e-04,3.00191,0.42407,0.47985,0.07115,0.07151,0.06999,0.06429,0.30231,0.16688,0.13543,12.56875,6.42487,0,7.94,8740.8
66200,220,2.000e-04,3.75916,0.44724,0.58008,0.07345,0.09621,0.08358,0.12347,0.27936,0.24114,0.03823,20.67938,6.31700,0,8.85,8752.1
66300,221,2.000e-04,4.77870,0.59551,1.00027,0.09884,0.10714,0.13627,0.08836,0.34226,0.21098,0.13128,18.38686,4.68618,0,9.17,8763.0
66400,221,2.000e-04,2.81926,0.19992,0.05908,0.08373,0.09424,0.08457,0.07155,0.41241,0.18898,0.22343,11.19349,19.34079,0,8.79,8774.4
66500,221,2.000e-04,2.74401,0.41926,0.12364,0.06438,0.08157,0.07780,0.07051,0.68392,0.31674,0.36717,13.62059,17.13776,0,8.80,8785.7
66600,222,2.000e-04,3.93926,0.37383,0.62368,0.08205,0.09623,0.09173,0.14006,0.55536,0.20302,0.35234,16.05630,5.72938,0,8.93,8796.9
66700,222,2.000e-04,3.07724,0.38287,0.27327,0.10183,0.07133,0.07483,0.06306,0.53957,0.18121,0.35836,11.61586,5.11714,0,9.14,8807.9
66800,222,2.000e-04,3.75878,0.26074,0.40689,0.09459,0.12707,0.08541,0.08951,0.31797,0.10987,0.20810,24.82281,9.04256,0,9.66,8818.2
66900,223,2.000e-04,3.64227,0.46785,0.50548,0.11078,0.06709,0.10599,0.07206,0.32546,0.07616,0.24930,17.13662,6.24442,0,8.95,8829.4
67000,223,2.000e-04,4.27216,0.59608,0.79802,0.09118,0.13569,0.07233,0.04955,0.28807,0.18422,0.10386,33.77017,9.88291,0,8.85,8840.7
67100,223,2.000e-04,3.93852,0.42246,0.09666,0.11078,0.12760,0.11682,0.09030,0.52718,0.25741,0.26978,25.66014,11.69645,0,8.87,8852.0
67200,224,2.000e-04,3.30917,0.27998,0.35984,0.08093,0.10435,0.08569,0.07762,0.50375,0.22459,0.27916,11.39298,7.42612,0,8.70,8863.5
67300,224,2.000e-04,3.63459,0.26791,0.35327,0.08588,0.12268,0.06589,0.11968,0.34223,0.14188,0.20035,21.59390,6.79883,0,9.64,8873.8
67400,224,2.000e-04,5.23391,0.38841,0.25361,0.14343,0.18145,0.12449,0.14412,0.71725,0.39940,0.31785,23.39533,10.03522,0,8.85,8885.1
67500,225,2.000e-04,2.78317,0.68023,0.05454,0.06133,0.07365,0.06327,0.07647,0.88235,0.59797,0.28438,11.77767,19.72557,0,8.84,8896.4
67600,225,2.000e-04,3.79724,0.27183,0.55367,0.08124,0.13110,0.05287,0.11680,0.62305,0.32893,0.29412,21.23443,8.16524,0,8.86,8907.7
67700,225,2.000e-04,3.42101,0.69313,0.11935,0.08702,0.09064,0.08782,0.07858,0.36933,0.09701,0.27231,14.70190,8.92547,0,8.76,8919.2
67800,226,2.000e-04,3.88728,0.68408,0.45801,0.07275,0.11592,0.05776,0.11395,0.19417,0.09794,0.09623,16.35841,3.97195,0,8.97,8930.3
67900,226,2.000e-04,2.74354,0.39718,0.23383,0.05405,0.08189,0.07116,0.07946,0.49131,0.33397,0.15734,7.56732,6.50188,0,9.08,8941.3
68000,226,2.000e-04,3.62832,0.51717,0.33458,0.10356,0.09589,0.08386,0.07255,0.45679,0.33359,0.12320,16.13236,8.91895,0,9.19,8952.2
68100,227,2.000e-04,3.97116,0.62313,0.29888,0.08597,0.14259,0.07616,0.07654,0.37088,0.30514,0.06575,27.40690,9.30127,0,9.28,8963.0
68200,227,2.000e-04,4.01192,0.23937,0.57059,0.10996,0.11360,0.09416,0.09911,0.41205,0.18935,0.22270,13.96639,10.39369,0,9.28,8973.7
68300,227,2.000e-04,3.12494,0.47222,0.67650,0.06772,0.05863,0.06932,0.07321,0.42912,0.25025,0.17887,14.47981,6.46114,0,9.22,8984.6
68400,228,2.000e-04,3.91735,1.04002,0.31378,0.10695,0.07071,0.09536,0.06204,0.19288,0.14017,0.05270,19.61337,13.61539,0,8.93,8995.8
68500,228,2.000e-04,2.95331,0.49252,0.17913,0.08213,0.06707,0.09001,0.06790,0.83287,0.22783,0.60504,8.02181,11.69195,0,8.99,9006.9
68600,228,2.000e-04,7.67828,0.69648,0.68664,0.09907,0.27784,0.24704,0.25816,0.27998,0.20745,0.07253,24.58948,5.56333,0,8.96,9018.1
68700,229,2.000e-04,4.19934,0.34101,0.31333,0.11347,0.14390,0.11994,0.07432,0.61225,0.39954,0.21271,22.93374,10.89438,0,9.53,9028.6
68800,229,2.000e-04,4.16303,0.34321,0.39045,0.09150,0.15093,0.08504,0.11597,0.44654,0.08756,0.35898,21.13608,13.65474,0,11.20,9037.5
68900,229,2.000e-04,3.61845,0.85891,0.70485,0.06449,0.08791,0.06979,0.03634,0.68593,0.35955,0.32638,17.15512,10.66799,0,9.50,9048.0
69000,230,2.000e-04,5.29485,0.35347,0.14381,0.13924,0.18046,0.10282,0.21728,0.56715,0.25638,0.31076,26.38987,9.23934,0,1.66,9108.3
69100,230,2.000e-04,4.32634,0.36136,0.77253,0.10361,0.10241,0.11947,0.10698,0.23644,0.06561,0.17084,24.54854,4.42209,0,8.71,9119.8
69200,230,2.000e-04,4.41080,0.74720,0.07632,0.08888,0.14770,0.11548,0.12881,0.53253,0.32043,0.21210,31.82408,11.99309,0,9.25,9130.6
69300,231,2.000e-04,4.26189,0.55940,0.41765,0.12399,0.09961,0.12821,0.08155,0.28105,0.16857,0.11248,14.14555,9.75175,0,8.85,9141.9
69400,231,2.000e-04,3.98981,0.25572,0.16240,0.08755,0.14727,0.06408,0.18063,0.30858,0.15192,0.15666,18.98711,4.51223,0,8.80,9153.3
69500,231,2.000e-04,4.06487,0.56498,0.33213,0.13385,0.08430,0.13334,0.06391,0.26937,0.10660,0.16276,36.20791,11.66225,0,9.04,9164.3
69600,232,2.000e-04,3.68061,0.34819,0.35480,0.08871,0.10562,0.07898,0.12789,0.54298,0.15971,0.38328,18.60827,5.59126,0,9.34,9175.1
69700,232,2.000e-04,3.05685,0.36285,0.26255,0.07942,0.08350,0.06763,0.09282,0.18555,0.10694,0.07861,18.86844,5.79930,0,9.90,9185.1
69800,232,2.000e-04,4.25630,0.15021,0.58976,0.06427,0.18306,0.04950,0.15911,0.50324,0.30347,0.19978,19.14407,12.41411,0,9.94,9195.2
69900,233,2.000e-04,7.00141,0.46446,0.64106,0.07803,0.32943,0.07957,0.28469,0.34009,0.30602,0.03407,23.43171,7.65172,0,9.73,9205.5
70000,233,2.000e-04,3.19344,0.38675,0.64839,0.05329,0.07791,0.06442,0.10483,0.21747,0.13237,0.08510,15.01575,6.11155,0,9.14,9216.4
70100,233,2.000e-04,2.85651,0.13609,0.37105,0.08638,0.07713,0.07314,0.06971,0.33565,0.08713,0.24852,9.14950,7.04738,0,8.90,9227.7
70200,234,2.000e-04,3.53546,0.51635,0.65711,0.10172,0.06409,0.09194,0.04885,0.21593,0.15783,0.05810,11.60720,7.42046,0,8.88,9238.9
70300,234,2.000e-04,6.10834,0.57226,1.45617,0.10803,0.15807,0.09419,0.18960,0.20867,0.15154,0.05713,20.82184,12.26289,0,9.11,9249.9
70400,234,2.000e-04,2.88812,0.12097,0.58085,0.06861,0.07955,0.07555,0.06538,0.79726,0.43526,0.36200,12.65852,11.19837,0,9.05,9261.0
70500,235,2.000e-04,3.93808,0.39299,0.37704,0.08558,0.14866,0.06499,0.10016,0.73422,0.32646,0.40777,18.24744,11.63938,0,8.85,9272.3
70600,235,2.000e-04,4.22573,0.15696,0.98305,0.12334,0.09704,0.11633,0.06005,0.45930,0.19557,0.26374,31.25755,8.44792,0,9.01,9283.4
70700,235,2.000e-04,4.58289,0.39143,0.06827,0.09369,0.19853,0.07118,0.16901,0.52840,0.13865,0.38975,27.48985,11.49006,0,8.62,9295.0
70800,236,2.000e-04,4.88884,0.64795,1.19640,0.13063,0.09243,0.08981,0.07297,0.57810,0.31341,0.26469,20.99923,9.49757,0,8.73,9306.4
70900,236,2.000e-04,3.40703,0.36307,0.41792,0.08543,0.10097,0.07890,0.07351,0.64832,0.23781,0.41052,20.46508,8.65964,0,8.85,9317.7
71000,236,2.000e-04,2.90853,0.13248,0.62121,0.08170,0.06471,0.07445,0.06370,0.68490,0.40815,0.27675,14.40304,14.22608,0,8.92,9328.9
71100,237,2.000e-04,4.70927,0.50999,0.35448,0.09255,0.17731,0.07144,0.15781,0.32551,0.18256,0.14295,28.74410,6.83736,0,9.14,9339.9
71200,237,2.000e-04,2.40293,0.15192,0.24188,0.07134,0.06310,0.07287,0.06009,0.90793,0.50871,0.39922,15.46805,9.11730,0,9.05,9350.9
71300,237,2.000e-04,3.70179,0.55548,0.65078,0.06635,0.10961,0.06044,0.08674,0.22867,0.14980,0.07886,19.52806,6.92468,0,9.02,9362.0
71400,238,2.000e-04,3.70855,0.21299,0.52523,0.12142,0.08405,0.08308,0.10004,0.29020,0.11952,0.17068,20.48894,10.36155,0,8.93,9373.2
71500,238,2.000e-04,3.96050,0.58170,0.43873,0.11058,0.08842,0.11203,0.07798,0.34907,0.28110,0.06798,19.27747,6.20811,0,8.90,9384.4
71600,238,2.000e-04,4.85927,1.22149,0.11191,0.10082,0.12159,0.14609,0.11424,0.49141,0.29110,0.20031,23.67324,11.90042,0,9.02,9395.5
71700,239,2.000e-04,4.29977,0.07050,0.46926,0.17561,0.09079,0.09960,0.11959,0.47347,0.11866,0.35481,22.96427,10.33131,0,8.97,9406.7
71800,239,2.000e-04,3.32822,0.12742,0.45322,0.12219,0.06029,0.09284,0.09171,0.33984,0.20099,0.13885,14.75429,12.10133,0,9.17,9417.6
71900,239,2.000e-04,3.71128,0.09294,0.76353,0.07397,0.11705,0.06290,0.12602,0.34705,0.14930,0.19775,18.43486,10.07125,0,10.99,9426.7
72000,240,2.000e-04,3.03727,0.22034,0.27373,0.09060,0.08637,0.08140,0.07330,0.36950,0.17169,0.19781,12.20106,8.32612,0,1.66,9487.1
72100,240,2.000e-04,3.29599,0.23253,0.47307,0.10535,0.07079,0.11086,0.05494,0.38325,0.19591,0.18734,19.44453,9.38328,0,8.46,9498.9
72200,240,2.000e-04,4.04957,0.24110,0.17911,0.13111,0.08073,0.22175,0.08043,0.40065,0.13549,0.26516,24.93399,5.26803,0,9.09,9509.9
72300,241,2.000e-04,3.39061,0.05609,0.42157,0.06752,0.12904,0.05942,0.13005,0.60420,0.29001,0.31420,27.14969,7.37528,0,9.30,9520.7
72400,241,2.000e-04,3.12514,0.43767,0.65844,0.06661,0.07277,0.07529,0.05177,0.40939,0.13316,0.27622,12.27438,7.57478,0,9.27,9531.4
72500,241,2.000e-04,3.30383,0.33113,0.38858,0.07815,0.09525,0.08589,0.08414,0.62521,0.33628,0.28893,19.25116,7.67605,0,9.19,9542.3
72600,242,2.000e-04,3.68521,0.88862,0.28161,0.07472,0.11178,0.05472,0.07529,0.40497,0.21319,0.19178,15.57695,10.54685,0,8.65,9553.9
72700,242,2.000e-04,3.55148,0.25768,0.45718,0.10217,0.08469,0.09854,0.09508,0.34517,0.11818,0.22699,15.35872,12.08955,0,8.90,9565.1
72800,242,2.000e-04,3.39792,0.37442,0.34020,0.07827,0.10785,0.09373,0.07068,0.22584,0.07478,0.15106,18.43210,9.08166,0,8.93,9576.3
72900,243,2.000e-04,3.77852,0.50662,0.47755,0.12114,0.07027,0.11379,0.06225,0.41340,0.09693,0.31647,12.27526,8.78642,0,8.76,9587.7
73000,243,2.000e-04,3.70611,0.57372,0.48407,0.09886,0.09135,0.09119,0.05805,0.31941,0.05742,0.26199,24.28743,6.57767,0,8.99,9598.9
73100,243,2.000e-04,4.99282,0.21581,0.24069,0.09861,0.18099,0.20529,0.14277,0.20269,0.08369,0.11900,24.05506,4.78636,0,8.64,9610.4
73200,244,2.000e-04,4.01163,0.33472,0.07773,0.09975,0.14174,0.08505,0.15181,0.77426,0.29180,0.48247,28.26966,13.24247,0,8.67,9622.0
73300,244,2.000e-04,4.66285,0.47947,0.53864,0.08762,0.16788,0.09409,0.12386,0.20731,0.11595,0.09136,44.66785,7.74774,0,8.77,9633.4
73400,244,2.000e-04,4.26892,0.45827,0.36908,0.09174,0.14114,0.10301,0.11955,0.56249,0.37374,0.18875,14.59312,9.48750,0,8.77,9644.8
73500,245,2.000e-04,2.95263,0.22840,0.14191,0.08799,0.08241,0.09285,0.08280,0.55945,0.21959,0.33985,11.72822,6.50503,0,8.78,9656.2
73600,245,2.000e-04,3.46456,0.72115,0.32878,0.07017,0.09694,0.06207,0.08663,0.39453,0.11907,0.27546,13.53150,8.93996,0,9.00,9667.3
73700,245,2.000e-04,3.20630,0.34244,0.47919,0.07168,0.09342,0.05782,0.08892,0.21652,0.12742,0.08910,13.06185,8.84098,0,8.82,9678.6
73800,246,2.000e-04,3.87233,0.60657,0.58934,0.06876,0.11517,0.05313,0.11429,0.25711,0.08214,0.17497,26.03046,9.05106,0,8.79,9690.0
73900,246,2.000e-04,3.88407,0.21898,0.53542,0.06940,0.17669,0.06733,0.06642,0.39624,0.27811,0.11813,24.12726,8.62974,0,8.89,9701.2
74000,246,2.000e-04,4.76979,0.32325,0.66509,0.08948,0.14251,0.10288,0.18944,0.30661,0.17941,0.12720,24.58125,12.34060,0,8.87,9712.5
74100,247,2.000e-04,2.68622,0.28071,0.12116,0.07867,0.07587,0.07647,0.07131,0.58823,0.37278,0.21545,13.06074,14.39146,0,8.92,9723.7
74200,247,2.000e-04,4.25269,0.33633,0.82784,0.11167,0.11085,0.09687,0.07579,0.29908,0.22817,0.07091,23.93441,5.76155,0,8.94,9734.9
74300,247,2.000e-04,3.35631,0.53280,0.41096,0.09100,0.06422,0.10089,0.07118,0.18362,0.11147,0.07216,16.18242,7.38219,0,9.00,9746.0
74400,248,2.000e-04,3.58100,0.60421,0.07500,0.07031,0.10873,0.07288,0.14939,0.51439,0.26375,0.25064,15.49521,11.20153,0,8.90,9757.3
74500,248,2.000e-04,3.31598,0.63826,0.19635,0.08809,0.08602,0.05820,0.08984,0.53249,0.33731,0.19518,14.64817,6.78960,0,8.97,9768.4
74600,248,2.000e-04,2.92611,0.36518,0.16095,0.08546,0.06049,0.09038,0.09772,0.51733,0.29288,0.22445,13.73708,7.54275,0,8.95,9779.6
74700,249,2.000e-04,3.11766,0.14484,0.18759,0.10839,0.07502,0.10436,0.08585,0.45473,0.15893,0.29580,15.22936,7.76237,0,8.93,9790.8
74800,249,2.000e-04,3.28122,0.31340,0.70598,0.06835,0.07868,0.09579,0.06252,0.29691,0.20409,0.09281,18.35302,6.01851,0,8.86,9802.1
74900,249,2.000e-04,3.84697,0.16469,0.31871,0.08618,0.13592,0.10090,0.12760,0.43984,0.26038,0.17947,18.50960,9.66154,0,8.88,9813.3
75000,250,2.000e-04,3.55814,0.43373,0.66402,0.09306,0.07427,0.09056,0.06686,0.49708,0.22196,0.27512,17.02653,13.95514,0,1.65,9874.0
75100,250,2.000e-04,3.24655,0.55807,0.67398,0.06086,0.07547,0.08180,0.04845,0.20688,0.14868,0.05820,19.62854,6.01444,0,8.57,9885.6
75200,250,2.000e-04,2.98751,0.29164,0.34966,0.06914,0.08684,0.07143,0.08586,0.44463,0.19260,0.25203,7.58146,6.17089,0,9.09,9896.6
75300,251,2.000e-04,3.43127,0.82859,0.51355,0.08234,0.06689,0.05359,0.06576,0.23077,0.09175,0.13902,16.08651,4.51030,0,8.88,9907.9
75400,251,2.000e-04,3.81732,0.48981,0.98794,0.07104,0.08177,0.07887,0.08341,0.56516,0.28985,0.27531,16.38486,13.85837,0,8.98,9919.0
75500,251,2.000e-04,3.34552,0.33084,0.10638,0.10161,0.10009,0.11498,0.06328,0.48642,0.19032,0.29610,19.09309,12.47854,0,8.73,9930.5
75600,252,2.000e-04,2.99788,0.53163,0.57716,0.06741,0.05048,0.06683,0.07521,0.16524,0.07682,0.08842,8.10936,5.39463,0,8.87,9941.8
75700,252,2.000e-04,3.04157,0.35373,0.33039,0.05900,0.11747,0.05748,0.06107,0.55900,0.33844,0.22056,19.41302,14.78099,0,9.09,9952.8
75800,252,2.000e-04,3.45911,0.09561,0.51257,0.11762,0.08054,0.09099,0.08287,0.54317,0.43066,0.11252,22.90438,18.85487,0,8.92,9964.0
75900,253,2.000e-04,3.37056,0.21737,0.35686,0.10779,0.08092,0.10671,0.07514,0.42124,0.25161,0.16963,23.96273,9.96464,0,8.90,9975.2
76000,253,2.000e-04,3.46215,0.34141,0.55006,0.07487,0.10652,0.07481,0.07654,0.28580,0.09539,0.19041,17.73735,6.39305,0,8.96,9986.4
76100,253,2.000e-04,4.11035,0.21145,0.10514,0.10610,0.14899,0.09994,0.14863,0.72870,0.44956,0.27914,18.94557,11.31818,0,8.70,9997.9
76200,254,2.000e-04,3.31498,0.27365,0.24104,0.07190,0.11878,0.07638,0.10231,0.60548,0.39491,0.21057,7.18912,9.96516,0,9.04,10008.9
76300,254,2.000e-04,4.38485,0.65483,0.33330,0.18178,0.06996,0.10513,0.07074,0.37146,0.18916,0.18230,23.84475,9.65056,0,9.18,10019.8
76400,254,2.000e-04,4.88929,0.45266,0.92031,0.08618,0.14508,0.09853,0.14222,0.12930,0.07874,0.05057,18.77333,10.24145,0,8.68,10031.3
76500,255,2.000e-04,3.43222,0.19142,0.26852,0.08107,0.11750,0.07668,0.12063,0.88927,0.42755,0.46172,10.10628,8.69758,0,8.71,10042.8
76600,255,2.000e-04,3.31406,0.18277,0.49056,0.07203,0.11434,0.05180,0.10361,0.52834,0.16767,0.36067,18.51029,8.04529,0,8.77,10054.2
76700,255,2.000e-04,5.26582,0.48431,0.57973,0.08421,0.20746,0.09930,0.15772,0.33481,0.26227,0.07254,27.07016,15.62080,0,8.86,10065.5
76800,256,2.000e-04,3.39015,0.39695,0.17812,0.07202,0.10735,0.06103,0.14325,0.55922,0.17367,0.38555,12.11378,10.56870,0,8.80,10076.9
76900,256,2.000e-04,2.50079,0.12467,0.30765,0.05934,0.08456,0.04558,0.08031,0.34402,0.27909,0.06493,17.81957,7.57202,0,8.74,10088.3
77000,256,2.000e-04,4.25022,0.26213,0.33028,0.09795,0.14424,0.13198,0.11519,0.45542,0.23303,0.22239,28.58062,8.14250,0,8.60,10100.0
77100,257,2.000e-04,3.53129,0.31567,0.13918,0.09140,0.11816,0.09034,0.10583,0.58401,0.24895,0.33506,21.93449,16.82416,0,8.70,10111.5
77200,257,2.000e-04,2.82760,0.42201,0.17299,0.06597,0.08031,0.07175,0.08219,0.43554,0.14239,0.29315,19.37950,8.73980,0,8.80,10122.8
77300,257,2.000e-04,4.09115,0.42669,0.28314,0.06933,0.16073,0.05918,0.15697,0.67681,0.37251,0.30430,21.98911,12.13077,0,8.81,10134.2
77400,258,2.000e-04,3.38199,0.52650,0.31114,0.10056,0.06252,0.08922,0.09350,0.28407,0.13979,0.14428,15.56929,8.38750,0,9.23,10145.0
77500,258,2.000e-04,4.07620,0.27489,0.59930,0.10363,0.09579,0.12006,0.12150,0.27640,0.10576,0.17064,20.96886,7.95173,0,9.81,10155.2
77600,258,2.000e-04,3.90253,0.19681,0.93543,0.07750,0.11556,0.07805,0.08988,0.40776,0.19523,0.21253,26.55844,8.72004,0,8.78,10166.6
77700,259,2.000e-04,3.25150,0.24229,0.36734,0.07645,0.08328,0.07293,0.13600,0.33602,0.23880,0.09722,10.81647,6.51511,0,8.59,10178.2
77800,259,2.000e-04,4.03384,0.37514,0.99346,0.07957,0.10024,0.07159,0.10184,0.40695,0.18444,0.22251,12.64300,14.62458,0,8.76,10189.6
77900,259,2.000e-04,3.35527,0.73478,0.35554,0.09457,0.06191,0.06574,0.07429,0.42515,0.19916,0.22599,11.09884,8.44388,0,8.99,10200.8
78000,260,2.000e-04,3.32681,0.47866,1.02833,0.07699,0.04573,0.07160,0.04692,0.46935,0.20231,0.26704,13.99478,6.15194,0,1.64,10261.7
78100,260,2.000e-04,2.96307,0.53713,0.69010,0.05928,0.05750,0.05352,0.06009,0.43008,0.26189,0.16818,12.39230,5.62831,0,9.84,10271.9
78200,260,2.000e-04,3.86488,0.32799,0.26347,0.07598,0.14402,0.08076,0.13391,0.49572,0.27571,0.22001,19.32107,12.49915,0,9.29,10282.6
78300,261,2.000e-04,3.98213,0.18820,0.37651,0.08408,0.15344,0.08679,0.12166,0.49079,0.17387,0.31693,15.21602,7.22101,0,10.92,10291.8
78400,261,2.000e-04,3.32526,0.29689,0.41142,0.07391,0.09521,0.06813,0.11703,0.82505,0.58954,0.23551,10.46686,21.56781,0,9.52,10302.3
78500,261,2.000e-04,2.83297,0.36383,0.46421,0.07466,0.06302,0.06725,0.05836,0.32610,0.18322,0.14288,10.30313,5.75712,0,10.86,10311.5
78600,262,2.000e-04,6.47368,0.38917,0.46824,0.09194,0.29016,0.08342,0.27561,0.30152,0.15672,0.14479,31.30703,6.03589,0,9.21,10322.4
78700,262,2.000e-04,2.85240,0.37814,0.30295,0.07470,0.07629,0.07180,0.06049,0.39694,0.17186,0.22508,11.28911,10.05666,0,10.80,10331.6
78800,262,2.000e-04,4.22427,0.40784,1.00811,0.07434,0.14081,0.06945,0.06192,0.31554,0.16695,0.14859,23.82080,13.29221,0,9.56,10342.1
78900,263,2.000e-04,5.72039,0.38308,0.32632,0.07564,0.26396,0.07630,0.24670,0.35592,0.16181,0.19412,17.68166,9.98295,0,10.95,10351.2
79000,263,2.000e-04,2.81716,0.62680,0.24275,0.06734,0.06952,0.06284,0.05296,0.16090,0.04662,0.11428,12.20280,7.48111,0,9.32,10361.9
79100,263,2.000e-04,2.88616,0.34898,0.48062,0.06618,0.07381,0.06042,0.07091,0.44484,0.32206,0.12277,14.87547,6.50394,0,10.53,10371.4
79200,264,2.000e-04,3.60205,0.50066,0.58036,0.08418,0.09139,0.06434,0.08874,0.34845,0.19483,0.15361,19.54251,6.30122,0,9.22,10382.3
79300,264,2.000e-04,4.47702,0.73468,0.77973,0.09561,0.10070,0.10043,0.09947,0.29670,0.08064,0.21606,22.16137,8.31696,0,10.45,10391.8
79400,264,2.000e-04,3.04405,0.36213,0.08672,0.07823,0.09969,0.05709,0.10609,0.24224,0.08872,0.15352,15.21955,6.30135,0,9.27,10402.6
79500,265,2.000e-04,3.70167,0.70392,0.32786,0.10634,0.07813,0.09250,0.07254,0.45523,0.09692,0.35831,8.24199,12.41805,0,10.10,10412.5
79600,265,2.000e-04,3.22363,0.15351,0.81137,0.08493,0.07165,0.08852,0.05006,0.35121,0.15690,0.19431,32.90655,15.13089,0,8.57,10424.2
79700,265,2.000e-04,3.21724,0.18354,0.36953,0.07509,0.10541,0.08011,0.09172,1.02971,0.70151,0.32820,21.12755,12.35576,0,8.48,10436.0
79800,266,2.000e-04,2.84188,0.29118,0.30093,0.06363,0.07821,0.07900,0.08726,0.52037,0.18990,0.33048,13.41508,10.74197,0,8.73,10447.4
79900,266,2.000e-04,2.74536,0.77236,0.08017,0.07542,0.05427,0.07243,0.04676,0.26383,0.11936,0.14447,15.66203,9.48761,0,8.60,10459.1
80000,266,2.000e-04,3.80660,0.40909,0.71894,0.06999,0.11242,0.06998,0.10090,0.48465,0.24719,0.23745,13.33917,13.94190,0,8.49,10470.8
80100,267,2.000e-04,4.35555,0.27430,0.67967,0.06693,0.15675,0.05916,0.17379,0.47862,0.34475,0.13387,23.83189,5.88971,0,9.16,10481.8
80200,267,2.000e-04,3.44192,0.20683,0.26092,0.11137,0.10094,0.08678,0.08342,0.40718,0.14486,0.26232,17.12080,7.18218,0,8.54,10493.5
80300,267,2.000e-04,3.64371,0.07576,0.17999,0.07276,0.15794,0.07794,0.13826,0.43497,0.25843,0.17654,18.34452,9.89221,0,8.47,10505.3
80400,268,2.000e-04,3.37960,0.26129,0.51702,0.07827,0.09713,0.07611,0.09335,0.76098,0.40590,0.35508,10.30839,8.00656,0,8.59,10516.9
80500,268,2.000e-04,3.21409,0.27761,0.47460,0.06988,0.10498,0.05596,0.08671,0.44736,0.12189,0.32547,13.05509,6.32087,0,8.56,10528.6
80600,268,2.000e-04,3.66003,0.30638,0.65633,0.12271,0.05918,0.12322,0.05247,0.43424,0.19798,0.23626,20.71477,14.33632,0,8.53,10540.3
80700,269,2.000e-04,3.60836,0.49734,0.63420,0.09146,0.08434,0.06434,0.07943,0.19422,0.08631,0.10790,20.51595,10.74868,0,8.74,10551.8
80800,269,2.000e-04,6.48342,0.76924,0.89513,0.07557,0.28071,0.06869,0.18258,0.35944,0.17876,0.18068,24.33206,8.67764,0,8.74,10563.2
80900,269,2.000e-04,2.91105,0.22827,0.33157,0.05450,0.11543,0.06079,0.06959,0.30221,0.17884,0.12337,16.58556,5.59600,0,8.73,10574.7
81000,270,2.000e-04,3.44926,0.65880,0.07755,0.09144,0.10686,0.08265,0.06334,0.32379,0.20665,0.11714,23.00805,5.44022,0,1.64,10635.6
81100,270,2.000e-04,3.71685,0.44195,0.06968,0.06617,0.13955,0.08493,0.14468,0.50231,0.22816,0.27415,16.54711,7.82940,0,8.33,10647.6
81200,270,2.000e-04,4.45702,0.57463,0.95718,0.08192,0.14713,0.07671,0.05022,0.30246,0.15702,0.14544,18.38193,8.61544,0,8.47,10659.4
81300,271,2.000e-04,4.74559,0.22065,0.76617,0.05005,0.19701,0.05731,0.20034,0.36025,0.11528,0.24497,17.51080,4.30420,0,8.43,10671.3
81400,271,2.000e-04,3.34232,0.35565,0.36064,0.08013,0.08348,0.09845,0.09955,0.75840,0.25419,0.50421,17.64771,7.71122,0,8.63,10682.9
81500,271,2.000e-04,3.08898,0.54433,0.42293,0.05537,0.08622,0.07432,0.06686,0.30137,0.19677,0.10460,15.08217,6.93871,0,8.43,10694.7
81600,272,2.000e-04,3.55423,0.14647,0.41451,0.09909,0.10300,0.09082,0.10366,0.50445,0.20387,0.30058,18.05313,11.88051,0,8.51,10706.5
81700,272,2.000e-04,2.93244,0.33996,0.23529,0.08105,0.07876,0.07556,0.07627,0.57976,0.34978,0.22998,14.69768,13.97005,0,8.53,10718.2
81800,272,2.000e-04,2.74474,0.49589,0.41568,0.08881,0.03831,0.06979,0.04259,0.21132,0.13431,0.07701,19.53532,9.79730,0,8.49,10730.0
81900,273,2.000e-04,2.84465,0.37150,0.20954,0.07859,0.06456,0.09882,0.06761,0.44976,0.18792,0.26185,17.79771,6.73277,0,8.30,10742.0
82000,273,2.000e-04,4.11044,0.36248,0.35121,0.10652,0.14022,0.08067,0.10521,0.32871,0.11504,0.21366,20.40484,5.08834,0,8.48,10753.8
82100,273,2.000e-04,2.95300,0.35498,0.17847,0.04756,0.11163,0.05916,0.10638,0.61652,0.32787,0.28865,11.55407,11.46102,0,8.49,10765.6
82200,274,2.000e-04,3.76210,0.67683,0.75834,0.07722,0.07929,0.07187,0.08051,0.29668,0.16935,0.12733,15.28973,9.08600,0,8.78,10777.0
82300,274,2.000e-04,4.06023,0.21051,0.36155,0.11319,0.13144,0.09246,0.11591,0.28960,0.08649,0.20311,18.91539,5.92219,0,8.97,10788.1
82400,274,2.000e-04,3.77367,0.59895,1.11193,0.07982,0.05977,0.08268,0.05070,0.69781,0.55452,0.14329,15.66082,18.71590,0,8.52,10799.9
82500,275,2.000e-04,3.17015,0.52560,0.49832,0.07795,0.07216,0.06182,0.06720,0.23042,0.09835,0.13207,15.60630,3.94411,0,8.52,10811.6
82600,275,2.000e-04,3.17127,0.33684,0.19752,0.10045,0.08001,0.10685,0.05961,0.48507,0.05564,0.42943,14.75017,6.33522,0,8.49,10823.4
82700,275,2.000e-04,3.19888,0.39640,0.21499,0.08074,0.09948,0.07054,0.08652,0.41425,0.20731,0.20693,18.89907,6.73954,0,8.47,10835.2
82800,276,2.000e-04,3.13653,0.30519,0.58388,0.07408,0.08623,0.06361,0.06525,0.45491,0.13881,0.31610,12.85502,8.48573,0,8.60,10846.8
82900,276,2.000e-04,2.63441,0.50914,0.03584,0.07366,0.07218,0.05491,0.07130,0.56234,0.32910,0.23324,16.43504,11.57575,0,8.46,10858.6
83000,276,2.000e-04,3.40244,0.32553,0.48790,0.06965,0.10873,0.06852,0.09253,0.25057,0.11506,0.13551,14.54232,12.05399,0,8.82,10870.0
83100,277,2.000e-04,2.67571,0.21320,0.30090,0.06732,0.07543,0.07368,0.07315,0.46943,0.20861,0.26081,15.99956,9.83854,0,8.72,10881.4
83200,277,2.000e-04,3.63167,0.05129,0.24934,0.07907,0.14932,0.05691,0.15253,0.52770,0.18561,0.34209,19.05509,9.00299,0,8.71,10892.9
83300,277,2.000e-04,2.56674,0.21788,0.08907,0.06988,0.07244,0.07363,0.09369,0.53085,0.19975,0.33110,14.19059,7.54100,0,9.65,10903.3
83400,278,2.000e-04,2.81473,0.16252,0.20612,0.10671,0.06216,0.09685,0.05463,0.40532,0.14781,0.25751,13.46270,12.66230,0,8.44,10915.1
83500,278,2.000e-04,3.28321,0.25330,0.66232,0.09293,0.07158,0.07752,0.06698,0.55953,0.30943,0.25010,15.19765,7.74819,0,8.32,10927.1
83600,278,2.000e-04,3.36199,0.36210,0.54089,0.10764,0.06990,0.08554,0.05118,0.24363,0.16828,0.07535,11.98033,3.94772,0,8.32,10939.2
83700,279,2.000e-04,2.76425,0.21414,0.50081,0.05844,0.07165,0.07928,0.07040,0.47668,0.29875,0.17793,14.49472,9.63926,0,8.46,10951.0
83800,279,2.000e-04,4.04090,0.67613,0.21616,0.07448,0.14513,0.07058,0.11993,0.41845,0.21958,0.19887,20.22042,8.89836,0,8.88,10962.2
83900,279,2.000e-04,3.29796,0.70284,0.57777,0.08070,0.05238,0.08134,0.05596,0.24062,0.15447,0.08614,18.13904,6.26413,0,8.67,10973.8
84000,280,2.000e-04,3.27708,0.45214,0.56698,0.04993,0.12222,0.06188,0.04539,0.26275,0.14056,0.12219,21.79033,12.95823,0,1.61,11036.0
84100,280,2.000e-04,2.83479,0.23252,0.46382,0.08173,0.05504,0.07613,0.07803,0.60686,0.37599,0.23087,14.55377,11.24732,0,7.94,11048.6
84200,280,2.000e-04,3.95708,0.35036,0.51137,0.06881,0.10993,0.11968,0.14192,0.32921,0.16064,0.16858,23.76509,7.43962,0,8.40,11060.5
84300,281,2.000e-04,3.83069,0.80260,1.32362,0.04610,0.07458,0.05954,0.04001,0.19722,0.11056,0.08666,18.39115,8.79000,0,8.36,11072.4
84400,281,2.000e-04,3.59893,0.55265,0.40478,0.06827,0.11575,0.06923,0.09104,0.46303,0.15238,0.31065,15.03103,16.90086,0,8.28,11084.5
84500,281,2.000e-04,3.81039,0.45066,0.63973,0.07399,0.12556,0.07264,0.07226,0.27707,0.16749,0.10959,21.32906,8.20575,0,8.33,11096.5
84600,282,2.000e-04,3.71893,0.56724,0.33549,0.09365,0.09894,0.07460,0.10345,0.48404,0.25992,0.22413,13.60326,11.31579,0,8.57,11108.2
84700,282,2.000e-04,4.30154,0.27679,0.81758,0.09273,0.12272,0.09978,0.11077,0.50536,0.37246,0.13290,14.39063,6.11289,0,8.47,11120.0
84800,282,2.000e-04,2.73615,0.39483,0.65134,0.06514,0.04983,0.05370,0.05436,0.19000,0.06568,0.12432,19.93156,5.50701,0,8.52,11131.7
84900,283,2.000e-04,3.51656,0.52224,0.26098,0.08086,0.10895,0.07623,0.09081,0.69380,0.29604,0.39777,13.47234,11.63153,0,8.52,11143.5
85000,283,2.000e-04,3.19242,0.27848,0.79911,0.07134,0.07675,0.04978,0.07700,0.49855,0.25873,0.23982,11.26037,13.69853,0,8.47,11155.3
85100,283,2.000e-04,3.22814,0.25576,0.33720,0.10085,0.07597,0.09532,0.07807,0.32155,0.12727,0.19428,12.79465,4.45761,0,8.80,11166.6
85200,284,2.000e-04,2.84949,0.16076,0.27375,0.10480,0.05674,0.08057,0.07933,0.55739,0.16048,0.39690,13.90337,14.49522,0,9.24,11177.5
85300,284,2.000e-04,3.09098,0.46634,0.38053,0.06992,0.07701,0.06626,0.08871,0.27406,0.16181,0.11225,12.77624,5.02358,0,8.57,11189.1
85400,284,2.000e-04,3.42117,0.28811,0.76021,0.08222,0.09193,0.06606,0.06020,0.36440,0.23634,0.12806,17.40738,8.33622,0,8.56,11200.8
85500,285,2.000e-04,3.25727,0.20505,0.55013,0.07452,0.08407,0.08471,0.09854,0.26200,0.18238,0.07962,20.30843,9.60455,0,8.56,11212.5
85600,285,2.000e-04,3.73229,0.46132,0.63273,0.10199,0.08468,0.08324,0.07107,0.38247,0.17355,0.20892,25.88125,7.27291,0,8.49,11224.3
85700,285,2.000e-04,3.09361,0.28289,0.54435,0.09654,0.05763,0.10312,0.04181,0.41206,0.24181,0.17025,18.96524,13.89289,0,8.79,11235.7
85800,286,2.000e-04,3.67409,0.29432,0.79708,0.08512,0.08931,0.05413,0.11354,0.60201,0.37460,0.22741,16.39291,14.84228,0,8.48,11247.5
85900,286,2.000e-04,3.30983,0.51678,0.43466,0.07888,0.07150,0.08028,0.09064,0.17831,0.05158,0.12673,11.80130,9.20654,0,8.49,11259.2
86000,286,2.000e-04,2.73150,0.48619,0.17906,0.06084,0.07295,0.06742,0.07825,0.29548,0.16193,0.13356,10.00000,5.48891,0,8.52,11271.0
86100,287,2.000e-04,4.03054,0.58509,0.35886,0.10911,0.11598,0.11196,0.05518,0.27739,0.04647,0.23093,20.65368,7.44576,0,8.70,11282.5
86200,287,2.000e-04,2.96559,0.30988,0.26345,0.07176,0.08983,0.06417,0.09110,0.38270,0.13754,0.24517,12.44914,8.09798,0,8.56,11294.1
86300,287,2.000e-04,3.01730,0.21751,0.48396,0.08131,0.07836,0.07097,0.07287,0.46423,0.13944,0.32480,12.89277,6.88768,0,8.63,11305.7
86400,288,2.000e-04,2.85821,0.29621,0.37635,0.06968,0.07996,0.06779,0.07007,0.27612,0.07407,0.20206,10.02993,6.97458,0,8.70,11317.2
86500,288,2.000e-04,5.06416,0.38347,1.05882,0.09367,0.15511,0.07294,0.15389,0.25128,0.10970,0.14158,23.29516,11.50677,0,9.30,11328.0
86600,288,2.000e-04,3.32095,0.33928,0.82947,0.06857,0.07333,0.08297,0.06368,0.60261,0.30377,0.29884,10.96772,8.30077,0,9.04,11339.0
86700,289,2.000e-04,3.30702,0.38183,0.93501,0.06521,0.06524,0.07470,0.06245,0.24734,0.09231,0.15503,18.33940,11.49302,0,8.66,11350.6
86800,289,2.000e-04,3.70468,0.39617,0.32342,0.16386,0.06615,0.08334,0.05365,0.20803,0.13124,0.07678,23.69333,4.54365,0,8.64,11362.1
86900,289,2.000e-04,3.08739,0.44460,0.34724,0.08669,0.07435,0.07137,0.06568,0.34044,0.12203,0.21841,15.52703,8.84103,0,8.76,11373.6
87000,290,2.000e-04,3.25360,0.25074,0.74066,0.06548,0.09344,0.06038,0.07422,0.29919,0.09367,0.20552,13.38367,14.11112,0,1.63,11435.0
87100,290,2.000e-04,4.25474,0.67601,0.39754,0.06428,0.15769,0.05098,0.14132,0.39576,0.11452,0.28124,13.97506,6.52602,0,8.23,11447.1
87200,290,2.000e-04,4.14495,0.72557,0.31884,0.08166,0.12729,0.09690,0.10531,0.73770,0.37053,0.36716,17.78586,32.77561,0,8.81,11458.5
87300,291,2.000e-04,4.69080,0.29634,0.75182,0.07151,0.18355,0.06618,0.15222,0.48948,0.10857,0.38091,16.82653,11.23883,0,8.78,11469.8
87400,291,2.000e-04,3.95874,0.51192,0.82700,0.06442,0.10575,0.06191,0.12171,0.69767,0.28560,0.41207,20.09783,12.86923,0,8.66,11481.4
87500,291,2.000e-04,2.88927,0.28832,0.47208,0.07014,0.07541,0.07280,0.06187,0.42235,0.26834,0.15401,13.71517,8.44853,0,8.65,11492.9
87600,292,2.000e-04,4.31447,0.52005,0.56186,0.07666,0.12877,0.06558,0.17007,0.35872,0.15517,0.20354,36.17610,12.56956,0,8.84,11504.2
87700,292,2.000e-04,2.53384,0.17206,0.10990,0.09025,0.06786,0.08288,0.05128,0.45672,0.33437,0.12235,20.40661,11.51554,0,8.57,11515.9
87800,292,2.000e-04,3.78017,0.28705,0.66024,0.07976,0.09386,0.09588,0.12346,0.22949,0.09587,0.13363,24.84649,9.26229,0,8.78,11527.3
87900,293,2.000e-04,3.85049,0.61116,0.69820,0.08088,0.09125,0.08730,0.07666,0.39607,0.28304,0.11304,18.99282,13.74959,0,8.69,11538.8
88000,293,2.000e-04,3.00362,0.19429,0.36982,0.06191,0.10189,0.06497,0.09533,0.30577,0.06603,0.23974,9.73221,5.88826,0,8.85,11550.1
88100,293,2.000e-04,3.42971,0.27526,0.47683,0.08135,0.10578,0.07237,0.08889,0.45715,0.08184,0.37530,15.89653,7.32845,0,8.67,11561.7
88200,294,2.000e-04,4.51202,0.07721,0.45714,0.10842,0.15395,0.10938,0.16140,0.50014,0.32147,0.17867,17.41132,7.03644,0,8.61,11573.3
88300,294,2.000e-04,3.98328,0.47430,0.90076,0.06414,0.10103,0.07000,0.12131,0.41970,0.20762,0.21208,20.38552,10.23706,0,9.00,11584.4
88400,294,2.000e-04,3.07788,0.58007,0.44293,0.07311,0.07028,0.06287,0.06132,0.32769,0.09566,0.23203,12.23898,12.62842,0,8.62,11596.0
88500,295,2.000e-04,3.88451,0.41825,0.84370,0.09095,0.09629,0.08442,0.06562,0.20419,0.13291,0.07128,22.30672,10.91377,0,8.64,11607.6
88600,295,2.000e-04,3.21476,0.26111,0.21425,0.07781,0.11177,0.08447,0.08425,0.41364,0.23800,0.17565,16.96865,13.17428,0,8.44,11619.4
88700,295,2.000e-04,3.18901,0.29413,0.39876,0.07546,0.09830,0.08720,0.06450,0.65315,0.36595,0.28720,21.34660,8.40060,0,8.98,11630.5
88800,296,2.000e-04,3.80810,0.74138,0.84314,0.08084,0.07368,0.07996,0.05573,0.22039,0.08492,0.13547,26.30011,7.78544,0,8.76,11642.0
88900,296,2.000e-04,3.91936,0.71919,0.55810,0.06281,0.11358,0.05395,0.12169,0.25220,0.18085,0.07134,25.48490,6.16444,0,8.60,11653.6
89000,296,2.000e-04,3.40703,0.35915,0.17176,0.08122,0.12544,0.07191,0.08998,0.45510,0.18638,0.26872,17.43254,6.64305,0,8.63,11665.2
89100,297,2.000e-04,2.54160,0.27858,0.13317,0.07698,0.06774,0.07298,0.06355,0.46482,0.22510,0.23972,15.55350,11.46800,0,8.53,11676.9
89200,297,2.000e-04,4.18844,0.38127,0.35495,0.10152,0.11933,0.11420,0.13456,0.18125,0.05697,0.12429,15.97254,7.17741,0,8.58,11688.6
89300,297,2.000e-04,3.75914,0.27452,0.53525,0.06919,0.12901,0.08443,0.10906,0.41317,0.14008,0.27309,14.67710,10.07958,0,8.56,11700.2
89400,298,2.000e-04,4.53120,0.44254,1.05608,0.13887,0.08410,0.09612,0.06446,0.12348,0.04635,0.07712,25.99052,8.24868,0,8.49,11712.0
89500,298,2.000e-04,4.02403,0.13236,0.30923,0.07618,0.13145,0.05509,0.24612,0.55576,0.23030,0.32546,17.00091,16.20647,0,8.20,11724.2
89600,298,2.000e-04,3.55774,0.55422,0.68567,0.09241,0.06036,0.08859,0.06945,0.25107,0.06807,0.18300,13.63547,7.77090,0,8.57,11735.9
89700,299,2.000e-04,4.35112,0.78094,0.43510,0.12325,0.10169,0.10875,0.06837,0.32534,0.20324,0.12210,24.25279,9.37485,0,8.71,11747.4
89800,299,2.000e-04,2.37986,0.06587,0.58267,0.06457,0.05628,0.05179,0.05276,0.61801,0.20370,0.41430,6.67739,14.55705,0,8.70,11758.8
89900,299,2.000e-04,4.61757,0.17841,0.43775,0.09021,0.17260,0.06984,0.20481,0.50721,0.18553,0.32168,28.39458,8.27646,0,8.63,11770.4
90000,300,2.000e-04,3.32604,0.22961,0.29714,0.11767,0.07228,0.11496,0.06500,0.30466,0.13084,0.17381,22.66273,8.06482,0,1.63,11831.7
90100,300,2.000e-04,3.42842,0.43318,0.83174,0.08130,0.07065,0.07188,0.05693,0.34572,0.13575,0.20997,12.33984,7.69241,0,8.19,11843.9
90200,300,2.000e-04,2.67108,0.29812,0.34858,0.05131,0.07608,0.07477,0.07532,0.45903,0.09042,0.36861,10.36296,5.81042,0,8.53,11855.6
90300,301,2.000e-04,3.34871,0.28439,0.47114,0.07898,0.08485,0.11284,0.07812,0.55666,0.24981,0.30684,18.25331,11.29934,0,8.58,11867.3
90400,301,2.000e-04,3.05431,0.19423,0.72359,0.07163,0.07836,0.04783,0.07947,0.49299,0.22705,0.26594,16.10545,12.12298,0,8.66,11878.8
90500,301,2.000e-04,3.48444,0.32854,0.62981,0.08043,0.09498,0.08084,0.07355,0.24416,0.15200,0.09216,26.21681,9.41305,0,8.51,11890.6
90600,302,2.000e-04,2.96308,0.33994,0.70708,0.06713,0.05550,0.08154,0.05641,0.56777,0.27169,0.29608,17.80402,11.27005,0,8.61,11902.2
90700,302,2.000e-04,3.28446,0.36419,0.52706,0.09409,0.08168,0.06590,0.06121,0.58823,0.28023,0.30800,23.54726,15.72290,0,8.65,11913.8
90800,302,2.000e-04,3.26005,0.39421,0.22894,0.12711,0.06654,0.08816,0.05192,0.29930,0.17579,0.12351,17.71216,9.99354,0,8.68,11925.3
90900,303,2.000e-04,3.86251,0.52291,1.12492,0.08864,0.07023,0.07200,0.05319,0.17735,0.06812,0.10924,13.94988,8.47725,0,8.66,11936.8
91000,303,2.000e-04,2.52694,0.25256,0.37676,0.06780,0.04816,0.08789,0.05972,0.33456,0.11332,0.22125,16.06696,6.53761,0,8.51,11948.6
91100,303,2.000e-04,3.13700,0.43348,0.31564,0.09887,0.06658,0.10206,0.04463,0.48673,0.21945,0.26728,16.04168,13.05510,0,8.63,11960.2
91200,304,2.000e-04,2.24271,0.09682,0.12735,0.06924,0.06850,0.07302,0.05520,0.46654,0.31978,0.14677,14.60064,10.51821,0,8.63,11971.8
91300,304,2.000e-04,3.01580,0.67231,0.44258,0.08932,0.05033,0.05389,0.04698,0.44407,0.12630,0.31777,16.22248,11.90386,0,8.58,11983.4
91400,304,2.000e-04,2.58469,0.16273,0.16193,0.09118,0.07141,0.06827,0.05854,0.39582,0.19456,0.20126,10.74095,5.92408,0,8.77,11994.8
91500,305,2.000e-04,3.50296,0.27422,0.27805,0.11493,0.06802,0.13394,0.09031,0.54188,0.28537,0.25651,28.39816,6.37716,0,8.84,12006.1
91600,305,2.000e-04,4.20330,0.86770,0.91732,0.08696,0.06573,0.06866,0.10961,0.29296,0.21515,0.07781,18.76738,6.54760,0,8.95,12017.3
91700,305,2.000e-04,4.22170,0.56558,0.95857,0.09373,0.09086,0.09409,0.07622,0.41162,0.27827,0.13335,17.99169,11.93184,0,9.11,12028.3
91800,306,2.000e-04,2.69766,0.23312,0.40210,0.06522,0.08877,0.06719,0.03732,0.34441,0.16737,0.17704,24.20524,12.27092,0,8.81,12039.6
91900,306,2.000e-04,5.02304,0.33648,0.33323,0.07832,0.23540,0.06563,0.17758,0.26577,0.13735,0.12843,26.84934,9.08883,0,8.74,12051.1
92000,306,2.000e-04,3.94478,0.22623,0.76101,0.12119,0.07207,0.11003,0.09497,0.49469,0.29228,0.20241,23.41497,7.84105,0,8.57,12062.7
92100,307,2.000e-04,2.87560,0.21137,0.40089,0.07453,0.07794,0.08509,0.06263,0.36384,0.10474,0.25910,19.21504,4.27733,0,9.05,12073.8
92200,307,2.000e-04,4.21102,0.45860,0.48862,0.06525,0.16501,0.06069,0.13155,0.20434,0.13872,0.06562,19.10747,10.90714,0,8.90,12085.0
92300,307,2.000e-04,3.29164,0.24326,0.78553,0.07768,0.08939,0.05435,0.06408,0.51092,0.26832,0.24259,21.21702,9.91735,0,8.91,12096.2
92400,308,2.000e-04,3.38741,0.45488,0.31294,0.12223,0.05871,0.10428,0.05775,0.34248,0.14241,0.20007,22.12609,9.43302,0,9.23,12107.1
92500,308,2.000e-04,3.23912,0.21175,0.27388,0.08554,0.10684,0.07326,0.09268,0.14840,0.05991,0.08849,20.97466,5.76660,0,8.87,12118.3
92600,308,2.000e-04,3.68482,0.34513,0.40232,0.06993,0.13406,0.06927,0.11023,0.15980,0.09019,0.06961,15.78380,5.50017,0,8.61,12130.0
92700,309,2.000e-04,2.96751,0.39241,0.40203,0.08261,0.06272,0.08361,0.06033,0.39558,0.12764,0.26794,15.65833,11.32742,0,8.72,12141.4
92800,309,2.000e-04,3.08384,0.25483,0.52715,0.05656,0.10469,0.06009,0.07779,0.48081,0.25798,0.22283,15.32200,13.88914,0,8.73,12152.9
92900,309,2.000e-04,3.35769,0.44562,0.38445,0.07087,0.10451,0.05577,0.09899,0.41121,0.16055,0.25066,10.67555,7.60264,0,8.82,12164.2
93000,310,2.000e-04,3.74922,0.22549,0.63612,0.11330,0.09485,0.08967,0.07156,0.21424,0.09094,0.12329,12.55622,6.34388,0,1.65,12224.9
93100,310,2.000e-04,3.14552,0.67007,0.27990,0.06527,0.08666,0.06039,0.07487,0.56069,0.24709,0.31360,14.35693,7.10215,0,8.35,12236.9
93200,310,2.000e-04,3.35290,0.42050,0.78131,0.07528,0.06690,0.06871,0.07715,0.34172,0.15965,0.18207,11.81445,5.75723,0,8.72,12248.4
93300,311,2.000e-04,2.67601,0.07745,0.21797,0.07780,0.08772,0.06880,0.07628,0.39828,0.22248,0.17580,16.13783,9.02315,0,8.65,12259.9
93400,311,2.000e-04,3.33986,0.24972,0.33553,0.11171,0.07616,0.10364,0.07153,0.56490,0.30204,0.26285,15.97600,7.06381,0,8.62,12271.5
93500,311,2.000e-04,4.11455,0.39651,0.39285,0.09120,0.12715,0.08813,0.14021,0.54915,0.36065,0.18850,15.11621,11.97957,0,8.24,12283.7
93600,312,2.000e-04,2.84832,0.24881,0.20957,0.08033,0.08780,0.06027,0.08146,0.36424,0.16068,0.20355,11.91747,9.79433,0,8.44,12295.5
93700,312,2.000e-04,4.15378,0.17197,0.48391,0.05234,0.13461,0.04521,0.28047,0.34224,0.17224,0.17000,16.09670,9.43309,0,8.24,12307.6
93800,312,2.000e-04,3.70934,0.21234,0.43795,0.09822,0.11210,0.09954,0.09164,0.37222,0.16469,0.20753,12.41850,8.25198,0,8.35,12319.6
93900,313,2.000e-04,4.21748,0.52147,1.00193,0.05206,0.13708,0.05989,0.10064,0.40173,0.31033,0.09140,67.84341,13.33535,0,8.45,12331.4
94000,313,2.000e-04,2.69448,0.23335,0.46431,0.06064,0.07509,0.06213,0.06578,0.31785,0.16362,0.15423,9.45313,8.55649,0,8.32,12343.5
94100,313,2.000e-04,3.12044,0.35824,0.62462,0.06413,0.08818,0.05449,0.06842,0.28399,0.09314,0.19085,13.61716,8.48255,0,8.24,12355.6
94200,314,2.000e-04,2.83481,0.63265,0.19307,0.06074,0.08610,0.05453,0.05361,0.62986,0.26994,0.35991,12.73784,12.92136,0,8.20,12367.8
94300,314,2.000e-04,3.91292,0.70127,0.61953,0.07554,0.09386,0.10936,0.07028,0.33632,0.13205,0.20427,20.36709,8.94089,0,8.31,12379.8
94400,314,2.000e-04,5.57036,0.48966,0.48234,0.11608,0.22537,0.09730,0.13945,0.10709,0.04189,0.06520,24.21851,4.43639,0,8.47,12391.6
94500,315,2.000e-04,4.51220,0.64074,0.32332,0.09634,0.12755,0.10894,0.15290,0.51119,0.10338,0.40781,23.38136,14.24058,0,8.28,12403.7
94600,315,2.000e-04,3.61131,0.49958,0.25275,0.10604,0.09776,0.09390,0.07030,0.14591,0.06162,0.08429,17.20652,6.42645,0,8.51,12415.5
94700,315,2.000e-04,3.14150,0.26679,0.38071,0.08115,0.07878,0.08250,0.09644,0.41214,0.16472,0.24742,16.39938,5.82580,0,8.43,12427.3
94800,316,2.000e-04,3.59126,0.26701,0.48476,0.09191,0.12384,0.08332,0.05307,0.21724,0.08500,0.13224,15.14345,7.77197,0,8.03,12439.8
94900,316,2.000e-04,4.76441,0.57561,0.47991,0.07955,0.14800,0.06785,0.21883,0.24776,0.02773,0.22003,37.73072,9.32789,0,8.34,12451.8
95000,316,2.000e-04,2.66513,0.24627,0.45914,0.07190,0.06006,0.06960,0.05841,0.50058,0.34568,0.15490,12.46821,10.36238,0,8.57,12463.4
95100,317,2.000e-04,3.43416,0.39781,0.41170,0.10890,0.06207,0.11525,0.06773,0.38201,0.15835,0.22366,15.82808,10.26677,0,8.61,12475.0
95200,317,2.000e-04,3.49242,0.66598,0.64438,0.09218,0.06595,0.07280,0.04735,0.29024,0.12836,0.16188,20.40714,6.03012,0,8.97,12486.2
95300,317,2.000e-04,4.24824,0.78800,0.05234,0.11128,0.13744,0.07116,0.11298,0.35709,0.26791,0.08917,27.08756,14.88442,0,9.13,12497.1
95400,318,2.000e-04,3.15114,0.25312,0.54872,0.08652,0.07290,0.10414,0.04688,0.21355,0.12631,0.08723,17.78362,4.97400,0,9.08,12508.1
95500,318,2.000e-04,3.01854,0.23680,0.18646,0.06805,0.11994,0.06288,0.08020,0.53177,0.13869,0.39308,16.70336,7.97538,0,8.95,12519.3
95600,318,2.000e-04,2.98781,0.33154,0.48787,0.07377,0.07756,0.06416,0.06686,0.45082,0.31490,0.13593,11.27098,8.53130,0,8.63,12530.9
95700,319,2.000e-04,2.38846,0.19762,0.22354,0.06924,0.06592,0.06718,0.05595,0.63451,0.27570,0.35882,8.85012,7.98261,0,8.74,12542.3
95800,319,2.000e-04,3.70272,0.69748,0.48394,0.08234,0.11028,0.05522,0.06381,0.25260,0.13561,0.11699,27.59542,6.78316,0,8.70,12553.8
95900,319,2.000e-04,2.39775,0.26501,0.21514,0.06611,0.06766,0.05704,0.05895,0.40942,0.34155,0.06788,11.19127,8.33088,0,8.72,12565.3
96000,320,2.000e-04,2.88610,0.80931,0.05745,0.06047,0.08189,0.05972,0.05942,0.64033,0.50015,0.14019,11.17775,10.69344,0,1.62,12626.9
96100,320,2.000e-04,3.47567,0.63002,0.38468,0.07478,0.09910,0.06445,0.07997,0.19872,0.11274,0.08597,26.40950,7.64536,0,8.07,12639.3
96200,320,2.000e-04,3.05184,0.18733,0.42477,0.09214,0.08225,0.07861,0.06056,0.46410,0.26774,0.19636,20.46511,11.74858,0,8.71,12650.8
96300,321,2.000e-04,2.99921,0.63465,0.62081,0.05723,0.06119,0.05056,0.06136,0.43875,0.16137,0.27738,14.57610,7.07769,0,8.60,12662.4
96400,321,2.000e-04,3.33612,0.48287,0.69389,0.07044,0.09007,0.07031,0.04054,0.55092,0.42216,0.12876,17.91134,16.34689,0,8.54,12674.1
96500,321,2.000e-04,2.39882,0.35808,0.32359,0.05167,0.06462,0.05380,0.05704,0.18905,0.16947,0.01957,11.78905,4.48089,0,9.91,12684.2
96600,322,2.000e-04,3.49340,0.31549,0.23863,0.06916,0.13578,0.06001,0.11795,0.47403,0.31786,0.15617,7.86105,13.00312,0,8.84,12695.5
96700,322,2.000e-04,3.05736,0.44219,0.31017,0.07732,0.07336,0.06626,0.09338,0.28319,0.05750,0.22569,11.99559,3.97692,0,8.62,12707.1
96800,322,2.000e-04,3.93956,0.08534,0.19371,0.10383,0.17208,0.06952,0.11077,0.29232,0.13627,0.15605,25.29849,7.37742,0,8.65,12718.7
96900,323,2.000e-04,3.08151,0.21005,0.67983,0.08470,0.07086,0.07426,0.05295,0.25463,0.15333,0.10130,15.52245,9.60619,0,8.62,12730.3
97000,323,2.000e-04,3.63898,0.55431,0.89308,0.07211,0.08493,0.05885,0.06539,0.20738,0.13758,0.06980,20.17257,6.26165,0,8.63,12741.9
97100,323,2.000e-04,3.67460,0.15605,0.15048,0.09880,0.13799,0.09320,0.10683,0.59484,0.25474,0.34010,14.62645,13.55392,0,8.52,12753.6
97200,324,2.000e-04,2.59723,0.40211,0.32861,0.06775,0.06397,0.05502,0.05483,0.55005,0.27482,0.27523,11.16602,9.68431,0,8.71,12765.1
97300,324,2.000e-04,4.31389,0.24814,0.24242,0.11263,0.18644,0.09153,0.07499,0.20798,0.10021,0.10777,24.50619,4.78205,0,8.81,12776.5
97400,324,2.000e-04,3.45224,0.41772,0.71480,0.07964,0.08613,0.08710,0.04530,0.38557,0.23804,0.14753,15.92462,6.78837,0,9.03,12787.5
97500,325,2.000e-04,3.28205,0.57281,0.91457,0.06736,0.05003,0.05585,0.06831,0.45234,0.25420,0.19814,26.40786,12.77572,0,9.01,12798.6
97600,325,2.000e-04,2.53679,0.10886,0.45205,0.06301,0.06920,0.06926,0.06151,0.38811,0.25259,0.13552,16.35319,10.49061,0,9.15,12809.6
97700,325,2.000e-04,3.67249,0.63164,0.74169,0.10038,0.05826,0.09439,0.04816,0.24365,0.13758,0.10607,23.49022,9.90256,0,8.79,12821.0
97800,326,2.000e-04,3.21313,0.28222,0.48271,0.06983,0.10311,0.06318,0.08058,0.39071,0.17862,0.21209,11.25489,8.51846,0,8.79,12832.3
97900,326,2.000e-04,2.89255,0.47764,0.41382,0.08064,0.06082,0.07869,0.03861,0.38314,0.21273,0.17042,14.96723,9.55620,0,8.86,12843.6
98000,326,2.000e-04,3.96946,0.90286,0.24368,0.11066,0.08663,0.09900,0.07100,0.40849,0.19007,0.21842,24.06603,15.29272,0,8.86,12854.9
98100,327,2.000e-04,3.63995,0.26639,0.03269,0.06994,0.15277,0.06170,0.16105,0.73204,0.39368,0.33835,9.58953,12.41572,0,8.73,12866.4
98200,327,2.000e-04,4.31491,0.60536,0.19735,0.07730,0.16287,0.08022,0.14187,0.55613,0.11724,0.43888,25.89556,12.65197,0,8.72,12877.8
98300,327,2.000e-04,2.97718,0.17554,0.12706,0.06636,0.12228,0.06555,0.09207,0.72220,0.32542,0.39678,14.98499,8.87720,0,8.85,12889.1
98400,328,2.000e-04,2.38628,0.16697,0.10180,0.05782,0.07450,0.05713,0.10172,0.57033,0.21804,0.35229,10.82561,10.06667,0,8.58,12900.8
98500,328,2.000e-04,3.10465,0.47493,0.02799,0.05359,0.11981,0.06083,0.11271,0.34609,0.26398,0.08211,17.33045,8.60826,0,8.64,12912.3
98600,328,2.000e-04,2.89171,0.15262,0.22752,0.04632,0.11182,0.06796,0.11807,0.27429,0.12368,0.15061,14.95255,6.09591,0,8.81,12923.7
98700,329,2.000e-04,3.14735,0.33522,0.43476,0.07956,0.10437,0.04696,0.06066,0.09077,0.04290,0.04787,19.93377,5.87044,0,8.86,12935.0
98800,329,2.000e-04,3.32410,0.39915,0.21169,0.09184,0.09502,0.08468,0.08425,0.42524,0.29382,0.13142,12.28945,14.68165,0,9.02,12946.1
98900,329,2.000e-04,3.19052,0.48554,0.14747,0.09489,0.08149,0.08615,0.07258,0.43746,0.37213,0.06534,23.57715,11.81461,0,8.78,12957.5
99000,330,2.000e-04,3.95028,0.28786,0.22034,0.09377,0.17043,0.06877,0.09125,0.64015,0.48289,0.15726,26.02868,6.29870,0,1.54,13022.2
99100,330,2.000e-04,2.44226,0.10862,0.03867,0.06317,0.09558,0.05846,0.08304,0.76534,0.42828,0.33706,8.18190,13.10982,0,8.47,13034.0
99200,330,2.000e-04,3.88268,0.22681,0.52377,0.07964,0.15151,0.07836,0.08577,0.41194,0.14042,0.27152,44.65751,5.40281,0,9.07,13045.0
99300,331,2.000e-04,4.63662,0.54384,0.36830,0.05796,0.20230,0.05194,0.17245,0.43276,0.21666,0.21610,16.90898,7.21394,0,8.69,13056.5
99400,331,2.000e-04,2.39499,0.18209,0.67628,0.06037,0.05175,0.05505,0.02804,0.32725,0.27858,0.04867,17.71211,8.59565,0,8.76,13067.9
99500,331,2.000e-04,4.60966,0.41995,0.35231,0.07109,0.18924,0.06295,0.18388,0.28247,0.16520,0.11727,20.48060,7.80164,0,8.74,13079.4
99600,332,2.000e-04,3.22626,0.59376,0.26441,0.09005,0.07957,0.07923,0.05516,0.33723,0.22174,0.11549,11.62937,6.91878,0,8.67,13090.9
99700,332,2.000e-04,3.24452,0.45796,0.28632,0.06946,0.08784,0.05994,0.12551,0.32196,0.21821,0.10375,8.57210,6.86798,0,8.91,13102.2
99800,332,2.000e-04,4.25256,0.09857,0.42598,0.04848,0.18030,0.05124,0.23680,0.36394,0.16223,0.20171,32.43173,13.20528,0,8.63,13113.8
99900,333,2.000e-04,3.95668,0.47239,0.57495,0.07416,0.11976,0.07575,0.11829,0.53050,0.35350,0.17700,22.96288,9.39159,0,8.62,13125.4
100000,333,2.000e-04,3.36748,0.05122,0.49048,0.09472,0.09937,0.09805,0.07891,0.41958,0.19844,0.22114,21.66139,8.59173,0,8.75,13136.8
100100,333,2.000e-04,3.92832,0.50028,0.03816,0.07689,0.13394,0.06741,0.18891,0.56814,0.38789,0.18025,16.49592,6.77469,0,9.07,13147.8
100200,334,2.000e-04,3.02537,0.49539,0.54383,0.06014,0.08332,0.05160,0.05870,0.21083,0.09178,0.11905,14.27363,4.53314,0,9.11,13158.8
100300,334,2.000e-04,2.31058,0.30630,0.15617,0.06303,0.06341,0.05991,0.05684,0.63736,0.33133,0.30603,10.92293,8.43482,0,9.09,13169.8
100400,334,2.000e-04,3.66192,0.30600,0.52560,0.06662,0.13880,0.05151,0.10370,0.57150,0.25295,0.31855,19.13831,5.64145,0,8.93,13181.0
100500,335,2.000e-04,3.69708,0.50561,0.23914,0.09189,0.10919,0.07744,0.11086,0.37217,0.10412,0.26805,18.71936,4.96938,0,8.70,13192.5
100600,335,2.000e-04,3.18455,0.59735,0.29144,0.09851,0.05930,0.08384,0.05970,0.19541,0.12206,0.07335,13.02277,8.04694,0,8.77,13203.9
100700,335,2.000e-04,3.29793,0.49480,0.29975,0.07189,0.10570,0.06246,0.08303,0.45909,0.23101,0.22808,11.47875,9.78533,0,8.62,13215.5
100800,336,2.000e-04,3.62596,0.20340,0.60229,0.12233,0.06668,0.12236,0.06369,0.29787,0.13836,0.15951,22.22557,10.20299,0,9.30,13226.2
100900,336,2.000e-04,3.04032,0.46031,0.19463,0.06513,0.10967,0.05574,0.07174,0.40023,0.23777,0.16246,16.73951,7.23230,0,8.61,13237.8
101000,336,2.000e-04,3.57489,0.47666,0.23647,0.06719,0.11924,0.07937,0.12013,0.35431,0.22314,0.13117,22.24793,6.78610,0,8.71,13249.3
101100,337,2.000e-04,2.79318,0.32440,0.36202,0.08189,0.06419,0.07466,0.05453,0.24374,0.06867,0.17507,7.90598,6.47464,0,8.67,13260.9
101200,337,2.000e-04,2.82116,0.00863,0.58817,0.08518,0.07127,0.06571,0.06627,0.29574,0.18642,0.10931,18.75737,10.99126,0,8.72,13272.3
101300,337,2.000e-04,4.97136,0.16223,0.17462,0.06976,0.25247,0.06895,0.21349,0.55210,0.21782,0.33428,18.71052,7.55656,0,8.92,13283.5
101400,338,2.000e-04,7.58338,0.56467,0.36457,0.09180,0.33985,0.08381,0.38372,0.42755,0.30933,0.11822,30.96163,11.99443,0,9.00,13294.6
101500,338,2.000e-04,3.30909,0.37443,0.29258,0.07770,0.10728,0.07446,0.08399,0.32495,0.13760,0.18735,15.40847,6.30334,0,9.13,13305.6
101600,338,2.000e-04,2.51262,0.40806,0.44422,0.07362,0.04604,0.05915,0.03359,0.20551,0.10899,0.09651,26.17957,8.22401,0,8.96,13316.8
101700,339,2.000e-04,8.58985,0.95375,0.62238,0.07962,0.41759,0.07067,0.33765,0.32242,0.23542,0.08700,27.87196,9.19488,0,9.08,13327.8
101800,339,2.000e-04,3.13893,0.35404,0.80917,0.06396,0.08137,0.05423,0.05027,0.17169,0.09681,0.07488,13.79446,7.83056,0,8.77,13339.2
101900,339,2.000e-04,3.90437,0.30240,0.25286,0.09093,0.12831,0.10303,0.12832,0.32119,0.07652,0.24466,17.55054,5.60622,0,8.68,13350.7
102000,340,2.000e-04,3.45852,0.34710,0.77396,0.09095,0.07179,0.07693,0.06508,0.31311,0.09359,0.21953,15.48252,5.53527,0,1.66,13411.0
102100,340,2.000e-04,2.83253,0.39175,0.33772,0.08696,0.06451,0.06390,0.05379,0.44639,0.17898,0.26740,16.88038,12.97303,0,8.18,13423.2
102200,340,2.000e-04,3.49001,0.58614,0.19030,0.08599,0.10386,0.08783,0.07517,0.28751,0.17878,0.10873,19.42466,8.98996,0,9.31,13434.0
102300,341,2.000e-04,3.21577,0.26618,0.13086,0.07377,0.13446,0.06597,0.08134,0.79105,0.39221,0.39884,22.39297,8.44244,0,11.41,13442.7
102400,341,2.000e-04,4.38682,0.57651,0.73511,0.11734,0.07622,0.12294,0.10498,0.31619,0.22707,0.08913,25.65147,7.82951,0,8.55,13454.4
102500,341,2.000e-04,3.67345,0.30607,0.16235,0.07704,0.15759,0.05465,0.11709,0.24763,0.10604,0.14159,23.01050,7.51212,0,8.65,13466.0
102600,342,2.000e-04,2.87900,0.16724,0.26428,0.07332,0.10142,0.06218,0.07785,0.56663,0.39288,0.17376,17.44253,11.22732,0,9.00,13477.1
102700,342,2.000e-04,2.11483,0.16214,0.11752,0.05925,0.06929,0.04948,0.06047,0.72652,0.34340,0.38312,16.73821,12.39279,0,8.53,13488.8
102800,342,2.000e-04,3.87910,0.60356,0.85550,0.06441,0.10476,0.05762,0.08803,0.28466,0.17170,0.11297,13.36673,11.45896,0,8.64,13500.4
102900,343,2.000e-04,3.96803,0.15533,0.89497,0.05798,0.14571,0.05206,0.12409,0.23835,0.02099,0.21737,27.02267,14.65625,0,8.60,13512.0
103000,343,2.000e-04,3.34626,0.58169,0.47914,0.08690,0.08906,0.06022,0.04494,0.22375,0.16310,0.06064,21.26316,5.86821,0,8.85,13523.3
103100,343,2.000e-04,3.56501,0.79894,0.16391,0.07306,0.10406,0.06338,0.10281,0.58790,0.17896,0.40894,15.75607,9.84946,0,8.53,13535.0
103200,344,2.000e-04,3.46551,0.32078,0.36115,0.08921,0.09139,0.07838,0.11715,0.37566,0.18282,0.19284,11.21278,8.18040,0,8.55,13546.7
103300,344,2.000e-04,2.62605,0.59872,0.24368,0.05599,0.06745,0.05632,0.05352,0.33532,0.28684,0.04847,10.11737,8.20433,0,8.51,13558.5
103400,344,2.000e-04,3.52246,0.19055,0.68100,0.06339,0.10469,0.05602,0.13799,0.47452,0.28531,0.18921,21.34991,16.97964,0,8.79,13569.9
103500,345,2.000e-04,3.59926,0.19308,1.09874,0.06020,0.09224,0.04633,0.11028,0.15597,0.09583,0.06015,18.03680,7.46499,0,8.76,13581.3
103600,345,2.000e-04,3.37800,0.62346,0.85971,0.07094,0.05424,0.08329,0.04532,0.26464,0.10920,0.15544,22.60195,10.72878,0,8.62,13592.9
103700,345,2.000e-04,3.42234,0.44281,0.93036,0.08078,0.04971,0.10347,0.04539,0.19558,0.11459,0.08099,23.82622,7.20049,0,8.75,13604.3
103800,346,2.000e-04,4.26218,0.53660,1.24147,0.08407,0.09110,0.07120,0.07528,0.24472,0.11205,0.13266,23.90468,10.00790,0,8.45,13616.1
103900,346,2.000e-04,3.35505,0.20475,0.66960,0.08137,0.08951,0.06200,0.09237,0.32600,0.14043,0.18557,11.55473,8.30233,0,9.22,13627.0
104000,346,2.000e-04,2.82752,0.27255,0.12926,0.08282,0.07943,0.10228,0.05835,0.38024,0.21945,0.16079,12.33458,7.37332,0,9.17,13637.9
104100,347,2.000e-04,4.62178,0.45233,1.79970,0.09042,0.06895,0.08487,0.07035,0.33060,0.21007,0.12053,30.86245,12.50118,0,9.16,13648.8
104200,347,2.000e-04,2.72367,0.37166,0.36935,0.06969,0.06465,0.07376,0.05409,0.63881,0.42201,0.21680,13.40507,11.97977,0,8.93,13660.0
104300,347,2.000e-04,4.83701,0.44254,0.49630,0.09418,0.18377,0.07726,0.14648,0.17017,0.07766,0.09251,20.91241,8.74350,0,9.82,13670.2
104400,348,2.000e-04,3.21275,0.34520,0.07818,0.07423,0.10410,0.06955,0.13167,0.47188,0.35372,0.11816,20.02876,10.83213,0,10.29,13679.9
104500,348,2.000e-04,3.78502,1.22419,0.48545,0.07107,0.06866,0.07156,0.06405,0.49774,0.11223,0.38551,11.75440,12.94963,0,8.86,13691.2
104600,348,2.000e-04,4.01296,0.14950,0.88090,0.05007,0.17703,0.05086,0.09144,0.39009,0.20784,0.18225,17.02684,12.04601,0,8.63,13702.8
104700,349,2.000e-04,4.14156,0.54299,0.31947,0.07958,0.14737,0.06224,0.13967,0.37226,0.21318,0.15907,15.82991,7.88330,0,10.01,13712.7
104800,349,2.000e-04,4.86809,0.46173,0.18214,0.08056,0.20900,0.06848,0.19724,0.75370,0.29933,0.45437,33.63075,11.59706,0,10.22,13722.5
104900,349,2.000e-04,3.30309,0.48902,0.74844,0.08334,0.05900,0.07683,0.05161,0.35270,0.10393,0.24877,25.45791,10.70424,0,10.59,13732.0
105000,350,2.000e-04,3.43214,0.48409,0.36034,0.09285,0.08348,0.08040,0.08448,0.25475,0.14875,0.10600,13.51869,10.97943,0,1.60,13794.4
105100,350,2.000e-04,4.32278,0.48901,0.25198,0.09216,0.13886,0.09223,0.16209,0.40353,0.21375,0.18978,19.57008,8.85372,0,9.29,13805.2
105200,350,2.000e-04,3.21487,0.41972,0.15667,0.07604,0.09486,0.07716,0.10873,0.36708,0.23522,0.13185,14.98656,6.24028,0,9.23,13816.0
105300,351,2.000e-04,2.80872,0.29310,0.27279,0.08394,0.07598,0.06147,0.06726,0.64445,0.19917,0.44528,15.63995,5.27967,0,9.34,13826.7
105400,351,2.000e-04,4.15893,0.31412,0.33122,0.06702,0.16347,0.07550,0.16624,0.53690,0.17981,0.35709,19.24657,7.64389,0,9.84,13836.9
105500,351,2.000e-04,3.92305,0.49179,0.29546,0.08173,0.12884,0.09030,0.11571,0.51439,0.13196,0.38242,20.65830,11.29309,0,9.30,13847.6
105600,352,2.000e-04,2.32806,0.46066,0.07787,0.05495,0.07142,0.04830,0.05688,0.52458,0.15661,0.36797,13.32880,15.89120,0,8.55,13859.3
105700,352,2.000e-04,3.36147,0.55284,0.63909,0.09717,0.05608,0.08945,0.03796,0.31934,0.15327,0.16607,15.16614,5.75140,0,8.59,13871.0
105800,352,2.000e-04,2.71796,0.34784,0.09934,0.05747,0.09418,0.07401,0.07685,0.55094,0.28624,0.26470,13.04675,13.93018,0,9.12,13881.9
105900,353,2.000e-04,3.03208,0.20623,0.42785,0.05499,0.10933,0.04602,0.10494,0.51055,0.16522,0.34533,14.96208,9.10657,0,8.59,13893.6
106000,353,2.000e-04,3.16235,0.10530,0.86285,0.07163,0.07286,0.07431,0.07556,0.48251,0.27475,0.20777,12.74383,10.61151,0,8.28,13905.6
106100,353,2.000e-04,3.24495,0.25493,0.29357,0.09476,0.08945,0.08542,0.08545,0.69095,0.36446,0.32650,19.95933,14.61914,0,8.38,13917.6
106200,354,2.000e-04,2.28825,0.03886,0.29610,0.06059,0.07169,0.06497,0.06113,0.49345,0.28223,0.21122,18.62787,9.04747,0,8.66,13929.1
106300,354,2.000e-04,2.57347,0.10813,0.29709,0.08302,0.07677,0.05880,0.05527,0.21792,0.04810,0.16982,16.58203,5.90195,0,8.52,13940.9
106400,354,2.000e-04,2.99570,0.12924,0.02109,0.08066,0.12617,0.06301,0.09240,0.75547,0.37333,0.38215,11.53834,9.67188,0,9.81,13951.1
106500,355,2.000e-04,3.68259,0.52487,0.36749,0.09590,0.10617,0.08818,0.06573,0.56099,0.32422,0.23677,22.63886,12.48249,0,8.86,13962.3
106600,355,2.000e-04,3.93110,0.56377,0.34619,0.07640,0.08280,0.07602,0.20982,0.25522,0.07443,0.18079,12.85203,8.60057,0,8.58,13974.0
106700,355,2.000e-04,4.10035,0.69532,0.59161,0.06254,0.13653,0.07920,0.08534,0.36941,0.12971,0.23969,17.67085,8.92706,0,8.78,13985.4
106800,356,2.000e-04,4.02114,0.31914,0.51411,0.07578,0.13173,0.09839,0.12415,0.41191,0.11079,0.30112,14.14756,5.51585,0,9.57,13995.8
106900,356,2.000e-04,2.76429,0.51871,0.25735,0.06499,0.05024,0.07882,0.08837,0.48056,0.18809,0.29247,17.20535,6.44955,0,9.56,14006.3
107000,356,2.000e-04,2.78679,0.52109,0.39891,0.06154,0.06282,0.05535,0.06929,0.53706,0.26428,0.27278,18.98692,6.43718,0,9.59,14016.7
107100,357,2.000e-04,3.39191,0.39556,0.45107,0.07984,0.09299,0.08715,0.07624,0.34566,0.16570,0.17996,15.42083,5.47318,0,9.12,14027.7
107200,357,2.000e-04,2.92561,0.43458,0.46329,0.06472,0.08544,0.06169,0.04354,0.43560,0.32162,0.11398,18.50166,14.02555,0,8.54,14039.4
107300,357,2.000e-04,3.09494,0.52957,0.34599,0.05834,0.09320,0.06203,0.07875,0.25592,0.13159,0.12433,12.44401,8.03299,0,8.61,14051.0
107400,358,2.000e-04,3.79342,0.12843,0.60249,0.09109,0.11557,0.10720,0.09197,0.28718,0.10069,0.18648,23.14705,9.26440,0,8.69,14062.5
107500,358,2.000e-04,3.07861,0.41216,0.23990,0.08730,0.07500,0.08395,0.07676,0.61332,0.24205,0.37127,7.07287,12.53151,0,8.57,14074.2
107600,358,2.000e-04,3.62270,0.45578,0.85642,0.09605,0.07174,0.08087,0.04565,0.36383,0.17976,0.18407,17.20936,9.33295,0,8.73,14085.6
107700,359,2.000e-04,3.36122,0.35593,1.14995,0.06254,0.06618,0.06004,0.05358,0.53138,0.25886,0.27253,22.22206,16.15667,0,8.94,14096.8
107800,359,2.000e-04,3.58171,0.30264,0.56595,0.06406,0.11155,0.07690,0.11451,0.43325,0.23813,0.19513,9.38360,9.13208,0,8.84,14108.1
107900,359,2.000e-04,2.97394,0.61792,0.36257,0.06957,0.05531,0.06672,0.08220,0.21238,0.09834,0.11404,12.17237,8.15084,0,8.50,14119.9
108000,360,2.000e-04,2.73333,0.20514,0.30847,0.08284,0.07096,0.07329,0.06307,0.38780,0.13188,0.25593,12.34116,7.37863,0,1.62,14181.7
108100,360,2.000e-04,2.82439,0.36227,0.62220,0.06921,0.05925,0.06391,0.04716,0.27203,0.14659,0.12544,13.51589,7.18150,0,8.18,14193.9
108200,360,2.000e-04,9.53026,0.45923,0.26167,0.06512,0.47813,0.11479,0.56059,0.20683,0.11516,0.09167,25.01784,9.44856,0,8.64,14205.5
108300,361,2.000e-04,2.84093,0.16862,0.53631,0.06158,0.08104,0.08357,0.05840,0.45012,0.28074,0.16939,14.02497,7.94244,0,9.63,14215.9
108400,361,2.000e-04,2.91702,0.40829,0.15565,0.05925,0.09334,0.05287,0.11256,0.50158,0.07670,0.42488,15.36771,7.99104,0,9.65,14226.2
108500,361,2.000e-04,2.52574,0.20001,0.63888,0.06653,0.05285,0.06091,0.03770,0.36339,0.25590,0.10749,14.96685,7.45511,0,9.34,14236.9
108600,362,2.000e-04,3.43747,0.25470,0.72905,0.07620,0.09791,0.07454,0.06799,0.40112,0.22034,0.18078,14.12228,8.96315,0,8.78,14248.3
108700,362,2.000e-04,2.32694,0.31835,0.35116,0.07296,0.04344,0.05032,0.04836,0.20681,0.11028,0.09653,11.65033,5.58400,0,8.97,14259.5
108800,362,2.000e-04,3.89551,0.32229,0.49204,0.08328,0.13573,0.06695,0.11127,0.24352,0.10285,0.14067,20.96873,5.30308,0,8.91,14270.7
108900,363,2.000e-04,3.30987,0.20726,0.94260,0.09426,0.05589,0.08280,0.04890,0.26404,0.23228,0.03176,20.84865,6.24376,0,9.71,14281.0
109000,363,2.000e-04,3.35715,0.58041,0.55978,0.08455,0.06411,0.08562,0.06045,0.32092,0.09810,0.22282,15.00841,6.45471,0,9.29,14291.7
109100,363,2.000e-04,3.97119,0.74612,0.46614,0.10669,0.07241,0.12730,0.06630,0.41052,0.26302,0.14751,17.15503,15.17507,0,10.23,14301.5
109200,364,2.000e-04,4.06681,0.41739,1.04448,0.09261,0.09987,0.07334,0.06268,0.14393,0.05224,0.09169,21.86353,6.86963,0,8.67,14313.0
109300,364,2.000e-04,3.26233,0.97371,0.41380,0.03509,0.09452,0.04715,0.06859,0.29029,0.10708,0.18321,17.33798,6.37262,0,9.27,14323.8
109400,364,2.000e-04,3.61416,0.58244,0.42161,0.08417,0.09040,0.07517,0.09772,0.41305,0.16572,0.24732,20.90209,7.47073,0,9.12,14334.8
109500,365,2.000e-04,3.28490,0.82813,0.24651,0.04359,0.09536,0.06926,0.09489,0.32033,0.16706,0.15327,17.75501,9.02611,0,8.74,14346.2
109600,365,2.000e-04,2.30346,0.23351,0.30824,0.05703,0.06313,0.05540,0.05662,0.30766,0.13157,0.17609,10.97179,7.24052,0,8.64,14357.8
109700,365,2.000e-04,3.58900,0.38763,0.34350,0.09810,0.08868,0.14182,0.05620,0.25135,0.07044,0.18091,26.52549,6.48500,0,8.90,14369.0
109800,366,2.000e-04,2.90090,0.22224,0.56828,0.07466,0.07398,0.07441,0.05038,0.50504,0.28872,0.21632,14.00800,10.46481,0,8.87,14380.3
109900,366,2.000e-04,3.77482,0.83443,0.77119,0.07011,0.09117,0.05977,0.05151,0.18653,0.11399,0.07254,16.27933,6.66618,0,9.38,14391.0
110000,366,2.000e-04,2.62929,0.34778,0.48359,0.04699,0.06135,0.08336,0.05954,0.22963,0.04729,0.18234,9.17343,10.42834,0,8.44,14402.8
110100,367,2.000e-04,3.21928,0.41427,0.20121,0.08897,0.09337,0.08107,0.07501,0.31147,0.22501,0.08646,13.75463,7.42556,0,9.04,14413.9
110200,367,2.000e-04,3.47929,0.53179,0.23444,0.10839,0.07530,0.08290,0.09234,0.52505,0.31806,0.20699,15.75730,11.71600,0,8.78,14425.3
110300,367,2.000e-04,3.24585,0.38247,0.59635,0.07700,0.09069,0.06457,0.05346,0.38377,0.18682,0.19694,20.76915,10.44842,0,8.38,14437.2
110400,368,2.000e-04,2.62790,0.18907,0.26209,0.06869,0.07386,0.06928,0.08098,0.44099,0.28074,0.16025,15.07995,8.64906,0,8.56,14448.9
110500,368,2.000e-04,2.95590,0.21899,0.20800,0.07068,0.10327,0.05952,0.09834,0.78638,0.33418,0.45220,11.11407,13.54904,0,8.56,14460.6
110600,368,2.000e-04,3.96533,0.71458,0.15063,0.12572,0.06580,0.17863,0.05835,0.45125,0.20057,0.25069,27.37907,10.57677,0,8.54,14472.3
110700,369,2.000e-04,3.57516,0.34452,0.56784,0.07712,0.10895,0.07202,0.08840,0.29838,0.19482,0.10356,19.66019,5.60459,0,8.70,14483.8
110800,369,2.000e-04,2.89749,0.45764,0.26523,0.06979,0.07998,0.05932,0.07607,0.53230,0.26691,0.26538,10.28112,9.21196,0,8.78,14495.2
110900,369,2.000e-04,3.44538,0.26077,0.33400,0.09788,0.10032,0.08421,0.08951,0.29844,0.12547,0.17297,14.43013,11.12236,0,8.74,14506.6
111000,370,2.000e-04,3.09513,0.89398,0.12043,0.05751,0.06822,0.05405,0.11062,0.46139,0.17972,0.28167,6.98383,13.37165,0,1.66,14566.8
111100,370,2.000e-04,3.03291,0.70753,0.26805,0.05924,0.07824,0.05735,0.07914,0.22746,0.04560,0.18186,26.57457,5.87521,0,8.06,14579.2
111200,370,2.000e-04,3.35336,0.58247,0.29120,0.07230,0.09815,0.06993,0.08510,0.46079,0.28695,0.17384,15.99949,5.64570,0,8.88,14590.4
111300,371,2.000e-04,4.15117,0.45266,0.61269,0.11629,0.11196,0.09210,0.06855,0.18525,0.03690,0.14834,19.07430,6.98048,0,8.69,14601.9
111400,371,2.000e-04,2.77700,0.40761,0.12354,0.07103,0.09479,0.05630,0.06123,0.38323,0.23879,0.14444,16.16568,9.54985,0,8.51,14613.7
111500,371,2.000e-04,2.67548,0.26004,0.37537,0.07379,0.07766,0.06311,0.04200,0.28730,0.13734,0.14996,13.50665,11.88926,0,8.54,14625.4
111600,372,2.000e-04,2.57904,0.39107,0.41080,0.04932,0.06907,0.04520,0.07346,0.31805,0.08049,0.23755,8.91527,8.97380,0,9.08,14636.4
111700,372,2.000e-04,2.86468,0.37904,0.50986,0.05361,0.08442,0.05971,0.05940,0.23151,0.11815,0.11336,14.20927,7.81558,0,8.86,14647.7
111800,372,2.000e-04,2.79995,0.40334,0.60867,0.08076,0.04014,0.07279,0.04299,0.17846,0.07781,0.10064,15.05336,5.81460,0,9.07,14658.7
111900,373,2.000e-04,3.68311,0.29695,0.79514,0.10901,0.07849,0.09546,0.04773,0.21457,0.07853,0.13604,19.89363,7.06269,0,8.51,14670.5
112000,373,2.000e-04,3.83317,1.04658,0.10749,0.08060,0.10425,0.08187,0.08425,0.30292,0.11398,0.18894,15.14215,9.65583,0,8.14,14682.8
112100,373,2.000e-04,3.70490,0.31309,0.34122,0.07753,0.13106,0.07404,0.11890,0.39297,0.15712,0.23586,21.52114,6.90903,0,8.32,14694.8
112200,374,2.000e-04,4.23110,0.65395,0.45685,0.08858,0.13962,0.09548,0.07218,0.29719,0.10744,0.18975,24.19556,5.16925,0,8.11,14707.1
112300,374,2.000e-04,3.76265,0.37467,0.46034,0.13703,0.07112,0.10900,0.06023,0.56388,0.12342,0.44046,21.98951,8.71160,0,8.67,14718.7
112400,374,2.000e-04,3.03132,0.69716,0.18059,0.05880,0.07500,0.05845,0.10465,0.47653,0.18399,0.29253,11.10639,13.09881,0,8.35,14730.6
112500,375,2.000e-04,3.72261,0.42853,0.60991,0.05961,0.12140,0.06965,0.10517,0.30374,0.14710,0.15663,16.76761,7.39643,0,8.31,14742.7
112600,375,2.000e-04,3.13585,0.28145,0.42363,0.08135,0.08625,0.07474,0.07621,0.24313,0.18504,0.05809,15.60700,9.39698,0,9.46,14753.2
112700,375,2.000e-04,2.88356,0.35379,0.28210,0.07333,0.07778,0.08540,0.06192,0.44848,0.25122,0.19726,18.15928,12.57404,0,8.81,14764.6
112800,376,2.000e-04,3.47630,0.80455,0.17143,0.06837,0.11361,0.06059,0.07552,0.62653,0.32562,0.30090,16.42360,20.35887,0,8.83,14775.9
112900,376,2.000e-04,5.61893,0.32126,0.43496,0.08113,0.23320,0.08354,0.26034,0.39855,0.16788,0.23067,28.63753,5.23653,0,8.49,14787.7
113000,376,2.000e-04,6.68836,0.19902,0.28460,0.05581,0.35716,0.06925,0.34576,0.54530,0.27208,0.27322,23.35968,13.28430,0,8.51,14799.5
113100,377,2.000e-04,3.16418,0.66825,0.77964,0.03544,0.08432,0.05390,0.04984,0.17595,0.07771,0.09824,20.30938,6.32231,0,8.57,14811.1
113200,377,2.000e-04,2.81188,0.33614,0.15126,0.07013,0.08682,0.06762,0.08339,0.68888,0.20464,0.48424,16.38233,11.50870,0,8.91,14822.4
113300,377,2.000e-04,3.26945,0.28762,0.62416,0.05119,0.10274,0.08401,0.07966,0.24556,0.03445,0.21111,16.58077,7.11215,0,8.91,14833.6
113400,378,2.000e-04,3.74396,0.66098,0.46734,0.06419,0.10774,0.06316,0.11612,0.21321,0.06039,0.15282,22.47426,7.91545,0,8.70,14845.1
113500,378,2.000e-04,3.16729,0.78674,0.10624,0.09311,0.06494,0.08475,0.05402,0.54818,0.26250,0.28568,14.50416,15.46725,0,8.57,14856.8
113600,378,2.000e-04,3.00056,0.25400,0.25182,0.11770,0.06552,0.07954,0.05295,0.34145,0.13415,0.20730,18.75484,10.27598,0,8.76,14868.2
113700,379,2.000e-04,3.56994,0.41080,0.60034,0.05615,0.11253,0.05536,0.11905,1.06364,0.40441,0.65923,22.43947,14.38717,0,9.46,14878.7
113800,379,2.000e-04,2.88879,0.34435,0.48879,0.05294,0.09358,0.04542,0.07268,0.29096,0.14777,0.14319,15.33936,11.72715,0,8.56,14890.4
113900,379,2.000e-04,3.91459,0.40524,1.04013,0.06990,0.09453,0.07100,0.09399,0.51055,0.24909,0.26146,32.17171,15.45438,0,9.51,14900.9
114000,380,2.000e-04,3.20181,0.60491,0.43646,0.05400,0.10035,0.04382,0.07956,0.68094,0.35227,0.32867,16.58646,13.08158,0,1.64,14961.9
114100,380,2.000e-04,3.05853,0.41591,0.66373,0.07186,0.06414,0.07783,0.04594,0.33632,0.18225,0.15407,15.41490,11.41185,0,8.10,14974.2
114200,380,2.000e-04,2.69540,0.18258,0.44424,0.09365,0.05194,0.07979,0.04274,0.32497,0.20198,0.12299,19.85943,9.21533,0,8.35,14986.2
114300,381,2.000e-04,3.48659,0.74956,0.81964,0.05505,0.07402,0.07110,0.05423,0.21412,0.08376,0.13036,12.41922,5.25238,0,8.24,14998.4
114400,381,2.000e-04,2.65811,0.69380,0.17121,0.07284,0.05595,0.05176,0.04927,0.40659,0.26197,0.14462,13.01713,8.66274,0,8.12,15010.7
114500,381,2.000e-04,2.60532,0.36514,0.48793,0.06281,0.05497,0.07090,0.04399,0.53530,0.38771,0.14759,12.40551,9.16200,0,7.93,15023.3
114600,382,2.000e-04,2.50480,0.55804,0.54037,0.05346,0.04771,0.04532,0.03362,0.24857,0.07255,0.17602,12.15967,7.01869,0,8.03,15035.7
114700,382,2.000e-04,2.82723,0.48766,0.32485,0.08947,0.05423,0.07800,0.03753,0.33441,0.10930,0.22512,11.86217,9.43725,0,8.11,15048.0
114800,382,2.000e-04,3.60983,0.45047,0.46267,0.08784,0.09928,0.07180,0.09330,0.37781,0.23235,0.14546,17.06072,6.85400,0,8.11,15060.4
114900,383,2.000e-04,3.40801,0.35556,0.89474,0.07592,0.08453,0.04603,0.06461,0.35572,0.14903,0.20669,15.04874,9.33827,0,8.30,15072.4
115000,383,2.000e-04,3.94344,0.55248,0.90254,0.06669,0.09210,0.07881,0.10130,0.32140,0.16523,0.15618,22.29348,8.74973,0,8.89,15083.7
115100,383,2.000e-04,2.58254,0.58006,0.20329,0.05262,0.06973,0.05637,0.05876,0.76142,0.53756,0.22386,11.88144,17.06195,0,8.54,15095.4
115200,384,2.000e-04,3.60621,0.32155,0.59162,0.08961,0.10723,0.06339,0.08155,0.41367,0.20709,0.20658,16.04469,8.21733,0,8.42,15107.3
115300,384,2.000e-04,3.59376,0.46109,0.74330,0.04483,0.10669,0.05325,0.12157,0.22532,0.15204,0.07329,14.68635,10.94712,0,8.36,15119.2
115400,384,2.000e-04,2.48976,0.43180,0.12725,0.05055,0.08436,0.04731,0.06901,0.33108,0.24102,0.09006,12.81290,8.71872,0,8.41,15131.1
115500,385,2.000e-04,3.91443,0.36210,0.31794,0.07725,0.14916,0.06086,0.13322,0.57353,0.16234,0.41119,21.23974,11.34095,0,8.50,15142.9
115600,385,2.000e-04,2.52675,0.43740,0.23503,0.07347,0.06169,0.05808,0.04246,0.63807,0.34027,0.29780,14.29066,8.60876,0,8.42,15154.8
115700,385,2.000e-04,3.42169,0.52411,0.35957,0.09080,0.08843,0.07802,0.07114,0.66163,0.24269,0.41894,17.63206,12.36400,0,8.93,15166.0
115800,386,2.000e-04,3.08851,0.28413,0.41801,0.06407,0.09264,0.05956,0.10430,0.53404,0.28284,0.25120,19.26776,12.54139,0,8.74,15177.4
115900,386,2.000e-04,3.68121,0.93713,0.57275,0.06910,0.08552,0.05918,0.06585,0.23734,0.13278,0.10456,16.52896,7.82473,0,8.76,15188.8
116000,386,2.000e-04,3.64600,0.60024,0.25883,0.06826,0.12528,0.06487,0.10543,0.32334,0.14147,0.18187,18.76940,9.28658,0,9.03,15199.9
116100,387,2.000e-04,3.64295,0.46079,0.58657,0.07129,0.09578,0.06462,0.12036,0.40383,0.23734,0.16649,16.65942,6.67383,0,8.68,15211.4
116200,387,2.000e-04,3.59524,0.74653,0.87944,0.04676,0.10231,0.05762,0.03809,0.52554,0.31648,0.20906,23.12210,7.23556,0,8.50,15223.2
116300,387,2.000e-04,4.31381,0.26444,0.61989,0.10808,0.12340,0.11366,0.10927,0.61368,0.18716,0.42652,17.90467,9.57179,0,8.40,15235.1
116400,388,2.000e-04,2.80723,0.09778,0.18254,0.08039,0.09276,0.08399,0.07509,0.45780,0.10635,0.35145,14.48533,8.93447,0,8.54,15246.8
116500,388,2.000e-04,3.81785,0.76400,0.55882,0.06834,0.09441,0.05395,0.11957,0.26399,0.11764,0.14635,14.53706,6.20003,0,8.73,15258.3
116600,388,2.000e-04,3.05230,0.42355,0.14434,0.07042,0.11044,0.06721,0.06795,0.37578,0.20972,0.16606,36.68268,7.16436,0,9.01,15269.4
116700,389,2.000e-04,2.94430,0.70382,0.10744,0.07086,0.08092,0.06699,0.05607,0.33830,0.16023,0.17807,13.95242,11.76192,0,8.83,15280.7
116800,389,2.000e-04,3.79469,0.23926,0.21524,0.08936,0.12036,0.07080,0.17778,0.51608,0.13887,0.37721,20.14146,6.84184,0,8.60,15292.3
116900,389,2.000e-04,3.01220,0.22559,0.60955,0.06796,0.09121,0.06699,0.05008,0.59105,0.31245,0.27860,13.06809,9.06702,0,8.25,15304.4
117000,390,2.000e-04,2.82402,0.26650,0.22225,0.08748,0.06558,0.08128,0.07964,0.29165,0.16547,0.12619,13.21992,5.90740,0,1.64,15365.3
117100,390,2.000e-04,3.17322,0.90273,0.11907,0.08414,0.06376,0.07597,0.05851,0.48016,0.05983,0.42033,16.09247,15.22084,0,8.06,15377.7
117200,390,2.000e-04,3.43375,0.36503,0.66177,0.07605,0.10621,0.06177,0.05511,0.51970,0.31212,0.20758,17.93462,10.52232,0,8.73,15389.2
117300,391,2.000e-04,2.61389,0.14533,0.36638,0.08945,0.05676,0.07682,0.05119,0.22130,0.07696,0.14434,11.16290,4.03235,0,8.76,15400.6
117400,391,2.000e-04,3.61947,0.30248,1.00639,0.07862,0.08387,0.06421,0.07293,0.61334,0.20096,0.41238,14.72275,7.82242,0,8.45,15412.4
117500,391,2.000e-04,2.81214,0.24797,0.26615,0.07752,0.07278,0.07278,0.08622,0.75055,0.31520,0.43535,15.05109,12.09162,0,8.75,15423.9
117600,392,2.000e-04,3.03842,0.19488,0.74414,0.08148,0.06720,0.06900,0.05351,0.24833,0.13004,0.11829,19.38632,9.45934,0,8.75,15435.3
117700,392,2.000e-04,4.12653,0.56256,0.64944,0.06862,0.13381,0.07514,0.10291,0.53966,0.20536,0.33430,15.91472,13.08345,0,8.96,15446.5
117800,392,2.000e-04,3.55812,0.83040,0.28766,0.07216,0.10292,0.07043,0.06742,0.46654,0.12462,0.34193,17.93858,9.36334,0,10.24,15456.2
117900,393,2.000e-04,2.50373,0.27750,0.15277,0.08179,0.06953,0.07078,0.04128,0.10806,0.06417,0.04389,18.73695,7.40031,0,9.06,15467.3
118000,393,2.000e-04,2.72871,0.41144,0.41739,0.05491,0.07209,0.06824,0.05773,0.51238,0.25925,0.25313,11.39002,8.15648,0,9.02,15478.4
118100,393,2.000e-04,4.29975,0.17299,0.61359,0.06153,0.17940,0.06218,0.15860,0.30778,0.19168,0.11610,21.14027,9.70852,0,8.98,15489.5
118200,394,2.000e-04,2.81238,0.46531,0.30590,0.07922,0.06457,0.06996,0.05069,0.27383,0.14365,0.13018,13.05265,7.66443,0,9.01,15500.6
118300,394,2.000e-04,2.96291,0.55950,0.23921,0.07743,0.07365,0.06430,0.06639,0.55486,0.17152,0.38334,12.25524,9.79164,0,9.18,15511.5
118400,394,2.000e-04,2.70855,0.42256,0.11185,0.05517,0.09177,0.07635,0.06459,0.25515,0.16579,0.08936,14.33268,11.09607,0,8.91,15522.7
118500,395,2.000e-04,3.66341,0.59957,0.44746,0.08312,0.09208,0.07733,0.09554,0.59692,0.33756,0.25936,18.24712,8.52602,0,8.84,15534.0
118600,395,2.000e-04,2.98045,0.17005,0.30831,0.05573,0.10814,0.06110,0.11159,0.38457,0.26446,0.12011,17.49148,7.93716,0,8.89,15545.3
118700,395,2.000e-04,4.41926,0.41181,0.38336,0.11354,0.12303,0.13295,0.11872,0.68202,0.24693,0.43508,20.92727,12.96019,0,8.90,15556.5
118800,396,2.000e-04,3.04621,0.29113,0.29847,0.12494,0.05735,0.07838,0.04837,0.37329,0.20027,0.17302,21.49264,7.62275,0,8.77,15567.9
118900,396,2.000e-04,3.40925,0.19042,0.48891,0.05446,0.13682,0.04293,0.12048,0.53775,0.37999,0.15775,18.00044,8.89984,0,8.63,15579.5
119000,396,2.000e-04,3.55945,0.65360,0.38733,0.05636,0.12712,0.04837,0.08837,0.29135,0.20405,0.08730,18.80244,12.25866,0,8.31,15591.5
119100,397,2.000e-04,3.24403,0.28140,0.18184,0.08508,0.09047,0.08502,0.12005,0.56487,0.40422,0.16065,23.12836,15.70018,0,8.57,15603.2
119200,397,2.000e-04,2.83394,0.48308,0.37066,0.05351,0.08184,0.05971,0.06564,0.57094,0.35523,0.21571,12.21420,11.48042,0,8.85,15614.5
119300,397,2.000e-04,3.72652,0.85170,0.15392,0.05837,0.12329,0.05207,0.12878,0.45702,0.21195,0.24507,15.14107,9.57288,0,8.66,15626.1
119400,398,2.000e-04,3.32161,0.55354,0.64348,0.06825,0.06781,0.07860,0.07419,0.61980,0.31093,0.30887,19.20075,11.79282,0,8.64,15637.6
119500,398,2.000e-04,2.59061,0.41400,0.35520,0.06388,0.06535,0.05979,0.04603,0.33774,0.12138,0.21636,11.91728,11.19862,0,8.36,15649.6
119600,398,2.000e-04,3.55758,0.58699,0.17643,0.09477,0.10423,0.07742,0.08340,0.39427,0.21740,0.17687,20.18543,13.15925,0,8.54,15661.3
119700,399,2.000e-04,2.96481,0.34436,0.28913,0.09014,0.07333,0.07603,0.06328,0.28688,0.15151,0.13537,14.89167,7.56277,0,8.59,15672.9
119800,399,2.000e-04,3.17858,0.44304,0.49822,0.07657,0.07821,0.08256,0.05535,0.59647,0.35681,0.23966,14.59577,8.35941,0,9.28,15683.7
119900,399,2.000e-04,3.74139,0.77727,0.48780,0.07596,0.08848,0.08191,0.08449,0.59600,0.36623,0.22977,16.14099,9.50930,0,8.65,15695.3
120000,400,2.000e-04,2.81966,0.77511,0.52115,0.05538,0.05454,0.04742,0.03742,0.23962,0.15309,0.08653,14.15649,5.07690,0,1.60,15757.6
120100,400,2.000e-04,2.65639,0.40523,0.09864,0.08490,0.07489,0.05864,0.05229,0.32420,0.05318,0.27103,14.39434,7.42843,0,8.09,15770.0
120200,400,2.000e-04,3.59201,0.61234,0.41364,0.07023,0.10486,0.06232,0.10070,0.36314,0.19589,0.16725,15.62560,8.35452,0,8.55,15781.7
120300,401,2.000e-04,3.12626,0.65588,0.14754,0.07163,0.09566,0.05831,0.07168,0.49967,0.27821,0.22147,11.52871,10.16752,0,8.82,15793.0
120400,401,2.000e-04,3.11357,0.48639,0.38652,0.09332,0.06107,0.09294,0.04641,0.47409,0.21121,0.26288,12.14553,8.94256,0,9.93,15803.1
120500,401,2.000e-04,3.06386,0.57199,0.53832,0.07052,0.06810,0.05796,0.05551,0.33950,0.19181,0.14770,9.93998,10.80828,0,9.34,15813.8
120600,402,2.000e-04,2.46523,0.15323,0.39470,0.06378,0.06309,0.07733,0.05239,0.40824,0.13857,0.26968,14.74459,18.42546,0,10.10,15823.7
120700,402,2.000e-04,2.41430,0.17980,0.25263,0.08047,0.05901,0.07488,0.04254,0.40339,0.12641,0.27698,13.24250,10.01831,0,8.69,15835.2
120800,402,2.000e-04,3.56547,0.25260,0.47242,0.07846,0.11093,0.07569,0.11362,0.25442,0.17334,0.08108,20.87003,11.00158,0,8.80,15846.6
120900,403,2.000e-04,3.26943,0.73857,0.29153,0.04750,0.10963,0.04371,0.08989,1.05845,0.55972,0.49873,10.71736,20.97153,0,8.53,15858.3
121000,403,2.000e-04,3.51575,0.73059,0.46532,0.05228,0.09760,0.06941,0.09478,0.44332,0.16151,0.28181,14.67331,12.08042,0,8.86,15869.6
121100,403,2.000e-04,3.35542,0.29675,0.74435,0.06650,0.10415,0.06463,0.05693,0.35365,0.19984,0.15382,17.08066,15.78006,0,8.45,15881.4
121200,404,2.000e-04,2.63233,0.39005,0.57408,0.04493,0.06589,0.06595,0.04603,0.21403,0.08104,0.13299,22.91358,10.66255,0,8.63,15893.0
121300,404,2.000e-04,3.66824,0.46068,0.73934,0.06222,0.11376,0.05974,0.08196,0.46865,0.24347,0.22519,11.99017,14.34886,0,8.63,15904.6
121400,404,2.000e-04,2.97020,0.35331,0.35745,0.07318,0.08484,0.07256,0.06328,0.53854,0.22938,0.30916,10.81512,7.08207,0,8.92,15915.8
121500,405,2.000e-04,3.06543,0.72356,0.12928,0.09801,0.04876,0.09406,0.05492,0.75373,0.39312,0.36062,8.82393,12.06571,0,9.13,15926.8
121600,405,2.000e-04,3.62586,0.44523,0.91028,0.07890,0.08458,0.06195,0.06517,0.28041,0.10951,0.17090,11.49239,5.27434,0,9.29,15937.5
121700,405,2.000e-04,3.17896,0.25459,0.16218,0.08812,0.10261,0.07779,0.09317,0.28875,0.12628,0.16247,12.68918,10.03794,0,8.98,15948.7
121800,406,2.000e-04,2.64451,0.22903,0.55760,0.05430,0.06902,0.04817,0.07678,0.31854,0.16278,0.15576,17.50039,9.34939,0,8.88,15959.9
121900,406,2.000e-04,3.74119,0.76850,0.31648,0.08779,0.09525,0.07548,0.08967,0.47625,0.18738,0.28886,24.58155,11.55898,0,8.84,15971.2
122000,406,2.000e-04,4.36313,0.47861,0.40784,0.06686,0.10667,0.05346,0.29483,0.33723,0.15761,0.17961,44.97912,6.53536,0,8.95,15982.4
122100,407,2.000e-04,3.34767,0.46171,0.66150,0.07583,0.07263,0.07708,0.07089,0.31109,0.09703,0.21406,17.78006,8.80592,0,8.77,15993.8
122200,407,2.000e-04,3.20213,0.38235,0.31780,0.07117,0.10676,0.05457,0.08999,0.45589,0.18216,0.27373,13.04697,5.68706,0,8.76,16005.2
122300,407,2.000e-04,3.17407,0.16608,0.79151,0.08273,0.07266,0.05832,0.07419,0.50116,0.23648,0.26468,15.26545,11.72567,0,8.76,16016.6
122400,408,2.000e-04,3.01726,0.22608,0.74387,0.05913,0.08163,0.07321,0.05473,0.36152,0.19283,0.16868,15.89465,6.78994,0,8.89,16027.9
122500,408,2.000e-04,2.90978,0.11523,0.56081,0.08090,0.06197,0.10781,0.05319,0.47040,0.12198,0.34842,19.76010,15.02797,0,8.83,16039.2
122600,408,2.000e-04,3.62730,0.27192,0.41280,0.07695,0.12967,0.05587,0.11940,0.45277,0.24502,0.20775,21.22017,7.24049,0,9.76,16049.5
122700,409,2.000e-04,4.21639,0.51063,0.78754,0.06149,0.13119,0.05605,0.14223,0.27473,0.10883,0.16591,20.94962,5.97167,0,10.19,16059.3
122800,409,2.000e-04,2.14201,0.41758,0.21711,0.04347,0.06318,0.04036,0.04780,0.39871,0.13940,0.25931,19.61439,11.89297,0,9.58,16069.7
122900,409,2.000e-04,4.87307,0.44393,0.74422,0.06882,0.16745,0.05701,0.20742,0.48221,0.20193,0.28028,24.82264,6.01987,0,8.93,16080.9
123000,410,2.000e-04,4.27415,0.29973,0.69153,0.06455,0.17297,0.05345,0.12809,0.21701,0.13729,0.07972,29.53182,8.72741,0,1.66,16141.1
123100,410,2.000e-04,4.10312,0.57847,1.06263,0.10181,0.07866,0.07407,0.05739,0.29363,0.12887,0.16476,14.68378,8.07970,0,8.42,16153.0
123200,410,2.000e-04,3.66744,0.57535,0.44757,0.10695,0.07118,0.09551,0.07714,0.38683,0.08884,0.29799,14.64922,8.44771,0,9.32,16163.7
123300,411,2.000e-04,3.60512,0.37349,0.71043,0.06480,0.09882,0.06050,0.11650,0.52239,0.29443,0.22796,19.18867,14.78464,0,9.90,16173.9
123400,411,2.000e-04,3.42952,0.88735,0.38556,0.03886,0.12107,0.03245,0.07901,0.17923,0.08199,0.09725,20.35011,5.24778,0,9.76,16184.1
123500,411,2.000e-04,3.46054,1.02012,0.35294,0.04993,0.09800,0.03805,0.08359,0.58776,0.31353,0.27424,29.14870,18.45171,0,9.58,16194.5
123600,412,2.000e-04,3.07524,0.18629,0.63974,0.06720,0.06884,0.05885,0.11890,0.50099,0.25030,0.25069,16.95017,12.94064,0,8.94,16205.7
123700,412,2.000e-04,2.73742,0.28678,0.07695,0.08551,0.08281,0.07531,0.06280,0.57296,0.30638,0.26658,17.65499,6.87471,0,8.79,16217.1
123800,412,2.000e-04,4.89374,0.37870,0.26232,0.06817,0.22871,0.05732,0.19946,0.54352,0.20498,0.33854,23.55594,4.76229,0,8.82,16228.4
123900,413,2.000e-04,3.01664,0.53355,0.45882,0.06125,0.07173,0.07711,0.06178,0.41289,0.28382,0.12907,14.84700,4.54215,0,8.64,16240.0
124000,413,2.000e-04,2.76379,0.42929,0.48032,0.05744,0.06863,0.06696,0.05172,0.47119,0.29966,0.17152,17.44841,14.28713,0,8.91,16251.2
124100,413,2.000e-04,2.87605,0.52850,0.30829,0.04938,0.09090,0.04674,0.08054,0.34471,0.21409,0.13062,18.42778,8.15633,0,8.83,16262.6
124200,414,2.000e-04,3.84365,0.53685,0.59927,0.09907,0.09508,0.06509,0.08811,0.40652,0.22734,0.17918,15.23324,6.49028,0,8.91,16273.8
124300,414,2.000e-04,3.48194,0.30887,0.38511,0.05359,0.12730,0.06184,0.13398,0.37718,0.18084,0.19634,17.37102,8.59646,0,9.77,16284.0
124400,414,2.000e-04,3.28161,0.40599,0.34590,0.07310,0.09785,0.08152,0.08252,0.44702,0.22217,0.22484,19.46626,8.56225,0,9.82,16294.2
124500,415,2.000e-04,3.42889,0.44929,0.58039,0.07450,0.08903,0.06389,0.08891,0.47069,0.23171,0.23898,11.26138,5.84764,0,9.36,16304.9
124600,415,2.000e-04,4.09565,1.22549,1.27642,0.05661,0.05092,0.06407,0.03962,0.32006,0.07993,0.24013,15.09603,8.36373,0,9.47,16315.5
124700,415,2.000e-04,2.90853,0.41297,0.21925,0.06597,0.08821,0.06480,0.08210,0.40364,0.15725,0.24639,12.20167,9.34818,0,9.71,16325.7
124800,416,2.000e-04,2.84740,0.24074,0.30175,0.05410,0.10908,0.04826,0.08634,0.35962,0.14196,0.21766,12.16671,5.34351,0,8.82,16337.1
124900,416,2.000e-04,4.67628,0.42623,0.75617,0.10788,0.14187,0.07336,0.12593,0.20867,0.07169,0.13699,24.41474,9.32240,0,9.11,16348.1
125000,416,2.000e-04,3.99553,0.77477,0.22921,0.07374,0.13394,0.06324,0.11972,0.39068,0.19635,0.19434,21.10157,5.96703,0,8.76,16359.5
125100,417,2.000e-04,2.89700,0.11222,0.18607,0.08226,0.10308,0.06836,0.08069,0.37440,0.14602,0.22838,17.08420,6.83449,0,9.10,16370.5
125200,417,2.000e-04,2.74735,0.30225,0.07845,0.06800,0.08881,0.06777,0.09194,0.45391,0.24915,0.20476,9.57224,10.62292,0,8.84,16381.8
125300,417,2.000e-04,3.22560,0.36432,0.44463,0.07531,0.08634,0.06169,0.09835,0.37901,0.14272,0.23628,15.66713,4.51574,0,9.35,16392.5
125400,418,2.000e-04,4.74199,0.17065,0.20837,0.05333,0.27420,0.06655,0.15099,0.51695,0.21324,0.30371,30.71567,7.38644,0,9.19,16403.4
125500,418,2.000e-04,3.55599,0.42344,0.69181,0.07781,0.08317,0.08926,0.07693,0.34751,0.19778,0.14973,17.98954,5.91621,0,10.21,16413.2
125600,418,2.000e-04,3.65394,0.85997,0.11905,0.05073,0.12728,0.05628,0.12269,0.36891,0.22156,0.14735,9.04069,10.37127,0,9.55,16423.6
125700,419,2.000e-04,3.02140,0.27464,0.15301,0.09283,0.08010,0.10813,0.06476,0.41537,0.22739,0.18799,19.47107,7.25315,0,9.25,16434.4
125800,419,2.000e-04,3.43473,0.43989,0.91894,0.05248,0.09239,0.04082,0.08463,0.18694,0.03411,0.15283,14.75995,8.53023,0,9.51,16445.0
125900,419,2.000e-04,2.41557,0.46829,0.08340,0.05797,0.07223,0.05730,0.05508,0.48341,0.25930,0.22411,9.40674,8.71078,0,9.80,16455.2
126000,420,2.000e-04,3.39401,0.28549,0.66561,0.03671,0.12997,0.04391,0.11131,0.34800,0.18815,0.15985,19.80521,7.51350,0,1.71,16513.7
126100,420,2.000e-04,3.31983,0.34809,0.39470,0.09208,0.08755,0.08481,0.07132,0.44793,0.11997,0.32796,15.11400,8.08611,0,8.60,16525.3
126200,420,2.000e-04,3.38930,0.48221,0.53901,0.07378,0.09018,0.05207,0.09362,0.16644,0.07792,0.08852,16.36639,6.86031,0,8.91,16536.5
126300,421,2.000e-04,3.07707,0.52686,0.60223,0.05957,0.07324,0.07239,0.05159,0.56167,0.34724,0.21443,16.65345,16.34389,0,8.83,16547.9
126400,421,2.000e-04,3.18948,0.24233,0.38911,0.06955,0.10533,0.06372,0.09813,0.73105,0.34977,0.38128,17.36038,10.87933,0,8.69,16559.4
126500,421,2.000e-04,2.63990,0.16457,0.52980,0.06222,0.07582,0.05922,0.05380,0.33998,0.14805,0.19193,14.68754,8.75491,0,9.00,16570.5
126600,422,2.000e-04,5.07273,1.01118,0.30822,0.12509,0.10718,0.12837,0.15776,0.43002,0.23143,0.19859,31.45912,8.69588,0,9.36,16581.2
126700,422,2.000e-04,2.74193,0.36087,0.28862,0.05948,0.08212,0.04921,0.08606,0.30107,0.16955,0.13152,14.91939,5.20074,0,9.06,16592.2
126800,422,2.000e-04,3.73732,0.21655,0.80523,0.05107,0.14461,0.06065,0.09109,0.17397,0.10748,0.06649,23.00571,5.62601,0,8.98,16603.4
126900,423,2.000e-04,2.96079,0.60481,0.26741,0.07361,0.06797,0.06525,0.06929,0.22104,0.08382,0.13721,10.28806,6.58502,0,8.96,16614.5
127000,423,2.000e-04,2.72184,0.28394,0.51971,0.06679,0.06246,0.06973,0.05540,0.46305,0.18779,0.27526,15.51542,7.75125,0,8.92,16625.7
127100,423,2.000e-04,2.90493,0.27734,0.29968,0.09006,0.06740,0.07902,0.07165,0.41924,0.20778,0.21146,12.39161,4.85583,0,8.62,16637.3
127200,424,2.000e-04,3.07960,0.54299,0.17500,0.07298,0.08905,0.07288,0.07537,0.22904,0.19936,0.02969,14.68842,11.88281,0,8.74,16648.8
127300,424,2.000e-04,3.48696,0.54310,0.91870,0.07866,0.06797,0.05767,0.05410,0.33895,0.20178,0.13717,20.52410,8.61442,0,9.28,16659.6
127400,424,2.000e-04,3.08730,0.41490,0.33209,0.06184,0.08352,0.07071,0.10663,0.63992,0.23478,0.40514,11.74441,12.49782,0,9.19,16670.4
127500,425,2.000e-04,2.74226,0.28603,0.09809,0.07279,0.09902,0.05603,0.07198,0.63536,0.43060,0.20476,19.03569,16.56988,0,8.86,16681.7
127600,425,2.000e-04,2.83818,0.66467,0.06545,0.05900,0.06884,0.05083,0.11511,0.67626,0.35322,0.32304,14.05780,7.77937,0,8.96,16692.9
127700,425,2.000e-04,2.76657,0.11681,0.35838,0.07101,0.08431,0.06326,0.08437,0.32273,0.19161,0.13112,17.76732,7.75617,0,9.44,16703.5
127800,426,2.000e-04,4.26857,0.49979,1.16423,0.07168,0.10997,0.07008,0.08752,0.47635,0.25358,0.22276,17.70292,16.86396,0,8.53,16715.2
127900,426,2.000e-04,3.26291,0.55724,0.33681,0.06960,0.09503,0.04960,0.09493,0.27338,0.12752,0.14586,13.55739,4.35107,0,8.74,16726.6
128000,426,2.000e-04,2.47392,0.28419,0.29319,0.07879,0.06238,0.04628,0.05070,0.31889,0.12153,0.19736,13.73231,5.81921,0,8.79,16738.0
128100,427,2.000e-04,3.65104,0.94578,0.08166,0.05358,0.11757,0.06819,0.11424,0.61552,0.33166,0.28386,9.69234,12.43969,0,9.00,16749.1
128200,427,2.000e-04,3.62007,0.25010,0.19635,0.09643,0.11282,0.08104,0.13520,0.41651,0.24526,0.17125,19.80961,9.06166,0,9.01,16760.2
128300,427,2.000e-04,3.93194,0.76197,0.57305,0.07473,0.10165,0.06785,0.09877,0.28058,0.17461,0.10597,13.87255,5.45357,0,9.14,16771.2
128400,428,2.000e-04,3.04456,0.58432,0.25297,0.06320,0.09754,0.04787,0.07212,0.30882,0.15318,0.15564,20.62588,6.11138,0,9.13,16782.1
128500,428,2.000e-04,4.86065,0.41786,0.45300,0.05814,0.22872,0.06828,0.15596,0.25454,0.05076,0.20378,23.01906,6.22740,0,8.91,16793.3
128600,428,2.000e-04,4.10581,0.55216,0.32871,0.10199,0.12676,0.07863,0.10885,0.25064,0.13494,0.11570,26.97340,6.66151,0,8.89,16804.6
128700,429,2.000e-04,2.97016,0.35973,0.47051,0.05407,0.10435,0.05623,0.05492,0.46001,0.20568,0.25432,17.61625,9.30604,0,8.87,16815.9
128800,429,2.000e-04,3.40008,0.75898,0.48577,0.05644,0.07904,0.05408,0.10602,0.31869,0.18390,0.13478,15.72677,10.32716,0,8.93,16827.1
128900,429,2.000e-04,2.72371,0.23080,0.28880,0.06505,0.09216,0.06814,0.05827,0.38995,0.19989,0.19007,12.37491,5.53902,0,8.86,16838.3
129000,430,2.000e-04,2.59585,0.29210,0.18647,0.07106,0.07269,0.07048,0.06547,0.39369,0.22712,0.16656,11.51031,5.37614,0,1.68,16897.8
129100,430,2.000e-04,2.45150,0.49903,0.29558,0.06238,0.05661,0.04480,0.04861,0.38864,0.21840,0.17024,11.76475,7.33873,0,8.54,16909.5
129200,430,2.000e-04,3.36249,0.45858,0.09768,0.08721,0.10981,0.08811,0.07910,0.53988,0.28915,0.25072,18.01870,10.15013,0,8.89,16920.7
129300,431,2.000e-04,2.68376,0.42327,0.27395,0.05692,0.07758,0.05653,0.07177,0.61380,0.17506,0.43874,9.29287,13.63638,0,8.94,16931.9
129400,431,2.000e-04,1.99400,0.23342,0.09809,0.04521,0.06711,0.04572,0.06214,0.34903,0.21118,0.13786,11.30576,9.00375,0,9.03,16943.0
129500,431,2.000e-04,2.42840,0.30388,0.09825,0.06047,0.08349,0.04670,0.07062,0.36361,0.19754,0.16607,9.18616,6.07613,0,8.90,16954.2
129600,432,2.000e-04,2.68651,0.11979,0.43903,0.03825,0.08087,0.08809,0.09920,0.38707,0.06425,0.32281,14.69528,8.55047,0,8.98,16965.3
129700,432,2.000e-04,2.57810,0.58075,0.24604,0.06097,0.05808,0.05420,0.05795,0.29504,0.07604,0.21900,11.26486,5.19903,0,8.85,16976.6
129800,432,2.000e-04,2.52482,0.14541,0.63734,0.06400,0.05823,0.05641,0.04753,0.70634,0.40249,0.30385,12.50341,19.63235,0,8.92,16987.9
129900,433,2.000e-04,2.78428,0.36112,0.08861,0.08077,0.08221,0.06910,0.07183,0.43369,0.08694,0.34675,18.90889,7.88751,0,9.14,16998.8
130000,433,2.000e-04,2.19201,0.32101,0.31473,0.06185,0.04830,0.05220,0.03875,0.34293,0.21623,0.12670,9.11482,7.23488,0,9.07,17009.8
130100,433,2.000e-04,3.98968,0.12456,1.61939,0.08796,0.05871,0.11259,0.04321,0.28659,0.17117,0.11543,37.71270,13.36422,0,9.16,17020.7
130200,434,2.000e-04,2.98656,0.13433,0.58593,0.06096,0.11363,0.05783,0.04624,0.76151,0.56258,0.19893,16.48214,20.55065,0,8.99,17031.9
130300,434,2.000e-04,3.77596,0.66684,0.41315,0.06514,0.12664,0.05511,0.10054,0.41481,0.26009,0.15473,18.95250,6.76648,0,8.91,17043.1
130400,434,2.000e-04,5.81206,0.51632,0.37651,0.08535,0.24217,0.07387,0.25494,0.47685,0.37415,0.10270,20.50891,12.38258,0,9.01,17054.2
130500,435,2.000e-04,2.70853,0.30854,0.37585,0.08730,0.05710,0.08217,0.03385,0.27814,0.11604,0.16210,14.18979,8.03970,0,8.98,17065.3
130600,435,2.000e-04,3.31785,0.56940,0.75623,0.06667,0.08154,0.05646,0.04555,0.22349,0.13892,0.08457,19.05218,6.78526,0,8.96,17076.5
130700,435,2.000e-04,2.84195,0.46459,0.41797,0.07471,0.06115,0.06665,0.05350,0.23594,0.16496,0.07098,16.07212,11.40932,0,9.01,17087.6
130800,436,2.000e-04,2.38861,0.25534,0.30773,0.07467,0.05422,0.07602,0.03129,0.40038,0.20745,0.19293,13.22581,6.72639,0,8.99,17098.7
130900,436,2.000e-04,3.46386,0.13307,0.56361,0.06934,0.11717,0.05780,0.12261,0.40858,0.19461,0.21397,21.90409,8.08807,0,8.94,17109.9
131000,436,2.000e-04,2.42051,0.51867,0.31575,0.05907,0.04693,0.05973,0.04548,0.22443,0.07445,0.14998,11.30968,5.46122,0,9.00,17121.0
131100,437,2.000e-04,3.02145,0.13581,0.25150,0.07133,0.11151,0.06612,0.09502,0.45793,0.10962,0.34831,12.38359,5.38533,0,8.88,17132.2
131200,437,2.000e-04,3.33309,0.20538,0.73119,0.09002,0.07408,0.06643,0.08469,0.30152,0.12588,0.17564,14.18732,6.49760,0,8.93,17143.4
131300,437,2.000e-04,3.21021,0.27942,0.20862,0.11325,0.07759,0.09290,0.06986,0.31076,0.10245,0.20831,12.54357,5.32011,0,8.91,17154.7
131400,438,2.000e-04,2.64136,0.57787,0.40869,0.03604,0.07262,0.05160,0.06203,0.66258,0.19074,0.47184,15.92332,15.35798,0,8.96,17165.8
131500,438,2.000e-04,3.90280,0.58165,0.34785,0.08139,0.11887,0.08165,0.11250,0.47264,0.28803,0.18461,19.41615,6.22449,0,8.96,17177.0
131600,438,2.000e-04,2.23005,0.20127,0.38198,0.05975,0.05861,0.04450,0.04816,0.40625,0.12234,0.28390,13.35246,9.54004,0,8.88,17188.3
131700,439,2.000e-04,3.95957,0.57131,0.41456,0.11009,0.08959,0.09464,0.10074,0.56159,0.14894,0.41265,24.06917,9.64700,0,8.99,17199.4
131800,439,2.000e-04,2.62966,0.25726,0.29989,0.06657,0.07365,0.06696,0.06712,0.51480,0.35628,0.15852,10.70438,7.33324,0,9.11,17210.4
131900,439,2.000e-04,5.21033,0.21355,1.44171,0.06137,0.17097,0.05552,0.19081,0.44800,0.26429,0.18372,20.33247,13.84095,0,9.18,17221.3
132000,440,2.000e-04,2.94499,0.24252,0.31736,0.06851,0.09738,0.05494,0.09031,0.32524,0.15082,0.17442,12.86609,8.95463,0,1.67,17281.3
132100,440,2.000e-04,3.07346,0.66071,0.60387,0.06632,0.05583,0.06811,0.04936,0.39250,0.18916,0.20335,14.34499,7.93177,0,8.33,17293.3
132200,440,2.000e-04,2.85513,0.65804,0.66261,0.04279,0.05313,0.06841,0.04665,0.20159,0.13619,0.06541,19.45810,5.26025,0,9.00,17304.4
132300,441,2.000e-04,3.20369,0.40278,0.49820,0.05732,0.09654,0.07088,0.08194,0.36876,0.17548,0.19328,12.45299,7.46707,0,9.16,17315.3
132400,441,2.000e-04,3.16615,0.45066,0.46242,0.06248,0.09765,0.05015,0.08020,0.47559,0.18953,0.28606,11.07191,6.57697,0,8.89,17326.5
132500,441,2.000e-04,2.84335,0.47793,0.44954,0.07862,0.05647,0.06715,0.04586,0.54202,0.25210,0.28992,12.23189,9.44932,0,9.04,17337.6
132600,442,2.000e-04,3.64211,0.34392,0.34366,0.04765,0.16274,0.05424,0.11588,0.38595,0.22044,0.16551,21.14125,10.02601,0,9.14,17348.6
132700,442,2.000e-04,2.93730,0.42570,0.30732,0.06848,0.08578,0.05787,0.07445,0.34295,0.13029,0.21266,10.02753,5.96830,0,8.80,17359.9
132800,442,2.000e-04,4.56576,0.67527,0.43349,0.07464,0.17871,0.06923,0.11546,0.42045,0.23703,0.18342,32.09570,10.68312,0,8.81,17371.3
132900,443,2.000e-04,5.40712,0.25527,0.73475,0.04645,0.25149,0.04685,0.24069,0.51574,0.30657,0.20917,24.97250,7.53117,0,9.21,17382.1
133000,443,2.000e-04,3.66102,0.27863,0.75887,0.09672,0.09747,0.05248,0.08384,0.49702,0.15314,0.34388,16.53864,8.00463,0,9.02,17393.2
133100,443,2.000e-04,4.03646,0.71959,0.38275,0.07835,0.12658,0.06777,0.10921,0.38806,0.17746,0.21060,20.94842,7.11031,0,8.98,17404.3
133200,444,2.000e-04,3.50287,0.43626,0.26377,0.06290,0.13019,0.05499,0.11941,0.28093,0.08870,0.19223,19.31166,5.24192,0,8.96,17415.5
133300,444,2.000e-04,3.05227,0.22703,0.22573,0.07126,0.09819,0.06941,0.11161,0.49710,0.40624,0.09086,16.69199,11.05189,0,9.09,17426.5
133400,444,2.000e-04,2.91062,0.01497,0.57367,0.10329,0.05868,0.08803,0.05242,0.47584,0.30717,0.16867,17.94813,14.36412,0,9.13,17437.5
133500,445,2.000e-04,4.34919,0.37943,0.52736,0.08584,0.15912,0.06605,0.13250,0.46674,0.24688,0.21987,17.44167,10.21776,0,9.00,17448.6
133600,445,2.000e-04,3.53381,0.48791,0.76871,0.07287,0.08442,0.08514,0.05572,0.36945,0.24534,0.12411,21.84962,8.97919,0,9.02,17459.7
133700,445,2.000e-04,3.69584,0.42028,1.05329,0.07802,0.08113,0.05404,0.07211,0.38341,0.22932,0.15410,23.89737,12.04092,0,9.01,17470.7
133800,446,2.000e-04,2.43386,0.35760,0.10057,0.03687,0.09243,0.05284,0.08372,0.48742,0.25517,0.23226,12.48569,15.92645,0,9.96,17480.8
133900,446,2.000e-04,2.43180,0.19862,0.28545,0.07314,0.05843,0.07287,0.05353,0.22624,0.07538,0.15086,10.70564,8.19524,0,9.72,17491.1
134000,446,2.000e-04,3.07378,0.52431,0.30329,0.07209,0.08748,0.05257,0.07754,0.40849,0.10840,0.30009,8.06781,5.45753,0,9.30,17501.8
134100,447,2.000e-04,2.96659,0.48663,0.48663,0.05777,0.07964,0.05404,0.06980,0.23552,0.18052,0.05500,19.72249,7.44921,0,9.23,17512.7
134200,447,2.000e-04,4.57310,0.90958,0.85271,0.08188,0.11964,0.06467,0.09444,0.24892,0.04081,0.20812,16.13817,5.13174,0,9.08,17523.7
134300,447,2.000e-04,3.45554,0.50577,0.38667,0.07413,0.10518,0.05633,0.09767,0.33631,0.15656,0.17975,17.04270,9.65883,0,8.81,17535.0
134400,448,2.000e-04,2.94427,0.48429,0.15689,0.06848,0.08677,0.06415,0.08597,0.24821,0.12588,0.12233,17.15253,8.01339,0,8.90,17546.3
134500,448,2.000e-04,3.64908,0.23289,0.75229,0.07927,0.09636,0.08436,0.09716,0.61086,0.39580,0.21506,17.97389,15.12163,0,9.11,17557.2
134600,448,2.000e-04,3.01484,0.61884,0.37421,0.07157,0.06827,0.06567,0.05901,0.78610,0.37869,0.40741,15.97814,10.79044,0,9.05,17568.3
134700,449,2.000e-04,2.75972,0.22319,0.31868,0.05032,0.08434,0.06669,0.10756,0.27727,0.17993,0.09733,19.06328,11.82649,0,9.03,17579.4
134800,449,2.000e-04,3.49046,0.36364,0.58171,0.08628,0.09168,0.07401,0.07907,0.34982,0.09956,0.25025,19.19678,7.18115,0,8.91,17590.6
134900,449,2.000e-04,2.80860,0.42273,0.44031,0.06573,0.06630,0.06782,0.05724,0.32062,0.14146,0.17915,10.95879,7.76098,0,9.14,17601.5
135000,450,2.000e-04,2.83881,0.30325,0.48952,0.06891,0.06856,0.06549,0.06878,0.46916,0.34100,0.12815,15.89021,13.77595,0,1.66,17661.9
135100,450,2.000e-04,3.43188,0.31191,0.30433,0.09524,0.09210,0.09967,0.08878,0.34514,0.14785,0.19730,19.54814,5.16428,0,8.35,17673.8
135200,450,2.000e-04,4.25007,0.91733,0.26391,0.08833,0.14353,0.06317,0.08688,0.32220,0.18427,0.13793,24.46722,10.16856,0,8.71,17685.3
135300,451,2.000e-04,2.98796,0.55647,0.37127,0.06169,0.08125,0.05401,0.07215,0.32562,0.14094,0.18468,14.89906,7.34725,0,8.73,17696.8
135400,451,2.000e-04,3.47317,0.78559,0.61892,0.06770,0.07547,0.06627,0.06112,0.31500,0.18433,0.13067,15.30296,6.19919,0,8.65,17708.3
135500,451,2.000e-04,2.62323,0.29472,0.76893,0.06775,0.04338,0.05087,0.03878,0.24403,0.10956,0.13447,24.23267,8.35979,0,8.71,17719.8
135600,452,2.000e-04,3.41399,0.44377,0.52018,0.07053,0.09102,0.06632,0.10058,0.34891,0.18322,0.16568,11.12267,7.10568,0,8.81,17731.2
135700,452,2.000e-04,2.99178,0.24799,0.22678,0.09966,0.07967,0.08267,0.06207,0.59558,0.26544,0.33014,16.25262,7.70481,0,9.00,17742.3
135800,452,2.000e-04,3.46136,0.26726,0.41087,0.10036,0.10206,0.06634,0.08546,0.51424,0.21518,0.29906,26.97984,7.53959,0,9.08,17753.3
135900,453,2.000e-04,2.51290,0.32628,0.37247,0.05789,0.06871,0.04965,0.05999,0.33317,0.13322,0.19995,15.10382,5.66397,0,9.01,17764.4
136000,453,2.000e-04,3.02169,0.31308,0.14809,0.10584,0.06646,0.09687,0.07063,0.20600,0.11091,0.09509,11.30581,8.35031,0,9.07,17775.4
136100,453,2.000e-04,2.95913,0.23884,0.14883,0.06210,0.12100,0.04310,0.10499,0.43532,0.18784,0.24749,21.33226,10.44923,0,9.00,17786.5
136200,454,2.000e-04,3.01340,0.23696,0.95429,0.03959,0.08019,0.04881,0.07607,0.19830,0.04615,0.15215,14.27627,8.19115,0,9.19,17797.4
136300,454,2.000e-04,3.12198,0.19751,0.70396,0.06677,0.07652,0.05611,0.10142,0.47082,0.22141,0.24941,21.40263,7.61632,0,9.17,17808.3
136400,454,2.000e-04,3.39158,0.33625,0.25383,0.05874,0.13015,0.06063,0.12187,0.48952,0.26672,0.22279,16.50185,8.51046,0,9.19,17819.2
136500,455,2.000e-04,2.69967,0.07012,0.37885,0.04676,0.10718,0.05935,0.08291,0.35004,0.14781,0.20223,17.31932,10.25875,0,9.03,17830.2
136600,455,2.000e-04,2.12115,0.15594,0.31492,0.04611,0.04943,0.09857,0.04040,0.50249,0.30722,0.19527,14.84370,8.17547,0,9.00,17841.4
136700,455,2.000e-04,2.48114,0.42950,0.11154,0.05620,0.06790,0.05915,0.08068,0.44321,0.13359,0.30961,14.69684,7.85212,0,8.98,17852.5
136800,456,2.000e-04,2.41871,0.45469,0.19810,0.06153,0.06560,0.05745,0.04148,0.57799,0.26809,0.30990,14.44048,10.07827,0,8.99,17863.6
136900,456,2.000e-04,2.59926,0.29937,0.32786,0.05153,0.08565,0.05552,0.06452,0.25204,0.04580,0.20624,14.10544,5.80987,0,9.02,17874.7
137000,456,2.000e-04,3.94683,0.12497,0.44296,0.05535,0.18455,0.04760,0.14839,0.32334,0.07598,0.24736,22.49553,10.51204,0,8.86,17886.0
137100,457,2.000e-04,2.99020,0.60079,0.32396,0.07005,0.06260,0.09845,0.04934,0.40386,0.15540,0.24846,14.29094,13.13356,0,8.85,17897.3
137200,457,2.000e-04,3.24576,0.39273,0.23252,0.09778,0.08343,0.07936,0.08233,0.60570,0.20880,0.39691,12.79437,4.95476,0,9.10,17908.3
137300,457,2.000e-04,3.30866,0.37604,0.59121,0.06555,0.10346,0.06211,0.06816,0.53349,0.20247,0.33102,19.45643,8.84488,0,9.12,17919.2
137400,458,2.000e-04,4.76399,0.43272,0.55380,0.07529,0.17738,0.07060,0.17956,0.29734,0.16885,0.12849,19.70297,6.89244,0,9.12,17930.2
137500,458,2.000e-04,3.33159,0.22668,0.67010,0.07166,0.09534,0.06000,0.09296,0.22189,0.09905,0.12283,24.52982,5.93735,0,9.07,17941.2
137600,458,2.000e-04,2.67519,0.18623,0.18746,0.08506,0.07354,0.07537,0.06774,0.49648,0.24426,0.25222,17.39726,6.16166,0,9.02,17952.3
137700,459,2.000e-04,3.37124,0.28685,0.07692,0.06519,0.13992,0.07306,0.11821,0.35521,0.17548,0.17973,15.17962,6.43904,0,9.05,17963.4
137800,459,2.000e-04,3.13976,0.23229,0.29447,0.06769,0.11654,0.05862,0.09552,0.27209,0.18219,0.08990,24.42044,9.69347,0,9.11,17974.3
137900,459,2.000e-04,3.06818,0.49372,0.43007,0.06544,0.09468,0.05719,0.05147,0.31065,0.15986,0.15080,18.80033,6.61681,0,8.99,17985.5
138000,460,2.000e-04,3.31066,0.41010,0.57578,0.04856,0.10030,0.05118,0.11605,0.18120,0.09112,0.09008,28.45787,6.73073,0,1.66,18045.6
138100,460,2.000e-04,2.94312,0.10382,0.39766,0.07376,0.09667,0.06987,0.07759,0.37896,0.19373,0.18523,13.03678,8.09593,0,8.19,18057.8
138200,460,2.000e-04,2.67615,0.29406,0.58417,0.05515,0.06559,0.04725,0.07085,0.50916,0.20050,0.30865,11.73794,8.54610,0,8.64,18069.4
138300,461,2.000e-04,2.48133,0.61125,0.13611,0.04950,0.07069,0.04963,0.05677,0.38855,0.19345,0.19510,13.81414,7.20785,0,8.55,18081.1
138400,461,2.000e-04,3.16333,0.20808,0.44984,0.08805,0.07623,0.07904,0.09349,0.53305,0.14522,0.38784,11.00729,13.18053,0,8.70,18092.6
138500,461,2.000e-04,3.31860,0.61027,0.63471,0.09358,0.05403,0.06791,0.05160,0.40781,0.16035,0.24747,15.03109,8.00957,0,8.78,18104.0
138600,462,2.000e-04,3.43139,0.15276,0.85205,0.07131,0.09647,0.06812,0.08163,0.42495,0.09535,0.32960,19.61133,8.12895,0,8.82,18115.3
138700,462,2.000e-04,3.12198,0.36905,0.49882,0.06943,0.07798,0.07970,0.07630,0.23834,0.20250,0.03584,22.07975,8.37489,0,8.90,18126.5
138800,462,2.000e-04,2.84741,0.25350,0.42378,0.09387,0.05127,0.09977,0.04396,0.49542,0.21526,0.28016,14.64461,6.99685,0,8.97,18137.7
138900,463,2.000e-04,3.71356,0.25568,0.35551,0.07041,0.15026,0.05115,0.12798,0.52686,0.20555,0.32131,23.99484,11.07085,0,9.07,18148.7
139000,463,2.000e-04,3.14433,0.37682,0.30661,0.06277,0.10649,0.06540,0.08826,0.23440,0.10563,0.12877,17.50843,5.48603,0,9.01,18159.8
139100,463,2.000e-04,3.11904,0.47077,0.16377,0.06213,0.11514,0.05148,0.09089,0.48756,0.33847,0.14908,16.94819,10.86634,0,9.00,18170.9
139200,464,2.000e-04,3.17430,0.31984,0.51823,0.06661,0.09060,0.07963,0.07318,0.57799,0.29315,0.28485,13.54645,7.63560,0,8.91,18182.2
139300,464,2.000e-04,4.37034,0.24117,0.61086,0.06944,0.18682,0.06888,0.12225,0.23200,0.14988,0.08212,22.45001,7.38697,0,8.96,18193.3
139400,464,2.000e-04,2.65868,0.32864,0.27618,0.07871,0.06420,0.06662,0.05833,0.20211,0.13453,0.06757,11.22935,5.67382,0,9.03,18204.4
139500,465,2.000e-04,2.63770,0.42145,0.18682,0.05875,0.06870,0.05412,0.09686,0.41270,0.21633,0.19637,12.07698,6.62750,0,9.15,18215.3
139600,465,2.000e-04,2.55826,0.55198,0.11261,0.07019,0.06229,0.06401,0.04977,0.45939,0.23127,0.22812,10.98795,7.42186,0,9.19,18226.2
139700,465,2.000e-04,2.39779,0.48497,0.16005,0.07922,0.04261,0.06845,0.03846,0.45511,0.25749,0.19762,15.16250,6.89345,0,9.30,18237.0
139800,466,2.000e-04,3.41148,0.78245,0.11630,0.06506,0.11259,0.05776,0.08949,0.38646,0.18950,0.19695,14.94444,10.95521,0,9.12,18247.9
139900,466,2.000e-04,3.47436,0.50961,0.16609,0.10956,0.08975,0.10344,0.05768,0.29174,0.11509,0.17665,11.36205,7.97838,0,8.93,18259.1
140000,466,2.000e-04,3.01992,0.12848,0.40939,0.07997,0.08779,0.05336,0.10754,0.47794,0.25493,0.22302,13.54533,15.10193,0,8.95,18270.3
140100,467,2.000e-04,3.09716,0.30431,0.82137,0.04753,0.09126,0.05864,0.05808,0.27017,0.15491,0.11526,20.86167,6.85129,0,8.98,18281.4
140200,467,2.000e-04,3.46519,0.28077,0.85149,0.08815,0.06789,0.07855,0.07597,0.32897,0.16118,0.16779,12.09641,13.29570,0,8.96,18292.6
140300,467,2.000e-04,3.67593,0.51862,0.36212,0.05734,0.14882,0.05356,0.09315,0.80801,0.50386,0.30415,16.89594,20.09880,0,8.91,18303.8
140400,468,2.000e-04,2.75894,0.15275,0.58554,0.06941,0.06744,0.05825,0.07218,0.38194,0.27800,0.10394,16.47040,7.75452,0,8.89,18315.1
140500,468,2.000e-04,4.02181,0.34278,0.53042,0.06374,0.15451,0.06955,0.12367,0.58535,0.19869,0.38667,18.77960,12.68863,0,9.09,18326.1
140600,468,2.000e-04,2.74009,0.55338,0.09845,0.06570,0.07712,0.06390,0.06812,0.46187,0.25364,0.20823,16.41228,15.61485,0,9.07,18337.1
140700,469,2.000e-04,3.22945,0.56710,0.49251,0.06204,0.08141,0.07775,0.06931,0.48217,0.18669,0.29548,13.87836,7.25620,0,8.90,18348.3
140800,469,2.000e-04,5.03379,0.39238,0.14079,0.08261,0.21897,0.07483,0.22214,0.30296,0.18210,0.12086,23.82700,7.35292,0,8.79,18359.7
140900,469,2.000e-04,3.90870,0.48326,0.90635,0.07313,0.09328,0.06173,0.10927,0.42044,0.17464,0.24580,19.90993,7.54208,0,8.89,18370.9
141000,470,2.000e-04,2.91245,0.27691,0.58515,0.04067,0.09892,0.04312,0.08779,0.23007,0.12478,0.10530,19.38613,7.02749,0,1.66,18431.1
141100,470,2.000e-04,2.99322,0.47832,0.13871,0.07173,0.09331,0.08526,0.05990,0.37557,0.22009,0.15548,17.28440,11.74024,0,8.41,18443.0
141200,470,2.000e-04,4.23408,0.44229,0.54357,0.07517,0.14904,0.05722,0.14401,0.25881,0.15757,0.10124,25.74937,5.66979,0,8.52,18454.8
141300,471,2.000e-04,2.51546,0.26294,0.21364,0.06332,0.08630,0.04619,0.06233,0.29902,0.12421,0.17480,15.82507,5.22699,0,8.55,18466.5
141400,471,2.000e-04,3.14181,0.39059,0.33625,0.09196,0.07399,0.08579,0.06531,0.21559,0.13941,0.07618,16.40471,8.27810,0,8.69,18478.0
141500,471,2.000e-04,2.98965,0.10496,0.61205,0.09097,0.07733,0.05679,0.06114,0.35553,0.17889,0.17664,17.19384,8.90668,0,8.75,18489.4
141600,472,2.000e-04,4.50360,0.47588,0.17112,0.10172,0.16176,0.09714,0.14723,0.66131,0.50963,0.15167,23.43460,9.67223,0,9.42,18500.0
141700,472,2.000e-04,3.07610,0.41109,0.44683,0.08887,0.06358,0.07809,0.06065,0.42384,0.25485,0.16898,13.14712,5.68698,0,9.15,18510.9
141800,472,2.000e-04,3.83972,0.55243,0.41629,0.07926,0.12047,0.06569,0.10907,0.50303,0.22945,0.27359,24.37677,8.47134,0,8.80,18522.3
141900,473,2.000e-04,2.77724,0.32331,0.22496,0.08306,0.08069,0.06681,0.05150,0.52390,0.25013,0.27377,17.72896,9.56715,0,8.72,18533.8
142000,473,2.000e-04,2.57350,0.67709,0.16762,0.05812,0.05669,0.05118,0.06496,0.43472,0.03108,0.40364,12.64446,11.32245,0,8.60,18545.4
142100,473,2.000e-04,2.87263,0.36008,0.46395,0.05304,0.07526,0.07117,0.08195,0.25189,0.22821,0.02368,16.09786,7.54140,0,8.55,18557.1
142200,474,2.000e-04,3.72907,0.54343,0.41213,0.07990,0.10161,0.08179,0.10988,0.14692,0.07469,0.07222,17.58494,6.23315,0,8.61,18568.7
142300,474,2.000e-04,2.17734,0.09595,0.34035,0.05833,0.06343,0.06121,0.04347,0.52766,0.39225,0.13541,12.31551,7.63754,0,8.60,18580.3
142400,474,2.000e-04,2.95948,0.41505,0.40148,0.07677,0.07146,0.07595,0.05618,0.76639,0.20760,0.55879,16.09188,8.23523,0,8.55,18592.0
142500,475,2.000e-04,3.96449,0.63189,0.55967,0.07865,0.11985,0.06564,0.09195,0.37432,0.19512,0.17921,22.61632,6.85233,0,8.41,18603.9
142600,475,2.000e-04,4.02512,0.67623,0.65655,0.07291,0.13319,0.05371,0.07255,0.27193,0.13941,0.13252,22.20874,6.69786,0,9.39,18614.6
142700,475,2.000e-04,3.66020,0.51687,0.52697,0.06038,0.15417,0.04277,0.05139,0.40211,0.20271,0.19940,30.13010,11.87549,0,8.69,18626.1
142800,476,2.000e-04,3.36473,0.76177,0.20797,0.07355,0.09174,0.06861,0.07980,0.39993,0.11452,0.28542,17.85396,7.47181,0,8.63,18637.7
142900,476,2.000e-04,2.76001,0.24275,0.49424,0.08396,0.05315,0.08671,0.04367,0.27652,0.07379,0.20272,11.60488,6.01909,0,8.54,18649.4
143000,476,2.000e-04,2.85059,0.16758,0.14211,0.05648,0.11664,0.04500,0.11692,0.49415,0.12696,0.36719,8.61729,15.34108,0,8.79,18660.8
143100,477,2.000e-04,2.77271,0.52376,0.53323,0.05440,0.06226,0.05579,0.05403,0.26577,0.07727,0.18850,14.16540,7.71482,0,8.51,18672.5
143200,477,2.000e-04,2.54099,0.12566,0.35287,0.05294,0.08422,0.06616,0.07200,0.48595,0.12740,0.35855,9.92167,8.69296,0,8.68,18684.0
143300,477,2.000e-04,2.48362,0.20777,0.74487,0.05469,0.04794,0.05323,0.04771,0.33088,0.27143,0.05945,13.14013,17.56390,0,8.67,18695.6
143400,478,2.000e-04,2.65434,0.33385,0.72597,0.05132,0.06403,0.04884,0.03938,0.19566,0.08798,0.10767,23.31241,6.79583,0,8.84,18706.9
143500,478,2.000e-04,2.69375,0.45212,0.49825,0.05069,0.07493,0.03957,0.05786,0.43550,0.28756,0.14794,11.17772,8.63231,0,8.76,18718.3
143600,478,2.000e-04,2.89728,0.53964,0.30302,0.08056,0.05876,0.08159,0.05069,0.43783,0.22170,0.21614,11.90612,7.73212,0,8.51,18730.0
143700,479,2.000e-04,3.32838,0.52830,0.37829,0.08658,0.08240,0.07501,0.07140,0.46952,0.28497,0.18455,17.19839,10.04077,0,8.81,18741.4
143800,479,2.000e-04,3.08686,0.47997,0.23967,0.06966,0.09340,0.06065,0.08667,0.57189,0.25111,0.32078,16.61723,9.86038,0,8.69,18752.9
143900,479,2.000e-04,2.63971,0.22411,0.44981,0.08400,0.05436,0.05348,0.06297,0.22864,0.12919,0.09945,12.69788,5.68281,0,8.66,18764.4
144000,480,2.000e-04,3.02498,0.60061,0.21945,0.07904,0.07449,0.06371,0.07021,0.55618,0.29693,0.25925,6.66893,10.33194,0,1.62,18826.2
144100,480,2.000e-04,4.49703,0.19221,0.77238,0.09290,0.14008,0.08954,0.15099,0.49871,0.34900,0.14972,33.90058,13.21337,0,8.30,18838.2
144200,480,2.000e-04,2.52187,0.47342,0.33607,0.05028,0.06937,0.04421,0.05898,0.38327,0.15430,0.22897,9.01476,7.19663,0,8.52,18849.9
144300,481,2.000e-04,2.93096,0.62663,0.27068,0.05759,0.08909,0.04293,0.07045,0.42576,0.16135,0.26441,10.36300,10.10163,0,8.65,18861.5
144400,481,2.000e-04,3.44906,0.43427,1.38955,0.06484,0.05054,0.06473,0.02956,0.17762,0.06192,0.11570,32.08332,10.81036,0,8.61,18873.1
144500,481,2.000e-04,2.29743,0.18998,0.39808,0.07584,0.04623,0.06379,0.03395,0.37063,0.21574,0.15489,13.35360,9.83905,0,8.62,18884.7
144600,482,2.000e-04,2.94018,0.58548,0.09263,0.05942,0.06679,0.07723,0.12277,0.72532,0.47554,0.24978,20.68271,12.10773,0,8.70,18896.2
144700,482,2.000e-04,2.87816,0.58750,0.31507,0.05487,0.05849,0.06874,0.09966,0.46132,0.22272,0.23860,30.56737,10.20346,0,8.62,18907.8
144800,482,2.000e-04,2.98536,0.35722,0.43745,0.07147,0.08845,0.05808,0.06022,0.55578,0.16199,0.39380,21.84318,8.10482,0,8.66,18919.4
144900,483,2.000e-04,4.39560,0.48220,1.18686,0.07899,0.11268,0.05430,0.10766,0.38258,0.15170,0.23088,34.21292,11.65564,0,8.66,18930.9
145000,483,2.000e-04,3.98639,0.15586,0.04520,0.06780,0.19126,0.06891,0.17004,0.20879,0.10477,0.10402,18.05395,6.60256,0,8.63,18942.5
145100,483,2.000e-04,2.30679,0.30945,0.23465,0.05152,0.07343,0.05327,0.04938,0.36868,0.15978,0.20890,11.74710,6.42301,0,8.88,18953.8
145200,484,2.000e-04,2.90858,0.74547,0.29913,0.03233,0.08255,0.06821,0.07483,0.35009,0.18170,0.16839,15.50153,11.39017,0,8.86,18965.0
145300,484,2.000e-04,2.68445,0.26250,0.37965,0.05570,0.09479,0.04743,0.06007,0.36519,0.26206,0.10313,15.90212,7.71663,0,8.61,18976.7
145400,484,2.000e-04,3.15877,0.30247,0.23602,0.06893,0.11114,0.05947,0.10445,0.41663,0.05457,0.36206,14.94168,6.76231,0,8.72,18988.1
145500,485,2.000e-04,2.17476,0.20573,0.41575,0.04919,0.07049,0.03918,0.03213,0.22162,0.16505,0.05657,12.76842,6.08054,0,8.75,18999.6
145600,485,2.000e-04,2.54168,0.47324,0.44904,0.06432,0.04731,0.05519,0.04543,0.16891,0.10303,0.06587,11.82423,4.07977,0,9.02,19010.6
145700,485,2.000e-04,2.39201,0.22609,0.16004,0.07156,0.06309,0.07061,0.06127,0.43734,0.22368,0.21367,8.95478,8.35203,0,8.88,19021.9
145800,486,2.000e-04,3.55442,0.18075,0.69682,0.09737,0.09262,0.07856,0.07683,0.46013,0.27379,0.18634,19.31904,11.98411,0,8.60,19033.5
145900,486,2.000e-04,3.12051,0.20234,0.41912,0.10570,0.06083,0.10986,0.05689,0.29618,0.09299,0.20319,10.13139,8.20341,0,8.71,19045.0
146000,486,2.000e-04,2.61796,0.21239,0.49699,0.06694,0.06064,0.06291,0.06365,0.52212,0.21642,0.30570,13.32064,8.15121,0,8.86,19056.3
146100,487,2.000e-04,3.45656,0.43952,0.26430,0.05374,0.14635,0.05280,0.09757,0.35122,0.10608,0.24514,17.41189,5.11284,0,9.12,19067.3
146200,487,2.000e-04,3.33236,0.15246,1.27105,0.06933,0.06526,0.05844,0.05415,0.29741,0.16628,0.13113,18.69607,7.70196,0,10.38,19076.9
146300,487,2.000e-04,2.50472,0.20157,0.36769,0.06990,0.06313,0.06695,0.05408,0.29594,0.11412,0.18182,16.97240,10.65827,0,8.92,19088.1
146400,488,2.000e-04,3.89570,0.38987,0.80657,0.05789,0.12355,0.05581,0.12116,0.27338,0.19049,0.08289,15.44158,11.60599,0,8.70,19099.6
146500,488,2.000e-04,2.73736,0.52452,0.26822,0.06442,0.07542,0.05131,0.05793,0.45460,0.29179,0.16281,14.67234,6.17593,0,8.60,19111.2
146600,488,2.000e-04,3.81486,0.75076,0.36814,0.06792,0.11902,0.04764,0.11768,0.33775,0.19729,0.14046,21.45726,10.00047,0,8.80,19122.6
146700,489,2.000e-04,3.57253,0.26767,0.46187,0.13293,0.06699,0.10632,0.06244,0.36444,0.08899,0.27545,12.23076,9.20207,0,8.64,19134.2
146800,489,2.000e-04,2.73021,0.31817,0.55688,0.06429,0.06218,0.06624,0.05185,0.35563,0.21338,0.14225,12.58124,10.63203,0,8.52,19145.9
146900,489,2.000e-04,2.50390,0.31375,0.17524,0.06667,0.07845,0.06983,0.04292,0.54789,0.23542,0.31248,17.21416,7.11309,0,8.71,19157.4
147000,490,2.000e-04,3.56196,0.42074,0.32133,0.08043,0.10941,0.07693,0.10736,0.37440,0.22455,0.14985,32.40733,6.80801,0,1.65,19218.2
147100,490,2.000e-04,3.13769,0.26343,0.60078,0.08101,0.09127,0.06608,0.04406,0.20867,0.07198,0.13669,28.10211,6.83953,0,7.74,19231.1
147200,490,2.000e-04,3.05517,0.42225,0.22114,0.06344,0.09646,0.07322,0.08934,0.51458,0.22148,0.29310,10.91345,9.57701,0,8.73,19242.5
147300,491,2.000e-04,2.79647,0.44821,0.42068,0.06492,0.06582,0.05618,0.06785,0.36263,0.16368,0.19895,13.46065,6.82352,0,8.70,19254.0
147400,491,2.000e-04,2.22587,0.09849,0.25080,0.05734,0.07275,0.05425,0.06089,0.30283,0.05549,0.24734,18.46447,6.42673,0,8.54,19265.8
147500,491,2.000e-04,2.83996,0.21740,0.53206,0.07974,0.06767,0.06454,0.05873,0.56074,0.21351,0.34724,10.30368,9.09423,0,8.86,19277.0
147600,492,2.000e-04,3.02942,0.49989,0.81324,0.06279,0.05475,0.06838,0.03980,0.30377,0.19080,0.11297,33.59253,9.08234,0,9.12,19288.0
147700,492,2.000e-04,3.46596,0.41621,0.35539,0.08225,0.10013,0.07961,0.09449,0.37184,0.23113,0.14071,15.30609,5.30289,0,9.20,19298.9
147800,492,2.000e-04,3.14882,0.46409,0.84373,0.06354,0.06580,0.05649,0.05303,0.37830,0.14120,0.23710,15.24845,8.58847,0,8.87,19310.1
147900,493,2.000e-04,2.47604,0.03850,0.68549,0.06318,0.05215,0.05911,0.06064,0.28972,0.13009,0.15963,14.30536,6.34947,0,8.49,19321.9
148000,493,2.000e-04,4.28103,0.72276,0.60012,0.06508,0.14222,0.06514,0.11188,0.17951,0.04130,0.13821,18.03700,6.22172,0,8.38,19333.9
148100,493,2.000e-04,3.79420,0.48549,0.45287,0.08368,0.11421,0.07881,0.09657,0.26303,0.14481,0.11822,18.23074,5.79690,0,8.60,19345.5
148200,494,2.000e-04,4.45633,0.72739,0.24857,0.05762,0.18376,0.05854,0.15477,0.31314,0.12973,0.18341,24.53736,8.02369,0,8.83,19356.8
148300,494,2.000e-04,2.50052,0.42542,0.21446,0.06049,0.06642,0.05951,0.05878,0.57018,0.28130,0.28888,15.03538,14.10612,0,9.12,19367.8
148400,494,2.000e-04,3.27740,0.15516,0.67600,0.06867,0.10850,0.05663,0.07829,0.52076,0.35325,0.16751,20.77595,9.96589,0,8.94,19378.9
148500,495,2.000e-04,4.33714,0.23473,1.36732,0.09668,0.08999,0.06628,0.10740,0.27896,0.13008,0.14888,24.55195,11.52640,0,8.84,19390.3
148600,495,2.000e-04,2.65851,0.35286,0.25700,0.06272,0.08292,0.06210,0.05635,0.47654,0.16224,0.31430,14.18040,8.30753,0,8.73,19401.7
148700,495,2.000e-04,2.87261,0.33727,0.14881,0.06271,0.09718,0.06826,0.08926,0.79069,0.47630,0.31439,15.67045,12.79238,0,8.83,19413.0
148800,496,2.000e-04,2.01921,0.13472,0.28123,0.04275,0.05366,0.07498,0.05286,0.43963,0.15429,0.28534,9.69185,11.73656,0,8.51,19424.8
148900,496,2.000e-04,3.13770,0.52423,0.53608,0.07445,0.07559,0.05664,0.05876,0.37087,0.26477,0.10609,13.44668,8.06967,0,8.35,19436.8
149000,496,2.000e-04,3.27074,0.43256,0.50140,0.06272,0.11553,0.04600,0.06484,0.37305,0.16339,0.20966,16.39786,7.47792,0,9.26,19447.6
149100,497,2.000e-04,2.77247,0.24061,0.65749,0.05537,0.07942,0.04727,0.05803,0.45496,0.26542,0.18954,11.66049,10.69953,0,9.54,19458.0
149200,497,2.000e-04,3.21647,0.42498,0.68467,0.06961,0.06646,0.09234,0.05688,0.21091,0.03399,0.17691,21.10898,8.63996,0,8.99,19469.2
149300,497,2.000e-04,2.49893,0.26190,0.47019,0.06016,0.06605,0.05648,0.04445,0.30325,0.13032,0.17292,13.91274,5.66789,0,9.50,19479.7
149400,498,2.000e-04,3.65929,0.42777,0.37081,0.08278,0.11244,0.07339,0.10831,0.65449,0.31139,0.34309,11.68926,16.38877,0,8.94,19490.9
149500,498,2.000e-04,2.70849,0.41599,0.50616,0.04932,0.07956,0.04707,0.05245,0.31778,0.10014,0.21765,14.33976,7.06216,0,9.23,19501.7
149600,498,2.000e-04,5.28294,0.76031,0.56636,0.07556,0.19097,0.07051,0.18769,0.37695,0.07896,0.29799,19.35894,8.03782,0,9.46,19512.3
149700,499,2.000e-04,2.69232,0.20872,0.54002,0.07356,0.06541,0.06290,0.04787,0.43570,0.07498,0.36072,10.02916,7.38754,0,8.90,19523.5
149800,499,2.000e-04,1.75228,0.16022,0.10034,0.05652,0.04960,0.05702,0.02909,0.42270,0.26183,0.16087,12.36653,13.88012,0,8.86,19534.8
149900,499,2.000e-04,2.95004,0.09078,0.63103,0.05627,0.09416,0.06018,0.08461,0.50985,0.16940,0.34045,27.37042,6.16584,0,8.96,19546.0
150000,500,2.000e-04,3.44753,0.35799,0.57029,0.07946,0.09449,0.06713,0.08882,0.34292,0.20998,0.13294,16.43800,7.02190,0,1.63,19607.2
150100,500,2.000e-04,4.23689,0.41100,0.59201,0.12965,0.10702,0.06692,0.10652,0.37567,0.20477,0.17090,40.11324,18.63103,0,8.30,19619.3
150200,500,2.000e-04,3.13171,0.70382,0.21143,0.11139,0.05602,0.06706,0.04142,0.32272,0.10246,0.22026,22.44449,8.87998,0,8.72,19630.7
150300,501,1.996e-04,3.01811,0.36901,0.69211,0.05410,0.07689,0.06571,0.06370,0.55981,0.21519,0.34462,22.98545,8.73990,0,8.52,19642.5
150400,501,1.996e-04,2.55554,0.30034,0.40748,0.06470,0.06318,0.06368,0.05010,0.27503,0.08189,0.19314,15.56615,4.93418,0,8.54,19654.2
150500,501,1.996e-04,3.37460,0.55733,0.10613,0.07741,0.11106,0.07407,0.09122,0.45174,0.08000,0.37174,16.63068,6.98551,0,8.56,19665.9
150600,502,1.992e-04,3.57103,0.44598,0.91396,0.06070,0.06851,0.12936,0.05444,0.50953,0.23866,0.27087,26.46614,13.54402,0,8.98,19677.0
150700,502,1.992e-04,3.52611,0.02064,0.64157,0.05673,0.08909,0.04492,0.23622,0.87482,0.26725,0.60758,24.27760,10.55644,0,8.86,19688.3
150800,502,1.992e-04,2.57854,0.23290,0.48635,0.06740,0.05693,0.07717,0.04603,0.38893,0.15807,0.23086,11.17200,6.00496,0,9.19,19699.2
150900,503,1.988e-04,3.64177,0.70666,0.25214,0.05940,0.11144,0.06685,0.12807,0.24732,0.11285,0.13447,17.14731,8.26297,0,8.70,19710.7
151000,503,1.988e-04,3.63690,0.15150,0.35836,0.06970,0.11687,0.15003,0.10223,0.31955,0.04746,0.27209,23.64271,8.64362,0,8.66,19722.2
151100,503,1.988e-04,2.72332,0.28072,0.41705,0.06028,0.07199,0.08448,0.05609,0.46264,0.19859,0.26406,11.55383,5.23097,0,8.98,19733.3
151200,504,1.984e-04,2.67616,0.15926,0.32282,0.07255,0.07937,0.07027,0.06469,0.55369,0.28290,0.27079,16.18011,16.59067,0,8.64,19744.9
151300,504,1.984e-04,3.61137,0.51296,0.94074,0.06166,0.09335,0.04859,0.07292,0.59276,0.30843,0.28433,30.17042,24.07935,0,8.68,19756.4
151400,504,1.984e-04,2.81542,0.39063,0.32975,0.07455,0.06961,0.06340,0.06728,0.51373,0.11414,0.39958,9.86787,10.11120,0,8.78,19767.8
151500,505,1.980e-04,2.69740,0.35419,0.16180,0.07055,0.07138,0.09004,0.06237,0.55365,0.15414,0.39951,14.85026,9.62630,0,9.17,19778.7
151600,505,1.980e-04,3.19582,0.48186,0.21813,0.09153,0.06765,0.07594,0.10488,0.27907,0.24136,0.03771,16.09352,8.16857,0,9.11,19789.7
151700,505,1.980e-04,2.66227,0.07266,0.22185,0.07131,0.09651,0.06407,0.07384,0.46692,0.20675,0.26017,11.25060,7.74583,0,9.25,19800.5
151800,506,1.976e-04,2.87542,0.17404,0.72331,0.07485,0.06194,0.07509,0.04693,0.48633,0.12690,0.35942,14.65759,10.84457,0,8.64,19812.1
151900,506,1.976e-04,3.62214,0.74645,0.35592,0.08215,0.09076,0.07038,0.08777,0.41646,0.07872,0.33773,15.03333,7.70546,0,8.67,19823.6
152000,506,1.976e-04,4.41244,0.53199,1.12287,0.06248,0.14214,0.06220,0.08008,0.19645,0.12326,0.07319,32.84673,6.47364,0,8.57,19835.3
152100,507,1.972e-04,2.35978,0.13968,0.29010,0.06202,0.07780,0.05236,0.05398,0.26772,0.07902,0.18869,12.75485,7.48652,0,8.88,19846.6
152200,507,1.972e-04,2.88833,0.30865,0.38540,0.05223,0.10451,0.04969,0.07568,0.58536,0.27460,0.31076,18.91413,10.52773,0,8.92,19857.8
152300,507,1.972e-04,3.32939,0.74785,0.18378,0.06972,0.10238,0.05521,0.08014,0.35114,0.06626,0.28488,12.44224,7.56833,0,8.85,19869.1
152400,508,1.968e-04,4.32037,0.29318,0.59706,0.07357,0.14309,0.08976,0.16293,0.38921,0.18687,0.20234,24.50640,8.12123,0,9.07,19880.1
152500,508,1.968e-04,3.77942,0.25367,0.59540,0.06799,0.13905,0.05629,0.11569,0.38419,0.11276,0.27142,25.46468,5.88517,0,8.54,19891.8
152600,508,1.968e-04,4.22341,0.65632,0.72923,0.05816,0.11793,0.06969,0.14571,0.77790,0.32126,0.45664,27.68546,14.28401,0,8.57,19903.4
152700,509,1.964e-04,4.40497,0.66390,0.72392,0.07143,0.11756,0.03801,0.18743,0.19784,0.07751,0.12034,22.90558,7.20033,0,8.68,19915.0
152800,509,1.964e-04,2.49128,0.15799,0.76446,0.05036,0.06327,0.04249,0.04403,0.42172,0.11494,0.30678,14.82827,7.89059,0,8.91,19926.2
152900,509,1.964e-04,3.57416,0.19077,1.41875,0.08225,0.05743,0.07608,0.03747,0.43424,0.31359,0.12065,23.45352,12.08095,0,8.85,19937.5
153000,510,1.960e-04,2.55677,0.33759,0.30052,0.06961,0.06958,0.05522,0.05013,0.19193,0.14075,0.05119,13.09913,5.58591,0,1.66,19997.8
153100,510,1.960e-04,3.00180,0.33770,0.16873,0.05603,0.10898,0.05097,0.11809,0.33482,0.13080,0.20402,7.06176,11.77507,0,8.32,20009.9
153200,510,1.960e-04,2.95575,0.21009,0.58425,0.05329,0.09715,0.06470,0.06671,0.49400,0.27077,0.22323,19.91780,10.23722,0,8.48,20021.6
153300,511,1.956e-04,2.39065,0.12247,0.41454,0.07060,0.06292,0.05032,0.05337,0.47104,0.17936,0.29168,16.56648,15.48982,0,8.62,20033.2
153400,511,1.956e-04,3.11761,0.08134,0.70268,0.06135,0.10814,0.05053,0.07721,0.34731,0.13398,0.21333,17.19638,10.84871,0,8.89,20044.5
153500,511,1.956e-04,2.03262,0.15889,0.02627,0.07843,0.05785,0.04602,0.05091,0.63238,0.34011,0.29227,14.95819,11.42297,0,9.22,20055.3
153600,512,1.952e-04,2.95356,0.56667,0.15359,0.07381,0.08542,0.06134,0.06685,0.60109,0.19204,0.40906,9.22749,10.66084,0,8.94,20066.5
153700,512,1.952e-04,3.01684,0.20375,0.17783,0.06944,0.11155,0.06206,0.10302,0.32559,0.20164,0.12395,17.18014,9.69612,0,8.71,20078.0
153800,512,1.952e-04,3.03290,0.65197,0.42751,0.06091,0.07801,0.05620,0.05664,0.38609,0.20889,0.17719,9.37960,12.16426,0,8.53,20089.7
153900,513,1.948e-04,2.63010,0.28346,0.17473,0.07691,0.08392,0.06119,0.05152,0.37713,0.08504,0.29210,17.71773,7.60265,0,8.49,20101.5
154000,513,1.948e-04,3.24849,0.53687,0.30271,0.08193,0.08392,0.08490,0.06517,0.68154,0.19350,0.48803,13.11867,13.75975,0,8.58,20113.2
154100,513,1.948e-04,2.99995,0.51112,0.79183,0.05328,0.06906,0.05252,0.04219,0.25229,0.07528,0.17701,20.69437,4.69598,0,9.04,20124.2
154200,514,1.944e-04,3.45700,0.19546,1.17118,0.07964,0.07092,0.05469,0.06225,0.39437,0.30032,0.09404,27.14555,15.59722,0,9.13,20135.2
154300,514,1.944e-04,3.23552,0.34296,0.82232,0.07894,0.06516,0.07583,0.05002,0.40723,0.28828,0.11895,19.12999,13.17374,0,9.15,20146.1
154400,514,1.944e-04,2.94104,0.15802,0.34758,0.06160,0.10221,0.07116,0.08831,0.38368,0.17224,0.21144,18.62902,8.39143,0,8.99,20157.2
154500,515,1.940e-04,2.70205,0.41706,0.26728,0.06441,0.07680,0.04979,0.07133,0.35537,0.18185,0.17352,14.28725,7.59039,0,8.71,20168.7
154600,515,1.940e-04,2.76166,0.25171,0.38669,0.07367,0.08059,0.04938,0.06676,0.39619,0.21535,0.18084,16.06207,6.71031,0,8.89,20180.0
154700,515,1.940e-04,3.45753,0.63600,0.46925,0.06679,0.09158,0.06691,0.08681,0.31656,0.16239,0.15417,11.83254,8.48911,0,8.89,20191.2
154800,516,1.936e-04,3.45408,0.14323,0.57873,0.07046,0.13004,0.06017,0.08524,0.28437,0.18916,0.09521,21.96159,7.79819,0,9.01,20202.3
154900,516,1.936e-04,3.35454,0.33766,0.19229,0.07765,0.12066,0.06459,0.10370,0.35569,0.18784,0.16784,14.73560,6.10100,0,8.78,20213.7
155000,516,1.936e-04,3.43093,0.44359,1.04434,0.06914,0.07244,0.06107,0.04436,0.36699,0.07162,0.29537,32.45463,4.79046,0,8.74,20225.2
155100,517,1.932e-04,2.69120,0.25462,0.53883,0.05931,0.07865,0.04136,0.06227,0.38646,0.09167,0.29480,20.89781,9.68530,0,8.69,20236.7
155200,517,1.932e-04,3.20037,0.18259,0.23922,0.08511,0.11854,0.07222,0.07619,0.37950,0.07205,0.30745,23.25906,7.70526,0,8.64,20248.2
155300,517,1.932e-04,2.33293,0.25407,0.06734,0.05090,0.08687,0.04704,0.07971,0.44262,0.32626,0.11637,10.58302,14.23130,0,8.45,20260.1
155400,518,1.928e-04,2.43439,0.14052,0.51457,0.05147,0.06380,0.06026,0.06507,0.16284,0.07756,0.08528,21.72924,6.92269,0,8.42,20271.9
155500,518,1.928e-04,2.55434,0.41384,0.26907,0.06431,0.08279,0.04600,0.03410,0.27143,0.10263,0.16880,25.62692,6.21506,0,9.00,20283.1
155600,518,1.928e-04,2.15453,0.29378,0.33922,0.04669,0.05942,0.04628,0.04581,0.42498,0.20466,0.22033,15.86629,8.14059,0,8.91,20294.3
155700,519,1.924e-04,3.07826,0.42321,0.72667,0.05252,0.07675,0.06122,0.06593,0.35689,0.16436,0.19252,20.22742,12.76020,0,9.01,20305.4
155800,519,1.924e-04,2.85839,0.20657,0.54348,0.06049,0.08215,0.06639,0.06999,0.63221,0.21995,0.41226,23.92550,18.37106,0,8.53,20317.1
155900,519,1.924e-04,2.24241,0.22583,0.27139,0.04834,0.08050,0.04315,0.04821,0.38726,0.16847,0.21879,12.90763,8.14864,0,8.17,20329.3
156000,520,1.920e-04,4.08958,0.19987,0.57748,0.08485,0.14711,0.07778,0.12075,0.45695,0.13265,0.32430,20.76926,9.28148,0,1.64,20390.3
156100,520,1.920e-04,3.17868,0.09030,0.54499,0.03496,0.13671,0.04739,0.11794,0.51360,0.12020,0.39340,16.06573,10.62920,0,8.80,20401.7
156200,520,1.920e-04,3.36149,0.73498,0.21454,0.09556,0.07763,0.07905,0.05697,0.38435,0.25700,0.12734,19.52515,11.60972,0,9.04,20412.7
156300,521,1.916e-04,5.13546,1.41390,0.65835,0.07138,0.14509,0.06167,0.11804,0.16562,0.09734,0.06828,38.60717,5.99026,0,8.89,20424.0
156400,521,1.916e-04,3.35004,0.06431,0.50537,0.07093,0.12933,0.06015,0.09539,0.21472,0.08275,0.13198,15.98964,8.50037,0,9.08,20435.0
156500,521,1.916e-04,2.78920,0.52306,0.36659,0.05573,0.08551,0.04637,0.05105,0.33892,0.09012,0.24880,22.72970,13.45237,0,8.37,20447.0
156600,522,1.912e-04,2.40952,0.45993,0.40330,0.04749,0.05894,0.05060,0.04580,0.36500,0.31266,0.05234,17.08829,11.63173,0,8.80,20458.3
156700,522,1.912e-04,3.45824,0.54831,1.03065,0.06040,0.07547,0.04811,0.05602,0.26926,0.07009,0.19917,16.68423,4.83269,0,8.83,20469.6
156800,522,1.912e-04,3.19220,0.50429,0.29570,0.06847,0.09400,0.06403,0.08948,0.43666,0.23339,0.20327,15.12098,8.80557,0,8.60,20481.3
156900,523,1.908e-04,2.47428,0.10431,0.27623,0.04731,0.09948,0.03769,0.08746,0.42033,0.16264,0.25769,21.42159,8.04439,0,8.59,20492.9
157000,523,1.908e-04,2.80340,0.20007,0.30903,0.03669,0.11328,0.05130,0.10761,0.37103,0.24719,0.12384,17.65392,12.42946,0,8.57,20504.6
157100,523,1.908e-04,4.86402,0.33233,1.19642,0.06915,0.16255,0.06792,0.13572,0.47417,0.18292,0.29125,33.39619,15.72965,0,8.75,20516.0
157200,524,1.904e-04,2.83297,0.10723,0.64819,0.05553,0.07991,0.06774,0.07690,0.35609,0.10839,0.24770,14.88945,8.15858,0,9.14,20527.0
157300,524,1.904e-04,2.65516,0.64456,0.32182,0.04876,0.06796,0.04988,0.05444,0.27788,0.10727,0.17061,13.61377,9.54066,0,8.81,20538.3
157400,524,1.904e-04,3.33330,0.72881,0.38754,0.05086,0.11044,0.04425,0.07653,0.54062,0.20229,0.33833,13.52123,8.50103,0,8.54,20550.0
157500,525,1.900e-04,3.77823,0.36046,1.31673,0.06224,0.08567,0.05640,0.06799,0.19486,0.08623,0.10863,15.93242,9.05508,0,8.70,20561.5
157600,525,1.900e-04,2.95311,0.21092,0.52697,0.06715,0.08134,0.05449,0.09157,0.28012,0.11007,0.17005,28.72079,5.80281,0,9.10,20572.5
157700,525,1.900e-04,3.10412,0.19556,0.62950,0.06239,0.09091,0.05396,0.09524,0.44713,0.29867,0.14846,17.99771,17.64645,0,9.17,20583.4
157800,526,1.896e-04,3.01027,0.94125,0.59813,0.05486,0.05103,0.03931,0.04308,0.46615,0.09526,0.37089,26.49510,13.87906,0,9.02,20594.5
157900,526,1.896e-04,2.27148,0.31198,0.42128,0.04422,0.06456,0.03241,0.05767,0.39565,0.10378,0.29188,16.05318,8.60224,0,8.84,20605.8
158000,526,1.896e-04,2.59521,0.24374,0.64445,0.06078,0.05833,0.05295,0.05023,0.45595,0.11303,0.34292,18.75076,8.07108,0,8.75,20617.2
158100,527,1.892e-04,2.70691,0.26186,0.72638,0.05999,0.06318,0.05170,0.04569,0.29568,0.19167,0.10402,20.85970,10.46204,0,8.73,20628.7
158200,527,1.892e-04,2.11847,0.06846,0.49865,0.05692,0.05469,0.03925,0.04781,0.53935,0.21919,0.32016,10.71967,7.64368,0,8.40,20640.6
158300,527,1.892e-04,3.23136,0.33461,0.42433,0.06932,0.09767,0.07588,0.08461,0.36448,0.08380,0.28068,19.58485,6.27170,0,8.49,20652.4
158400,528,1.888e-04,3.42625,0.34225,1.10289,0.05308,0.08769,0.04695,0.06773,0.27075,0.03202,0.23873,25.83763,4.91426,0,8.88,20663.6
158500,528,1.888e-04,3.73226,0.31467,0.61115,0.09761,0.09933,0.08011,0.08731,0.28908,0.09898,0.19010,28.30014,9.76696,0,8.89,20674.9
158600,528,1.888e-04,4.96762,0.28530,1.43660,0.07285,0.13077,0.06416,0.17775,0.43459,0.27142,0.16318,39.44627,12.83326,0,9.05,20685.9
158700,529,1.884e-04,4.52012,0.39218,0.65067,0.08575,0.17331,0.07904,0.09830,0.13712,0.06816,0.06897,26.53412,5.73016,0,8.92,20697.1
158800,529,1.884e-04,2.35978,0.45063,0.27198,0.05965,0.05507,0.04646,0.05154,0.23220,0.12128,0.11091,16.54307,7.59372,0,8.96,20708.3
158900,529,1.884e-04,2.63818,0.08488,0.52641,0.07406,0.07057,0.06597,0.05014,0.50804,0.08784,0.42020,15.35553,12.55496,0,8.74,20719.7
159000,530,1.880e-04,2.63278,0.21421,0.21252,0.06203,0.09516,0.05786,0.06897,0.49698,0.30390,0.19308,8.09794,11.83463,0,1.65,20780.5
159100,530,1.880e-04,3.79404,0.50581,0.91364,0.07251,0.09613,0.05116,0.08648,0.18284,0.07937,0.10346,46.03044,6.03043,0,8.03,20792.9
159200,530,1.880e-04,3.14636,0.55955,0.20497,0.05549,0.10171,0.04616,0.11580,0.36288,0.15316,0.20972,18.78049,7.26355,0,8.93,20804.1
159300,531,1.876e-04,2.42671,0.20995,0.43138,0.04974,0.08465,0.04295,0.04536,0.50774,0.21204,0.29571,14.57028,10.90642,0,8.87,20815.4
159400,531,1.876e-04,2.79264,0.64809,0.61365,0.05218,0.05789,0.03710,0.04893,0.30739,0.09561,0.21178,11.79159,6.27403,0,8.72,20826.9
159500,531,1.876e-04,3.31397,0.63165,0.58411,0.06501,0.08323,0.06018,0.06297,0.29773,0.19073,0.10700,19.68594,10.84379,0,8.67,20838.4
159600,532,1.872e-04,3.23097,0.36823,0.83518,0.06777,0.06281,0.06035,0.08400,0.38809,0.18906,0.19903,19.09016,11.02066,0,8.79,20849.8
159700,532,1.872e-04,3.40167,0.33982,0.49014,0.05047,0.14827,0.04979,0.06707,0.28527,0.16224,0.12303,26.13185,6.69972,0,8.60,20861.4
159800,532,1.872e-04,2.62330,0.58675,0.29746,0.07352,0.05006,0.06578,0.03489,0.49234,0.25655,0.23579,11.60362,17.09694,0,8.53,20873.1
159900,533,1.868e-04,2.27405,0.10068,0.49998,0.06413,0.05270,0.05648,0.04453,0.26751,0.11354,0.15397,8.98845,7.15962,0,9.02,20884.2
160000,533,1.868e-04,3.81967,0.69017,0.65869,0.07440,0.10198,0.06454,0.07686,0.37548,0.16731,0.20817,22.74491,9.33317,0,9.51,20894.7
160100,533,1.868e-04,3.24255,0.28482,0.96498,0.07135,0.07499,0.06493,0.04095,0.55487,0.37066,0.18421,22.92901,16.35789,0,9.16,20905.6
160200,534,1.864e-04,3.00259,0.71199,0.55693,0.05376,0.06727,0.04708,0.05759,0.23728,0.03990,0.19737,17.76101,5.06371,0,8.92,20916.9
160300,534,1.864e-04,4.19781,0.80444,0.52833,0.07325,0.14548,0.04954,0.08602,0.44139,0.08179,0.35959,28.68798,9.94133,0,8.55,20928.6
160400,534,1.864e-04,3.03175,0.48895,0.77509,0.06073,0.06012,0.06732,0.04452,0.24767,0.08680,0.16087,19.50363,6.83768,0,8.55,20940.3
160500,535,1.860e-04,3.23373,0.79538,0.74819,0.05610,0.06438,0.04542,0.05166,0.41621,0.05390,0.36231,25.02866,12.20190,0,8.71,20951.7
160600,535,1.860e-04,3.77422,0.43622,0.44832,0.06982,0.12273,0.05610,0.13673,0.24498,0.13862,0.10635,23.83685,5.53612,0,8.90,20963.0
160700,535,1.860e-04,2.71994,0.39380,0.61538,0.05651,0.06566,0.04630,0.05152,0.43445,0.17180,0.26265,15.05468,7.27068,0,8.67,20974.5
160800,536,1.856e-04,2.94891,0.35945,0.31223,0.06438,0.09606,0.05313,0.08144,0.48437,0.14999,0.33438,16.17841,6.93706,0,8.66,20986.1
160900,536,1.856e-04,3.11272,0.28169,0.43899,0.07143,0.10458,0.05439,0.07201,0.43608,0.17175,0.26432,20.90761,8.47063,0,8.62,20997.7
161000,536,1.856e-04,2.42879,0.16987,0.22231,0.04389,0.08952,0.04250,0.09800,0.78909,0.37178,0.41731,10.61591,8.25331,0,8.66,21009.2
161100,537,1.852e-04,4.01363,0.53944,0.25078,0.07985,0.14295,0.06952,0.12956,0.42406,0.19739,0.22666,17.51609,12.09583,0,8.65,21020.8
161200,537,1.852e-04,2.99473,0.08700,1.11588,0.05121,0.08384,0.03721,0.05106,0.39968,0.11329,0.28638,47.94908,11.00413,0,8.66,21032.3
161300,537,1.852e-04,2.94951,0.23735,0.15315,0.06234,0.11031,0.05970,0.10680,0.51843,0.20111,0.31732,15.45419,11.07164,0,8.67,21043.8
161400,538,1.848e-04,2.22736,0.57314,0.36607,0.04522,0.04436,0.03737,0.04109,0.62000,0.16509,0.45492,14.80327,11.83737,0,8.90,21055.1
161500,538,1.848e-04,3.06326,0.54274,0.57038,0.06383,0.07207,0.05778,0.06045,0.32982,0.11354,0.21629,12.64392,6.92281,0,9.17,21066.0
161600,538,1.848e-04,2.45777,0.30442,0.42044,0.05701,0.06097,0.04677,0.06387,0.29787,0.18152,0.11635,13.19452,8.54587,0,8.78,21077.4
161700,539,1.844e-04,2.58575,0.47639,0.37857,0.06702,0.05433,0.05938,0.04408,0.45941,0.17680,0.28262,14.79590,10.05448,0,8.71,21088.8
161800,539,1.844e-04,3.20533,0.24627,0.62045,0.06164,0.09993,0.04668,0.09789,0.42609,0.09233,0.33376,19.63525,7.05386,0,8.73,21100.3
161900,539,1.844e-04,3.83806,0.46366,1.76474,0.06781,0.04333,0.06882,0.03084,0.28157,0.09941,0.18216,38.67339,9.88594,0,8.68,21111.8
162000,540,1.840e-04,3.70653,0.19724,0.44489,0.05794,0.16292,0.05091,0.12025,0.39323,0.24676,0.14647,25.62187,8.29374,0,1.66,21172.2
162100,540,1.840e-04,3.51630,0.31447,0.94171,0.06502,0.10226,0.05829,0.05918,0.50678,0.28186,0.22491,16.51341,7.86965,0,8.06,21184.6
162200,540,1.840e-04,2.76582,0.31187,0.71135,0.05289,0.07040,0.04826,0.05368,0.25009,0.07346,0.17663,17.80891,6.22681,0,8.64,21196.2
162300,541,1.836e-04,2.76203,0.62736,0.32134,0.07762,0.04792,0.06762,0.04395,0.29021,0.20700,0.08321,11.56615,6.48549,0,8.81,21207.5
162400,541,1.836e-04,3.16102,0.13970,0.48376,0.05941,0.11665,0.04967,0.10573,0.53455,0.20126,0.33328,17.70015,6.63797,0,8.74,21219.0
162500,541,1.836e-04,9.30844,0.21401,1.73750,0.04929,0.42547,0.04213,0.47973,0.24896,0.16122,0.08774,53.28596,7.54925,0,8.63,21230.6
162600,542,1.832e-04,2.64673,0.29274,0.41416,0.06532,0.07828,0.04944,0.05131,0.39811,0.10606,0.29205,11.08086,5.48841,0,8.66,21242.1
162700,542,1.832e-04,3.19833,0.44954,0.82641,0.04742,0.08568,0.04966,0.06863,0.31435,0.05428,0.26007,12.78808,6.02124,0,8.75,21253.5
162800,542,1.832e-04,3.38710,0.33483,0.26054,0.05752,0.13808,0.05948,0.10765,0.15507,0.05455,0.10053,13.89251,8.20244,0,8.63,21265.1
162900,543,1.828e-04,3.34182,0.35922,0.76172,0.08462,0.06499,0.08097,0.06399,0.19150,0.14210,0.04940,17.04694,6.22294,0,8.66,21276.7
163000,543,1.828e-04,2.61321,0.40850,0.39151,0.06831,0.05795,0.06459,0.04554,0.27924,0.18324,0.09601,19.26091,18.58241,0,8.43,21288.5
163100,543,1.828e-04,3.22142,0.24615,0.29246,0.09039,0.08996,0.06898,0.10688,0.33178,0.09961,0.23217,19.66059,13.90383,0,8.51,21300.3
163200,544,1.824e-04,3.77722,0.53678,0.96976,0.07245,0.07606,0.07321,0.08391,0.21588,0.09274,0.12314,24.39657,6.22668,0,8.24,21312.4
163300,544,1.824e-04,3.13143,0.40656,1.08910,0.05161,0.06585,0.03859,0.05363,0.58099,0.29706,0.28393,17.94573,9.42349,0,9.29,21323.2
163400,544,1.824e-04,2.85869,0.42945,0.33047,0.06458,0.07548,0.06632,0.07331,0.36176,0.12131,0.24046,8.84086,8.62073,0,9.01,21334.3
163500,545,1.820e-04,2.46731,0.43579,0.37596,0.07181,0.04563,0.06367,0.03257,0.17608,0.07783,0.09825,14.38745,6.07648,0,8.57,21346.0
163600,545,1.820e-04,3.47792,0.44141,0.61788,0.06026,0.11353,0.06178,0.07437,0.28163,0.02974,0.25189,25.02163,6.82299,0,8.76,21357.4
163700,545,1.820e-04,2.71759,0.30028,0.65050,0.06238,0.06410,0.05297,0.04745,0.52048,0.25630,0.26418,19.43012,9.98441,0,8.38,21369.3
163800,546,1.816e-04,4.60985,0.49281,0.97445,0.05528,0.12358,0.05726,0.21353,0.32920,0.22576,0.10344,57.58963,13.62861,0,8.45,21381.2
163900,546,1.816e-04,4.17126,0.67851,1.37223,0.05496,0.06725,0.04876,0.13092,0.62276,0.44325,0.17951,19.06009,19.05560,0,8.53,21392.9
164000,546,1.816e-04,3.47181,0.29256,0.61037,0.06638,0.11399,0.05181,0.10123,0.39922,0.25964,0.13959,26.30135,10.76818,0,8.57,21404.5
164100,547,1.812e-04,3.05569,0.79577,0.33531,0.06644,0.07262,0.05639,0.05040,0.37209,0.13976,0.23233,10.98937,12.73632,0,8.58,21416.2
164200,547,1.812e-04,3.38990,0.29217,0.98294,0.06258,0.07898,0.05679,0.08305,0.48914,0.17511,0.31403,19.80173,7.84806,0,8.80,21427.6
164300,547,1.812e-04,3.23055,0.29277,0.77896,0.07478,0.07382,0.06364,0.07094,0.36429,0.13730,0.22700,19.43823,13.28097,0,8.77,21439.0
164400,548,1.808e-04,3.78259,0.35464,0.58874,0.07698,0.11235,0.08034,0.10885,0.42210,0.17618,0.24592,20.14566,6.67356,0,8.66,21450.5
164500,548,1.808e-04,2.51237,0.25189,0.54325,0.06153,0.05370,0.05108,0.06191,0.18492,0.13049,0.05443,21.81479,4.48419,0,8.73,21462.0
164600,548,1.808e-04,3.12814,0.79353,0.36736,0.05228,0.07867,0.05792,0.07364,0.20619,0.09535,0.11084,16.77315,7.90305,0,8.83,21473.3
164700,549,1.804e-04,2.35717,0.33354,0.48957,0.06607,0.04566,0.04567,0.03769,0.22251,0.13005,0.09246,20.97464,10.08772,0,8.67,21484.8
164800,549,1.804e-04,2.03294,0.24822,0.20526,0.05553,0.05907,0.04471,0.04198,0.29638,0.18204,0.11435,14.71313,14.25041,0,8.77,21496.2
164900,549,1.804e-04,3.16601,0.29095,0.88560,0.08413,0.05559,0.07641,0.04203,0.37188,0.20461,0.16727,16.14411,8.18461,0,8.66,21507.8
165000,550,1.800e-04,2.44620,0.03971,0.32212,0.05936,0.08624,0.05119,0.07449,0.42976,0.21360,0.21616,18.73590,8.62631,0,1.63,21569.3
165100,550,1.800e-04,4.42042,0.55068,0.61670,0.10022,0.14935,0.05587,0.09559,0.58903,0.36560,0.22343,26.98334,14.27578,0,8.10,21581.6
165200,550,1.800e-04,4.25231,0.35493,1.02795,0.07032,0.11369,0.08323,0.12262,0.36326,0.10355,0.25972,21.01766,7.03198,0,8.63,21593.2
165300,551,1.796e-04,3.32453,0.38900,0.62884,0.07645,0.08528,0.06307,0.07481,0.43447,0.09158,0.34289,16.52899,7.08728,0,8.56,21604.9
165400,551,1.796e-04,2.77678,0.23164,0.15205,0.04449,0.12235,0.04776,0.09717,0.37403,0.12814,0.24588,13.75152,7.42113,0,8.72,21616.4
165500,551,1.796e-04,2.99300,0.40557,0.54110,0.07393,0.06689,0.04634,0.08129,0.31527,0.09846,0.21682,17.68053,6.70517,0,8.72,21627.9
165600,552,1.792e-04,3.99177,0.75730,1.28616,0.04799,0.07632,0.05177,0.08927,0.31285,0.21856,0.09429,39.46174,15.13106,0,8.49,21639.6
165700,552,1.792e-04,3.13764,0.27349,0.46749,0.07016,0.10008,0.05935,0.07950,0.41946,0.20298,0.21647,11.25111,8.26068,0,9.03,21650.7
165800,552,1.792e-04,2.65318,0.19916,0.77470,0.04577,0.07868,0.04961,0.03734,0.33277,0.13757,0.19521,18.77141,13.22220,0,8.81,21662.1
165900,553,1.788e-04,3.07276,0.28469,0.31231,0.06735,0.09488,0.05417,0.11653,0.37634,0.13826,0.23808,27.18718,9.81581,0,8.68,21673.6
166000,553,1.788e-04,3.68636,0.92862,0.57515,0.06834,0.07582,0.05216,0.09605,0.39736,0.06691,0.33045,30.60283,12.04635,0,8.69,21685.1
166100,553,1.788e-04,3.17710,0.33054,0.39967,0.05616,0.11369,0.05277,0.09690,0.33916,0.11774,0.22142,41.11382,4.40953,0,8.59,21696.8
166200,554,1.784e-04,3.05530,0.29626,0.20479,0.04629,0.12320,0.03854,0.13334,0.23562,0.15728,0.07833,18.56251,11.07439,0,8.70,21708.3
166300,554,1.784e-04,2.85725,0.43873,0.64658,0.05069,0.06950,0.05781,0.05620,0.30320,0.13581,0.16739,14.18583,7.88124,0,8.35,21720.2
166400,554,1.784e-04,2.99302,0.36952,0.61267,0.06121,0.08553,0.06299,0.04568,0.61515,0.39480,0.22035,27.89028,10.75948,0,8.77,21731.6
166500,555,1.780e-04,2.72778,0.26305,0.33379,0.08243,0.06989,0.06302,0.05854,0.33445,0.11552,0.21892,14.66656,10.37344,0,8.60,21743.3
166600,555,1.780e-04,2.40772,0.08419,0.54061,0.06250,0.06819,0.04161,0.05359,0.57215,0.23376,0.33839,9.17316,10.73977,0,8.45,21755.1
166700,555,1.780e-04,3.42275,0.64699,0.51940,0.05963,0.09077,0.04908,0.10140,0.49664,0.18718,0.30946,17.96858,12.35726,0,8.57,21766.7
166800,556,1.776e-04,2.71218,0.59867,0.19267,0.06814,0.06217,0.06360,0.05994,0.61153,0.25757,0.35395,15.89573,8.96697,0,8.78,21778.1
166900,556,1.776e-04,2.87016,0.47312,0.47649,0.06231,0.06576,0.06311,0.06486,0.34056,0.12110,0.21946,14.75424,6.91867,0,8.91,21789.4
167000,556,1.776e-04,2.84106,0.46728,0.27621,0.06612,0.09252,0.06713,0.03510,0.20817,0.10175,0.10642,23.95993,7.76775,0,8.63,21800.9
167100,557,1.772e-04,2.38790,0.41882,0.09672,0.06077,0.06934,0.04771,0.06655,0.40028,0.11763,0.28264,10.38261,10.87229,0,8.71,21812.4
167200,557,1.772e-04,3.82257,0.23502,0.63067,0.08168,0.13535,0.06294,0.09437,0.27029,0.16732,0.10296,26.07893,5.05593,0,8.81,21823.8
167300,557,1.772e-04,2.98888,0.13523,0.32528,0.05528,0.11445,0.05523,0.11098,0.40733,0.03810,0.36922,16.60030,5.19510,0,8.70,21835.3
167400,558,1.768e-04,3.86397,0.35425,1.17132,0.05473,0.10338,0.04944,0.10202,0.41175,0.27887,0.13288,21.45022,10.79354,0,8.66,21846.8
167500,558,1.768e-04,3.11982,0.40846,0.75496,0.06516,0.07132,0.06466,0.05364,0.18778,0.15066,0.03712,19.05164,8.98513,0,8.91,21858.0
167600,558,1.768e-04,2.26048,0.24444,0.19909,0.07295,0.05620,0.05081,0.05429,0.43618,0.17771,0.25847,18.52176,12.09698,0,8.71,21869.5
167700,559,1.764e-04,3.35684,0.19299,0.53987,0.04778,0.12793,0.05684,0.11653,0.35301,0.19036,0.16265,32.99255,12.96807,0,8.20,21881.7
167800,559,1.764e-04,3.97353,0.40103,0.83605,0.06084,0.13137,0.04810,0.11477,0.46212,0.35767,0.10445,34.25223,9.47793,0,8.54,21893.4
167900,559,1.764e-04,4.12702,0.58828,0.35774,0.09083,0.12684,0.09202,0.10884,0.59448,0.18844,0.40604,18.90510,13.96979,0,8.71,21904.9
168000,560,1.760e-04,3.38157,0.37511,1.55316,0.04400,0.05929,0.03981,0.04427,0.24602,0.15364,0.09238,50.43218,10.71332,0,1.62,21966.6
168100,560,1.760e-04,2.73389,0.52282,0.30279,0.04730,0.07650,0.06151,0.07255,0.42702,0.17333,0.25369,14.58681,10.01994,0,8.19,21978.8
168200,560,1.760e-04,3.15168,0.29878,0.74122,0.06196,0.08621,0.06018,0.06581,0.36162,0.14275,0.21887,29.73209,9.55328,0,9.23,21989.6
168300,561,1.756e-04,2.93975,0.17046,0.31916,0.05616,0.10928,0.05992,0.09922,0.56870,0.23660,0.33210,10.64545,8.72423,0,8.91,22000.9
168400,561,1.756e-04,3.76258,0.45457,0.87477,0.07308,0.10289,0.04788,0.08685,0.29861,0.08475,0.21386,30.55672,6.79884,0,8.57,22012.5
168500,561,1.756e-04,3.79132,0.43608,1.18913,0.07749,0.06007,0.08302,0.07507,0.47030,0.11052,0.35979,36.51926,12.42923,0,8.54,22024.2
168600,562,1.752e-04,2.88494,0.57952,0.20212,0.06646,0.08228,0.05952,0.06366,0.36012,0.12698,0.23314,12.78092,9.64259,0,8.39,22036.1
168700,562,1.752e-04,3.40691,0.34842,0.27701,0.05762,0.11497,0.08627,0.12485,0.25761,0.10840,0.14921,21.40123,9.47078,0,8.79,22047.5
168800,562,1.752e-04,2.34392,0.08327,0.39602,0.05639,0.07939,0.04132,0.06005,0.52528,0.09335,0.43193,11.85088,7.60520,0,8.96,22058.7
168900,563,1.748e-04,3.20167,0.09582,0.22694,0.04797,0.17365,0.04871,0.08383,0.30351,0.16309,0.14042,30.12291,8.90739,0,8.96,22069.8
169000,563,1.748e-04,3.25033,0.59606,0.33298,0.07229,0.08616,0.05457,0.09278,0.38982,0.18787,0.20196,21.02274,10.50222,0,8.90,22081.1
169100,563,1.748e-04,3.50594,0.15614,0.92023,0.04647,0.12130,0.04502,0.10534,0.37150,0.19364,0.17786,26.87647,9.52046,0,9.02,22092.2
169200,564,1.744e-04,4.71106,0.28852,0.48312,0.05559,0.21866,0.05326,0.18613,0.24113,0.13680,0.10433,46.56931,12.26662,0,9.11,22103.1
169300,564,1.744e-04,2.60309,0.68885,0.62661,0.03929,0.05189,0.03881,0.03635,0.27974,0.11200,0.16774,17.81151,9.05424,0,9.28,22113.9
169400,564,1.744e-04,3.05414,0.36418,0.49217,0.05406,0.11044,0.05291,0.05764,0.39387,0.15075,0.24311,24.23031,6.92785,0,9.27,22124.7
169500,565,1.740e-04,3.49950,0.77960,0.62192,0.06713,0.08175,0.06575,0.05610,0.43633,0.24611,0.19022,14.35593,10.74017,0,9.23,22135.5
169600,565,1.740e-04,2.59276,0.06969,0.33715,0.06002,0.09504,0.05148,0.07559,0.54782,0.26534,0.28248,25.61333,11.85964,0,8.92,22146.7
169700,565,1.740e-04,2.64721,0.45009,0.67971,0.05443,0.05028,0.06426,0.02980,0.57825,0.23411,0.34414,44.25282,8.66516,0,8.89,22158.0
169800,566,1.736e-04,4.12814,0.69751,1.09556,0.07390,0.09534,0.06169,0.06685,0.27590,0.16560,0.11030,16.75279,12.34621,0,8.69,22169.5
169900,566,1.736e-04,2.71574,0.39372,0.67779,0.06087,0.05626,0.05264,0.04194,0.40940,0.22073,0.18867,15.33482,11.50827,0,8.77,22180.9
170000,566,1.736e-04,4.45693,0.33945,0.52556,0.07772,0.17072,0.05049,0.17102,0.33129,0.10249,0.22880,37.26319,8.21117,0,8.74,22192.3
170100,567,1.732e-04,2.73725,0.51519,0.53779,0.04110,0.08335,0.04080,0.04718,0.15568,0.03701,0.11867,20.88967,4.36678,0,8.84,22203.7
170200,567,1.732e-04,3.49330,0.55624,1.13565,0.07294,0.05187,0.07571,0.03494,0.18866,0.14215,0.04652,17.63316,10.25350,0,8.62,22215.3
170300,567,1.732e-04,2.20806,0.10442,0.28728,0.06968,0.05902,0.05781,0.04807,0.44584,0.20339,0.24245,18.39464,8.05520,0,8.65,22226.8
170400,568,1.728e-04,4.12163,0.16694,0.84808,0.06494,0.17115,0.05763,0.09151,0.31261,0.15085,0.16176,26.85863,8.11744,0,8.73,22238.3
170500,568,1.728e-04,2.43156,0.34967,0.18902,0.06895,0.05846,0.07805,0.04572,0.30597,0.11099,0.19498,13.17397,9.27067,0,8.63,22249.9
170600,568,1.728e-04,3.43656,0.34087,0.96561,0.06446,0.09113,0.06255,0.05228,0.24335,0.19491,0.04844,22.45790,8.15045,0,8.65,22261.4
170700,569,1.724e-04,2.71992,0.25169,0.50081,0.07846,0.05925,0.07097,0.04709,0.33074,0.06621,0.26452,12.97892,7.15398,0,8.60,22273.1
170800,569,1.724e-04,3.41278,0.58270,0.32679,0.07574,0.08950,0.07837,0.09181,0.52989,0.28495,0.24494,14.94590,12.47195,0,8.56,22284.7
170900,569,1.724e-04,3.13255,0.51929,0.77908,0.06432,0.06197,0.05199,0.06225,0.37711,0.18464,0.19246,16.91226,10.06967,0,8.63,22296.3
171000,570,1.720e-04,2.68338,0.34799,0.55042,0.05311,0.08187,0.04524,0.04179,0.36075,0.16227,0.19848,32.58752,12.32289,0,1.64,22357.2
171100,570,1.720e-04,2.70488,0.37528,0.30752,0.06162,0.08992,0.04821,0.05313,0.19094,0.05704,0.13390,17.87037,6.11104,0,8.09,22369.5
171200,570,1.720e-04,2.65903,0.29977,0.32492,0.07444,0.07120,0.04337,0.07221,0.28165,0.07504,0.20661,14.49046,5.63496,0,8.59,22381.1
171300,571,1.716e-04,2.50159,0.26574,0.53243,0.04572,0.05986,0.04613,0.08339,0.37782,0.18492,0.19290,21.38152,9.38142,0,8.66,22392.7
171400,571,1.716e-04,2.58059,0.35828,0.22764,0.09345,0.04641,0.08556,0.03366,0.20031,0.04868,0.15163,17.96695,5.41285,0,8.77,22404.1
171500,571,1.716e-04,3.56046,0.50950,0.86712,0.06087,0.08784,0.04700,0.09234,0.24981,0.11291,0.13691,29.50378,8.90523,0,8.47,22415.9
171600,572,1.712e-04,3.51579,0.40192,0.88899,0.05349,0.11300,0.03768,0.07431,0.22241,0.10158,0.12083,29.12734,6.41835,0,8.63,22427.5
171700,572,1.712e-04,3.21320,0.40375,0.46326,0.06722,0.10499,0.05781,0.06702,0.55701,0.13223,0.42478,12.97569,12.28150,0,8.40,22439.4
171800,572,1.712e-04,3.67488,0.14595,1.10175,0.06501,0.10980,0.06070,0.07513,0.23774,0.11673,0.12102,20.21363,8.61421,0,8.86,22450.7
171900,573,1.708e-04,2.44114,0.16451,0.20962,0.05011,0.09267,0.03608,0.09176,0.30220,0.03745,0.26475,13.64868,5.08489,0,8.91,22461.9
172000,573,1.708e-04,2.62046,0.31189,0.87506,0.04071,0.05764,0.04412,0.04587,0.39062,0.16807,0.22255,35.35068,6.62425,0,9.04,22473.0
172100,573,1.708e-04,2.69014,0.24660,0.96361,0.04966,0.04857,0.04318,0.05635,0.16672,0.06077,0.10595,18.88426,8.02042,0,8.94,22484.1
172200,574,1.704e-04,4.23714,0.48507,0.40341,0.08353,0.14915,0.08992,0.11446,0.32384,0.11490,0.20894,39.40237,10.78868,0,8.71,22495.6
172300,574,1.704e-04,2.88329,0.28933,0.52216,0.07160,0.07017,0.06837,0.06246,0.53996,0.22797,0.31200,8.28053,13.38243,0,8.53,22507.3
172400,574,1.704e-04,3.15530,0.78475,0.31020,0.07508,0.07475,0.05875,0.05365,0.34534,0.21104,0.13429,20.81030,13.52511,0,8.46,22519.2
172500,575,1.700e-04,4.19882,0.62207,1.18823,0.07900,0.09375,0.06419,0.06803,0.41983,0.26390,0.15593,44.20245,15.02116,0,8.96,22530.3
172600,575,1.700e-04,3.82165,0.25018,0.43832,0.05100,0.16992,0.04510,0.13971,0.64196,0.31151,0.33045,43.96402,13.52138,0,9.14,22541.3
172700,575,1.700e-04,6.49827,0.34791,0.40316,0.06037,0.32628,0.05848,0.31765,0.46499,0.31008,0.15490,39.54731,12.04427,0,8.72,22552.7
172800,576,1.696e-04,4.10040,0.60063,0.45728,0.07014,0.13232,0.06155,0.14202,0.39191,0.28956,0.10234,15.60232,9.14700,0,8.81,22564.1
172900,576,1.696e-04,2.90626,0.32406,0.45375,0.08333,0.06329,0.07863,0.05381,0.60167,0.21211,0.38956,16.99261,11.96282,0,9.00,22575.2
173000,576,1.696e-04,3.31355,0.47550,1.17542,0.05566,0.05918,0.04957,0.05328,0.23192,0.07163,0.16029,28.21908,11.36003,0,8.94,22586.4
173100,577,1.692e-04,2.63469,0.29577,0.42830,0.06813,0.07108,0.05728,0.04644,0.47371,0.29464,0.17907,11.65020,7.96284,0,8.88,22597.6
173200,577,1.692e-04,2.95667,0.09471,1.20359,0.06357,0.05113,0.06856,0.03372,0.41955,0.18073,0.23881,31.82086,15.64996,0,8.72,22609.1
173300,577,1.692e-04,3.68679,0.40838,0.86314,0.08125,0.08898,0.07106,0.07155,0.50874,0.32856,0.18018,21.26677,9.15411,0,9.05,22620.1
173400,578,1.688e-04,3.39563,0.48490,0.44968,0.05915,0.11184,0.05862,0.09162,0.49127,0.08217,0.40910,17.34308,14.98069,0,9.11,22631.1
173500,578,1.688e-04,2.76578,0.64883,0.39224,0.05880,0.05967,0.06322,0.04479,0.21219,0.12329,0.08890,16.96930,7.30070,0,9.05,22642.2
173600,578,1.688e-04,2.92671,0.51925,0.34011,0.06804,0.07641,0.05705,0.06752,0.33983,0.06460,0.27523,12.55865,8.68458,0,8.64,22653.7
173700,579,1.684e-04,2.66471,0.19162,0.44614,0.07722,0.05757,0.07287,0.06293,0.67148,0.20779,0.46370,20.41464,11.66905,0,8.57,22665.4
173800,579,1.684e-04,2.74198,0.46579,0.58295,0.04121,0.08699,0.04117,0.04108,0.22970,0.06102,0.16868,29.03858,9.31250,0,8.93,22676.6
173900,579,1.684e-04,2.77783,0.52520,0.78973,0.04560,0.05553,0.04264,0.04768,0.31745,0.10082,0.21663,21.83917,8.17071,0,8.47,22688.4
174000,580,1.680e-04,3.27286,0.36598,0.70974,0.05714,0.08939,0.04759,0.09877,0.49621,0.21168,0.28454,14.68829,13.85525,0,1.63,22749.9
174100,580,1.680e-04,3.09300,0.42684,0.24801,0.05679,0.11725,0.05092,0.08465,0.35110,0.13614,0.21496,15.51997,12.06704,0,8.14,22762.2
174200,580,1.680e-04,2.31625,0.19312,0.46987,0.05479,0.05680,0.06253,0.04495,0.27699,0.04068,0.23632,13.97022,5.69392,0,8.76,22773.6
174300,581,1.676e-04,2.39995,0.34046,0.19200,0.07698,0.06203,0.03951,0.05597,0.50189,0.15601,0.34588,17.51575,10.12729,0,8.61,22785.3
174400,581,1.676e-04,2.94442,0.34671,0.42112,0.04202,0.10899,0.04406,0.08925,0.34697,0.10814,0.23883,16.28895,4.93118,0,8.46,22797.1
174500,581,1.676e-04,3.03846,0.25165,0.96985,0.06454,0.05340,0.08155,0.04595,0.31000,0.18095,0.12905,15.73598,15.73067,0,8.86,22808.4
174600,582,1.672e-04,2.83232,0.12162,0.87934,0.05261,0.07601,0.04965,0.05937,0.24124,0.12203,0.11921,26.51797,10.06025,0,8.86,22819.7
174700,582,1.672e-04,2.45461,0.46842,0.26958,0.05785,0.05908,0.05704,0.05243,0.64358,0.10459,0.53900,13.39764,6.74161,0,8.83,22831.0
174800,582,1.672e-04,2.56486,0.57115,0.65503,0.05461,0.04238,0.04493,0.02883,0.55551,0.41989,0.13562,18.68385,14.54865,0,8.80,22842.4
174900,583,1.668e-04,2.85013,0.25492,0.25211,0.06885,0.08648,0.07143,0.08652,0.58519,0.16809,0.41710,13.94519,9.43525,0,8.75,22853.8
175000,583,1.668e-04,2.59227,0.45605,0.37066,0.07881,0.05226,0.04583,0.04514,0.21438,0.07963,0.13476,13.23915,8.19419,0,8.72,22865.2
175100,583,1.668e-04,2.23816,0.06352,0.87402,0.04886,0.03898,0.04609,0.03836,0.27873,0.11183,0.16690,19.93971,11.45091,0,8.67,22876.8
175200,584,1.664e-04,2.54372,0.32547,0.32259,0.05728,0.07870,0.04250,0.06466,0.30372,0.10254,0.20118,11.05283,8.59702,0,8.46,22888.6
175300,584,1.664e-04,3.31601,0.52941,0.46650,0.08792,0.08156,0.06993,0.05512,0.19782,0.06635,0.13147,19.49353,3.99936,0,8.55,22900.3
175400,584,1.664e-04,3.37400,0.53927,0.72493,0.06585,0.07221,0.06846,0.07739,0.53457,0.19162,0.34296,15.82004,10.41470,0,8.61,22911.9
175500,585,1.660e-04,2.22441,0.41566,0.09412,0.07124,0.04858,0.06789,0.03538,0.44633,0.33278,0.11355,10.37996,21.43634,0,8.64,22923.5
175600,585,1.660e-04,3.07763,0.25310,0.72075,0.04679,0.08879,0.04667,0.10293,0.29502,0.13168,0.16334,39.58729,6.77121,0,8.50,22935.3
175700,585,1.660e-04,3.03630,0.31945,0.70517,0.08053,0.05897,0.07566,0.04767,0.39461,0.10121,0.29341,13.18674,6.40234,0,8.50,22947.0
175800,586,1.656e-04,3.02686,0.44615,0.29258,0.07904,0.08703,0.08546,0.04002,0.19985,0.06212,0.13773,18.11408,5.59913,0,8.66,22958.6
175900,586,1.656e-04,2.57225,0.35370,0.62374,0.03589,0.06328,0.06977,0.05084,0.44885,0.18267,0.26618,15.22600,10.42229,0,8.86,22969.9
176000,586,1.656e-04,3.23683,0.92829,0.04608,0.03982,0.12077,0.03492,0.09639,0.42609,0.10974,0.31635,23.61244,12.83980,0,8.69,22981.4
176100,587,1.652e-04,4.11935,0.32814,0.74735,0.04356,0.17048,0.04008,0.14060,0.23888,0.05003,0.18885,27.84841,6.74521,0,8.79,22992.8
176200,587,1.652e-04,2.40789,0.22866,0.64216,0.04769,0.06034,0.04473,0.04664,0.21951,0.05818,0.16133,16.88904,7.35839,0,9.05,23003.8
176300,587,1.652e-04,3.11737,0.14468,0.54790,0.05668,0.09565,0.04619,0.13411,0.38072,0.16835,0.21238,27.17213,10.08332,0,8.73,23015.3
176400,588,1.648e-04,2.42092,0.37810,0.35346,0.05254,0.06048,0.05185,0.06000,0.33261,0.05330,0.27931,20.73824,6.15470,0,8.74,23026.7
176500,588,1.648e-04,2.87357,0.27585,0.43902,0.05833,0.09120,0.07285,0.05982,0.31930,0.08214,0.23716,14.44128,7.19533,0,9.53,23037.2
176600,588,1.648e-04,3.82967,0.35878,0.14396,0.07055,0.13172,0.08118,0.17967,0.41281,0.26170,0.15111,21.13191,10.90355,0,8.86,23048.5
176700,589,1.644e-04,3.12783,0.38562,0.44319,0.04753,0.10426,0.04065,0.11557,0.21824,0.04682,0.17142,20.65950,9.16875,0,8.71,23060.0
176800,589,1.644e-04,2.95204,0.55407,0.61569,0.05512,0.07428,0.03951,0.05815,0.36333,0.14800,0.21532,18.83271,8.16969,0,8.41,23071.9
176900,589,1.644e-04,2.67980,0.47843,0.43837,0.06888,0.05734,0.05717,0.04299,0.40733,0.14639,0.26094,18.77039,10.43253,0,8.66,23083.4
177000,590,1.640e-04,2.95209,0.28122,0.65759,0.05866,0.08467,0.05156,0.06445,0.50133,0.33627,0.16506,21.93158,15.44568,0,1.63,23144.7
177100,590,1.640e-04,2.68852,0.58206,0.29143,0.05098,0.06643,0.06516,0.06303,0.36941,0.24500,0.12441,15.67525,8.42148,0,7.88,23157.4
177200,590,1.640e-04,3.52196,0.31511,0.51879,0.05659,0.12579,0.05481,0.11805,0.22536,0.08791,0.13745,25.65062,7.35836,0,8.50,23169.2
177300,591,1.636e-04,2.22683,0.19378,0.33453,0.06312,0.05621,0.05583,0.04521,0.59106,0.22937,0.36168,12.27433,9.16327,0,8.50,23180.9
177400,591,1.636e-04,2.16296,0.29640,0.34682,0.04736,0.05531,0.03731,0.06129,0.38280,0.14285,0.23995,14.83153,8.23187,0,8.77,23192.3
177500,591,1.636e-04,2.93158,0.59728,0.43996,0.04707,0.08699,0.05777,0.05298,0.37255,0.09988,0.27267,23.13065,12.33148,0,8.81,23203.7
177600,592,1.632e-04,1.94221,0.22675,0.29920,0.04780,0.05202,0.04426,0.03935,0.47564,0.09825,0.37738,11.50645,8.36495,0,9.43,23214.3
177700,592,1.632e-04,2.10312,0.15749,0.48082,0.05952,0.04684,0.04265,0.03760,0.34448,0.17118,0.17329,35.36820,12.98115,0,8.47,23226.1
177800,592,1.632e-04,2.38707,0.26502,0.20650,0.05083,0.08102,0.05470,0.06469,0.71569,0.34335,0.37234,9.66463,14.58249,0,8.74,23237.5
177900,593,1.628e-04,2.78028,0.68475,0.40664,0.06197,0.06199,0.04803,0.04183,0.32687,0.15845,0.16842,15.43369,7.42118,0,8.38,23249.5
178000,593,1.628e-04,5.14588,0.28305,0.58192,0.07482,0.22352,0.06471,0.19480,0.23990,0.09143,0.14846,17.56138,11.27382,0,8.58,23261.1
178100,593,1.628e-04,2.76366,0.44195,0.70657,0.05752,0.05954,0.04577,0.04314,0.25782,0.05867,0.19916,28.42999,9.23664,0,8.47,23272.9
178200,594,1.624e-04,3.65337,0.14466,0.60889,0.05685,0.14471,0.04580,0.13105,0.29409,0.10244,0.19164,28.58362,7.28700,0,8.50,23284.7
178300,594,1.624e-04,3.46877,0.36005,0.50087,0.10852,0.07419,0.09154,0.06460,0.45488,0.26184,0.19304,18.75205,14.55433,0,8.36,23296.6
178400,594,1.624e-04,4.25575,0.60058,0.51920,0.07656,0.12754,0.06674,0.15227,0.37392,0.17891,0.19501,20.15868,8.19716,0,8.53,23308.3
178500,595,1.620e-04,3.15079,0.54842,0.54985,0.06323,0.07128,0.05910,0.08238,0.53679,0.22465,0.31214,18.46608,10.14220,0,8.55,23320.0
178600,595,1.620e-04,3.10508,0.62709,0.28399,0.06222,0.08847,0.06226,0.07516,0.31953,0.10388,0.21565,15.01506,11.35952,0,8.57,23331.7
178700,595,1.620e-04,2.76614,0.26478,0.58928,0.06634,0.07190,0.06006,0.04588,0.34180,0.11507,0.22673,18.35308,5.71984,0,8.51,23343.5
178800,596,1.616e-04,2.99530,0.41469,0.32252,0.04347,0.10393,0.03747,0.11935,0.22671,0.11872,0.10799,19.82658,10.86959,0,8.74,23354.9
178900,596,1.616e-04,3.25002,0.27679,0.50229,0.06860,0.11440,0.05753,0.07065,0.41588,0.25121,0.16466,36.42969,11.41060,0,8.91,23366.1
179000,596,1.616e-04,2.99772,0.48110,0.35314,0.05108,0.10593,0.04056,0.07812,0.26667,0.07392,0.19275,20.45119,7.12048,0,8.96,23377.3
179100,597,1.612e-04,4.06197,0.35846,0.67326,0.06323,0.15015,0.06742,0.11187,0.18129,0.08895,0.09234,25.34780,8.61292,0,8.86,23388.6
179200,597,1.612e-04,4.50429,0.18239,1.83833,0.08259,0.09459,0.07172,0.07063,0.24898,0.10128,0.14770,85.28790,8.97854,0,8.70,23400.1
179300,597,1.612e-04,3.67568,0.76762,0.81383,0.07592,0.07173,0.06992,0.05363,0.14778,0.02453,0.12325,19.97225,3.76156,0,8.43,23411.9
179400,598,1.608e-04,2.15785,0.65956,0.03192,0.05012,0.05139,0.05345,0.03679,0.68645,0.27729,0.40916,7.75968,18.04039,0,8.64,23423.5
179500,598,1.608e-04,3.05011,0.34305,0.79373,0.05723,0.08380,0.03786,0.06273,0.21858,0.12707,0.09152,33.97503,6.70592,0,8.64,23435.1
179600,598,1.608e-04,3.65043,0.26914,1.33357,0.08447,0.07168,0.05382,0.04342,0.34564,0.13509,0.21054,42.20353,11.24573,0,8.37,23447.0
179700,599,1.604e-04,2.27574,0.22837,0.19237,0.05704,0.06646,0.05709,0.06692,0.23613,0.08010,0.15603,13.62633,10.70060,0,8.88,23458.3
179800,599,1.604e-04,1.98752,0.26141,0.08807,0.06515,0.05161,0.05746,0.03662,0.36501,0.14113,0.22388,12.11863,6.41323,0,8.51,23470.0
179900,599,1.604e-04,2.94711,0.34840,0.72549,0.07490,0.05918,0.06995,0.03653,0.40992,0.19820,0.21173,12.05051,9.71448,0,8.59,23481.7
180000,600,1.600e-04,2.61282,0.47448,0.48568,0.05156,0.06023,0.05772,0.04922,0.46389,0.20039,0.26350,11.80052,11.66767,0,1.62,23543.3
180100,600,1.600e-04,3.22750,0.39387,0.55551,0.07069,0.09223,0.05672,0.07307,0.32253,0.16656,0.15597,20.24332,8.41034,0,8.32,23555.3
180200,600,1.600e-04,2.27601,0.21908,0.54358,0.05725,0.04429,0.04652,0.05306,0.24519,0.09320,0.15199,12.68235,10.02817,0,8.40,23567.2
180300,601,1.596e-04,3.98070,0.42908,1.15101,0.08085,0.09922,0.07143,0.04857,0.40224,0.14529,0.25695,52.84158,15.88892,0,8.67,23578.7
180400,601,1.596e-04,3.08603,0.11367,0.73358,0.05404,0.09876,0.05162,0.09054,0.42614,0.07857,0.34757,25.50730,9.87766,0,8.91,23590.0
180500,601,1.596e-04,2.63562,0.44635,0.17793,0.05254,0.09751,0.04477,0.05740,0.50041,0.36056,0.13985,14.01292,13.29822,0,8.52,23601.7
180600,602,1.592e-04,3.33155,0.14891,1.09040,0.05509,0.09841,0.05112,0.06033,0.39440,0.05211,0.34228,47.59648,10.51054,0,8.82,23613.0
180700,602,1.592e-04,2.97480,0.27711,0.50449,0.05004,0.10277,0.03679,0.09621,0.37863,0.14961,0.22902,21.29328,7.10567,0,8.64,23624.6
180800,602,1.592e-04,4.68020,0.49315,0.36013,0.06055,0.21962,0.04793,0.15712,0.15900,0.08415,0.07485,43.47916,6.14868,0,8.76,23636.0
180900,603,1.588e-04,3.95005,0.52904,0.99365,0.09255,0.08103,0.07856,0.05975,0.28028,0.11038,0.16991,21.22065,12.97914,0,8.78,23647.4
181000,603,1.588e-04,2.90938,0.17652,0.92375,0.06311,0.06708,0.05499,0.04645,0.48347,0.27467,0.20880,22.81219,12.81935,0,8.86,23658.7
181100,603,1.588e-04,2.92769,0.39961,0.40369,0.07574,0.05508,0.06570,0.09752,0.37766,0.16535,0.21231,20.84304,7.37501,0,8.65,23670.3
181200,604,1.584e-04,2.77498,0.60482,0.32575,0.06259,0.06707,0.05451,0.05504,0.47798,0.21201,0.26597,11.71399,7.06192,0,8.67,23681.8
181300,604,1.584e-04,2.44080,0.23303,0.10143,0.04392,0.10383,0.04419,0.08157,0.58948,0.34979,0.23969,13.72051,11.35072,0,8.63,23693.4
181400,604,1.584e-04,3.50029,0.11980,0.61076,0.03487,0.16828,0.03771,0.10995,0.23837,0.09614,0.14223,26.55069,9.44182,0,8.69,23704.9
181500,605,1.580e-04,2.82374,0.50695,0.55657,0.05284,0.07191,0.04644,0.05609,0.24132,0.05039,0.19093,14.17837,6.88147,0,8.88,23716.1
181600,605,1.580e-04,2.08676,0.30657,0.21653,0.06915,0.04766,0.04999,0.02914,0.17907,0.05260,0.12647,16.38833,8.92334,0,8.77,23727.6
181700,605,1.580e-04,2.83396,0.59023,0.29167,0.05871,0.07600,0.04644,0.07456,0.41237,0.24459,0.16778,16.09161,9.29329,0,8.82,23738.9
181800,606,1.576e-04,3.31556,0.32713,1.43327,0.04519,0.06041,0.05155,0.04829,0.28907,0.10359,0.18547,24.33719,8.15863,0,9.07,23749.9
181900,606,1.576e-04,2.99068,0.65304,0.57351,0.04632,0.08177,0.03650,0.06016,0.23655,0.05853,0.17802,18.33642,9.07279,0,8.90,23761.2
182000,606,1.576e-04,3.40604,0.43232,1.33005,0.05335,0.06375,0.05248,0.04205,0.37145,0.24664,0.12481,30.46110,11.84179,0,8.86,23772.4
182100,607,1.572e-04,2.22059,0.31364,0.12717,0.06093,0.06268,0.06065,0.04809,0.36754,0.12335,0.24418,9.40417,7.02916,0,8.83,23783.8
182200,607,1.572e-04,3.00086,0.36634,0.90382,0.03659,0.06981,0.03639,0.09695,0.18054,0.07422,0.10632,18.59427,4.69907,0,8.82,23795.1
182300,607,1.572e-04,2.67762,0.07200,0.31719,0.05229,0.11123,0.04218,0.08846,0.65463,0.23058,0.42405,24.32689,8.00922,0,8.56,23806.8
182400,608,1.568e-04,2.83707,0.34783,0.60394,0.04246,0.07382,0.04882,0.09569,0.31994,0.11338,0.20655,28.09506,7.58436,0,8.59,23818.4
182500,608,1.568e-04,1.97688,0.16967,0.24366,0.06186,0.03635,0.06699,0.04929,0.40835,0.26393,0.14442,13.83482,10.77815,0,8.59,23830.1
182600,608,1.568e-04,3.38339,0.13698,1.29478,0.05382,0.07736,0.06029,0.06767,0.30560,0.07877,0.22683,19.67025,9.66027,0,8.68,23841.6
182700,609,1.564e-04,2.27871,0.25649,0.08172,0.05779,0.07305,0.04785,0.07857,0.22130,0.12858,0.09272,16.25094,11.29310,0,8.57,23853.2
182800,609,1.564e-04,3.35841,0.92780,0.44545,0.06927,0.06456,0.07923,0.05014,0.48307,0.15898,0.32410,23.82107,13.03405,0,8.92,23864.5
182900,609,1.564e-04,2.35628,0.22541,0.50155,0.04523,0.07278,0.04462,0.04523,0.27180,0.04631,0.22549,46.83764,7.28391,0,8.91,23875.7
183000,610,1.560e-04,2.86426,0.71327,0.18690,0.05318,0.08588,0.05561,0.05909,0.32799,0.13663,0.19136,20.88842,9.36670,0,1.65,23936.2
183100,610,1.560e-04,2.97073,0.06408,0.91201,0.07245,0.06914,0.06753,0.04822,0.45512,0.20107,0.25406,20.52424,9.57142,0,8.08,23948.6
183200,610,1.560e-04,2.93351,0.41835,0.15636,0.07381,0.08427,0.05907,0.09652,0.62952,0.34245,0.28707,17.60073,13.43625,0,8.52,23960.3
183300,611,1.556e-04,6.11742,0.56005,0.41986,0.04563,0.35135,0.04128,0.19227,0.63087,0.19119,0.43969,25.95229,16.98486,0,8.67,23971.8
183400,611,1.556e-04,2.72423,0.24572,0.76982,0.05769,0.07052,0.04854,0.03678,0.37402,0.18129,0.19273,23.76472,11.85921,0,8.84,23983.1
183500,611,1.556e-04,2.78715,0.26205,0.91859,0.05057,0.05613,0.05531,0.05260,0.40962,0.35067,0.05895,31.55624,11.73306,0,8.90,23994.4
183600,612,1.552e-04,3.04822,0.46253,0.75897,0.07474,0.04835,0.05875,0.06041,0.21492,0.11217,0.10275,22.04225,7.50063,0,8.76,24005.8
183700,612,1.552e-04,2.48076,0.27343,0.35183,0.05768,0.07614,0.04995,0.05351,0.51483,0.05424,0.46059,14.57705,7.85217,0,8.76,24017.2
183800,612,1.552e-04,3.33252,0.10029,0.78800,0.05769,0.11137,0.05225,0.09847,0.38006,0.17050,0.20956,26.16691,11.10517,0,8.67,24028.7
183900,613,1.548e-04,2.42690,0.15186,0.39564,0.05885,0.07491,0.05468,0.05368,0.20973,0.04782,0.16191,14.73245,4.49260,0,8.69,24040.3
184000,613,1.548e-04,2.69568,0.28575,0.64151,0.05572,0.06494,0.05573,0.05663,0.16277,0.09718,0.06560,37.66524,7.15395,0,8.59,24051.9
184100,613,1.548e-04,3.09335,0.43999,0.96268,0.05299,0.06663,0.04231,0.05658,0.24950,0.12690,0.12260,17.84779,8.47686,0,8.62,24063.5
184200,614,1.544e-04,3.12079,0.08232,0.95953,0.05527,0.08410,0.06342,0.07363,0.22086,0.07812,0.14274,58.67476,7.45080,0,8.72,24075.0
184300,614,1.544e-04,2.71232,0.33994,0.51802,0.07028,0.06334,0.05452,0.04912,0.33696,0.11811,0.21885,18.57549,8.65155,0,8.86,24086.2
184400,614,1.544e-04,2.10559,0.21543,0.15060,0.03694,0.08375,0.03260,0.07394,0.48587,0.13138,0.35449,14.06279,7.45020,0,8.52,24098.0
184500,615,1.540e-04,3.39019,0.57441,0.28478,0.08381,0.09441,0.05415,0.09561,0.31965,0.13850,0.18116,17.71738,9.02718,0,9.00,24109.1
184600,615,1.540e-04,3.65854,0.18254,0.81512,0.07909,0.10496,0.06764,0.09644,0.46631,0.18414,0.28217,50.98918,12.41267,0,9.35,24119.8
184700,615,1.540e-04,2.78598,0.51942,0.96784,0.05215,0.04454,0.03526,0.03111,0.12885,0.08072,0.04813,20.31304,8.03003,0,8.76,24131.2
184800,616,1.536e-04,2.88776,0.32767,0.90730,0.06415,0.05040,0.05710,0.04436,0.19118,0.11956,0.07162,19.49033,11.70842,0,8.91,24142.4
184900,616,1.536e-04,3.24525,0.39371,0.84268,0.06990,0.07045,0.05722,0.06385,0.34241,0.15618,0.18624,40.54500,5.16448,0,8.85,24153.7
185000,616,1.536e-04,2.39412,0.53257,0.67226,0.04336,0.03737,0.04773,0.02865,0.33550,0.17548,0.16002,38.12981,9.77209,0,8.67,24165.3
185100,617,1.532e-04,2.98545,0.68141,0.28460,0.04384,0.11712,0.04044,0.04152,0.34971,0.07925,0.27046,20.54112,7.13094,0,8.70,24176.8
185200,617,1.532e-04,4.06602,0.74119,0.42376,0.05304,0.15038,0.04065,0.13272,0.37881,0.16126,0.21755,29.17823,10.96249,0,8.82,24188.1
185300,617,1.532e-04,3.30190,0.66020,0.47256,0.06440,0.08988,0.04789,0.07739,0.17571,0.06502,0.11069,12.05895,5.34317,0,8.67,24199.6
185400,618,1.528e-04,3.55387,0.21805,0.68298,0.08860,0.09668,0.07567,0.08435,0.28528,0.07442,0.21086,19.87550,6.28966,0,8.65,24211.2
185500,618,1.528e-04,2.54419,0.46112,0.20548,0.04864,0.07512,0.07128,0.05672,0.25398,0.06432,0.18966,17.61364,7.83721,0,8.61,24222.8
185600,618,1.528e-04,3.17438,0.33809,0.43474,0.04326,0.10840,0.04672,0.13026,0.20541,0.04955,0.15586,17.33603,6.48994,0,8.54,24234.5
185700,619,1.524e-04,3.10156,0.50682,0.81487,0.06785,0.05768,0.05124,0.05367,0.16166,0.08886,0.07280,28.37606,7.07222,0,8.57,24246.2
185800,619,1.524e-04,2.82737,0.31634,0.95097,0.06065,0.04935,0.05535,0.03666,0.26172,0.04261,0.21911,22.73326,8.31514,0,9.11,24257.2
185900,619,1.524e-04,2.32500,0.74202,0.25355,0.05238,0.03898,0.05068,0.03249,0.24073,0.15228,0.08845,16.29900,8.95496,0,8.73,24268.6
186000,620,1.520e-04,2.94334,0.34960,0.71237,0.05602,0.07689,0.05049,0.05997,0.28479,0.07940,0.20540,21.95551,6.56180,0,1.62,24330.2
186100,620,1.520e-04,2.85274,0.51710,0.25012,0.06278,0.07553,0.06749,0.07300,0.27231,0.06144,0.21087,17.64287,6.56974,0,7.77,24343.1
186200,620,1.520e-04,3.20407,0.64125,0.96786,0.06045,0.05059,0.04804,0.04886,0.28633,0.18567,0.10065,19.84505,9.21857,0,8.80,24354.5
186300,621,1.516e-04,2.25308,0.41995,0.18305,0.05425,0.06070,0.04573,0.05439,0.40475,0.21478,0.18997,12.93489,10.30789,0,8.53,24366.2
186400,621,1.516e-04,3.01193,0.49171,0.39536,0.07710,0.06777,0.06720,0.06804,0.29037,0.12429,0.16608,27.10986,9.76387,0,8.62,24377.8
186500,621,1.516e-04,2.71776,0.23618,0.53917,0.04342,0.09071,0.03647,0.08375,0.21049,0.07802,0.13247,20.25151,9.37224,0,8.63,24389.4
186600,622,1.512e-04,2.86661,0.27915,0.32901,0.06258,0.09401,0.04620,0.09230,0.38952,0.11297,0.27655,22.38019,7.61695,0,8.67,24400.9
186700,622,1.512e-04,2.93807,0.97161,0.39926,0.04311,0.06323,0.04947,0.05131,0.43056,0.19423,0.23633,26.68668,8.13847,0,8.79,24412.3
186800,622,1.512e-04,2.56089,0.26237,0.33612,0.06331,0.07469,0.05062,0.06587,0.45934,0.28167,0.17767,38.20321,12.05482,0,8.95,24423.5
186900,623,1.508e-04,4.24128,0.56475,1.17623,0.03705,0.13103,0.06500,0.09890,0.22899,0.09586,0.13313,29.73524,12.43648,0,8.67,24435.0
187000,623,1.508e-04,2.41697,0.16706,0.78072,0.04475,0.05629,0.03806,0.05369,0.38649,0.15880,0.22769,12.73988,14.72402,0,8.64,24446.6
187100,623,1.508e-04,3.14112,0.14678,0.55953,0.05467,0.11827,0.04785,0.09323,0.34744,0.14499,0.20245,27.75039,11.22635,0,8.70,24458.1
187200,624,1.504e-04,3.31217,0.78688,0.84720,0.04324,0.06464,0.05055,0.06930,0.26047,0.06956,0.19091,19.45294,6.49753,0,8.72,24469.5
187300,624,1.504e-04,2.55808,0.40743,0.87636,0.05582,0.02506,0.05125,0.04184,0.29795,0.13201,0.16594,34.77442,10.75599,0,8.71,24481.0
187400,624,1.504e-04,2.76119,0.34934,0.53560,0.05753,0.07730,0.04679,0.05879,0.48976,0.18755,0.30221,10.12979,10.18754,0,8.59,24492.6
187500,625,1.500e-04,2.56986,0.43566,0.71474,0.05524,0.04048,0.05304,0.03940,0.35888,0.11086,0.24802,23.10005,10.62069,0,8.63,24504.2
187600,625,1.500e-04,2.72147,0.36899,0.69511,0.04683,0.05978,0.04105,0.07721,0.41475,0.15317,0.26158,39.73372,12.54497,0,8.95,24515.4
187700,625,1.500e-04,3.57884,0.24496,0.20130,0.08101,0.15074,0.06777,0.09525,0.40934,0.31844,0.09090,17.19621,8.97876,0,9.02,24526.5
187800,626,1.496e-04,2.74827,0.32712,0.63915,0.05826,0.05542,0.05422,0.07481,0.27229,0.07483,0.19746,24.53522,5.71921,0,8.96,24537.7
187900,626,1.496e-04,2.87849,0.52906,0.86557,0.04765,0.05913,0.04146,0.04175,0.51023,0.27158,0.23864,28.96282,11.58232,0,8.95,24548.8
188000,626,1.496e-04,3.11885,0.46634,0.52397,0.05680,0.10148,0.04674,0.06239,0.31570,0.11037,0.20533,17.56405,8.39271,0,9.02,24559.9
188100,627,1.492e-04,3.58676,0.64323,0.22366,0.08287,0.10933,0.07642,0.08315,0.27129,0.12911,0.14219,26.11798,9.18451,0,8.99,24571.0
188200,627,1.492e-04,2.25398,0.43541,0.30157,0.04426,0.05964,0.04344,0.05218,0.35079,0.14030,0.21049,22.32257,7.06601,0,8.64,24582.6
188300,627,1.492e-04,2.86935,0.60358,0.29663,0.05979,0.08768,0.03695,0.06194,0.55632,0.28867,0.26765,24.14995,16.93487,0,8.61,24594.2
188400,628,1.488e-04,3.41582,0.46071,0.43251,0.04937,0.13032,0.04364,0.10151,0.36024,0.11226,0.24798,24.79330,9.92542,0,8.89,24605.5
188500,628,1.488e-04,2.79783,0.19830,0.47983,0.05731,0.08483,0.07029,0.06937,0.42658,0.14273,0.28384,16.17287,8.04813,0,8.99,24616.6
188600,628,1.488e-04,2.70272,0.39213,0.58162,0.05869,0.06273,0.05510,0.04785,0.26596,0.08939,0.17657,37.00642,5.34998,0,9.62,24627.0
188700,629,1.484e-04,3.33740,0.38364,0.70297,0.05811,0.09491,0.05174,0.09238,0.33954,0.14964,0.18989,12.34506,6.43084,0,9.05,24638.0
188800,629,1.484e-04,1.97358,0.15035,0.30227,0.05738,0.05307,0.05284,0.03046,0.22057,0.09276,0.12781,15.25169,6.43445,0,9.34,24648.7
188900,629,1.484e-04,2.55533,0.27426,0.63167,0.04385,0.06954,0.04955,0.05355,0.32847,0.05335,0.27512,20.39609,6.27434,0,8.60,24660.4
189000,630,1.480e-04,2.57540,0.24826,0.43907,0.05768,0.07776,0.04428,0.06244,0.50349,0.25015,0.25334,14.99550,9.59480,0,1.65,24720.9
189100,630,1.480e-04,2.54400,0.09756,0.11017,0.06825,0.11264,0.05110,0.05438,0.17571,0.06636,0.10935,17.53614,5.41297,0,8.27,24733.0
189200,630,1.480e-04,2.86786,0.35404,0.84761,0.05913,0.05543,0.06252,0.04161,0.27116,0.09280,0.17836,20.70165,7.85734,0,8.92,24744.2
189300,631,1.476e-04,2.29450,0.36533,0.53036,0.06334,0.03713,0.05011,0.02872,0.43878,0.11353,0.32525,17.73201,12.02657,0,8.98,24755.3
189400,631,1.476e-04,2.19128,0.45452,0.15919,0.04653,0.05653,0.06135,0.04805,0.33121,0.06616,0.26505,14.02875,9.23452,0,9.28,24766.1
189500,631,1.476e-04,3.94726,0.43592,0.46963,0.05281,0.15829,0.06775,0.11840,0.26920,0.03742,0.23178,23.13007,7.27221,0,9.29,24776.9
189600,632,1.472e-04,3.24283,0.40573,0.51665,0.07018,0.10693,0.05302,0.05686,0.14799,0.06727,0.08072,21.87739,5.57728,0,9.17,24787.8
189700,632,1.472e-04,4.46871,0.53956,0.97045,0.08311,0.11079,0.05979,0.14414,0.35822,0.15764,0.20058,52.68084,9.60797,0,9.21,24798.6
189800,632,1.472e-04,3.77627,0.36277,1.07989,0.05141,0.11569,0.04361,0.08891,0.30428,0.14140,0.16289,49.70830,12.75255,0,9.08,24809.7
189900,633,1.468e-04,2.94670,0.46177,0.33973,0.06889,0.08583,0.05328,0.06633,0.23526,0.08574,0.14952,10.64002,9.18172,0,8.81,24821.0
190000,633,1.468e-04,2.73890,0.36020,0.37456,0.05895,0.07839,0.05924,0.06690,0.56770,0.38463,0.18307,25.54634,12.46544,0,8.64,24832.6
190100,633,1.468e-04,3.37450,0.38972,0.98332,0.06926,0.07289,0.06225,0.05373,0.32764,0.26402,0.06362,15.01079,9.03672,0,8.69,24844.1
190200,634,1.464e-04,2.91981,0.32032,0.53867,0.06567,0.07813,0.06300,0.06158,0.12082,0.04758,0.07324,21.12104,3.89301,0,8.87,24855.4
190300,634,1.464e-04,2.17454,0.22981,0.21508,0.04267,0.07093,0.05192,0.06680,0.35865,0.11635,0.24230,10.73202,7.94132,0,8.83,24866.7
190400,634,1.464e-04,1.89781,0.19233,0.13646,0.04188,0.06737,0.03701,0.05829,0.51701,0.19483,0.32218,10.18835,9.73526,0,8.64,24878.3
190500,635,1.460e-04,2.51409,0.38573,0.25016,0.05768,0.07305,0.04611,0.06808,0.59964,0.26103,0.33861,16.97879,13.04489,0,8.72,24889.7
190600,635,1.460e-04,3.22601,0.93053,0.31804,0.05077,0.08547,0.05528,0.06774,0.63375,0.09778,0.53597,17.65953,11.93196,0,8.81,24901.1
190700,635,1.460e-04,2.92012,0.39057,0.21672,0.06287,0.10782,0.04375,0.07744,0.23116,0.07016,0.16100,14.11033,7.30108,0,8.69,24912.6
190800,636,1.456e-04,3.69432,0.97905,0.83311,0.05688,0.07346,0.05629,0.05946,0.36722,0.15696,0.21026,23.04128,4.97547,0,8.80,24923.9
190900,636,1.456e-04,4.27078,0.58387,0.90211,0.05342,0.14990,0.05750,0.09284,0.31778,0.13188,0.18591,41.27937,7.16123,0,8.42,24935.8
191000,636,1.456e-04,2.43116,0.50412,0.55125,0.05314,0.03645,0.05361,0.04239,0.35898,0.10914,0.24984,19.04714,5.08747,0,8.64,24947.4
191100,637,1.452e-04,2.56637,0.35859,0.29195,0.05355,0.08225,0.04498,0.06659,0.62809,0.13906,0.48903,16.32261,14.60962,0,8.53,24959.1
191200,637,1.452e-04,3.16429,1.01925,0.34461,0.05414,0.07287,0.05154,0.05452,0.44384,0.19737,0.24647,9.36443,13.59607,0,8.56,24970.8
191300,637,1.452e-04,2.45455,0.70923,0.21725,0.04233,0.06553,0.03434,0.05555,0.22760,0.10518,0.12242,13.85152,7.04170,0,8.64,24982.4
191400,638,1.448e-04,3.79707,0.46552,0.10031,0.06179,0.15044,0.06588,0.15592,0.45136,0.27307,0.17829,18.08074,10.76436,0,8.84,24993.7
191500,638,1.448e-04,2.43441,0.33716,0.13593,0.06279,0.07481,0.04523,0.07183,0.47516,0.25421,0.22095,20.68484,10.39411,0,8.93,25004.9
191600,638,1.448e-04,3.56492,0.45716,0.26291,0.08520,0.13245,0.07356,0.06012,0.31881,0.12182,0.19700,27.18638,7.74370,0,8.47,25016.7
191700,639,1.444e-04,2.63545,0.26962,0.38633,0.04135,0.08292,0.03452,0.11284,0.41595,0.09493,0.32103,13.94064,10.05948,0,8.50,25028.5
191800,639,1.444e-04,2.41116,0.84570,0.13061,0.04371,0.05108,0.04736,0.05003,0.51911,0.20736,0.31175,8.72991,16.14366,0,8.86,25039.8
191900,639,1.444e-04,2.33064,0.15703,0.55503,0.06334,0.05288,0.05271,0.03858,0.45889,0.26415,0.19474,22.96224,9.57768,0,8.70,25051.3
192000,640,1.440e-04,2.65712,0.27211,0.67056,0.05683,0.06961,0.03360,0.05640,0.37799,0.13859,0.23939,15.55858,8.96273,0,1.65,25111.9
192100,640,1.440e-04,2.00978,0.41151,0.31239,0.04134,0.05182,0.03807,0.03278,0.67653,0.36842,0.30811,30.65545,17.60644,0,8.09,25124.2
192200,640,1.440e-04,3.02757,0.35514,1.00953,0.05055,0.06991,0.04638,0.04528,0.31090,0.09702,0.21388,20.79918,8.36690,0,8.43,25136.1
192300,641,1.436e-04,2.58433,0.20652,0.49150,0.04598,0.08605,0.06138,0.05183,0.60992,0.10257,0.50735,20.04082,10.42091,0,8.58,25147.7
192400,641,1.436e-04,2.64102,0.30780,0.49581,0.07763,0.05301,0.05578,0.05043,0.16715,0.05008,0.11707,26.59117,5.22774,0,8.94,25158.9
192500,641,1.436e-04,3.35592,0.72389,0.59644,0.06897,0.07578,0.06511,0.05250,0.20432,0.13152,0.07280,48.85535,7.43216,0,8.78,25170.3
192600,642,1.432e-04,3.24377,0.31097,0.78730,0.07975,0.07321,0.06563,0.05756,0.34211,0.16700,0.17511,31.78996,6.48329,0,8.81,25181.7
192700,642,1.432e-04,4.26805,0.72293,0.84152,0.07918,0.10207,0.06232,0.11589,0.35728,0.24553,0.11175,34.05535,7.78104,0,8.70,25193.2
192800,642,1.432e-04,2.64357,0.65913,0.32639,0.06817,0.04680,0.05996,0.04171,0.51601,0.24170,0.27431,27.26937,14.76928,0,8.55,25204.9
192900,643,1.428e-04,3.02776,0.59933,0.52757,0.05975,0.06729,0.04940,0.07669,0.15300,0.04635,0.10665,16.83714,5.35204,0,8.59,25216.5
193000,643,1.428e-04,3.33725,0.77944,0.57994,0.06295,0.07864,0.04852,0.06386,0.41796,0.18176,0.23620,30.92724,8.52481,0,8.56,25228.2
193100,643,1.428e-04,2.79474,0.25569,0.84725,0.05336,0.07196,0.04553,0.04220,0.27014,0.12007,0.15007,32.74084,6.90035,0,8.56,25239.9
193200,644,1.424e-04,2.70544,0.40838,0.64118,0.06489,0.05160,0.05632,0.04188,0.30487,0.17614,0.12874,14.13528,16.26116,0,8.71,25251.3
193300,644,1.424e-04,4.19227,0.56916,0.33108,0.07173,0.14980,0.06251,0.15283,0.50615,0.25543,0.25073,22.83348,11.03561,0,8.66,25262.9
193400,644,1.424e-04,3.47101,0.31654,1.32963,0.05629,0.06568,0.05135,0.06967,0.33161,0.12709,0.20452,60.55002,19.09680,0,8.91,25274.1
193500,645,1.420e-04,4.05177,0.58202,1.46702,0.06433,0.07453,0.05310,0.06972,0.33632,0.18724,0.14908,48.39718,11.42225,0,9.01,25285.2
193600,645,1.420e-04,2.96333,0.19352,0.50510,0.08515,0.06674,0.08535,0.06381,0.37030,0.18778,0.18252,20.88828,11.62117,0,8.98,25296.3
193700,645,1.420e-04,3.71377,0.85963,0.57608,0.08049,0.06646,0.05418,0.10754,0.28812,0.19423,0.09389,32.02821,11.48050,0,8.77,25307.8
193800,646,1.416e-04,4.00732,0.31505,1.18698,0.08273,0.10559,0.03665,0.08777,0.39261,0.13372,0.25889,41.82594,7.46170,0,8.54,25319.5
193900,646,1.416e-04,4.29255,1.29778,1.13310,0.05259,0.08659,0.04196,0.05202,0.18205,0.09055,0.09150,38.55855,10.92287,0,8.60,25331.1
194000,646,1.416e-04,2.64246,0.41900,0.21735,0.04838,0.08260,0.04700,0.09227,0.42001,0.23339,0.18662,19.57855,16.89506,0,9.00,25342.2
194100,647,1.412e-04,3.29359,0.18346,1.52017,0.05414,0.05424,0.05073,0.05048,0.29388,0.18308,0.11080,36.03593,10.83525,0,8.73,25353.7
194200,647,1.412e-04,2.15382,0.09152,0.42085,0.04333,0.07130,0.03904,0.05999,0.20160,0.03440,0.16720,11.93698,5.61294,0,8.70,25365.1
194300,647,1.412e-04,2.81814,0.14422,0.66661,0.06854,0.06798,0.05945,0.06896,0.65949,0.30311,0.35637,51.82417,24.48822,0,8.61,25376.8
194400,648,1.408e-04,2.68910,0.52818,0.34041,0.05092,0.07854,0.04461,0.06058,0.41474,0.17210,0.24264,17.43187,15.67249,0,10.49,25386.3
194500,648,1.408e-04,2.22716,0.24366,0.52485,0.04248,0.06351,0.03261,0.04714,0.51439,0.09964,0.41475,15.38038,8.90495,0,9.89,25396.4
194600,648,1.408e-04,3.15124,0.43444,0.77225,0.06642,0.06980,0.05744,0.05903,0.27395,0.16902,0.10493,38.86955,12.44808,0,8.70,25407.9
194700,649,1.404e-04,2.73969,0.20593,0.45482,0.05528,0.10776,0.03351,0.05621,0.32923,0.04640,0.28282,23.63192,5.80361,0,8.77,25419.3
194800,649,1.404e-04,2.82004,0.71730,0.72106,0.05717,0.04239,0.04276,0.03445,0.42818,0.28066,0.14752,31.01620,18.42760,0,8.71,25430.8
194900,649,1.404e-04,2.30503,0.41524,0.34237,0.05079,0.05297,0.04024,0.06172,0.44453,0.17054,0.27400,11.34324,9.78164,0,8.40,25442.7
195000,650,1.400e-04,2.88935,0.24845,0.52786,0.06633,0.07861,0.06096,0.07177,0.25448,0.06868,0.18579,25.89537,8.49562,0,1.63,25504.2
195100,650,1.400e-04,2.83137,0.22501,0.59038,0.05798,0.08042,0.05795,0.06844,0.25737,0.16863,0.08874,27.19041,11.71109,0,8.18,25516.4
195200,650,1.400e-04,2.73478,0.23902,0.67269,0.05639,0.07253,0.05661,0.05018,0.48174,0.14657,0.33517,15.44557,15.62289,0,9.22,25527.3
195300,651,1.396e-04,3.63967,0.48786,1.57916,0.05369,0.05794,0.04126,0.05002,0.30111,0.10415,0.19695,64.16245,9.24611,0,8.72,25538.7
195400,651,1.396e-04,3.16558,0.15803,0.37101,0.05842,0.12436,0.03953,0.12221,0.24799,0.06452,0.18347,21.72689,7.44560,0,8.68,25550.3
195500,651,1.396e-04,3.25767,0.28681,0.56025,0.04208,0.11814,0.05176,0.10993,0.20558,0.10490,0.10068,25.85088,9.44672,0,8.79,25561.6
195600,652,1.392e-04,3.15565,0.58925,0.40319,0.05486,0.10067,0.04890,0.07267,0.34402,0.08209,0.26193,36.22846,9.26356,0,8.69,25573.1
195700,652,1.392e-04,3.54561,0.55078,0.27021,0.05619,0.12755,0.05352,0.12393,0.38993,0.09279,0.29714,17.02346,7.52933,0,8.70,25584.6
195800,652,1.392e-04,2.24118,0.33239,0.31642,0.04768,0.05421,0.06274,0.05195,0.42304,0.28704,0.13600,28.08693,10.30991,0,8.63,25596.2
195900,653,1.388e-04,3.00690,0.42820,0.74077,0.06638,0.06675,0.05718,0.04416,0.45430,0.16555,0.28875,12.29723,13.68161,0,8.66,25607.8
196000,653,1.388e-04,2.00812,0.10298,0.21929,0.06729,0.04752,0.06121,0.04634,0.41319,0.30986,0.10333,12.10760,15.82693,0,9.12,25618.7
196100,653,1.388e-04,2.45781,0.29959,0.40180,0.05077,0.07006,0.04241,0.06722,0.34233,0.18994,0.15239,13.81493,13.10369,0,8.84,25630.0
196200,654,1.384e-04,2.17447,0.17598,0.56668,0.04484,0.05623,0.04636,0.03787,0.26978,0.15771,0.11207,12.65653,8.08408,0,8.55,25641.7
196300,654,1.384e-04,2.77339,0.28994,0.54046,0.03837,0.09877,0.03771,0.07661,0.35386,0.10358,0.25028,10.99231,12.00896,0,9.10,25652.7
196400,654,1.384e-04,2.93604,0.41959,0.39985,0.06982,0.07422,0.06108,0.07417,0.19370,0.07857,0.11513,26.24233,7.11198,0,8.96,25663.9
196500,655,1.380e-04,2.48473,0.26134,0.40964,0.04936,0.06969,0.04952,0.07513,0.37977,0.21578,0.16399,19.03505,11.61367,0,8.64,25675.5
196600,655,1.380e-04,2.66610,0.16082,0.41435,0.05779,0.09258,0.04478,0.07266,0.40700,0.13540,0.27159,16.49872,12.68004,0,8.73,25686.9
196700,655,1.380e-04,2.30596,0.46633,0.52723,0.05770,0.04127,0.04680,0.01776,0.23681,0.06197,0.17484,13.50124,7.29813,0,8.64,25698.5
196800,656,1.376e-04,3.41188,0.41611,0.47899,0.07865,0.10631,0.06587,0.06757,0.49984,0.18553,0.31431,14.94646,11.30714,0,8.74,25709.9
196900,656,1.376e-04,2.67287,0.44875,0.52159,0.04874,0.07573,0.03746,0.05409,0.36737,0.08729,0.28009,16.96429,9.58530,0,9.20,25720.8
197000,656,1.376e-04,2.90113,0.12441,0.76315,0.05440,0.09424,0.03916,0.06626,0.14004,0.08966,0.05038,20.33034,6.42338,0,8.60,25732.4
197100,657,1.372e-04,2.65725,0.39814,0.41752,0.07881,0.04082,0.06927,0.05977,0.19461,0.09454,0.10007,28.91192,7.20289,0,8.58,25744.1
197200,657,1.372e-04,2.92673,0.48349,0.68216,0.04826,0.07737,0.04098,0.05996,0.36343,0.09177,0.27165,22.57287,11.19765,0,8.80,25755.5
197300,657,1.372e-04,2.95762,0.71540,0.36394,0.06850,0.06775,0.05046,0.05269,0.63019,0.24364,0.38655,11.48309,8.59760,0,8.56,25767.1
197400,658,1.368e-04,1.88453,0.07011,0.08908,0.05433,0.05936,0.04825,0.06942,0.61758,0.32483,0.29275,9.47583,10.42051,0,8.62,25778.7
197500,658,1.368e-04,2.13906,0.06010,0.37629,0.04648,0.07149,0.03851,0.06608,0.53533,0.18726,0.34807,14.57504,9.20102,0,8.59,25790.4
197600,658,1.368e-04,2.02712,0.24359,0.28900,0.05868,0.05224,0.04465,0.03241,0.39182,0.17154,0.22028,13.19926,10.99340,0,8.51,25802.1
197700,659,1.364e-04,3.30959,0.46262,0.61384,0.05738,0.09757,0.05543,0.08131,0.35324,0.09605,0.25718,22.79226,10.79173,0,8.48,25813.9
197800,659,1.364e-04,2.74878,0.46603,0.38900,0.06275,0.07390,0.06290,0.04255,0.27581,0.10079,0.17503,21.41465,12.38385,0,8.61,25825.5
197900,659,1.364e-04,3.08587,0.57705,0.34913,0.08969,0.06533,0.08538,0.03654,0.24554,0.06897,0.17657,24.10567,6.24486,0,8.68,25837.1
198000,660,1.360e-04,3.04725,0.31090,0.54496,0.08812,0.07499,0.06324,0.04882,0.26992,0.15125,0.11867,24.21638,12.33842,0,1.65,25897.8
198100,660,1.360e-04,2.70956,0.32752,0.60205,0.06991,0.06051,0.04872,0.04644,0.27220,0.10180,0.17040,40.00866,5.15598,0,8.02,25910.2
198200,660,1.360e-04,3.19343,0.22633,0.71577,0.05982,0.10086,0.04767,0.08123,0.26583,0.10008,0.16575,16.60994,5.23396,0,8.50,25922.0
198300,661,1.356e-04,3.22352,0.37431,0.19822,0.07782,0.09344,0.06463,0.12306,0.39426,0.21805,0.17621,10.91649,6.17403,0,8.56,25933.7
198400,661,1.356e-04,3.72978,0.51829,0.97046,0.04750,0.10606,0.03337,0.10772,0.34204,0.13924,0.20280,61.84569,12.67852,0,8.37,25945.6
198500,661,1.356e-04,2.64176,0.18751,0.60295,0.04379,0.07872,0.03494,0.09032,0.28767,0.15231,0.13536,15.40092,13.96750,0,8.38,25957.6
198600,662,1.352e-04,2.80814,0.36257,0.52050,0.07068,0.07037,0.04345,0.05946,0.38260,0.09998,0.28262,15.97750,6.77690,0,8.37,25969.5
198700,662,1.352e-04,2.55723,0.30165,0.53618,0.04236,0.06813,0.04349,0.07943,0.39020,0.03904,0.35116,13.16049,8.16522,0,8.22,25981.7
198800,662,1.352e-04,2.64862,0.29936,0.51920,0.05984,0.07509,0.03808,0.05807,0.39008,0.19350,0.19658,11.30861,17.67728,0,8.38,25993.6
198900,663,1.348e-04,2.64623,0.56636,0.41009,0.05412,0.05504,0.06355,0.05209,0.22149,0.06969,0.15180,22.37719,6.74162,0,8.50,26005.4
199000,663,1.348e-04,5.11517,0.32396,0.89898,0.04750,0.23142,0.03695,0.18366,0.42168,0.14946,0.27222,45.46716,11.08428,0,8.38,26017.3
199100,663,1.348e-04,3.34461,0.60050,0.47614,0.06814,0.09432,0.05626,0.07242,0.36140,0.06254,0.29886,18.36583,6.12244,0,8.93,26028.5
199200,664,1.344e-04,2.80089,0.42245,0.79207,0.06237,0.04831,0.05405,0.04187,0.22918,0.14074,0.08844,21.94570,7.51383,0,8.82,26039.8
199300,664,1.344e-04,3.02193,0.42123,0.94567,0.04549,0.07364,0.03847,0.05428,0.28597,0.07057,0.21540,16.08434,8.85325,0,8.90,26051.1
199400,664,1.344e-04,2.85418,0.41866,0.36511,0.06193,0.08880,0.04691,0.06572,0.46411,0.16238,0.30173,17.11156,12.10902,0,8.57,26062.7
199500,665,1.340e-04,2.28004,0.51120,0.13107,0.05098,0.06956,0.05528,0.03119,0.31626,0.13922,0.17704,13.92795,14.74246,0,8.30,26074.8
199600,665,1.340e-04,2.59600,0.26001,0.38996,0.04984,0.08250,0.04447,0.08008,0.52229,0.35329,0.16900,14.53973,14.56530,0,8.57,26086.5
199700,665,1.340e-04,2.78907,0.48250,0.63740,0.05794,0.06233,0.05506,0.03824,0.63110,0.36038,0.27072,20.08944,25.97594,0,8.78,26097.8
199800,666,1.336e-04,2.37891,0.16488,0.31610,0.06048,0.07282,0.05900,0.05400,0.33514,0.22671,0.10843,26.00258,12.75740,0,8.58,26109.5
199900,666,1.336e-04,2.85963,0.45000,0.50338,0.06700,0.07204,0.04075,0.06241,0.31255,0.16790,0.14465,21.86200,10.65517,0,8.53,26121.2
200000,666,1.336e-04,2.47760,0.23132,0.54593,0.05543,0.06236,0.05391,0.05058,0.50594,0.06684,0.43910,15.87792,9.48499,0,9.00,26132.3
200100,667,1.332e-04,2.83635,0.43104,0.52406,0.06487,0.07124,0.04910,0.05493,0.56628,0.29167,0.27461,12.10598,11.16809,0,8.79,26143.7
200200,667,1.332e-04,2.06469,0.07630,0.39068,0.05279,0.05789,0.05781,0.04037,0.58694,0.24854,0.33840,16.19254,12.03068,0,8.62,26155.3
200300,667,1.332e-04,3.39074,0.03374,0.92327,0.04921,0.11720,0.04416,0.10977,0.38818,0.02642,0.36177,68.81364,12.30661,0,8.44,26167.2
200400,668,1.328e-04,2.20629,0.32768,0.38216,0.04245,0.06176,0.04083,0.05004,0.49740,0.15539,0.34202,16.25471,12.19612,0,8.61,26178.8
200500,668,1.328e-04,2.55750,0.29593,0.49975,0.04666,0.06995,0.05002,0.06912,0.35387,0.12024,0.23363,24.63955,5.95962,0,9.31,26189.5
200600,668,1.328e-04,3.81347,0.46914,0.66814,0.05417,0.15633,0.04580,0.06845,0.38421,0.30275,0.08146,39.36644,13.70375,0,8.75,26201.0
200700,669,1.324e-04,3.51470,0.15681,1.44347,0.04887,0.08859,0.04363,0.06435,0.27135,0.11571,0.15564,43.16536,9.04398,0,8.78,26212.3
200800,669,1.324e-04,2.81742,0.68258,0.45479,0.05218,0.06644,0.04235,0.05642,0.37173,0.10756,0.26417,20.73139,7.49386,0,8.70,26223.8
200900,669,1.324e-04,2.19149,0.37292,0.50827,0.03709,0.05418,0.03600,0.04350,0.37755,0.08732,0.29023,29.61925,9.18193,0,8.63,26235.4
201000,670,1.320e-04,2.51484,0.10362,0.55144,0.05029,0.08485,0.04556,0.05612,0.25093,0.06123,0.18971,15.27908,5.07789,0,1.66,26295.5
201100,670,1.320e-04,3.48765,0.69714,0.46695,0.08749,0.08314,0.07998,0.04346,0.27293,0.13314,0.13979,25.54506,9.29387,0,8.10,26307.8
201200,670,1.320e-04,2.84686,0.45179,0.63084,0.04803,0.08078,0.03451,0.06072,0.36227,0.10795,0.25433,22.13970,11.82664,0,9.08,26318.8
201300,671,1.316e-04,3.51332,0.44624,1.02379,0.05345,0.08158,0.05332,0.08529,0.26299,0.13800,0.12499,22.75122,9.78937,0,8.70,26330.3
201400,671,1.316e-04,2.39780,0.16921,0.62439,0.04725,0.07674,0.04011,0.03275,0.29138,0.13734,0.15404,17.42259,8.28444,0,8.68,26341.9
201500,671,1.316e-04,2.54113,0.17390,0.78319,0.06248,0.04653,0.05735,0.04143,0.46679,0.15979,0.30700,28.68059,10.90978,0,8.69,26353.4
201600,672,1.312e-04,3.02153,0.24212,0.77348,0.06149,0.08711,0.05846,0.04553,0.16993,0.06005,0.10987,26.82104,8.67195,0,8.74,26364.8
201700,672,1.312e-04,3.33687,0.31345,0.96418,0.04058,0.09300,0.05528,0.08942,0.29620,0.11549,0.18071,36.20851,8.27809,0,8.88,26376.1
201800,672,1.312e-04,2.49762,0.02722,0.54072,0.06126,0.07976,0.04332,0.06059,0.41278,0.10710,0.30567,16.48339,8.17014,0,9.17,26387.0
201900,673,1.308e-04,2.39110,0.45712,0.47638,0.05966,0.04675,0.05152,0.02718,0.23338,0.15217,0.08121,35.58628,8.40000,0,8.82,26398.3
202000,673,1.308e-04,1.98466,0.21364,0.32314,0.04668,0.05250,0.04195,0.04926,0.44111,0.26488,0.17624,13.02654,10.43714,0,8.73,26409.8
202100,673,1.308e-04,2.90694,0.38156,0.51708,0.06789,0.07846,0.04452,0.06444,0.36785,0.05874,0.30911,24.79565,7.00541,0,8.75,26421.2
202200,674,1.304e-04,3.39094,0.52996,0.58513,0.06081,0.06044,0.09653,0.11614,0.37983,0.17772,0.20211,15.27400,10.82661,0,8.82,26432.5
202300,674,1.304e-04,2.46450,0.24901,0.55491,0.02982,0.08651,0.03073,0.06873,0.42626,0.17629,0.24997,22.65325,9.82591,0,9.14,26443.5
202400,674,1.304e-04,2.39389,0.39245,0.45533,0.05868,0.04465,0.05684,0.04572,0.33908,0.11176,0.22732,11.71859,10.17855,0,9.01,26454.6
202500,675,1.300e-04,2.67679,0.35877,0.07072,0.08082,0.07071,0.08759,0.05882,0.34523,0.05076,0.29446,9.26542,11.37160,0,8.70,26466.1
202600,675,1.300e-04,3.17473,0.76877,0.35071,0.05725,0.09522,0.04396,0.06216,0.44621,0.12477,0.32143,31.41069,10.98169,0,8.63,26477.6
202700,675,1.300e-04,2.27033,0.55488,0.37689,0.04606,0.05883,0.02944,0.02850,0.43512,0.11120,0.32393,24.18418,11.30063,0,8.80,26489.0
202800,676,1.296e-04,2.44517,0.13619,0.59833,0.06099,0.05883,0.05261,0.04987,0.50240,0.23968,0.26272,19.10559,19.87889,0,8.64,26500.6
202900,676,1.296e-04,2.71543,0.32499,0.86869,0.05940,0.04683,0.05218,0.03972,0.21536,0.08324,0.13212,19.30857,8.06400,0,8.53,26512.3
203000,676,1.296e-04,3.31351,0.39652,1.08768,0.07938,0.04605,0.06492,0.05010,0.36214,0.06921,0.29294,56.13637,8.40711,0,8.57,26524.0
203100,677,1.292e-04,3.41976,0.49791,0.97642,0.04825,0.08143,0.04841,0.08131,0.41705,0.32029,0.09676,37.55386,20.32358,0,8.72,26535.4
203200,677,1.292e-04,2.41291,0.26765,0.24343,0.06050,0.07423,0.05548,0.05541,0.46796,0.19303,0.27493,17.24337,9.84097,0,9.80,26545.7
203300,677,1.292e-04,6.39316,0.38707,0.22842,0.08641,0.28742,0.07540,0.33249,0.42524,0.17788,0.24735,24.71488,12.09246,0,10.34,26555.3
203400,678,1.288e-04,2.20834,0.60060,0.39091,0.04520,0.04313,0.03912,0.02758,0.16104,0.04256,0.11848,12.95057,7.57394,0,8.51,26567.1
203500,678,1.288e-04,2.57670,0.19668,0.39484,0.06657,0.07160,0.06014,0.06055,0.37541,0.05213,0.32328,27.59380,8.11271,0,8.47,26578.9
203600,678,1.288e-04,9.04896,0.56185,0.27100,0.05152,0.45979,0.04968,0.57092,0.16615,0.13238,0.03377,33.06603,15.67578,0,8.76,26590.3
203700,679,1.284e-04,2.73798,0.60197,0.42972,0.05973,0.05969,0.04995,0.05247,0.28930,0.17542,0.11389,15.42834,9.64699,0,8.76,26601.7
203800,679,1.284e-04,4.05381,0.59610,1.57994,0.06148,0.06486,0.06006,0.06282,0.38549,0.18468,0.20080,31.85068,14.14523,0,8.56,26613.4
203900,679,1.284e-04,3.04048,0.66804,0.43293,0.07775,0.05585,0.07360,0.04710,0.30465,0.15460,0.15004,18.82714,10.22573,0,8.87,26624.7
204000,680,1.280e-04,3.12993,0.56977,0.39297,0.06571,0.08839,0.05081,0.07442,0.37236,0.32122,0.05114,43.57656,14.78215,0,1.65,26685.4
204100,680,1.280e-04,2.82180,0.17297,1.19798,0.04468,0.05644,0.04413,0.04381,0.34438,0.07739,0.26699,21.56034,7.92186,0,8.12,26697.7
204200,680,1.280e-04,2.73470,0.50375,0.64066,0.04149,0.06060,0.04160,0.07229,0.24163,0.09345,0.14818,12.26212,7.87430,0,8.52,26709.4
204300,681,1.276e-04,3.26896,0.50239,0.25134,0.05801,0.09418,0.04143,0.15724,0.18211,0.06887,0.11324,25.98142,7.04375,0,8.64,26721.0
204400,681,1.276e-04,3.62386,0.26314,1.46534,0.04871,0.08724,0.03742,0.06975,0.26170,0.05682,0.20488,31.96774,8.36592,0,8.83,26732.3
204500,681,1.276e-04,2.46126,0.41234,0.31887,0.05028,0.06462,0.04637,0.06984,0.39511,0.19928,0.19583,19.17538,12.47669,0,8.92,26743.6
204600,682,1.272e-04,3.32746,0.42265,0.89362,0.07818,0.05522,0.05944,0.07600,0.22704,0.04966,0.17737,26.34207,5.75066,0,8.89,26754.8
204700,682,1.272e-04,2.34518,0.36004,0.29251,0.04274,0.07806,0.03928,0.05765,0.39698,0.14344,0.25354,14.11208,7.87737,0,8.72,26766.3
204800,682,1.272e-04,3.28011,0.23171,0.66533,0.05753,0.11168,0.05439,0.08381,0.34712,0.08780,0.25932,23.78472,10.06536,0,8.99,26777.4
204900,683,1.268e-04,2.68870,0.42183,0.32937,0.05668,0.07544,0.05674,0.06654,0.58668,0.40297,0.18371,19.39179,11.91669,0,9.00,26788.5
205000,683,1.268e-04,3.01147,0.47473,0.63279,0.04929,0.08139,0.03524,0.08418,0.41036,0.24675,0.16361,18.92027,14.89910,0,8.95,26799.7
205100,683,1.268e-04,2.63648,0.10207,0.81400,0.03579,0.09491,0.02882,0.05387,0.39305,0.12770,0.26535,28.74153,7.61099,0,8.64,26811.2
205200,684,1.264e-04,2.77731,0.72570,0.49616,0.04089,0.06758,0.05263,0.04151,0.29834,0.07307,0.22527,17.91462,10.28453,0,8.61,26822.9
205300,684,1.264e-04,2.60427,0.28158,0.47052,0.04277,0.08368,0.05384,0.06368,0.35783,0.10792,0.24991,32.07322,6.72760,0,9.02,26833.9
205400,684,1.264e-04,3.08496,0.54790,0.31527,0.05410,0.10458,0.04456,0.08245,0.40757,0.14823,0.25934,19.29260,11.50424,0,9.12,26844.9
205500,685,1.260e-04,2.14666,0.40490,0.35472,0.04269,0.05232,0.03619,0.05120,0.19988,0.06017,0.13971,19.23114,9.27984,0,9.55,26855.4
205600,685,1.260e-04,2.48813,0.18150,0.19490,0.05948,0.09733,0.05594,0.05278,0.33625,0.12471,0.21154,26.65298,10.86135,0,9.02,26866.5
205700,685,1.260e-04,2.59804,0.44709,0.71080,0.04407,0.05763,0.03769,0.04694,0.31612,0.18100,0.13511,18.77681,7.81454,0,8.95,26877.6
205800,686,1.256e-04,3.27760,0.46017,1.56171,0.03789,0.04870,0.03772,0.04024,0.30776,0.24055,0.06720,44.30734,21.38993,0,8.89,26888.9
205900,686,1.256e-04,2.29804,0.52804,0.26307,0.05400,0.04599,0.04196,0.05945,0.32802,0.17154,0.15647,10.12662,9.94260,0,8.94,26900.1
206000,686,1.256e-04,3.11437,0.33105,0.73434,0.05998,0.09019,0.04759,0.06188,0.24715,0.13737,0.10977,20.50052,8.85942,0,8.61,26911.7
206100,687,1.252e-04,2.23925,0.55466,0.26954,0.04224,0.06135,0.03621,0.03962,0.43853,0.19343,0.24510,29.47984,8.95326,0,9.15,26922.6
206200,687,1.252e-04,3.43567,0.50312,0.61041,0.06786,0.09348,0.06929,0.07246,0.34366,0.12772,0.21593,33.60904,8.86643,0,8.46,26934.4
206300,687,1.252e-04,3.07946,0.47875,0.71839,0.06249,0.07216,0.04736,0.05981,0.30005,0.09248,0.20757,39.53830,7.80672,0,8.74,26945.9
206400,688,1.248e-04,2.49883,0.27768,0.56780,0.05342,0.06103,0.04660,0.05517,0.23422,0.14850,0.08572,20.94484,17.16076,0,8.65,26957.4
206500,688,1.248e-04,2.53338,0.24402,0.75367,0.05443,0.05601,0.03754,0.04873,0.30411,0.08308,0.22103,18.54173,10.73690,0,8.64,26969.0
206600,688,1.248e-04,3.41095,0.46974,0.42795,0.09125,0.08879,0.07948,0.06309,0.30747,0.20719,0.10028,18.11040,10.90492,0,8.50,26980.8
206700,689,1.244e-04,2.25428,0.48329,0.25021,0.05892,0.05391,0.05001,0.02848,0.25805,0.08820,0.16985,11.04047,8.27763,0,8.45,26992.6
206800,689,1.244e-04,3.22387,0.62370,0.86252,0.05799,0.06539,0.05326,0.04751,0.39798,0.11989,0.27809,22.21528,8.72233,0,8.46,27004.4
206900,689,1.244e-04,3.33622,0.39691,0.76073,0.04546,0.08540,0.04050,0.13348,0.34586,0.16328,0.18258,48.87391,10.94014,0,8.67,27016.0
207000,690,1.240e-04,3.31422,0.58405,0.87628,0.06494,0.06609,0.05291,0.05581,0.37809,0.15740,0.22069,21.80539,14.32784,0,1.65,27076.6
207100,690,1.240e-04,2.04626,0.10673,0.37549,0.04638,0.06536,0.03885,0.05048,0.31102,0.10120,0.20982,10.51694,8.49349,0,8.10,27089.0
207200,690,1.240e-04,2.06304,0.10866,0.42157,0.05389,0.05684,0.04478,0.04032,0.63910,0.31788,0.32122,14.11236,17.48951,0,8.82,27100.3
207300,691,1.236e-04,3.37083,0.79561,0.32483,0.07700,0.08334,0.06258,0.06683,0.53804,0.23977,0.29827,15.35377,10.01509,0,9.13,27111.3
207400,691,1.236e-04,2.11753,0.40757,0.32135,0.04665,0.05349,0.04166,0.03578,0.63746,0.28369,0.35378,17.59663,12.33269,0,9.23,27122.1
207500,691,1.236e-04,2.69265,0.61807,0.38708,0.06132,0.05799,0.05235,0.04654,0.31383,0.14453,0.16930,22.92386,13.27039,0,8.88,27133.4
207600,692,1.232e-04,2.84542,0.61940,0.39815,0.06486,0.06239,0.06409,0.04699,0.42921,0.10445,0.32475,14.27030,8.74699,0,8.63,27145.0
207700,692,1.232e-04,2.55564,0.53436,0.46438,0.05505,0.04789,0.03712,0.06838,0.22308,0.04932,0.17376,36.74752,7.46686,0,8.80,27156.3
207800,692,1.232e-04,3.00233,0.45839,0.38085,0.08152,0.07246,0.07142,0.05322,0.48526,0.16949,0.31577,11.62590,10.08847,0,8.73,27167.8
207900,693,1.228e-04,2.57743,0.28737,0.47919,0.06272,0.07142,0.04275,0.05115,0.41191,0.07609,0.33582,32.48475,8.42877,0,8.63,27179.4
208000,693,1.228e-04,2.75631,0.29278,0.41132,0.06234,0.06921,0.05811,0.08923,0.40880,0.17969,0.22911,16.97412,9.61343,0,9.50,27189.9
208100,693,1.228e-04,3.71074,0.36007,1.31966,0.04777,0.10379,0.04210,0.06097,0.21007,0.05603,0.15404,52.86623,7.19717,0,8.96,27201.1
208200,694,1.224e-04,2.70287,0.10323,1.03481,0.05623,0.06033,0.03453,0.04531,0.25362,0.09279,0.16083,20.91982,7.98634,0,9.37,27211.7
208300,694,1.224e-04,2.90513,0.53665,0.79041,0.04083,0.05426,0.04137,0.08408,0.25865,0.13650,0.12216,16.52081,8.00150,0,9.19,27222.6
208400,694,1.224e-04,1.87769,0.13579,0.14216,0.04887,0.06732,0.03998,0.04757,0.62416,0.14110,0.48306,8.64669,7.68040,0,8.71,27234.1
208500,695,1.220e-04,2.70962,0.30117,0.62647,0.05730,0.06466,0.05819,0.05427,0.46002,0.31992,0.14010,30.96101,16.05799,0,8.34,27246.1
208600,695,1.220e-04,2.63549,0.55238,0.63035,0.04599,0.05740,0.03670,0.04708,0.31448,0.12218,0.19230,36.42102,9.02969,0,8.56,27257.8
208700,695,1.220e-04,2.14523,0.29998,0.19200,0.04646,0.06054,0.07158,0.04506,0.31954,0.14860,0.17094,13.87436,14.16878,0,8.72,27269.2
208800,696,1.216e-04,2.39305,0.10135,0.40151,0.06724,0.06969,0.04519,0.05900,0.37743,0.09169,0.28574,20.28749,12.54752,0,8.67,27280.8
208900,696,1.216e-04,2.24743,0.40046,0.52150,0.05215,0.04470,0.04290,0.02850,0.24668,0.11868,0.12800,23.48456,8.60301,0,8.48,27292.6
209000,696,1.216e-04,3.07237,0.44943,0.76511,0.04993,0.08010,0.04863,0.06288,0.15766,0.04571,0.11195,32.69867,5.48121,0,8.89,27303.8
209100,697,1.212e-04,2.49901,0.36380,0.37843,0.05981,0.06053,0.05539,0.05528,0.21120,0.13760,0.07360,20.29865,7.90293,0,8.84,27315.1
209200,697,1.212e-04,2.14871,0.31937,0.31835,0.05277,0.05508,0.04809,0.03841,0.30903,0.13163,0.17740,10.47145,12.10312,0,8.94,27326.3
209300,697,1.212e-04,2.59948,0.49234,0.59168,0.04963,0.05695,0.04592,0.04400,0.31212,0.12557,0.18655,24.54994,9.20254,0,8.90,27337.5
209400,698,1.208e-04,2.82417,0.36018,0.52511,0.05814,0.07759,0.05402,0.06230,0.17682,0.06618,0.11064,17.37594,4.80339,0,8.74,27349.0
209500,698,1.208e-04,3.14973,0.72921,0.24613,0.07804,0.07889,0.06468,0.05634,0.40847,0.24431,0.16416,18.64681,9.90957,0,8.63,27360.6
209600,698,1.208e-04,3.02055,0.34976,0.37485,0.06287,0.07928,0.05655,0.11834,0.25776,0.06633,0.19143,9.92337,5.33649,0,8.52,27372.3
209700,699,1.204e-04,2.64013,0.27311,0.67198,0.05755,0.06101,0.04597,0.05592,0.26625,0.04594,0.22031,11.18782,6.15138,0,8.53,27384.0
209800,699,1.204e-04,4.46196,0.59599,0.62898,0.05928,0.16720,0.04408,0.15036,0.41666,0.19122,0.22544,20.17561,10.59545,0,8.54,27395.7
209900,699,1.204e-04,3.28927,0.52978,0.62857,0.06679,0.08992,0.04824,0.06453,0.29557,0.07675,0.21881,19.67443,5.21862,0,8.71,27407.2
210000,700,1.200e-04,3.30269,0.75280,0.75962,0.05321,0.06976,0.05195,0.06016,0.38871,0.12238,0.26633,27.81981,9.72906,0,1.62,27468.8
210100,700,1.200e-04,2.61245,0.42148,0.24451,0.06277,0.07846,0.05299,0.05383,0.20772,0.07250,0.13522,16.49435,8.90401,0,8.48,27480.6
210200,700,1.200e-04,2.59159,0.41763,0.32719,0.06184,0.07590,0.04871,0.04518,0.24926,0.06867,0.18059,24.74828,7.99406,0,9.06,27491.7
210300,701,1.196e-04,3.87463,0.90222,1.09728,0.05713,0.07501,0.04011,0.07063,0.27361,0.15500,0.11861,67.76330,8.66673,0,8.89,27502.9
210400,701,1.196e-04,3.51649,0.38997,1.49648,0.04232,0.08851,0.03789,0.02646,0.28709,0.12440,0.16270,49.02089,16.32350,0,8.81,27514.3
210500,701,1.196e-04,2.23326,0.22247,0.69425,0.04664,0.04981,0.04191,0.02850,0.36746,0.25155,0.11592,51.34472,12.24404,0,8.89,27525.5
210600,702,1.192e-04,3.59843,0.56067,0.71044,0.05746,0.10479,0.05438,0.08659,0.24069,0.09750,0.14318,35.77849,13.75988,0,8.71,27537.0
210700,702,1.192e-04,3.13636,0.47514,0.45712,0.05268,0.10464,0.04481,0.08137,0.29926,0.04831,0.25095,20.69181,6.39129,0,8.88,27548.3
210800,702,1.192e-04,3.65370,0.45169,0.30732,0.04150,0.13668,0.03177,0.19080,0.22004,0.17301,0.04703,27.63369,9.87774,0,8.42,27560.1
210900,703,1.188e-04,2.59315,0.39004,0.77162,0.05194,0.04900,0.05081,0.03360,0.29946,0.13172,0.16774,56.24387,11.48015,0,8.56,27571.8
211000,703,1.188e-04,2.60696,0.33155,0.57622,0.03387,0.08992,0.02588,0.06637,0.28756,0.08015,0.20741,36.55922,7.21257,0,8.48,27583.6
211100,703,1.188e-04,2.39516,0.43086,0.30273,0.04006,0.07445,0.04227,0.06102,0.56890,0.17782,0.39108,16.70153,11.57519,0,8.38,27595.5
211200,704,1.184e-04,2.56274,0.45450,0.75136,0.04011,0.05642,0.03918,0.03913,0.35131,0.13367,0.21764,22.24891,7.16325,0,8.49,27607.3
211300,704,1.184e-04,2.74453,0.25258,0.71269,0.05803,0.06700,0.05199,0.05380,0.27117,0.17768,0.09349,28.65950,11.96081,0,8.47,27619.1
211400,704,1.184e-04,3.66707,0.54554,1.11026,0.06070,0.07783,0.04885,0.07633,0.17335,0.09693,0.07641,20.19088,9.18661,0,8.38,27631.0
211500,705,1.180e-04,3.11131,0.62166,0.80201,0.05776,0.06573,0.04640,0.04415,0.44911,0.18810,0.26101,20.11763,23.01408,0,8.63,27642.6
211600,705,1.180e-04,2.25688,0.30699,0.71493,0.04461,0.03893,0.04017,0.03975,0.23997,0.10650,0.13347,24.20877,7.81230,0,8.90,27653.9
211700,705,1.180e-04,2.30917,0.21060,0.74230,0.04919,0.04912,0.04157,0.03305,0.32913,0.16550,0.16363,24.62266,10.20417,0,8.87,27665.2
211800,706,1.176e-04,2.59184,0.45904,0.34749,0.05768,0.06958,0.04768,0.05487,0.52825,0.12285,0.40541,14.39405,13.42914,0,8.81,27676.5
211900,706,1.176e-04,3.30220,0.33579,0.55593,0.06346,0.10659,0.05271,0.08928,0.34681,0.07181,0.27501,32.94838,5.36694,0,8.56,27688.2
212000,706,1.176e-04,4.01169,0.61762,0.49373,0.05988,0.14117,0.04645,0.13151,0.13467,0.06942,0.06525,25.20971,8.63763,0,8.69,27699.7
212100,707,1.172e-04,3.14679,0.10246,0.73821,0.06311,0.10476,0.03427,0.09122,0.44773,0.21906,0.22867,30.98655,10.02532,0,8.44,27711.5
212200,707,1.172e-04,2.69881,0.72660,0.75861,0.04686,0.03768,0.04653,0.02711,0.18740,0.08082,0.10658,43.18412,6.29631,0,8.71,27723.0
212300,707,1.172e-04,3.02462,0.43906,0.67434,0.05363,0.07630,0.04497,0.07743,0.25700,0.06662,0.19038,19.51721,6.97866,0,8.45,27734.9
212400,708,1.168e-04,2.53745,0.43373,0.22430,0.05147,0.07814,0.04576,0.07091,0.53883,0.33398,0.20485,20.06508,15.00695,0,8.54,27746.6
212500,708,1.168e-04,2.70620,0.33734,0.41646,0.05971,0.08042,0.05265,0.05758,0.25671,0.07973,0.17698,32.26434,11.21442,0,8.65,27758.1
212600,708,1.168e-04,2.82984,0.56728,0.14844,0.04712,0.10587,0.05080,0.06605,0.18881,0.09720,0.09161,24.24783,6.43903,0,8.69,27769.6
212700,709,1.164e-04,2.73958,0.43824,0.55182,0.05857,0.06957,0.04251,0.05111,0.32534,0.15851,0.16682,20.70038,15.65463,0,8.57,27781.3
212800,709,1.164e-04,2.85639,0.82912,0.53330,0.05450,0.05441,0.04588,0.03509,0.23329,0.08076,0.15254,21.41569,7.18758,0,8.55,27793.0
212900,709,1.164e-04,2.33629,0.76588,0.16509,0.05625,0.04722,0.04391,0.03022,0.26544,0.18228,0.08316,14.72357,9.42082,0,8.93,27804.2
213000,710,1.160e-04,2.60612,0.35889,0.83179,0.04639,0.05554,0.03634,0.04288,0.22795,0.12221,0.10574,22.61155,16.29172,0,1.64,27865.4
213100,710,1.160e-04,2.33419,0.67894,0.29763,0.04654,0.05325,0.03731,0.03462,0.33645,0.16010,0.17635,24.86214,9.62159,0,8.21,27877.5
213200,710,1.160e-04,2.63790,0.53913,0.12879,0.05530,0.08604,0.04710,0.06422,0.31819,0.07912,0.23907,13.67817,10.15325,0,9.07,27888.6
213300,711,1.156e-04,2.22252,0.20126,0.31316,0.05961,0.06273,0.05428,0.04265,0.39824,0.10724,0.29099,20.82504,10.22727,0,8.97,27899.7
213400,711,1.156e-04,2.72335,0.32563,0.42578,0.04160,0.09998,0.03614,0.07509,0.31820,0.08171,0.23649,33.54485,6.99842,0,9.04,27910.8
213500,711,1.156e-04,2.11964,0.29864,0.37838,0.04480,0.06262,0.03646,0.03723,0.46549,0.12403,0.34145,29.92178,12.24893,0,8.92,27922.0
213600,712,1.152e-04,2.69474,0.37138,1.01895,0.04543,0.04542,0.04895,0.03023,0.60146,0.24779,0.35366,29.90912,22.76061,0,8.48,27933.8
213700,712,1.152e-04,3.28895,0.50769,0.89879,0.05680,0.07243,0.04615,0.07189,0.52635,0.28485,0.24150,15.47295,18.20710,0,8.89,27945.0
213800,712,1.152e-04,2.99414,0.51416,1.11432,0.05426,0.03345,0.05301,0.04470,0.23387,0.12256,0.11131,55.58407,9.49650,0,8.73,27956.5
213900,713,1.148e-04,3.69759,0.55932,1.24697,0.07299,0.05883,0.05944,0.05519,0.32567,0.09533,0.23034,50.40874,7.93988,0,8.35,27968.4
214000,713,1.148e-04,2.89586,0.35008,0.58250,0.07273,0.06943,0.06045,0.04788,0.23860,0.07602,0.16257,11.51872,5.71212,0,8.85,27979.7
214100,713,1.148e-04,4.05552,0.21821,1.26583,0.05187,0.13002,0.04189,0.10862,0.30914,0.12151,0.18762,42.71466,12.77988,0,8.37,27991.7
214200,714,1.144e-04,2.93740,0.33784,0.62764,0.05878,0.07594,0.05102,0.07392,0.26915,0.13429,0.13487,18.85923,15.84739,0,8.60,28003.3
214300,714,1.144e-04,2.94998,0.46215,0.90075,0.05771,0.05097,0.05462,0.04544,0.36495,0.22498,0.13997,60.80809,18.99195,0,8.47,28015.1
214400,714,1.144e-04,3.19828,0.71238,0.79016,0.06874,0.05645,0.05329,0.03547,0.23573,0.11581,0.11991,17.46203,11.50283,0,8.60,28026.7
214500,715,1.140e-04,3.11049,0.43769,0.69116,0.06672,0.07609,0.04650,0.06420,0.26250,0.09483,0.16767,20.75881,9.73218,0,8.40,28038.7
214600,715,1.140e-04,2.94908,0.47579,0.71797,0.05309,0.07183,0.03940,0.06182,0.18095,0.08890,0.09204,26.71587,8.08613,0,8.38,28050.6
214700,715,1.140e-04,2.51935,0.48438,0.52743,0.04618,0.06038,0.03861,0.04976,0.39761,0.13796,0.25965,27.50714,12.32156,0,8.38,28062.5
214800,716,1.136e-04,3.09454,0.26769,0.69388,0.04627,0.10123,0.04614,0.08545,0.37685,0.12565,0.25120,16.68907,8.78043,0,8.55,28074.2
214900,716,1.136e-04,2.05056,0.18722,0.35896,0.04262,0.06086,0.03653,0.05739,0.45107,0.12674,0.32434,16.04153,11.76550,0,8.51,28086.0
215000,716,1.136e-04,2.75638,0.36559,0.54772,0.04859,0.08319,0.03830,0.06675,0.28080,0.03425,0.24655,12.65682,6.39513,0,9.20,28096.8
215100,717,1.132e-04,3.85781,0.61422,1.30768,0.06534,0.07842,0.05587,0.04378,0.35653,0.16855,0.18798,57.83414,9.51578,0,8.97,28108.0
215200,717,1.132e-04,1.99524,0.22536,0.40139,0.04665,0.04689,0.03709,0.04954,0.21712,0.09391,0.12320,22.71913,9.67587,0,8.58,28119.6
215300,717,1.132e-04,2.79607,0.36526,0.88284,0.03478,0.06557,0.03431,0.07458,0.40561,0.09789,0.30771,33.78104,10.45686,0,8.37,28131.6
215400,718,1.128e-04,3.68345,0.33353,1.65845,0.03983,0.07748,0.03232,0.07136,0.26396,0.05895,0.20501,73.96063,8.22685,0,8.93,28142.8
215500,718,1.128e-04,2.31203,0.32995,0.36736,0.04388,0.06479,0.03968,0.06592,0.52514,0.10072,0.42442,20.07893,14.02056,0,8.71,28154.3
215600,718,1.128e-04,2.63895,0.41017,0.73283,0.05540,0.05014,0.04746,0.04064,0.33772,0.11634,0.22138,13.73104,7.75998,0,8.76,28165.7
215700,719,1.124e-04,2.77029,0.41776,0.58042,0.05282,0.07740,0.04596,0.04802,0.36021,0.16847,0.19174,18.75935,7.27386,0,8.85,28177.0
215800,719,1.124e-04,2.67925,0.24224,0.44107,0.07562,0.06026,0.06868,0.05874,0.31960,0.13023,0.18938,21.48503,8.84333,0,8.38,28188.9
215900,719,1.124e-04,5.78734,0.24878,0.55582,0.05812,0.25992,0.05311,0.30736,0.49407,0.31955,0.17452,31.84409,12.07388,0,8.21,28201.1
216000,720,1.120e-04,3.27738,0.62493,1.03830,0.05959,0.05334,0.04488,0.05207,0.40790,0.16425,0.24365,20.35985,14.41270,0,1.57,28264.6
216100,720,1.120e-04,2.93113,0.58926,0.30978,0.06465,0.07870,0.04554,0.07418,0.18078,0.14187,0.03891,21.27069,9.63659,0,8.06,28277.1
216200,720,1.120e-04,3.26340,0.31950,0.78953,0.07000,0.09025,0.06325,0.04714,0.36586,0.18468,0.18118,51.41640,8.73371,0,8.81,28288.4
216300,721,1.116e-04,2.08007,0.47970,0.22153,0.05533,0.04422,0.04741,0.02928,0.30829,0.15786,0.15043,14.94141,11.49253,0,8.69,28299.9
216400,721,1.116e-04,2.06249,0.12062,0.34656,0.05731,0.05338,0.04225,0.05543,0.36769,0.13509,0.23259,15.06807,14.55238,0,8.59,28311.5
216500,721,1.116e-04,3.09307,0.64776,0.49803,0.06736,0.07260,0.05180,0.05774,0.76055,0.35166,0.40889,22.41585,17.10858,0,8.53,28323.3
216600,722,1.112e-04,2.48397,0.42966,0.33418,0.06603,0.04996,0.06376,0.04828,0.35072,0.14310,0.20761,10.98159,8.93626,0,8.91,28334.5
216700,722,1.112e-04,1.89132,0.20637,0.22250,0.03683,0.05827,0.05210,0.05020,0.41613,0.16528,0.25085,18.65924,16.16610,0,8.84,28345.8
216800,722,1.112e-04,2.70294,0.57900,0.44341,0.05161,0.06459,0.04800,0.05571,0.29495,0.17872,0.11623,19.98960,10.71398,0,8.59,28357.5
216900,723,1.108e-04,3.83066,0.51503,0.54546,0.05518,0.13993,0.04290,0.12092,0.41060,0.14643,0.26416,28.67156,9.80150,0,8.63,28369.1
217000,723,1.108e-04,2.26066,0.32834,0.39657,0.05119,0.05271,0.03980,0.05955,0.41145,0.20467,0.20678,15.73965,13.19594,0,8.79,28380.4
217100,723,1.108e-04,2.96114,0.47192,0.90874,0.05122,0.06192,0.04087,0.04895,0.23879,0.06795,0.17083,40.15278,9.03975,0,8.71,28391.9
217200,724,1.104e-04,2.60234,0.36294,0.57604,0.03745,0.08163,0.03316,0.06134,0.39772,0.08115,0.31657,12.33789,7.92390,0,8.98,28403.0
217300,724,1.104e-04,3.11173,0.91201,0.22165,0.04934,0.08694,0.03371,0.08934,0.21948,0.09006,0.12942,22.66107,9.22444,0,8.66,28414.6
217400,724,1.104e-04,2.80928,0.41779,0.72671,0.04761,0.06849,0.04849,0.05226,0.37974,0.14245,0.23730,21.30612,9.25367,0,8.66,28426.1
217500,725,1.100e-04,2.79354,0.44225,0.71152,0.04087,0.06763,0.03408,0.07687,0.29696,0.08107,0.21588,33.49332,8.34261,0,8.60,28437.8
217600,725,1.100e-04,2.85314,0.41327,1.07882,0.03084,0.06230,0.03222,0.05370,0.22845,0.07412,0.15433,123.83588,7.34954,0,8.69,28449.3
217700,725,1.100e-04,2.95573,0.28386,0.50727,0.04651,0.11686,0.03616,0.07003,0.37451,0.11113,0.26338,29.19008,8.89771,0,8.66,28460.8
217800,726,1.096e-04,2.74789,0.12553,0.96374,0.05823,0.05686,0.05389,0.04764,0.20688,0.04590,0.16098,23.89916,4.50221,0,8.78,28472.2
217900,726,1.096e-04,1.92663,0.19201,0.32335,0.04252,0.06601,0.03197,0.03322,0.33511,0.16409,0.17102,15.79560,18.71855,0,8.50,28484.0
218000,726,1.096e-04,3.09656,0.39185,0.85829,0.05499,0.07576,0.05023,0.05755,0.33345,0.12720,0.20625,39.94777,9.41198,0,8.60,28495.6
218100,727,1.092e-04,9.12034,0.32444,0.69246,0.04593,0.49605,0.04191,0.49483,0.24690,0.11418,0.13271,32.08529,9.32061,0,8.49,28507.4
218200,727,1.092e-04,3.57659,0.76012,1.17534,0.05556,0.05899,0.06217,0.03696,0.18985,0.12896,0.06088,18.50071,9.52796,0,8.83,28518.7
218300,727,1.092e-04,2.50401,0.59301,0.63771,0.04098,0.05051,0.03318,0.03850,0.23523,0.11456,0.12068,26.73320,10.55866,0,8.56,28530.4
218400,728,1.088e-04,2.80356,0.54928,0.40958,0.08494,0.04056,0.08284,0.03510,0.14941,0.05346,0.09595,27.10079,5.78686,0,8.66,28541.9
218500,728,1.088e-04,2.94735,0.65903,0.77921,0.04714,0.06638,0.03831,0.03646,0.24224,0.06694,0.17530,23.23101,7.16291,0,8.81,28553.3
218600,728,1.088e-04,2.35551,0.28664,0.69121,0.03695,0.05396,0.03733,0.05639,0.41131,0.13698,0.27433,31.40332,18.12284,0,8.83,28564.6
218700,729,1.084e-04,2.10887,0.32911,0.25913,0.04524,0.05804,0.03991,0.05765,0.35680,0.17782,0.17898,18.72051,15.18041,0,8.49,28576.4
218800,729,1.084e-04,2.23881,0.51315,0.32500,0.04746,0.04922,0.04488,0.04190,0.39518,0.10557,0.28961,16.89834,8.08264,0,8.56,28588.1
218900,729,1.084e-04,3.47452,0.52367,1.14066,0.05775,0.06596,0.03699,0.07764,0.24125,0.06399,0.17726,25.40836,7.18192,0,8.54,28599.8
219000,730,1.080e-04,2.96225,0.37672,1.07927,0.07083,0.03917,0.05274,0.02850,0.15539,0.04629,0.10910,34.20594,5.93575,0,1.64,28660.7
219100,730,1.080e-04,3.36504,0.58092,0.46653,0.06077,0.08626,0.04496,0.12450,0.48192,0.25386,0.22806,32.65604,14.46319,0,8.21,28672.9
219200,730,1.080e-04,2.77942,0.44127,0.52512,0.04302,0.08238,0.03583,0.07598,0.28463,0.02683,0.25781,77.97964,5.31334,0,8.58,28684.6
219300,731,1.076e-04,2.24892,0.39254,0.50629,0.06193,0.03775,0.04572,0.02494,0.32836,0.11638,0.21198,16.31016,11.98415,0,8.49,28696.4
219400,731,1.076e-04,3.54440,0.61096,0.65727,0.05031,0.11121,0.04177,0.09042,0.29607,0.14901,0.14706,28.88392,10.94156,0,9.16,28707.3
219500,731,1.076e-04,2.27500,0.76995,0.24659,0.04302,0.04674,0.03714,0.03504,0.45357,0.12788,0.32569,25.77307,28.71852,0,8.87,28718.6
219600,732,1.072e-04,2.76979,0.53429,0.41784,0.03623,0.07904,0.04117,0.09182,0.50838,0.22039,0.28799,20.44773,12.75245,0,8.40,28730.5
219700,732,1.072e-04,2.58798,0.22247,0.65474,0.04734,0.07076,0.04434,0.06162,0.39891,0.23434,0.16457,17.26562,14.19807,0,8.79,28741.8
219800,732,1.072e-04,2.24208,0.45859,0.39419,0.04251,0.05783,0.02935,0.04782,0.35980,0.10064,0.25916,15.75869,12.54822,0,8.58,28753.5
219900,733,1.068e-04,3.03414,0.31693,0.27645,0.05481,0.11736,0.04806,0.09576,0.44124,0.20911,0.23213,25.43428,15.95339,0,8.28,28765.6
220000,733,1.068e-04,2.64719,0.33474,0.48479,0.02740,0.09859,0.02417,0.08938,0.15658,0.06173,0.09485,23.16494,9.84886,0,8.81,28776.9
220100,733,1.068e-04,2.87968,0.25357,0.49213,0.06829,0.08056,0.05378,0.07532,0.35677,0.20989,0.14688,26.27254,14.41059,0,8.84,28788.2
220200,734,1.064e-04,2.58944,0.56301,0.52308,0.05425,0.05828,0.03874,0.03688,0.38991,0.08290,0.30701,30.37444,8.94640,0,8.58,28799.9
220300,734,1.064e-04,1.95955,0.29626,0.35474,0.04433,0.04798,0.04412,0.03296,0.19145,0.03984,0.15161,23.09863,5.52575,0,8.52,28811.6
220400,734,1.064e-04,2.92707,0.42374,0.85949,0.04815,0.06598,0.03853,0.06198,0.24101,0.09871,0.14230,58.18468,7.14872,0,8.69,28823.1
220500,735,1.060e-04,2.78299,0.50093,0.25965,0.06004,0.08488,0.05134,0.06330,0.25857,0.03680,0.22177,9.76655,7.24427,0,9.23,28834.0
220600,735,1.060e-04,2.63386,0.72549,0.62652,0.03425,0.04990,0.04316,0.04492,0.16253,0.06453,0.09800,56.06934,4.22299,0,8.51,28845.7
220700,735,1.060e-04,2.88476,0.32705,0.77456,0.04063,0.08425,0.03488,0.07200,0.33986,0.07425,0.26561,33.61230,9.31693,0,8.54,28857.4
220800,736,1.056e-04,2.65408,0.50375,0.44827,0.03662,0.09397,0.03077,0.04847,0.41615,0.12268,0.29347,35.60471,8.01391,0,8.91,28868.6
220900,736,1.056e-04,3.09487,0.37285,0.39507,0.05997,0.12066,0.04570,0.05844,0.14270,0.09180,0.05090,72.17502,10.98472,0,8.54,28880.4
221000,736,1.056e-04,3.61426,0.24940,0.93001,0.06893,0.11256,0.04308,0.08092,0.42878,0.05062,0.37816,33.83756,7.80427,0,8.27,28892.4
221100,737,1.052e-04,2.93492,0.44076,0.96058,0.06000,0.05157,0.04827,0.03530,0.19797,0.05312,0.14485,29.24507,6.15424,0,8.38,28904.4
221200,737,1.052e-04,2.73116,0.23288,0.74342,0.07174,0.05683,0.04938,0.04446,0.31233,0.09772,0.21462,29.06854,9.55835,0,8.45,28916.2
221300,737,1.052e-04,2.48323,0.58051,0.42127,0.05022,0.05763,0.03331,0.04728,0.45199,0.23907,0.21292,11.84462,12.71613,0,8.55,28927.9
221400,738,1.048e-04,2.30413,0.54994,0.03504,0.05822,0.05857,0.04655,0.06371,0.65981,0.36493,0.29488,18.77816,20.51744,0,8.44,28939.8
221500,738,1.048e-04,2.08833,0.23955,0.57292,0.03982,0.04938,0.05074,0.02605,0.72303,0.45026,0.27277,25.44591,14.03415,0,8.47,28951.6
221600,738,1.048e-04,2.54814,0.43549,0.56250,0.05027,0.06795,0.03758,0.03600,0.17022,0.08892,0.08130,29.51076,4.93191,0,8.76,28963.0
221700,739,1.044e-04,2.70036,0.56290,0.51546,0.05220,0.05295,0.05468,0.05942,0.39405,0.13046,0.26359,18.73508,12.99751,0,8.33,28975.0
221800,739,1.044e-04,1.85633,0.41305,0.28427,0.04370,0.03751,0.03715,0.03223,0.37341,0.14965,0.22377,10.71533,8.98915,0,8.37,28986.9
221900,739,1.044e-04,2.74947,0.40626,0.33708,0.06847,0.07078,0.06141,0.06132,0.29582,0.05623,0.23960,14.77885,6.15258,0,8.25,28999.0
222000,740,1.040e-04,2.08275,0.38165,0.32954,0.04576,0.05058,0.03757,0.04407,0.13968,0.07338,0.06631,16.61795,7.25812,0,1.61,29061.1
222100,740,1.040e-04,2.78842,0.50280,0.76610,0.04976,0.05057,0.05256,0.05068,0.37124,0.09430,0.27694,16.43328,8.63639,0,8.42,29073.0
222200,740,1.040e-04,3.08938,0.31145,0.33878,0.07205,0.11193,0.06124,0.05862,0.42599,0.09910,0.32689,32.92864,6.85036,0,9.50,29083.5
222300,741,1.036e-04,3.15530,0.40888,1.18693,0.05500,0.05944,0.04975,0.03327,0.46314,0.16003,0.30311,53.30456,10.02335,0,8.86,29094.8
222400,741,1.036e-04,3.83853,0.51497,1.09285,0.05883,0.10987,0.04526,0.06347,0.23289,0.10628,0.12661,38.80592,9.55438,0,8.85,29106.1
222500,741,1.036e-04,2.08434,0.38459,0.32157,0.04184,0.05088,0.03317,0.05703,0.17534,0.06660,0.10874,14.61256,6.55751,0,9.11,29117.0
222600,742,1.032e-04,3.18832,0.38498,0.83585,0.06885,0.06720,0.06108,0.06032,0.38791,0.13454,0.25337,40.34017,8.00850,0,8.60,29128.7
222700,742,1.032e-04,2.14939,0.17761,0.22643,0.05896,0.06355,0.05425,0.04981,0.28919,0.04776,0.24143,14.24044,6.55649,0,8.69,29140.2
222800,742,1.032e-04,2.54840,0.15727,0.87405,0.05400,0.05457,0.04445,0.04183,0.25703,0.10472,0.15232,36.52822,14.42709,0,8.83,29151.5
222900,743,1.028e-04,2.17081,0.27442,0.34002,0.05539,0.05963,0.04026,0.04097,0.46201,0.11120,0.35081,11.55271,6.94162,0,8.66,29163.1
223000,743,1.028e-04,3.25207,0.25139,1.12566,0.05900,0.06195,0.05097,0.08214,0.28522,0.07771,0.20751,50.18674,6.73675,0,8.78,29174.5
223100,743,1.028e-04,2.53449,0.06772,0.31385,0.04894,0.09841,0.03649,0.09939,0.77295,0.19293,0.58002,26.46427,12.99477,0,8.64,29186.0
223200,744,1.024e-04,2.53466,0.43336,0.20985,0.04898,0.08517,0.05060,0.05941,0.35508,0.04782,0.30726,15.72742,9.27950,0,8.86,29197.3
223300,744,1.024e-04,2.44682,0.36056,0.61519,0.05182,0.05095,0.04237,0.04630,0.36822,0.14166,0.22655,26.65556,18.20723,0,8.75,29208.7
223400,744,1.024e-04,2.18184,0.30360,0.12772,0.05753,0.06650,0.05089,0.05115,0.34431,0.05561,0.28870,18.60349,7.45096,0,8.55,29220.4
223500,745,1.020e-04,3.34931,0.95330,0.51400,0.04377,0.08741,0.03296,0.08109,0.42363,0.17713,0.24649,22.98354,20.15232,0,8.65,29232.0
223600,745,1.020e-04,3.08320,0.46681,0.59197,0.06733,0.08126,0.04611,0.06158,0.20619,0.11585,0.09035,44.14629,6.87641,0,8.61,29243.6
223700,745,1.020e-04,3.22443,0.44242,0.59065,0.06682,0.09658,0.04525,0.06623,0.65460,0.19655,0.45805,51.91841,10.81400,0,8.55,29255.3
223800,746,1.016e-04,2.50636,0.32245,0.09201,0.04767,0.10374,0.05514,0.06044,0.34753,0.08785,0.25968,22.76914,9.90062,0,8.50,29267.1
223900,746,1.016e-04,3.18987,0.44437,0.26568,0.03392,0.12246,0.03507,0.14814,0.38007,0.15252,0.22755,18.66267,10.65153,0,8.59,29278.7
224000,746,1.016e-04,1.81275,0.27423,0.23782,0.04473,0.04846,0.03880,0.03496,0.45591,0.25184,0.20406,21.45102,13.87482,0,8.51,29290.5
224100,747,1.012e-04,2.88234,0.28241,0.88946,0.04573,0.05942,0.04151,0.09028,0.38932,0.08573,0.30359,30.65929,8.24829,0,8.66,29302.0
224200,747,1.012e-04,2.58258,0.41280,0.34507,0.04455,0.07973,0.03490,0.08148,0.25297,0.09347,0.15950,25.33625,6.30129,0,8.37,29314.0
224300,747,1.012e-04,2.84819,0.30956,0.81636,0.05114,0.05167,0.05116,0.08768,0.32233,0.13770,0.18463,65.43522,11.18598,0,8.51,29325.7
224400,748,1.008e-04,2.57333,0.33579,0.39073,0.05105,0.07789,0.03564,0.07585,0.20505,0.09702,0.10803,15.90835,11.23228,0,8.93,29336.9
224500,748,1.008e-04,2.56161,0.41992,0.79169,0.05421,0.04331,0.04293,0.03203,0.47245,0.20258,0.26987,27.47442,15.49574,0,8.91,29348.1
224600,748,1.008e-04,3.20633,0.57513,0.79244,0.06704,0.06930,0.05216,0.04291,0.25307,0.15977,0.09330,52.40047,11.36106,0,8.98,29359.3
224700,749,1.004e-04,3.06455,0.41744,0.61179,0.06668,0.07410,0.06028,0.06523,0.32547,0.08438,0.24110,21.61756,13.42729,0,8.52,29371.0
224800,749,1.004e-04,2.64604,0.36433,0.65836,0.05710,0.06539,0.04428,0.03540,0.37174,0.18976,0.18198,22.08747,11.08087,0,8.43,29382.9
224900,749,1.004e-04,2.95598,0.34626,1.18725,0.04015,0.05788,0.04009,0.04834,0.31295,0.16289,0.15007,65.83070,13.40042,0,8.35,29394.8
225000,750,1.000e-04,2.50172,0.45168,0.51720,0.05254,0.05714,0.04102,0.04619,0.26955,0.07385,0.19570,17.05825,4.44856,0,1.61,29456.8
225100,750,1.000e-04,2.18446,0.40325,0.26700,0.04899,0.05694,0.05208,0.03889,0.36008,0.22211,0.13797,19.69329,9.79392,0,8.13,29469.1
225200,750,1.000e-04,2.73511,0.41996,0.30519,0.04048,0.08958,0.03451,0.10738,0.39064,0.11114,0.27949,18.67291,11.72962,0,8.53,29480.9
225300,751,9.960e-05,2.84014,0.15026,0.73082,0.06377,0.07646,0.04398,0.06737,0.22643,0.07246,0.15398,50.89146,9.26463,0,8.42,29492.7
225400,751,9.960e-05,2.35177,0.24818,0.28665,0.06494,0.06761,0.04898,0.04931,0.56140,0.32679,0.23460,15.85904,18.18673,0,8.57,29504.4
225500,751,9.960e-05,2.28000,0.27266,0.73537,0.04168,0.05128,0.03346,0.03501,0.33272,0.05467,0.27805,23.98997,6.77291,0,8.41,29516.3
225600,752,9.920e-05,2.31802,0.54628,0.41333,0.04840,0.04781,0.04265,0.03660,0.38997,0.22244,0.16754,13.77357,11.83513,0,8.72,29527.8
225700,752,9.920e-05,2.95739,0.63623,0.40621,0.06048,0.07905,0.04826,0.05566,0.36912,0.07612,0.29300,13.23897,12.37440,0,8.70,29539.2
225800,752,9.920e-05,2.88205,0.63654,0.48924,0.05706,0.06553,0.04618,0.05990,0.39247,0.17077,0.22170,13.29161,9.27592,0,8.33,29551.2
225900,753,9.880e-05,3.09137,0.45958,0.96326,0.05770,0.05873,0.04723,0.05361,0.32142,0.04481,0.27661,40.91558,6.00142,0,8.32,29563.3
226000,753,9.880e-05,2.48734,0.28731,0.42352,0.06958,0.04487,0.06140,0.06500,0.35310,0.11897,0.23414,16.58609,7.69548,0,8.64,29574.8
226100,753,9.880e-05,1.92045,0.22581,0.46083,0.05409,0.03322,0.04745,0.02468,0.18876,0.09314,0.09563,27.47970,10.14439,0,8.65,29586.4
226200,754,9.840e-05,2.78316,0.19161,1.05042,0.03812,0.06468,0.04011,0.06251,0.37688,0.19936,0.17752,19.63453,9.72070,0,8.69,29597.9
226300,754,9.840e-05,2.74817,0.42085,0.59986,0.05566,0.06699,0.04238,0.05781,0.31075,0.20564,0.10511,22.58533,14.05131,0,8.75,29609.3
226400,754,9.840e-05,2.31909,0.20608,0.39959,0.05889,0.07112,0.04825,0.03441,0.27809,0.12325,0.15484,27.94024,8.86625,0,8.46,29621.2
226500,755,9.800e-05,3.06913,0.56032,0.48778,0.07914,0.05476,0.06742,0.06899,0.43384,0.22459,0.20925,20.47606,12.20583,0,8.45,29633.0
226600,755,9.800e-05,1.81825,0.40403,0.08603,0.05534,0.04190,0.04569,0.02546,0.34984,0.11456,0.23528,9.43232,7.63800,0,8.59,29644.6
226700,755,9.800e-05,2.29549,0.33569,0.25083,0.07149,0.05099,0.05788,0.03895,0.58034,0.33219,0.24815,16.68249,14.88682,0,8.46,29656.5
226800,756,9.760e-05,2.73890,0.28429,0.71275,0.03116,0.08117,0.02609,0.09761,0.19054,0.10044,0.09010,21.79790,10.12135,0,8.38,29668.4
226900,756,9.760e-05,2.54277,0.39388,0.71069,0.04423,0.05780,0.03241,0.05118,0.20057,0.02763,0.17294,13.95079,4.71540,0,8.40,29680.3
227000,756,9.760e-05,3.26406,0.55763,0.72256,0.05800,0.07732,0.05211,0.07403,0.26866,0.12908,0.13958,21.26840,5.63300,0,8.47,29692.1
227100,757,9.720e-05,3.23566,0.64378,1.07070,0.04915,0.05901,0.03513,0.05279,0.25960,0.08686,0.17275,22.35935,10.17786,0,8.42,29704.0
227200,757,9.720e-05,3.11987,0.19304,0.93217,0.06854,0.06169,0.05508,0.08340,0.27682,0.09602,0.18080,20.98027,10.11666,0,8.34,29716.0
227300,757,9.720e-05,2.42876,0.45890,0.42725,0.04047,0.06664,0.03410,0.06020,0.41757,0.21157,0.20601,19.30022,11.18104,0,8.36,29727.9
227400,758,9.680e-05,2.41197,0.24652,0.68037,0.04283,0.06971,0.03216,0.03977,0.38505,0.20009,0.18496,32.21917,13.11531,0,8.66,29739.5
227500,758,9.680e-05,2.30531,0.24380,0.56199,0.04554,0.06047,0.04714,0.04075,0.37690,0.13124,0.24566,21.61640,14.28044,0,8.52,29751.2
227600,758,9.680e-05,2.61747,0.34835,0.78648,0.05863,0.04729,0.04855,0.03615,0.23119,0.08842,0.14276,33.26051,16.23638,0,8.54,29762.9
227700,759,9.640e-05,2.48763,0.44635,0.43714,0.06133,0.05335,0.04898,0.04249,0.23769,0.06797,0.16972,10.38901,6.92804,0,8.62,29774.5
227800,759,9.640e-05,2.18670,0.46195,0.08222,0.04759,0.05832,0.04416,0.07252,0.48904,0.28298,0.20606,17.07723,21.68675,0,8.53,29786.2
227900,759,9.640e-05,2.64303,0.55783,0.55673,0.05206,0.05800,0.04202,0.04355,0.30815,0.10025,0.20790,18.44529,6.48607,0,8.81,29797.6
228000,760,9.600e-05,2.17791,0.19735,0.56520,0.04928,0.05484,0.04076,0.03407,0.50387,0.20376,0.30011,14.45841,10.98555,0,1.64,29858.5
228100,760,9.600e-05,3.57615,0.34886,0.21850,0.04833,0.15623,0.03952,0.15310,0.23618,0.17896,0.05722,44.95893,8.23880,0,8.19,29870.7
228200,760,9.600e-05,2.49018,0.32208,0.51955,0.05581,0.06617,0.04213,0.04361,0.32272,0.10566,0.21706,21.91920,11.25622,0,8.83,29882.0
228300,761,9.560e-05,2.49795,0.35355,0.27725,0.05140,0.07952,0.04101,0.07058,0.31508,0.11753,0.19755,19.79641,7.28430,0,8.52,29893.7
228400,761,9.560e-05,2.27622,0.33127,0.24244,0.03800,0.07031,0.07008,0.05381,0.51439,0.25778,0.25661,24.60162,14.59948,0,8.46,29905.6
228500,761,9.560e-05,2.11827,0.20723,0.68341,0.03277,0.05759,0.02755,0.03724,0.46750,0.19923,0.26827,58.26818,12.12089,0,8.60,29917.2
228600,762,9.520e-05,2.76082,0.30384,0.66282,0.05706,0.07071,0.04807,0.05522,0.29818,0.16028,0.13790,25.15128,12.14364,0,8.37,29929.1
228700,762,9.520e-05,2.34036,0.30166,0.53361,0.05839,0.04318,0.04879,0.04909,0.19883,0.02934,0.16948,26.16435,5.68621,0,8.44,29941.0
228800,762,9.520e-05,1.81765,0.02058,0.47036,0.03873,0.05339,0.03845,0.04264,0.42472,0.07657,0.34814,29.89648,8.92227,0,8.56,29952.7
228900,763,9.480e-05,2.75242,0.56302,0.74748,0.05223,0.05248,0.03840,0.04055,0.33166,0.11705,0.21461,30.71626,14.47025,0,8.56,29964.3
229000,763,9.480e-05,3.01844,0.57338,0.61789,0.04829,0.09194,0.03874,0.04623,0.36093,0.09687,0.26406,43.75021,8.84774,0,8.41,29976.2
229100,763,9.480e-05,2.69508,0.30028,0.38876,0.07311,0.07255,0.05979,0.05008,0.26967,0.08337,0.18630,33.29963,7.30412,0,8.48,29988.0
229200,764,9.440e-05,3.00987,0.32523,0.37629,0.04813,0.10858,0.04113,0.10712,0.31096,0.15082,0.16013,19.66207,9.54948,0,8.77,29999.4
229300,764,9.440e-05,2.52069,0.54927,0.31564,0.05607,0.06134,0.05213,0.04421,0.46120,0.17032,0.29088,18.19013,11.06653,0,8.91,30010.7
229400,764,9.440e-05,3.95611,0.42479,0.95072,0.04876,0.11953,0.04232,0.13723,0.23126,0.11940,0.11186,38.21341,10.33276,0,8.78,30022.0
229500,765,9.400e-05,2.20029,0.54332,0.34065,0.04975,0.04407,0.04154,0.03410,0.39601,0.16999,0.22602,20.11475,13.26521,0,8.52,30033.8
229600,765,9.400e-05,3.02621,0.70170,0.61079,0.06648,0.05788,0.05158,0.04246,0.29892,0.09733,0.20159,20.29563,10.03541,0,8.56,30045.5
229700,765,9.400e-05,2.99813,0.70238,0.58094,0.05642,0.06706,0.04383,0.05217,0.24764,0.19974,0.04791,22.47718,8.65390,0,9.29,30056.2
229800,766,9.360e-05,1.91309,0.27098,0.28578,0.04366,0.05370,0.03517,0.04137,0.60333,0.26426,0.33907,15.46045,15.55873,0,8.62,30067.8
229900,766,9.360e-05,3.85210,0.52637,0.95312,0.07495,0.09375,0.05743,0.07970,0.38561,0.09927,0.28633,40.85147,10.16276,0,8.75,30079.3
230000,766,9.360e-05,2.42046,0.61978,0.34466,0.04473,0.05924,0.04118,0.04209,0.38198,0.11782,0.26416,14.73360,7.79626,0,8.41,30091.2
230100,767,9.320e-05,2.49227,0.13218,0.92401,0.05758,0.04957,0.04458,0.02834,0.29568,0.12316,0.17253,24.52961,6.64782,0,8.48,30102.9
230200,767,9.320e-05,2.10042,0.23695,0.41909,0.03877,0.06451,0.02959,0.05273,0.42111,0.13685,0.28426,16.83554,10.80986,0,8.54,30114.6
230300,767,9.320e-05,3.09572,0.45613,0.64202,0.06160,0.07226,0.04608,0.08572,0.25012,0.18263,0.06749,39.98646,12.35812,0,8.73,30126.1
230400,768,9.280e-05,2.47176,0.55280,0.36119,0.04711,0.06329,0.02950,0.06125,0.16994,0.03253,0.13742,32.35695,7.59855,0,8.99,30137.2
230500,768,9.280e-05,2.29552,0.33917,0.33461,0.05188,0.06028,0.04706,0.05298,0.39341,0.18738,0.20603,21.04240,11.24577,0,8.47,30149.0
230600,768,9.280e-05,1.90827,0.36901,0.20022,0.04710,0.04685,0.05153,0.02838,0.44523,0.10439,0.34084,16.97843,9.58843,0,8.44,30160.9
230700,769,9.240e-05,3.03375,0.25142,0.62855,0.03530,0.11504,0.04046,0.08962,0.29927,0.15553,0.14374,26.78663,12.20706,0,8.33,30172.9
230800,769,9.240e-05,2.50754,0.16794,0.89384,0.05214,0.05534,0.03651,0.03768,0.25225,0.06735,0.18491,29.35010,8.61391,0,8.69,30184.4
230900,769,9.240e-05,3.31210,0.27753,1.17308,0.04745,0.09313,0.04336,0.04778,0.45713,0.18962,0.26751,20.54687,14.38989,0,9.81,30194.6
231000,770,9.200e-05,2.66876,0.44693,0.57276,0.06076,0.05473,0.05162,0.04722,0.58435,0.37360,0.21075,15.16545,23.02655,0,1.63,30255.8
231100,770,9.200e-05,3.27425,0.35274,0.87262,0.04349,0.09405,0.03455,0.10015,0.38033,0.20436,0.17597,36.71218,11.96271,0,7.96,30268.4
231200,770,9.200e-05,2.56328,0.49038,0.71410,0.04189,0.05806,0.03249,0.03937,0.39050,0.11981,0.27068,39.26237,10.38040,0,8.49,30280.2
231300,771,9.160e-05,2.40606,0.17833,0.85436,0.04417,0.04011,0.04499,0.06113,0.59260,0.24350,0.34910,20.02906,16.01307,0,8.50,30291.9
231400,771,9.160e-05,2.35122,0.30442,0.34343,0.06013,0.05477,0.05369,0.05720,0.25118,0.06126,0.18992,14.39553,4.49276,0,8.53,30303.6
231500,771,9.160e-05,3.26120,0.35125,1.34004,0.05334,0.06194,0.04154,0.04189,0.20576,0.07817,0.12759,47.06067,10.13361,0,8.55,30315.3
231600,772,9.120e-05,2.98735,0.40607,0.75714,0.08351,0.04594,0.06774,0.03820,0.37206,0.11510,0.25696,18.30451,7.63316,0,8.64,30326.9
231700,772,9.120e-05,2.34251,0.36594,0.43994,0.05521,0.05784,0.04374,0.03747,0.54709,0.16939,0.37769,17.53546,8.10686,0,8.44,30338.8
231800,772,9.120e-05,2.09789,0.43408,0.21847,0.04620,0.05554,0.04694,0.03866,0.40061,0.13908,0.26153,15.74596,12.89364,0,8.58,30350.4
231900,773,9.080e-05,2.29453,0.22876,0.60538,0.05398,0.05076,0.04545,0.03714,0.27922,0.05981,0.21941,29.89115,9.89885,0,8.54,30362.1
232000,773,9.080e-05,2.78259,0.47441,0.63770,0.05017,0.06801,0.03562,0.06212,0.33153,0.16667,0.16486,17.78169,10.07112,0,8.51,30373.9
232100,773,9.080e-05,2.67713,0.42491,0.77095,0.03882,0.06468,0.04592,0.04334,0.22309,0.07081,0.15228,61.83678,6.52996,0,8.53,30385.6
232200,774,9.040e-05,2.83791,0.39259,0.72616,0.04737,0.07083,0.03848,0.06895,0.52670,0.30407,0.22263,35.70422,15.64498,0,8.52,30397.3
232300,774,9.040e-05,2.48586,0.26461,0.62286,0.06066,0.05299,0.04348,0.04890,0.74366,0.37080,0.37286,38.79504,15.09939,0,8.46,30409.2
232400,774,9.040e-05,3.07013,0.74083,0.36932,0.06367,0.08473,0.04804,0.04714,0.36020,0.15872,0.20148,40.21581,11.20939,0,8.44,30421.0
232500,775,9.000e-05,2.70226,0.50485,0.66103,0.06265,0.05167,0.04892,0.02970,0.32805,0.13078,0.19727,47.90434,8.34902,0,8.54,30432.7
232600,775,9.000e-05,2.96307,0.73289,0.64467,0.04529,0.06936,0.04230,0.04551,0.33609,0.13708,0.19900,23.75193,8.79263,0,8.65,30444.3
232700,775,9.000e-05,1.87283,0.23848,0.55848,0.03426,0.04397,0.02954,0.02918,0.20773,0.06379,0.14394,48.43626,8.16210,0,8.72,30455.8
232800,776,8.960e-05,3.35569,0.47152,0.71019,0.05373,0.08838,0.05120,0.09938,0.43840,0.21999,0.21841,40.95577,14.48871,0,8.45,30467.6
232900,776,8.960e-05,3.06473,0.41223,1.15071,0.04850,0.05514,0.04154,0.05154,0.19062,0.06264,0.12798,35.03129,9.38725,0,8.66,30479.1
233000,776,8.960e-05,2.78103,0.35997,0.67494,0.05838,0.06827,0.04416,0.05175,0.20370,0.07357,0.13013,22.59735,5.59682,0,8.78,30490.5
233100,777,8.920e-05,2.11263,0.40481,0.23725,0.04796,0.05802,0.04454,0.03762,0.21050,0.07028,0.14022,26.08578,9.32988,0,8.75,30502.0
233200,777,8.920e-05,3.22119,0.23467,0.43785,0.04979,0.13465,0.04193,0.09894,0.42979,0.16068,0.26911,23.54912,10.07539,0,8.50,30513.7
233300,777,8.920e-05,2.93940,0.42670,0.84774,0.05751,0.06428,0.04041,0.04900,0.25334,0.11776,0.13558,43.94604,10.78970,0,8.58,30525.4
233400,778,8.880e-05,2.88501,0.35284,0.44683,0.05010,0.08418,0.04878,0.09974,0.49606,0.32533,0.17073,17.19602,21.76404,0,8.43,30537.2
233500,778,8.880e-05,2.20913,0.47919,0.42084,0.05062,0.04513,0.03600,0.03432,0.17581,0.06516,0.11065,28.04507,11.48270,0,8.21,30549.4
233600,778,8.880e-05,1.89355,0.23960,0.34863,0.05208,0.04248,0.03728,0.03465,0.34573,0.22358,0.12216,16.46004,9.09270,0,8.74,30560.9
233700,779,8.840e-05,2.45679,0.32959,0.35445,0.04659,0.08583,0.03406,0.05566,0.31312,0.18158,0.13153,31.18142,13.24713,0,8.64,30572.4
233800,779,8.840e-05,2.31303,0.38492,0.38911,0.05373,0.05282,0.04374,0.05095,0.45617,0.19082,0.26534,11.35361,13.65924,0,8.65,30584.0
233900,779,8.840e-05,3.10902,0.67581,0.78572,0.06024,0.05861,0.06134,0.03047,0.21359,0.07035,0.14324,38.80776,6.87794,0,8.68,30595.5
234000,780,8.800e-05,2.42757,0.24941,0.27718,0.05895,0.08040,0.04407,0.05741,0.30646,0.08528,0.22118,12.22018,8.00111,0,1.62,30657.1
234100,780,8.800e-05,3.04930,0.22751,0.55831,0.06612,0.08698,0.05081,0.09568,0.65584,0.15496,0.50088,25.01473,10.65744,0,7.74,30670.1
234200,780,8.800e-05,2.78417,0.50035,0.80420,0.05327,0.04995,0.04955,0.03993,0.27752,0.09830,0.17923,53.78465,8.32762,0,8.43,30681.9
234300,781,8.760e-05,2.85955,0.46090,0.55124,0.04458,0.08859,0.04618,0.05697,0.34564,0.13375,0.21190,26.33424,13.00377,0,8.49,30693.7
234400,781,8.760e-05,2.73907,0.47612,0.75919,0.05122,0.05920,0.03887,0.04104,0.40015,0.26684,0.13331,19.19453,9.39404,0,8.81,30705.1
234500,781,8.760e-05,2.66228,0.37889,0.53881,0.04661,0.07336,0.04199,0.06699,0.23195,0.07422,0.15773,16.03007,8.60564,0,8.80,30716.4
234600,782,8.720e-05,3.26107,0.43889,0.64072,0.06323,0.09431,0.05475,0.06646,0.28731,0.10595,0.18136,30.61643,7.76834,0,8.54,30728.1
234700,782,8.720e-05,3.00813,0.53156,0.73325,0.04684,0.06702,0.03987,0.08108,0.36633,0.07654,0.28979,27.51909,8.99875,0,8.91,30739.4
234800,782,8.720e-05,3.10749,0.76392,0.46258,0.06298,0.06407,0.05866,0.06345,0.38692,0.12819,0.25872,24.85446,7.34699,0,8.71,30750.8
234900,783,8.680e-05,2.08121,0.35836,0.35474,0.04567,0.04950,0.04442,0.03886,0.26749,0.13880,0.12869,14.01770,8.67833,0,8.61,30762.5
235000,783,8.680e-05,2.41741,0.76834,0.39382,0.02812,0.06061,0.02868,0.04491,0.40932,0.21752,0.19180,24.31622,13.11493,0,8.82,30773.8
235100,783,8.680e-05,2.24512,0.36104,0.47179,0.05366,0.05028,0.04128,0.03330,0.48381,0.08157,0.40224,19.75212,6.95355,0,8.55,30785.5
235200,784,8.640e-05,2.97886,0.52166,0.76860,0.04475,0.08539,0.03964,0.03781,0.27052,0.07468,0.19584,65.93912,7.42411,0,9.03,30796.6
235300,784,8.640e-05,2.60634,0.26219,0.77586,0.04213,0.06644,0.03528,0.06123,0.22942,0.04374,0.18568,27.11500,9.47533,0,8.80,30807.9
235400,784,8.640e-05,2.55607,0.13725,1.03708,0.04852,0.05279,0.03419,0.03952,0.30393,0.06400,0.23993,29.33426,12.89582,0,8.70,30819.4
235500,785,8.600e-05,3.85394,0.99253,1.23826,0.05108,0.04914,0.04167,0.08253,0.23862,0.04319,0.19543,27.93257,8.77733,0,8.74,30830.9
235600,785,8.600e-05,2.53000,0.51834,0.74797,0.03478,0.05325,0.03561,0.04108,0.31011,0.13401,0.17610,17.81514,9.02060,0,8.72,30842.3
235700,785,8.600e-05,2.58198,0.41273,0.49533,0.04939,0.06646,0.05218,0.05091,0.37707,0.16419,0.21288,29.85956,15.10986,0,8.85,30853.6
235800,786,8.560e-05,3.30838,0.52436,0.60152,0.05572,0.09379,0.04905,0.08842,0.53007,0.28110,0.24897,41.22566,13.70948,0,9.04,30864.7
235900,786,8.560e-05,2.73108,0.52156,0.44454,0.05805,0.06683,0.04830,0.05493,0.20669,0.07250,0.13418,28.16247,7.26475,0,8.66,30876.2
236000,786,8.560e-05,2.95194,0.30814,0.43142,0.05349,0.09842,0.04981,0.08884,0.23299,0.11264,0.12036,29.62922,9.01041,0,8.89,30887.5
236100,787,8.520e-05,3.01873,0.39551,0.52723,0.05110,0.09820,0.04091,0.07967,0.38530,0.12498,0.26032,30.79966,9.81907,0,9.04,30898.6
236200,787,8.520e-05,2.66050,0.44795,0.51142,0.05646,0.06596,0.04384,0.05155,0.18644,0.06076,0.12567,45.63276,5.54263,0,8.77,30910.0
236300,787,8.520e-05,2.97370,0.54424,0.96892,0.05582,0.04791,0.04748,0.03719,0.33367,0.12081,0.21286,42.11149,13.74590,0,8.88,30921.2
236400,788,8.480e-05,2.73937,0.43143,0.56152,0.06610,0.05894,0.05361,0.04559,0.36069,0.14409,0.21660,20.94746,11.21752,0,8.73,30932.7
236500,788,8.480e-05,2.18673,0.47695,0.22804,0.05677,0.04958,0.04898,0.03467,0.31527,0.10273,0.21254,12.94406,8.01718,0,8.73,30944.1
236600,788,8.480e-05,2.23943,0.53098,0.29479,0.05138,0.04607,0.04660,0.04124,0.32680,0.04990,0.27690,17.87427,10.73786,0,8.52,30955.9
236700,789,8.440e-05,2.03543,0.33084,0.33787,0.05593,0.04506,0.04630,0.02507,0.57105,0.16798,0.40307,21.53358,13.16244,0,8.92,30967.1
236800,789,8.440e-05,2.67161,0.35086,0.81969,0.05596,0.04937,0.04416,0.04540,0.16036,0.05960,0.10076,23.04893,7.03399,0,9.52,30977.6
236900,789,8.440e-05,2.04398,0.28594,0.08692,0.03820,0.08204,0.02775,0.06600,0.66657,0.46036,0.20622,25.15447,18.26370,0,8.52,30989.3
237000,790,8.400e-05,3.52223,0.48093,0.99083,0.05587,0.08681,0.04587,0.07886,0.32342,0.10713,0.21628,20.43854,8.98106,0,1.64,31050.2
237100,790,8.400e-05,2.91708,0.81329,0.39112,0.05513,0.06838,0.04644,0.04907,0.12903,0.07247,0.05655,20.02836,5.93649,0,8.08,31062.6
237200,790,8.400e-05,2.88740,0.26454,0.90575,0.06793,0.05354,0.06756,0.03292,0.47488,0.18123,0.29364,39.73403,11.77553,0,8.41,31074.5
237300,791,8.360e-05,6.11195,0.26353,0.42370,0.04589,0.30602,0.03953,0.34160,0.32285,0.21146,0.11139,20.20551,16.04164,0,8.65,31086.0
237400,791,8.360e-05,3.71830,0.61054,0.46444,0.05727,0.12385,0.04899,0.11745,0.39799,0.19587,0.20211,26.01274,23.52308,0,8.45,31097.9
237500,791,8.360e-05,2.67037,0.24334,0.68936,0.07071,0.05792,0.05698,0.03329,0.13286,0.05467,0.07820,21.74728,5.72415,0,8.71,31109.4
237600,792,8.320e-05,2.40776,0.21313,0.28961,0.02765,0.10508,0.05302,0.06252,0.51587,0.29902,0.21685,27.67709,15.11419,0,8.76,31120.8
237700,792,8.320e-05,3.53897,0.47216,1.13882,0.05198,0.06419,0.03831,0.11494,0.20495,0.12679,0.07817,81.28957,10.45912,0,8.71,31132.2
237800,792,8.320e-05,2.68328,0.33477,0.51267,0.05810,0.06520,0.06762,0.05296,0.25921,0.13008,0.12913,22.85916,11.49213,0,8.79,31143.6
237900,793,8.280e-05,2.30932,0.38937,0.20203,0.03401,0.08284,0.03819,0.07169,0.17999,0.07154,0.10844,17.37780,8.39064,0,8.46,31155.4
238000,793,8.280e-05,2.09674,0.29742,0.22266,0.04912,0.05751,0.04315,0.05892,0.30513,0.06528,0.23985,15.47019,8.31387,0,8.69,31166.9
238100,793,8.280e-05,3.07553,0.31116,0.59935,0.04594,0.10528,0.03689,0.09368,0.31074,0.17860,0.13214,39.61241,11.32341,0,8.57,31178.6
238200,794,8.240e-05,2.02483,0.48170,0.17748,0.04051,0.05191,0.03520,0.05308,0.45014,0.11011,0.34003,18.61508,8.81308,0,8.25,31190.7
238300,794,8.240e-05,2.29474,0.08788,0.87882,0.05421,0.03518,0.05826,0.02857,0.15634,0.03986,0.11648,18.03280,10.35789,0,8.42,31202.6
238400,794,8.240e-05,3.34574,0.50659,0.84601,0.05807,0.09538,0.05379,0.03794,0.16186,0.09231,0.06954,71.96261,9.00562,0,8.71,31214.1
238500,795,8.200e-05,3.82654,0.62221,0.71277,0.08406,0.08099,0.08367,0.08455,0.20055,0.06654,0.13401,62.05415,4.87638,0,8.94,31225.3
238600,795,8.200e-05,2.16737,0.22993,0.64023,0.04732,0.03921,0.04217,0.04421,0.23990,0.15327,0.08663,34.64670,11.96837,0,8.90,31236.5
238700,795,8.200e-05,2.05789,0.39499,0.43736,0.05068,0.03541,0.04261,0.03031,0.32361,0.05751,0.26610,13.10396,10.62977,0,8.65,31248.1
238800,796,8.160e-05,3.19740,0.65546,1.20223,0.03896,0.05165,0.03565,0.05108,0.13717,0.05382,0.08334,31.71880,7.36303,0,8.79,31259.5
238900,796,8.160e-05,3.05097,0.55361,0.46426,0.04595,0.08946,0.04732,0.08849,0.23389,0.10982,0.12407,19.33747,10.33597,0,9.03,31270.5
239000,796,8.160e-05,2.27848,0.49081,0.47173,0.04371,0.04999,0.02925,0.04654,0.61430,0.15399,0.46031,16.17005,9.35405,0,9.35,31281.2
239100,797,8.120e-05,3.24874,0.32341,1.44021,0.03852,0.06573,0.03103,0.05749,0.31003,0.22302,0.08701,68.55835,14.26347,0,8.88,31292.5
239200,797,8.120e-05,2.37340,0.39997,0.41896,0.06263,0.04774,0.04872,0.04145,0.42547,0.17113,0.25434,14.42553,9.18957,0,8.98,31303.6
239300,797,8.120e-05,2.61406,0.49802,0.57283,0.05405,0.05613,0.04991,0.03838,0.42239,0.09546,0.32693,18.52896,14.96872,0,8.72,31315.1
239400,798,8.080e-05,2.53978,0.30926,0.46447,0.04103,0.06915,0.03392,0.09893,0.35125,0.07382,0.27743,17.12390,8.25821,0,8.80,31326.5
239500,798,8.080e-05,3.03917,0.29807,1.05509,0.07459,0.04829,0.06023,0.03121,0.26611,0.12197,0.14414,16.11090,11.02539,0,8.77,31337.9
239600,798,8.080e-05,2.75055,0.26446,0.94277,0.03447,0.07358,0.03116,0.06139,0.33419,0.06498,0.26921,33.81191,11.24960,0,8.84,31349.2
239700,799,8.040e-05,1.93103,0.48492,0.23075,0.04591,0.03986,0.04207,0.02944,0.13700,0.08698,0.05002,16.64079,9.45248,0,8.98,31360.3
239800,799,8.040e-05,2.80731,0.45847,0.21174,0.05296,0.10038,0.04196,0.07877,0.26302,0.18974,0.07327,20.63655,12.96306,0,9.02,31371.4
239900,799,8.040e-05,2.64405,0.27864,1.21375,0.04777,0.03319,0.04085,0.02756,0.31005,0.12324,0.18681,18.23137,12.81429,0,8.76,31382.8
240000,800,8.000e-05,2.46758,0.33025,0.46669,0.05178,0.06994,0.04150,0.04918,0.33990,0.07305,0.26685,27.68845,11.41993,0,1.61,31444.9
240100,800,8.000e-05,2.87939,0.47212,0.29544,0.06161,0.08904,0.05272,0.06835,0.56413,0.28749,0.27664,25.30805,15.87421,0,8.11,31457.2
240200,800,8.000e-05,2.99764,0.41122,0.88486,0.05868,0.06656,0.05297,0.03687,0.19104,0.09670,0.09434,41.33156,7.51896,0,8.74,31468.7
240300,801,7.960e-05,2.47823,0.23906,0.88126,0.03679,0.06422,0.02772,0.04185,0.30584,0.04133,0.26450,69.57153,11.45020,0,9.36,31479.4
240400,801,7.960e-05,2.52399,0.27107,0.34204,0.03327,0.10126,0.02838,0.08475,0.43562,0.18237,0.25325,29.22088,12.52659,0,8.72,31490.8
240500,801,7.960e-05,3.47829,0.40537,0.42491,0.06712,0.12995,0.05129,0.08417,0.25936,0.07013,0.18923,34.70352,8.08975,0,8.54,31502.5
240600,802,7.920e-05,2.77792,0.46569,0.59704,0.04027,0.08188,0.02924,0.06950,0.30763,0.11384,0.19380,43.03855,12.89836,0,8.55,31514.2
240700,802,7.920e-05,2.28635,0.31604,0.44850,0.05595,0.05443,0.04427,0.03932,0.24191,0.12676,0.11516,13.82260,7.70739,0,8.99,31525.4
240800,802,7.920e-05,2.06103,0.11106,0.10182,0.05925,0.06316,0.04121,0.08360,0.42145,0.16428,0.25717,24.41236,13.09283,0,8.80,31536.7
240900,803,7.880e-05,2.23683,0.26804,0.47826,0.05093,0.04998,0.04439,0.05189,0.44585,0.28207,0.16378,12.04863,15.69670,0,8.82,31548.1
241000,803,7.880e-05,3.32413,0.43635,0.54976,0.06137,0.09247,0.04879,0.11113,0.27346,0.12349,0.14997,35.11692,11.77922,0,8.86,31559.4
241100,803,7.880e-05,2.53048,0.36534,0.82919,0.05010,0.04785,0.03899,0.03229,0.23268,0.07894,0.15374,20.14317,7.94416,0,8.43,31571.2
241200,804,7.840e-05,2.52477,0.54341,0.50412,0.04808,0.05590,0.03730,0.05019,0.40786,0.11825,0.28960,27.32914,11.90642,0,8.39,31583.1
241300,804,7.840e-05,2.36558,0.45753,0.44385,0.04187,0.05776,0.04580,0.04778,0.19391,0.08640,0.10751,19.48662,10.17926,0,8.56,31594.8
241400,804,7.840e-05,2.78799,0.32007,0.52846,0.05472,0.07833,0.04765,0.07415,0.32491,0.12806,0.19685,54.43155,8.14696,0,8.80,31606.2
241500,805,7.800e-05,2.47738,0.40127,0.75440,0.02956,0.06766,0.02839,0.04151,0.34165,0.17427,0.16738,20.46307,10.51916,0,8.74,31617.6
241600,805,7.800e-05,3.31969,0.74698,0.72598,0.05839,0.06994,0.04666,0.06602,0.27146,0.09316,0.17831,16.35435,13.66788,0,8.81,31629.0
241700,805,7.800e-05,3.79674,0.28584,0.92199,0.07978,0.10998,0.05178,0.08648,0.13724,0.08012,0.05712,30.44548,9.31988,0,8.92,31640.2
241800,806,7.760e-05,2.58778,0.14880,0.46894,0.04761,0.08957,0.04418,0.07548,0.40024,0.12329,0.27695,16.99215,17.02304,0,8.84,31651.5
241900,806,7.760e-05,3.05263,0.42095,1.03029,0.03730,0.06982,0.03289,0.07316,0.53370,0.41635,0.11735,44.56855,20.82883,0,8.65,31663.0
242000,806,7.760e-05,2.64307,0.21030,0.57201,0.05715,0.07712,0.04127,0.06236,0.24805,0.03489,0.21317,25.92100,6.75585,0,8.60,31674.7
242100,807,7.720e-05,2.56278,0.19165,0.35112,0.06466,0.08183,0.03910,0.07192,0.31523,0.04639,0.26884,33.03295,6.88847,0,8.53,31686.4
242200,807,7.720e-05,3.19432,0.31303,0.95168,0.05105,0.08808,0.03564,0.07202,0.47888,0.12096,0.35791,79.20498,12.24725,0,8.22,31698.6
242300,807,7.720e-05,3.45630,0.29741,1.20757,0.05365,0.08976,0.03719,0.06627,0.41127,0.17279,0.23848,27.88455,7.04126,0,8.42,31710.5
242400,808,7.680e-05,2.16310,0.13258,0.31910,0.04212,0.07907,0.03336,0.06654,0.40473,0.26239,0.14234,24.50160,14.86554,0,8.52,31722.2
242500,808,7.680e-05,2.97117,0.46260,0.84835,0.04563,0.07167,0.04016,0.05728,0.29806,0.12181,0.17625,27.38553,12.03510,0,8.66,31733.7
242600,808,7.680e-05,2.19338,0.20079,0.34206,0.04171,0.08191,0.03021,0.05266,0.32110,0.18397,0.13713,28.46283,12.45524,0,8.75,31745.2
242700,809,7.640e-05,3.71523,0.59986,0.67043,0.04615,0.11805,0.03077,0.12983,0.27645,0.05494,0.22151,37.68179,9.03730,0,8.46,31757.0
242800,809,7.640e-05,3.14347,0.55134,0.66679,0.05803,0.07129,0.04970,0.07673,0.20592,0.10352,0.10240,39.98848,7.61918,0,8.67,31768.5
242900,809,7.640e-05,2.47755,0.38471,0.45327,0.07242,0.04669,0.04766,0.04203,0.43292,0.21527,0.21765,17.78876,11.60415,0,8.86,31779.8
243000,810,7.600e-05,2.51318,0.33772,0.56037,0.05034,0.07155,0.03853,0.04070,0.62984,0.36624,0.26359,27.71268,15.71818,0,1.64,31840.7
243100,810,7.600e-05,2.23279,0.54167,0.22966,0.05575,0.05068,0.04178,0.03764,0.37039,0.17468,0.19571,11.04910,10.92208,0,7.89,31853.4
243200,810,7.600e-05,2.58623,0.30864,1.17016,0.03439,0.04172,0.03803,0.03123,0.52969,0.22850,0.30119,24.43217,11.73765,0,8.58,31865.1
243300,811,7.560e-05,2.23250,0.38912,0.47022,0.02842,0.05956,0.04852,0.05015,0.43344,0.15476,0.27867,19.63173,13.63522,0,8.40,31877.0
243400,811,7.560e-05,1.43789,0.17655,0.16026,0.03827,0.03859,0.03176,0.03474,0.29540,0.18220,0.11320,14.87239,12.54712,0,8.64,31888.5
243500,811,7.560e-05,2.12786,0.17151,0.27263,0.06134,0.06475,0.04911,0.03546,0.26311,0.06108,0.20203,28.93831,7.31555,0,8.58,31900.2
243600,812,7.520e-05,2.98571,0.33635,0.61648,0.04995,0.09325,0.04285,0.07732,0.29255,0.10192,0.19063,16.13712,8.44716,0,8.56,31911.9
243700,812,7.520e-05,2.63128,0.19609,0.69799,0.04311,0.06815,0.03991,0.08500,0.32117,0.09861,0.22257,45.67216,10.28466,0,8.50,31923.6
243800,812,7.520e-05,2.92142,0.62395,0.80812,0.05427,0.05198,0.04311,0.04225,0.31799,0.06017,0.25782,22.53856,9.47954,0,8.69,31935.1
243900,813,7.480e-05,2.60289,0.39652,0.50142,0.05331,0.07211,0.04031,0.04986,0.33227,0.12585,0.20642,46.41733,9.07829,0,9.61,31945.5
244000,813,7.480e-05,2.21110,0.52552,0.17104,0.05862,0.04999,0.04264,0.04305,0.19681,0.11821,0.07860,17.89042,8.34324,0,9.48,31956.1
244100,813,7.480e-05,3.82039,0.21473,1.22056,0.04788,0.11615,0.02937,0.11957,0.30210,0.04505,0.25705,39.81136,8.41072,0,8.92,31967.3
244200,814,7.440e-05,2.92243,0.28017,0.71876,0.05055,0.07268,0.04309,0.09515,0.47557,0.13534,0.34023,77.66980,12.59466,0,8.48,31979.1
244300,814,7.440e-05,3.32840,0.33142,0.83233,0.06321,0.09221,0.06173,0.06037,0.36440,0.16423,0.20016,56.47372,9.40798,0,8.25,31991.2
244400,814,7.440e-05,2.69320,0.41243,0.71688,0.04838,0.05994,0.03672,0.05942,0.31869,0.07635,0.24234,28.18064,8.73118,0,8.60,32002.8
244500,815,7.400e-05,2.39994,0.48132,0.47243,0.04607,0.06121,0.03902,0.03567,0.26019,0.08868,0.17151,27.89950,6.50432,0,8.34,32014.8
244600,815,7.400e-05,2.48327,0.38443,0.45287,0.04834,0.06615,0.03535,0.06485,0.36187,0.10823,0.25364,25.48955,10.40670,0,8.52,32026.6
244700,815,7.400e-05,2.61263,0.54173,0.51652,0.05480,0.05554,0.04456,0.04564,0.30423,0.08154,0.22270,21.06833,11.68981,0,8.54,32038.3
244800,816,7.360e-05,2.50788,0.47331,0.36947,0.04469,0.07520,0.03307,0.06016,0.28228,0.08552,0.19676,34.82933,7.37247,0,8.76,32049.7
244900,816,7.360e-05,2.57721,0.64548,0.31591,0.05513,0.06256,0.04560,0.04219,0.47297,0.16411,0.30886,23.09745,11.90776,0,8.82,32061.0
245000,816,7.360e-05,2.53547,0.45833,0.93614,0.03941,0.04107,0.03013,0.03711,0.31474,0.15181,0.16293,37.92757,9.72417,0,8.82,32072.4
245100,817,7.320e-05,3.77928,0.45620,0.89846,0.05746,0.07585,0.04292,0.17540,0.54986,0.11450,0.43535,28.73988,11.39816,0,8.63,32083.9
245200,817,7.320e-05,2.89563,0.39813,0.82082,0.05124,0.06663,0.04387,0.05573,0.29783,0.13952,0.15831,33.67364,18.13392,0,8.55,32095.6
245300,817,7.320e-05,2.63879,0.38543,0.67668,0.04270,0.06369,0.03491,0.06765,0.17246,0.07578,0.09667,24.21631,9.53325,0,8.75,32107.1
245400,818,7.280e-05,2.68295,0.46733,0.43485,0.04999,0.07789,0.03733,0.06307,0.32275,0.10518,0.21757,17.50210,8.46548,0,9.47,32117.6
245500,818,7.280e-05,2.32068,0.25567,0.65546,0.04367,0.05383,0.03438,0.05253,0.15143,0.04163,0.10980,59.05296,6.28937,0,8.91,32128.8
245600,818,7.280e-05,2.66417,0.48063,1.08069,0.04002,0.03087,0.03946,0.03933,0.24856,0.17846,0.07010,47.18293,18.04853,0,9.06,32139.9
245700,819,7.240e-05,3.35502,0.44451,0.53162,0.05292,0.11457,0.04566,0.09514,0.60473,0.30156,0.30317,26.83990,13.63891,0,8.92,32151.1
245800,819,7.240e-05,3.08045,0.49151,0.93180,0.04931,0.06771,0.04255,0.05484,0.36117,0.19024,0.17093,26.94722,12.82735,0,8.95,32162.3
245900,819,7.240e-05,3.00963,0.36662,0.56101,0.05607,0.07407,0.04887,0.10725,0.23471,0.14862,0.08608,26.83441,14.45962,0,8.41,32174.2
246000,820,7.200e-05,2.06562,0.22563,0.46275,0.05381,0.04205,0.05114,0.03259,0.44797,0.28608,0.16189,42.29780,14.32081,0,1.63,32235.4
246100,820,7.200e-05,2.36773,0.30061,0.33691,0.06171,0.06007,0.05497,0.04751,0.52881,0.13729,0.39152,16.90892,9.05707,0,8.19,32247.6
246200,820,7.200e-05,3.30666,0.13408,1.62941,0.07443,0.03610,0.05925,0.02832,0.14129,0.03804,0.10325,71.93985,5.21886,0,8.59,32259.2
246300,821,7.160e-05,3.32170,0.50508,0.58913,0.06802,0.09293,0.05366,0.06994,0.33404,0.13358,0.20046,36.17701,13.77705,0,8.60,32270.9
246400,821,7.160e-05,1.97936,0.38021,0.35286,0.04375,0.04201,0.04245,0.03529,0.27609,0.13601,0.14008,35.11089,9.58376,0,8.46,32282.7
246500,821,7.160e-05,3.26450,0.30528,0.33434,0.07047,0.10803,0.05498,0.11300,0.35773,0.11234,0.24539,14.27951,10.03089,0,8.36,32294.6
246600,822,7.120e-05,2.62006,0.48507,0.52747,0.03945,0.07169,0.03972,0.05950,0.57630,0.19836,0.37794,23.99465,17.44262,0,8.24,32306.8
246700,822,7.120e-05,2.93885,0.48800,1.02079,0.05841,0.04478,0.04882,0.03081,0.28299,0.08493,0.19807,22.15823,12.98740,0,8.33,32318.8
246800,822,7.120e-05,2.64693,0.49139,0.60584,0.04961,0.06450,0.04109,0.04063,0.38527,0.18668,0.19859,32.72378,16.99072,0,8.33,32330.8
246900,823,7.080e-05,2.67807,0.37095,0.58358,0.04556,0.07432,0.04711,0.05785,0.39501,0.15613,0.23888,16.38951,10.86784,0,8.48,32342.6
247000,823,7.080e-05,2.89883,0.58585,0.85976,0.06090,0.04366,0.04766,0.03386,0.26003,0.13304,0.12698,19.93753,10.49760,0,8.50,32354.3
247100,823,7.080e-05,2.35187,0.18784,0.64428,0.04483,0.06614,0.03533,0.04668,0.32638,0.08189,0.24448,35.62746,8.87429,0,8.63,32365.9
247200,824,7.040e-05,2.45180,0.13431,0.59244,0.04894,0.07710,0.03586,0.05708,0.32133,0.09624,0.22509,17.13064,10.34346,0,8.68,32377.4
247300,824,7.040e-05,2.11069,0.27334,0.49354,0.04826,0.04708,0.04008,0.03801,0.67296,0.28307,0.38988,19.45435,19.27463,0,8.60,32389.1
247400,824,7.040e-05,3.21050,0.44675,1.28248,0.04262,0.05966,0.03425,0.05746,0.38719,0.16296,0.22423,37.85065,12.60509,0,8.53,32400.8
247500,825,7.000e-05,3.80545,0.48280,0.75679,0.06013,0.11472,0.04765,0.11583,0.26812,0.08582,0.18231,44.79739,9.08895,0,8.57,32412.5
247600,825,7.000e-05,2.55140,0.21330,0.58559,0.06346,0.05903,0.05616,0.04937,0.25017,0.08583,0.16434,12.45237,6.15905,0,9.88,32422.6
247700,825,7.000e-05,2.77589,0.30224,0.77921,0.05474,0.05776,0.04359,0.07029,0.71521,0.39951,0.31570,32.39854,22.86166,0,9.44,32433.2
247800,826,6.960e-05,1.94823,0.19963,0.35374,0.04701,0.04354,0.04908,0.04878,0.27091,0.04557,0.22534,27.14533,10.08386,0,8.94,32444.4
247900,826,6.960e-05,2.31514,0.25195,0.34361,0.05965,0.04828,0.05071,0.07733,0.25341,0.12638,0.12702,20.46353,9.61270,0,8.73,32455.8
248000,826,6.960e-05,3.17388,0.21453,0.77690,0.04429,0.10363,0.03796,0.10269,0.30928,0.08971,0.21957,23.19804,8.50101,0,8.74,32467.3
248100,827,6.920e-05,3.39625,0.48468,0.79627,0.06056,0.09282,0.04212,0.07418,0.40642,0.26638,0.14005,33.21523,10.51227,0,8.70,32478.8
248200,827,6.920e-05,2.45554,0.36386,0.50254,0.04340,0.06815,0.03474,0.05998,0.23913,0.07260,0.16653,24.66575,7.69089,0,8.56,32490.4
248300,827,6.920e-05,2.99931,0.28545,0.41326,0.05022,0.11281,0.03621,0.09786,0.35476,0.15398,0.20078,17.03516,8.57022,0,8.81,32501.8
248400,828,6.880e-05,2.42129,0.28014,0.61059,0.05200,0.05137,0.05963,0.03973,0.37772,0.13658,0.24113,34.63866,12.03287,0,8.93,32513.0
248500,828,6.880e-05,2.12136,0.32128,0.75970,0.03799,0.03971,0.02552,0.02715,0.20576,0.08603,0.11974,24.28452,7.11008,0,9.78,32523.2
248600,828,6.880e-05,2.55226,0.28087,0.57178,0.05495,0.06499,0.03781,0.06221,0.17544,0.05643,0.11901,11.36690,6.27856,0,8.95,32534.4
248700,829,6.840e-05,3.11598,0.58480,1.22793,0.04557,0.04810,0.03882,0.03448,0.31538,0.12392,0.19146,39.96409,15.64727,0,8.84,32545.7
248800,829,6.840e-05,2.19528,0.23588,0.38307,0.05211,0.06201,0.02920,0.05784,0.22491,0.03989,0.18501,14.61606,7.20098,0,8.58,32557.4
248900,829,6.840e-05,4.11438,0.42522,1.57088,0.04769,0.09793,0.04130,0.09111,0.34845,0.12274,0.22571,62.04462,13.65715,0,8.67,32568.9
249000,830,6.800e-05,2.09114,0.36806,0.62518,0.03967,0.03634,0.03689,0.03068,0.26015,0.17324,0.08691,41.14503,15.68712,0,1.63,32630.1
249100,830,6.800e-05,2.99990,0.10651,1.11166,0.02865,0.10296,0.02459,0.06853,0.30151,0.06652,0.23498,37.63881,8.42548,0,7.96,32642.7
249200,830,6.800e-05,2.65593,0.30899,0.48983,0.07453,0.05727,0.06066,0.04715,0.31479,0.20195,0.11283,12.01426,9.60540,0,9.56,32653.2
249300,831,6.760e-05,2.76752,0.46154,0.42583,0.06101,0.07747,0.04924,0.04983,0.18089,0.04275,0.13815,19.95488,5.30246,0,8.65,32664.7
249400,831,6.760e-05,1.52659,0.09825,0.36406,0.03890,0.03905,0.03352,0.02344,0.23350,0.09354,0.13996,71.47570,10.80708,0,8.31,32676.7
249500,831,6.760e-05,2.80494,0.18949,0.28744,0.04901,0.10957,0.04758,0.10085,0.40909,0.20768,0.20141,13.16115,13.00505,0,8.40,32688.6
249600,832,6.720e-05,2.37808,0.44480,0.46628,0.03285,0.08316,0.02709,0.03428,0.33555,0.17111,0.16444,38.28616,11.91328,0,8.67,32700.2
249700,832,6.720e-05,2.99270,0.45726,1.01409,0.04714,0.06689,0.03683,0.03938,0.36308,0.15843,0.20465,41.87619,12.97098,0,8.61,32711.8
249800,832,6.720e-05,3.57370,0.58002,0.48226,0.04578,0.12161,0.03296,0.13452,0.28572,0.12670,0.15902,37.26934,15.24911,0,8.49,32723.6
249900,833,6.680e-05,2.24535,0.52448,0.26310,0.05061,0.04891,0.04773,0.04478,0.43446,0.11554,0.31892,22.87388,15.85110,0,8.39,32735.5
250000,833,6.680e-05,5.14318,0.09342,0.84319,0.05054,0.21355,0.03577,0.27736,0.25324,0.04599,0.20725,30.67666,8.05792,0,8.67,32747.0
250100,833,6.680e-05,2.38877,0.32461,0.67235,0.05227,0.03908,0.04369,0.05197,0.23158,0.06584,0.16574,26.37363,6.64530,0,8.63,32758.6
250200,834,6.640e-05,2.94711,0.69806,0.70115,0.04389,0.06441,0.03716,0.05583,0.49924,0.14363,0.35561,36.10947,11.55041,0,8.45,32770.5
250300,834,6.640e-05,2.66054,0.36624,0.85511,0.04737,0.05434,0.04279,0.04162,0.38420,0.11996,0.26424,20.04315,13.35529,0,8.44,32782.3
250400,834,6.640e-05,3.75243,0.33954,0.89623,0.09309,0.07226,0.06364,0.10898,0.32492,0.06893,0.25599,24.95125,6.82778,0,8.72,32793.8
250500,835,6.600e-05,2.83883,0.59460,0.30424,0.05929,0.08451,0.05775,0.04264,0.41890,0.19273,0.22617,23.31445,12.29507,0,8.43,32805.6
250600,835,6.600e-05,3.06787,0.39579,0.42564,0.04409,0.11040,0.04437,0.09594,0.37966,0.03924,0.34043,13.83058,7.98378,0,8.78,32817.0
250700,835,6.600e-05,1.88204,0.26851,0.46705,0.04441,0.03759,0.02914,0.03616,0.17774,0.07199,0.10575,18.19843,9.18627,0,8.93,32828.2
250800,836,6.560e-05,1.97242,0.21989,0.24123,0.03763,0.06848,0.03371,0.05632,0.41780,0.12376,0.29404,18.87777,11.99977,0,8.73,32839.7
250900,836,6.560e-05,3.25035,0.21721,0.73533,0.04399,0.14163,0.04054,0.04778,0.20290,0.09644,0.10646,39.59563,8.32481,0,8.46,32851.5
251000,836,6.560e-05,2.59099,0.27353,1.04716,0.03841,0.05383,0.03606,0.03352,0.31124,0.11342,0.19782,53.83955,15.97222,0,8.59,32863.1
251100,837,6.520e-05,2.98046,0.43146,0.43313,0.05999,0.08776,0.05229,0.07537,0.31304,0.12782,0.18522,23.12989,11.09849,0,8.59,32874.8
251200,837,6.520e-05,4.16455,0.52745,1.11284,0.04811,0.12055,0.04024,0.12728,0.17276,0.06419,0.10857,60.61767,7.98432,0,8.53,32886.5
251300,837,6.520e-05,2.78114,0.69811,0.59617,0.05418,0.05055,0.04252,0.04540,0.38652,0.16482,0.22169,19.99495,10.56497,0,8.53,32898.2
251400,838,6.480e-05,2.28869,0.10607,0.68454,0.05282,0.05309,0.04809,0.03971,0.26768,0.14306,0.12462,29.30421,11.50891,0,8.51,32910.0
251500,838,6.480e-05,1.86803,0.32132,0.44402,0.04647,0.02976,0.03073,0.03734,0.41044,0.23697,0.17348,33.69301,19.90852,0,8.50,32921.8
251600,838,6.480e-05,3.35924,0.33670,0.76807,0.06310,0.08990,0.05678,0.08810,0.45345,0.16645,0.28701,43.99620,25.24463,0,8.86,32933.0
251700,839,6.440e-05,2.82347,0.52025,0.58030,0.06982,0.05681,0.04867,0.04265,0.30701,0.14360,0.16341,28.19204,12.81340,0,8.89,32944.3
251800,839,6.440e-05,2.67239,0.31763,0.54725,0.05074,0.07369,0.04806,0.06458,0.19804,0.11015,0.08789,30.10532,4.92271,0,8.42,32956.2
251900,839,6.440e-05,4.64736,0.97317,0.69409,0.05732,0.17387,0.04898,0.08465,0.11878,0.04921,0.06957,62.35965,6.25445,0,8.65,32967.7
252000,840,6.400e-05,2.65202,0.61638,0.54282,0.05193,0.05572,0.04395,0.03932,0.27373,0.14637,0.12736,26.87303,12.33211,0,1.65,33028.3
252100,840,6.400e-05,2.06472,0.20096,0.36407,0.04689,0.05477,0.03925,0.05736,0.34161,0.20322,0.13840,19.35975,11.18264,0,10.29,33038.0
252200,840,6.400e-05,3.28775,0.29738,0.69427,0.05240,0.10883,0.03856,0.09820,0.37131,0.10617,0.26514,46.31095,11.23368,0,9.12,33049.0
252300,841,6.360e-05,2.51656,0.43485,0.36625,0.06696,0.05932,0.04943,0.04111,0.24575,0.08856,0.15719,18.24205,10.19471,0,8.80,33060.3
252400,841,6.360e-05,2.98560,0.75768,0.76843,0.04857,0.05212,0.04389,0.04664,0.27685,0.09446,0.18239,26.50073,7.89102,0,8.86,33071.6
252500,841,6.360e-05,2.90533,0.37205,0.76139,0.06319,0.06521,0.05333,0.04424,0.34390,0.11750,0.22640,29.01475,10.09407,0,9.20,33082.5
252600,842,6.320e-05,3.46551,0.58659,0.55104,0.04348,0.09752,0.03440,0.14918,0.33178,0.15165,0.18014,46.63929,9.76613,0,8.60,33094.1
252700,842,6.320e-05,2.26925,0.29158,0.46876,0.05109,0.05654,0.04156,0.04495,0.20909,0.05409,0.15501,11.36503,10.49444,0,8.62,33105.7
252800,842,6.320e-05,2.39381,0.46819,0.22377,0.03876,0.08848,0.02842,0.05746,0.64908,0.42419,0.22490,33.22425,21.61134,0,8.54,33117.4
252900,843,6.280e-05,3.12637,0.25013,0.95556,0.05234,0.08886,0.04526,0.05649,0.22154,0.07698,0.14456,26.56560,11.92454,0,8.43,33129.3
253000,843,6.280e-05,2.43207,0.22412,0.48256,0.05158,0.06960,0.04265,0.06007,0.20940,0.10517,0.10423,17.87071,8.53511,0,8.45,33141.1
253100,843,6.280e-05,2.98022,0.39561,0.71182,0.04666,0.09569,0.04348,0.04638,0.28834,0.14572,0.14261,37.98709,10.98483,0,8.43,33153.0
253200,844,6.240e-05,2.54249,0.49316,0.47760,0.04571,0.06552,0.03377,0.05812,0.21955,0.09016,0.12939,21.37786,10.83883,0,8.52,33164.7
253300,844,6.240e-05,1.91826,0.41627,0.24757,0.04288,0.04672,0.03555,0.03614,0.22547,0.04108,0.18439,41.31892,7.62873,0,8.52,33176.4
253400,844,6.240e-05,2.62543,0.56193,0.64638,0.03761,0.06216,0.03260,0.05129,0.23718,0.08405,0.15313,22.38366,7.64707,0,8.42,33188.3
253500,845,6.200e-05,3.12158,0.35557,0.95007,0.04773,0.08237,0.03442,0.06857,0.41593,0.17988,0.23605,45.53897,13.92077,0,8.78,33199.7
253600,845,6.200e-05,2.10844,0.34205,0.50119,0.04229,0.04525,0.02751,0.05044,0.16847,0.05591,0.11255,20.71344,7.56500,0,9.03,33210.8
253700,845,6.200e-05,3.37555,0.77907,0.89255,0.05363,0.07252,0.04301,0.04546,0.18006,0.06041,0.11965,32.28445,6.98015,0,8.69,33222.3
253800,846,6.160e-05,3.03706,0.48127,0.59347,0.03579,0.08568,0.02697,0.12255,0.22855,0.11374,0.11480,38.69967,10.86496,0,8.48,33234.1
253900,846,6.160e-05,2.19822,0.32602,0.43043,0.04886,0.05949,0.03449,0.03717,0.15464,0.03843,0.11621,46.02864,5.00578,0,8.61,33245.7
254000,846,6.160e-05,3.06972,0.64449,0.72005,0.05938,0.05991,0.04692,0.05554,0.31470,0.21708,0.09761,28.26591,17.65148,0,8.73,33257.2
254100,847,6.120e-05,2.37676,0.31011,0.49585,0.05423,0.05908,0.04212,0.04541,0.19500,0.05530,0.13970,22.18588,8.72414,0,8.87,33268.4
254200,847,6.120e-05,2.42674,0.38054,0.75577,0.04292,0.05150,0.03602,0.03323,0.34669,0.04728,0.29941,31.86643,9.54630,0,8.84,33279.8
254300,847,6.120e-05,2.30908,0.40288,0.51907,0.03900,0.06508,0.02862,0.04064,0.23496,0.07734,0.15762,63.57895,13.23332,0,8.76,33291.2
254400,848,6.080e-05,2.40524,0.17913,0.51784,0.04566,0.07329,0.04860,0.05515,0.22093,0.07728,0.14365,33.28242,15.25772,0,8.65,33302.7
254500,848,6.080e-05,2.82933,0.37577,0.61500,0.07559,0.05081,0.06317,0.05174,0.24879,0.08665,0.16214,40.68722,7.66255,0,8.84,33314.0
254600,848,6.080e-05,3.96851,0.53697,1.18229,0.06844,0.09005,0.05637,0.07651,0.48433,0.22697,0.25736,52.63747,16.35291,0,8.85,33325.3
254700,849,6.040e-05,2.50550,0.36914,0.75137,0.04934,0.05210,0.03918,0.03494,0.28568,0.03841,0.24727,19.09833,5.06967,0,8.59,33337.0
254800,849,6.040e-05,2.40347,0.40757,0.87892,0.04602,0.03515,0.03657,0.02449,0.36409,0.23376,0.13033,25.64278,12.39746,0,8.63,33348.6
254900,849,6.040e-05,3.28345,0.37831,1.14235,0.05301,0.07075,0.05048,0.05457,0.39609,0.11957,0.27652,24.90854,14.29115,0,8.58,33360.2
255000,850,6.000e-05,2.82225,0.42591,0.80308,0.04010,0.07026,0.02892,0.06903,0.30702,0.20517,0.10185,25.67503,12.38811,0,1.61,33422.3
255100,850,6.000e-05,2.31471,0.21099,0.51045,0.04758,0.05855,0.04897,0.05742,0.31173,0.21315,0.09858,27.45908,12.89281,0,7.97,33434.9
255200,850,6.000e-05,2.51860,0.20612,0.56498,0.05444,0.07877,0.03259,0.05050,0.46216,0.13522,0.32694,24.50309,9.48319,0,8.73,33446.3
255300,851,5.960e-05,2.76072,0.31961,0.43124,0.05426,0.08323,0.04220,0.08479,0.25573,0.13241,0.12332,23.99525,6.65483,0,8.58,33458.0
255400,851,5.960e-05,2.34803,0.35835,0.47406,0.05577,0.04553,0.04828,0.05224,0.26235,0.12898,0.13337,27.18262,6.96969,0,8.63,33469.6
255500,851,5.960e-05,2.33153,0.11007,0.59893,0.05317,0.06816,0.03773,0.04412,0.30930,0.13260,0.17670,28.59824,11.50758,0,8.46,33481.4
255600,852,5.920e-05,2.17467,0.22795,0.66720,0.04523,0.04245,0.04888,0.03166,0.32372,0.09437,0.22935,24.70386,8.74536,0,8.65,33493.0
255700,852,5.920e-05,2.26906,0.28348,0.38785,0.05474,0.05863,0.04525,0.04755,0.71328,0.30099,0.41229,24.70401,14.89297,0,8.59,33504.6
255800,852,5.920e-05,2.81110,0.42143,0.65226,0.05239,0.07225,0.03880,0.05940,0.26672,0.03941,0.22732,29.55593,9.19280,0,8.55,33516.3
255900,853,5.880e-05,1.97665,0.32239,0.61377,0.03417,0.02907,0.03465,0.04698,0.33816,0.06351,0.27465,31.93206,18.16085,0,8.50,33528.1
256000,853,5.880e-05,3.39372,0.49044,0.97397,0.05047,0.07962,0.03516,0.09053,0.26334,0.07922,0.18413,31.59205,11.35991,0,8.51,33539.8
256100,853,5.880e-05,2.60400,0.49233,0.06079,0.04159,0.05279,0.03515,0.18627,0.27514,0.11151,0.16363,23.11643,12.67727,0,8.22,33552.0
256200,854,5.840e-05,2.00024,0.18472,0.41818,0.04513,0.04605,0.04016,0.05696,0.36124,0.14367,0.21757,17.83619,10.69745,0,8.45,33563.8
256300,854,5.840e-05,2.22899,0.41786,0.23206,0.04087,0.06810,0.04083,0.05703,0.27844,0.04452,0.23392,17.49699,9.75471,0,8.63,33575.4
256400,854,5.840e-05,2.23103,0.72796,0.14079,0.04392,0.04743,0.03996,0.04980,0.37938,0.05152,0.32786,20.89901,10.48881,0,8.74,33586.9
256500,855,5.800e-05,2.55510,0.31800,0.61062,0.03287,0.08021,0.03242,0.06672,0.28524,0.17826,0.10698,22.35874,13.34739,0,8.95,33598.0
256600,855,5.800e-05,2.64545,0.55265,0.44009,0.05073,0.06991,0.03775,0.05152,0.25594,0.03735,0.21858,16.23749,9.29246,0,8.99,33609.2
256700,855,5.800e-05,2.61873,0.57728,0.51985,0.04016,0.06062,0.03078,0.07198,0.42096,0.15835,0.26261,39.93399,15.28616,0,8.40,33621.1
256800,856,5.760e-05,2.02065,0.30630,0.35368,0.04497,0.05195,0.03693,0.04136,0.39477,0.21423,0.18054,33.12974,21.07442,0,8.66,33632.6
256900,856,5.760e-05,2.53975,0.20291,0.31809,0.04652,0.09194,0.04294,0.08389,0.41818,0.19131,0.22688,29.65124,11.98014,0,8.72,33644.1
257000,856,5.760e-05,2.78152,0.56497,0.81783,0.05477,0.04606,0.03733,0.04076,0.17577,0.08874,0.08704,93.29048,13.69029,0,8.74,33655.5
257100,857,5.720e-05,2.61886,0.39200,0.62850,0.04103,0.07152,0.03362,0.06095,0.29954,0.21365,0.08589,17.47902,8.67581,0,8.63,33667.1
257200,857,5.720e-05,2.74259,0.96896,0.19368,0.04524,0.05854,0.04361,0.06482,0.45246,0.13346,0.31900,22.30515,16.56941,0,8.34,33679.1
257300,857,5.720e-05,3.31394,0.55920,1.05709,0.06712,0.05475,0.05256,0.04322,0.34322,0.19770,0.14551,18.81606,15.43940,0,8.50,33690.9
257400,858,5.680e-05,2.96409,0.27069,0.87011,0.05447,0.07521,0.05524,0.05005,0.14826,0.04556,0.10269,39.45105,7.28407,0,8.60,33702.5
257500,858,5.680e-05,2.15989,0.17678,0.69204,0.05313,0.03617,0.04098,0.03863,0.41696,0.30102,0.11593,20.31629,13.65077,0,8.71,33714.0
257600,858,5.680e-05,2.05231,0.27096,0.55356,0.03595,0.05379,0.02871,0.03738,0.43811,0.15383,0.28428,13.76741,10.80008,0,8.71,33725.4
257700,859,5.640e-05,2.71349,0.29187,0.50717,0.04573,0.10144,0.03737,0.05118,0.35565,0.15087,0.20478,42.98298,11.25081,0,8.59,33737.1
257800,859,5.640e-05,2.04645,0.17476,0.53487,0.04903,0.04614,0.03614,0.04088,0.22282,0.09685,0.12597,25.48184,9.59433,0,8.66,33748.6
257900,859,5.640e-05,1.93917,0.58748,0.27322,0.03790,0.04468,0.03067,0.01986,0.20383,0.11443,0.08940,32.49784,11.08507,0,8.75,33760.1
258000,860,5.600e-05,2.17795,0.54430,0.28867,0.04684,0.05218,0.04235,0.02861,0.26015,0.10861,0.15154,28.52421,13.43982,0,1.64,33821.2
258100,860,5.600e-05,1.92777,0.11239,0.48241,0.05367,0.04064,0.04282,0.03514,0.33326,0.26492,0.06834,52.74163,14.46655,0,8.20,33833.3
258200,860,5.600e-05,2.64706,0.43582,0.38443,0.04457,0.08992,0.03339,0.06299,0.35113,0.09842,0.25271,19.27962,6.84466,0,8.86,33844.6
258300,861,5.560e-05,2.27921,0.53347,0.51085,0.05489,0.03371,0.04465,0.02514,0.28621,0.11838,0.16783,49.26927,12.62516,0,8.63,33856.2
258400,861,5.560e-05,2.92291,0.23844,0.62217,0.08682,0.05829,0.08232,0.03991,0.42631,0.11581,0.31050,23.59305,10.27306,0,8.84,33867.5
258500,861,5.560e-05,2.62270,0.47025,0.80374,0.05094,0.04241,0.03834,0.04469,0.28678,0.07184,0.21493,26.49328,7.65012,0,8.98,33878.7
258600,862,5.520e-05,2.69027,0.57445,0.41229,0.04539,0.05710,0.03536,0.10036,0.69123,0.20900,0.48223,35.43615,19.31720,0,8.78,33890.1
258700,862,5.520e-05,2.76003,0.47985,0.71501,0.04746,0.06682,0.04310,0.04137,0.14062,0.03788,0.10274,65.79070,6.53974,0,8.60,33901.7
258800,862,5.520e-05,2.66397,0.48324,0.49523,0.04996,0.05623,0.04710,0.07762,0.19765,0.11269,0.08496,52.95796,15.16662,0,8.52,33913.4
258900,863,5.480e-05,2.06358,0.38591,0.35929,0.03909,0.05566,0.03221,0.04197,0.38294,0.12750,0.25545,24.49549,9.78350,0,8.79,33924.8
259000,863,5.480e-05,2.50146,0.52271,0.62618,0.04213,0.04901,0.04108,0.04716,0.39223,0.12372,0.26851,25.25349,13.98389,0,8.99,33935.9
259100,863,5.480e-05,2.36861,0.34971,0.47491,0.03245,0.07300,0.03003,0.06787,0.61219,0.14241,0.46978,31.05229,19.63068,0,9.07,33947.0
259200,864,5.440e-05,2.09880,0.39822,0.11703,0.03577,0.07302,0.03211,0.06701,0.49409,0.27031,0.22378,12.85625,15.70968,0,9.15,33957.9
259300,864,5.440e-05,2.40906,0.34765,0.65510,0.04671,0.05698,0.03000,0.04388,0.28873,0.06454,0.22419,60.40256,8.06293,0,9.19,33968.8
259400,864,5.440e-05,1.77086,0.10584,0.52203,0.04186,0.04320,0.03372,0.02475,0.14744,0.05790,0.08954,19.58505,12.80339,0,8.81,33980.1
259500,865,5.400e-05,3.09327,0.42098,0.43415,0.06353,0.09943,0.05640,0.06531,0.18993,0.10331,0.08662,22.38061,9.18116,0,8.78,33991.5
259600,865,5.400e-05,2.60923,0.21416,0.93698,0.05354,0.05210,0.04102,0.03932,0.43326,0.04860,0.38466,58.50606,8.81995,0,9.13,34002.4
259700,865,5.400e-05,2.62721,0.30965,0.78746,0.05101,0.05828,0.04335,0.04409,0.24739,0.06131,0.18608,34.58170,7.22254,0,9.14,34013.4
259800,866,5.360e-05,3.25520,0.52573,0.81367,0.06691,0.07627,0.04209,0.05470,0.28618,0.09132,0.19486,43.28885,11.65074,0,9.16,34024.3
259900,866,5.360e-05,2.28447,0.37163,0.56068,0.04496,0.04555,0.02608,0.06334,0.41004,0.25413,0.15591,18.89993,20.35561,0,8.93,34035.5
260000,866,5.360e-05,2.81755,0.21683,0.60430,0.04408,0.08343,0.03857,0.10568,0.34469,0.16716,0.17753,29.97283,16.17766,0,8.85,34046.8
260100,867,5.320e-05,2.51003,0.23622,0.72435,0.05101,0.05402,0.04492,0.05491,0.23116,0.05929,0.17187,38.10420,7.90007,0,8.61,34058.4
260200,867,5.320e-05,2.77767,0.41350,0.34824,0.05042,0.08379,0.05385,0.08092,0.33467,0.14744,0.18723,36.34969,18.39005,0,8.73,34069.9
260300,867,5.320e-05,2.44553,0.27098,0.65182,0.04537,0.06186,0.03413,0.05596,0.26596,0.20194,0.06402,74.72843,8.74988,0,8.76,34081.3
260400,868,5.280e-05,2.09875,0.27490,0.38221,0.05445,0.04654,0.05235,0.03401,0.30799,0.08761,0.22038,14.42456,12.59972,0,8.81,34092.6
260500,868,5.280e-05,3.39398,0.70430,0.93451,0.07030,0.04957,0.06347,0.04783,0.54675,0.22090,0.32585,47.15642,13.75890,0,8.70,34104.1
260600,868,5.280e-05,2.47316,0.33566,0.60636,0.04040,0.06930,0.03361,0.05324,0.53075,0.03898,0.49177,32.73421,10.32719,0,8.67,34115.7
260700,869,5.240e-05,3.38281,0.53722,1.14872,0.05277,0.05862,0.05306,0.06355,0.53753,0.32982,0.20772,61.20411,19.93924,0,8.55,34127.4
260800,869,5.240e-05,2.07173,0.22152,0.51261,0.05242,0.04359,0.04546,0.03004,0.31435,0.16234,0.15201,19.11801,16.23405,0,8.73,34138.8
260900,869,5.240e-05,2.34334,0.49693,0.74031,0.03100,0.04759,0.02386,0.04018,0.22211,0.13193,0.09018,18.40830,9.46955,0,9.45,34149.4
261000,870,5.200e-05,3.00228,0.38761,0.91820,0.05462,0.06671,0.05094,0.04570,0.33965,0.06879,0.27087,25.20140,12.56622,0,1.65,34210.0
261100,870,5.200e-05,2.02949,0.48491,0.29847,0.04287,0.04266,0.03339,0.04477,0.25287,0.09247,0.16040,24.87325,9.17702,0,8.35,34222.0
261200,870,5.200e-05,2.43910,0.46436,0.20019,0.06951,0.06318,0.05584,0.03370,0.20262,0.07824,0.12438,23.80419,8.52359,0,8.60,34233.6
261300,871,5.160e-05,2.88319,0.37574,0.68360,0.04784,0.08219,0.03784,0.06687,0.39549,0.07984,0.31565,38.12500,7.56166,0,8.46,34245.4
261400,871,5.160e-05,2.81080,0.56048,0.92924,0.05145,0.04381,0.04792,0.02578,0.09271,0.03959,0.05312,53.62654,10.36894,0,8.73,34256.9
261500,871,5.160e-05,2.06836,0.29859,0.39246,0.04073,0.05500,0.03087,0.05313,0.26042,0.09099,0.16943,14.27899,7.66261,0,9.03,34268.0
261600,872,5.120e-05,2.64140,0.53947,0.88757,0.03389,0.05678,0.02641,0.03512,0.26528,0.08499,0.18029,90.61621,10.79145,0,8.81,34279.3
261700,872,5.120e-05,2.11698,0.34039,0.45947,0.03802,0.05414,0.03347,0.04563,0.39610,0.15429,0.24181,21.45205,11.87362,0,8.99,34290.5
261800,872,5.120e-05,2.42624,0.28935,0.57740,0.05319,0.06375,0.03344,0.04458,0.24563,0.06805,0.17758,52.07559,7.51342,0,8.92,34301.7
261900,873,5.080e-05,2.35031,0.43703,0.65625,0.04608,0.04274,0.04220,0.03156,0.24732,0.08290,0.16442,20.10311,9.46859,0,9.04,34312.7
262000,873,5.080e-05,2.46715,0.33146,0.80377,0.04919,0.04794,0.03743,0.03470,0.21086,0.05681,0.15405,29.70802,10.06193,0,8.83,34324.1
262100,873,5.080e-05,2.52242,0.23678,0.65851,0.05622,0.06364,0.04328,0.04243,0.10225,0.06294,0.03930,38.51575,9.58591,0,8.87,34335.3
262200,874,5.040e-05,2.68501,0.49807,0.27008,0.05811,0.07071,0.04212,0.08359,0.40091,0.13934,0.26157,25.22749,15.03861,0,8.74,34346.8
262300,874,5.040e-05,3.79219,0.44170,1.06561,0.05142,0.13272,0.03955,0.04914,0.25009,0.04673,0.20336,103.49876,9.99736,0,8.73,34358.2
262400,874,5.040e-05,2.21135,0.37893,0.43157,0.04847,0.05791,0.02946,0.03796,0.29589,0.05104,0.24486,28.91099,10.38511,0,8.83,34369.6
262500,875,5.000e-05,2.59598,0.36832,1.07150,0.04289,0.04095,0.03010,0.03346,0.19647,0.13268,0.06379,67.83733,22.85816,0,8.96,34380.7
262600,875,5.000e-05,2.93969,0.36994,0.38797,0.05471,0.07451,0.04381,0.13411,0.35301,0.11412,0.23889,33.10133,8.68319,0,9.14,34391.7
262700,875,5.000e-05,1.89130,0.09375,0.52419,0.03572,0.05319,0.03104,0.04580,0.46021,0.20542,0.25479,14.53644,22.28588,0,8.90,34402.9
262800,876,4.960e-05,2.18316,0.38229,0.37290,0.03815,0.06430,0.03333,0.04735,0.41141,0.18342,0.22799,25.84895,21.33567,0,8.72,34414.4
262900,876,4.960e-05,2.67461,0.25220,0.85265,0.04833,0.05846,0.03979,0.06058,0.27976,0.05940,0.22036,27.35402,6.68672,0,8.73,34425.8
263000,876,4.960e-05,2.02899,0.20420,0.57761,0.04103,0.04894,0.03397,0.03553,0.23900,0.07994,0.15906,19.33009,5.92700,0,9.06,34436.9
263100,877,4.920e-05,2.43558,0.55310,0.54932,0.05406,0.04645,0.04141,0.02421,0.29546,0.11513,0.18033,42.02232,15.84364,0,8.62,34448.5
263200,877,4.920e-05,2.68048,0.50098,0.87826,0.04281,0.05064,0.03851,0.03484,0.17822,0.09820,0.08002,82.41879,8.11512,0,8.64,34460.0
263300,877,4.920e-05,2.73832,0.66007,0.41927,0.07048,0.05562,0.05192,0.02768,0.27070,0.09176,0.17894,52.09411,7.93385,0,8.92,34471.2
263400,878,4.880e-05,1.98475,0.34275,0.33537,0.05080,0.04471,0.03870,0.03161,0.22731,0.11467,0.11264,13.56784,7.81064,0,8.96,34482.4
263500,878,4.880e-05,2.70397,0.86623,0.39217,0.04097,0.06179,0.03062,0.05297,0.29077,0.03245,0.25832,27.28671,10.24015,0,9.00,34493.5
263600,878,4.880e-05,2.48138,0.53168,0.43691,0.03833,0.06925,0.03023,0.05717,0.29489,0.10145,0.19344,34.24670,17.82586,0,8.91,34504.7
263700,879,4.840e-05,1.90434,0.13069,0.24795,0.04850,0.06339,0.03111,0.05025,0.66493,0.32254,0.34239,21.26461,22.43388,0,8.97,34515.9
263800,879,4.840e-05,2.22625,0.29783,0.67325,0.03872,0.04712,0.03458,0.04477,0.24074,0.05295,0.18779,18.71993,8.09465,0,8.96,34527.0
263900,879,4.840e-05,2.43720,0.24769,0.69427,0.05830,0.05013,0.04586,0.03632,0.32903,0.12732,0.20171,48.54062,10.40697,0,9.10,34538.0
264000,880,4.800e-05,3.05046,0.47339,0.57480,0.05753,0.07080,0.04671,0.09707,0.19998,0.03446,0.16552,28.65544,5.72920,0,1.73,34595.8
264100,880,4.800e-05,2.40746,0.34782,0.84902,0.04752,0.04337,0.03249,0.02786,0.28739,0.13640,0.15099,49.15347,9.27960,0,8.36,34607.7
264200,880,4.800e-05,2.33970,0.44732,0.50201,0.02999,0.04851,0.04510,0.07598,0.38503,0.09215,0.29288,30.24144,11.76220,0,8.65,34619.3
264300,881,4.760e-05,2.34039,0.37326,0.30114,0.04618,0.06258,0.05080,0.06488,0.25038,0.11710,0.13327,23.63292,13.93625,0,8.73,34630.7
264400,881,4.760e-05,3.00213,0.22860,1.00154,0.03503,0.09183,0.03002,0.07066,0.53327,0.16581,0.36745,19.86044,14.80433,0,8.82,34642.1
264500,881,4.760e-05,2.19182,0.42270,0.36056,0.05439,0.04327,0.05210,0.03428,0.18494,0.11239,0.07254,24.03583,10.44793,0,8.98,34653.2
264600,882,4.720e-05,1.91182,0.34137,0.39582,0.04441,0.04164,0.03782,0.02501,0.37349,0.05933,0.31416,30.56721,7.43766,0,8.83,34664.5
264700,882,4.720e-05,2.34581,0.34703,0.41742,0.05023,0.06137,0.03803,0.05504,0.38161,0.11812,0.26348,38.19698,10.77961,0,8.66,34676.1
264800,882,4.720e-05,1.92547,0.47813,0.16820,0.05091,0.03956,0.04478,0.03010,0.29204,0.11444,0.17759,15.40543,12.08665,0,8.80,34687.5
264900,883,4.680e-05,2.60235,0.34229,0.84570,0.04086,0.06000,0.03475,0.04640,0.40886,0.14398,0.26488,20.07671,10.64151,0,8.86,34698.8
265000,883,4.680e-05,2.05568,0.44023,0.34144,0.04799,0.05028,0.03480,0.02346,0.17536,0.04718,0.12817,67.74067,9.38995,0,8.74,34710.2
265100,883,4.680e-05,4.41687,0.61095,0.86327,0.04358,0.16194,0.03127,0.14622,0.08463,0.03810,0.04653,101.37263,6.66493,0,8.57,34721.9
265200,884,4.640e-05,2.28448,0.22043,0.71505,0.03167,0.06408,0.02606,0.05222,0.39458,0.11621,0.27837,21.05799,11.14375,0,8.72,34733.3
265300,884,4.640e-05,3.29736,0.25989,1.02610,0.06032,0.07220,0.05370,0.08352,0.32706,0.09184,0.23522,45.28872,10.88746,0,8.73,34744.8
265400,884,4.640e-05,3.07094,0.30674,0.66780,0.08043,0.07160,0.06062,0.05459,0.17583,0.11219,0.06364,45.89715,15.02097,0,8.74,34756.2
265500,885,4.600e-05,2.95837,0.35619,1.37264,0.03928,0.04754,0.03124,0.04103,0.38692,0.32404,0.06288,47.09457,9.79622,0,8.82,34767.6
265600,885,4.600e-05,1.89246,0.11967,0.38295,0.03829,0.06205,0.02999,0.04731,0.28121,0.09597,0.18524,47.23220,9.56029,0,8.92,34778.8
265700,885,4.600e-05,2.06471,0.43987,0.16658,0.06345,0.04030,0.04987,0.03428,0.68348,0.37086,0.31263,11.13174,15.99040,0,8.82,34790.1
265800,886,4.560e-05,3.31156,0.43978,1.37350,0.05040,0.06086,0.04543,0.03171,0.43805,0.19106,0.24699,57.38167,27.25841,0,8.70,34801.6
265900,886,4.560e-05,2.16627,0.38618,0.56014,0.05040,0.03972,0.04152,0.02223,0.18524,0.07836,0.10688,28.56487,9.68847,0,8.53,34813.3
266000,886,4.560e-05,2.90474,0.53626,0.73043,0.05030,0.07033,0.04183,0.04453,0.27137,0.10469,0.16668,15.04756,12.76786,0,8.71,34824.8
266100,887,4.520e-05,2.22421,0.46970,0.42648,0.05298,0.04285,0.04097,0.03298,0.29702,0.13437,0.16265,20.78281,13.55883,0,8.72,34836.3
266200,887,4.520e-05,2.08933,0.08544,0.54159,0.03347,0.06265,0.02502,0.07520,0.30477,0.12148,0.18329,19.83352,12.52006,0,8.71,34847.8
266300,887,4.520e-05,2.96051,0.58967,0.85246,0.03653,0.07028,0.03726,0.05279,0.64892,0.25015,0.39877,26.47943,19.28007,0,8.88,34859.0
266400,888,4.480e-05,2.85347,0.60771,0.69083,0.05966,0.05276,0.04800,0.03816,0.52841,0.24590,0.28251,32.91985,14.73049,0,8.80,34870.4
266500,888,4.480e-05,2.81705,0.32276,0.47729,0.06544,0.08107,0.05047,0.05989,0.41836,0.15246,0.26589,21.76886,15.83983,0,8.89,34881.6
266600,888,4.480e-05,3.52879,0.26514,1.53158,0.04507,0.07219,0.03833,0.07356,0.48798,0.22519,0.26279,42.35853,23.43047,0,8.84,34893.0
266700,889,4.440e-05,2.24363,0.31858,0.31876,0.06386,0.05354,0.04770,0.03876,0.28232,0.07782,0.20450,17.49282,13.88096,0,8.93,34904.2
266800,889,4.440e-05,2.61333,0.34910,0.75020,0.04566,0.06663,0.02713,0.05110,0.39896,0.14803,0.25093,33.06093,15.79262,0,8.74,34915.6
266900,889,4.440e-05,2.70039,0.44845,0.51120,0.04789,0.07540,0.03623,0.06533,0.49079,0.17291,0.31788,59.04237,16.67189,0,8.83,34926.9
267000,890,4.400e-05,2.11841,0.43577,0.61377,0.03681,0.04110,0.02813,0.02982,0.36975,0.08173,0.28802,22.87865,10.40968,0,1.66,34987.2
267100,890,4.400e-05,2.72410,0.47172,0.58244,0.03274,0.09160,0.02725,0.05805,0.16773,0.05906,0.10868,21.65529,5.91956,0,8.23,34999.4
267200,890,4.400e-05,2.59196,0.69126,0.34766,0.03727,0.07011,0.03882,0.05703,0.33425,0.09361,0.24064,26.34474,9.30220,0,8.61,35011.0
267300,891,4.360e-05,2.48871,0.83750,0.55340,0.03813,0.03441,0.03340,0.04108,0.34638,0.27543,0.07095,27.02707,13.35405,0,8.84,35022.3
267400,891,4.360e-05,2.17855,0.16170,0.33573,0.05724,0.05292,0.05514,0.06076,0.33458,0.17275,0.16183,16.24470,11.72737,0,8.64,35033.9
267500,891,4.360e-05,2.15417,0.24564,0.41520,0.04716,0.05363,0.03717,0.05993,0.55622,0.15041,0.40581,20.25426,28.43525,0,8.63,35045.5
267600,892,4.320e-05,2.27957,0.51413,0.46507,0.04969,0.04516,0.04163,0.02875,0.20158,0.08550,0.11608,36.59165,10.15110,0,8.63,35057.1
267700,892,4.320e-05,2.32343,0.38107,0.41545,0.05012,0.05887,0.04052,0.04687,0.31066,0.16966,0.14100,20.22601,17.46925,0,8.68,35068.6
267800,892,4.320e-05,2.60315,0.53493,0.43631,0.03854,0.07932,0.02906,0.06161,0.48742,0.17939,0.30803,20.11480,18.49922,0,8.67,35080.1
267900,893,4.280e-05,2.17002,0.38008,0.28787,0.04299,0.05927,0.03683,0.05906,0.39151,0.17599,0.21552,18.07389,12.77085,0,8.66,35091.7
268000,893,4.280e-05,2.02235,0.18860,0.46606,0.02883,0.05773,0.04643,0.05400,0.66108,0.29362,0.36746,17.27224,27.07283,0,8.67,35103.2
268100,893,4.280e-05,2.96738,0.28138,0.93912,0.04061,0.07394,0.02962,0.09065,0.15066,0.07235,0.07831,53.53881,6.52844,0,8.62,35114.8
268200,894,4.240e-05,2.65253,0.20907,0.38340,0.03627,0.11580,0.03319,0.07469,0.40147,0.24758,0.15389,50.78648,15.29804,0,8.69,35126.3
268300,894,4.240e-05,2.31590,0.34485,0.76318,0.03768,0.05011,0.02495,0.04104,0.15355,0.03974,0.11381,21.77908,6.58284,0,8.67,35137.8
268400,894,4.240e-05,3.13463,0.25432,0.65102,0.04212,0.11116,0.03595,0.10335,0.21331,0.12281,0.09050,37.48505,15.51879,0,8.87,35149.1
268500,895,4.200e-05,2.84653,0.18580,0.78404,0.05018,0.08798,0.04286,0.05615,0.35374,0.09492,0.25882,62.27972,19.23194,0,8.64,35160.7
268600,895,4.200e-05,2.81251,0.50377,0.44626,0.07340,0.06141,0.06367,0.03922,0.17797,0.03437,0.14360,21.74199,4.70775,0,8.67,35172.2
268700,895,4.200e-05,2.37573,0.43151,0.37038,0.05608,0.05053,0.04355,0.05799,0.28616,0.16090,0.12527,33.15674,12.36199,0,8.69,35183.7
268800,896,4.160e-05,2.14623,0.38788,0.22665,0.03856,0.06719,0.03063,0.06422,0.19460,0.04007,0.15454,42.01538,5.64650,0,8.78,35195.1
268900,896,4.160e-05,2.78809,0.40224,0.36439,0.02561,0.10183,0.02047,0.12894,0.33210,0.24527,0.08683,57.07227,15.19340,0,8.82,35206.5
269000,896,4.160e-05,2.34492,0.65930,0.35612,0.05005,0.04382,0.03746,0.04071,0.32073,0.11680,0.20392,25.90933,12.24186,0,8.61,35218.1
269100,897,4.120e-05,3.12541,0.44545,1.15008,0.04975,0.07256,0.04087,0.02049,0.16277,0.04875,0.11402,38.07335,6.97140,0,8.85,35229.4
269200,897,4.120e-05,3.24593,0.31659,0.77630,0.04150,0.09731,0.04312,0.10986,0.08785,0.02862,0.05923,44.89335,4.95910,0,8.67,35240.9
269300,897,4.120e-05,2.61008,0.48387,0.43888,0.04631,0.07231,0.03467,0.06555,0.37075,0.12362,0.24713,32.74665,13.27720,0,8.73,35252.4
269400,898,4.080e-05,2.31249,0.41002,0.45741,0.04242,0.06049,0.04022,0.04296,0.34949,0.21792,0.13158,36.60244,16.55004,0,8.83,35263.7
269500,898,4.080e-05,3.41650,0.62112,0.95274,0.03602,0.08336,0.03391,0.09586,0.18908,0.04371,0.14537,22.89764,7.08950,0,8.56,35275.4
269600,898,4.080e-05,2.62286,0.58530,0.96297,0.03785,0.04099,0.02839,0.02884,0.17489,0.07769,0.09720,31.78331,13.77717,0,8.72,35286.8
269700,899,4.040e-05,2.31896,0.47558,0.62199,0.03648,0.04184,0.03014,0.05749,0.18910,0.03474,0.15436,23.77897,8.52753,0,8.85,35298.1
269800,899,4.040e-05,2.10549,0.36488,0.26095,0.04312,0.06258,0.03877,0.04575,0.31685,0.13743,0.17941,12.24544,10.42524,0,8.57,35309.8
269900,899,4.040e-05,3.14217,0.56029,0.23329,0.07838,0.08287,0.06635,0.08087,0.49016,0.14665,0.34351,25.24612,11.08077,0,8.61,35321.4
270000,900,4.000e-05,2.34936,0.42710,0.63210,0.04612,0.04460,0.04232,0.03427,0.36664,0.10220,0.26444,47.54203,17.84895,0,1.63,35382.8
270100,900,4.000e-05,3.12821,0.35404,0.78903,0.08151,0.05906,0.07243,0.04345,0.26052,0.13021,0.13031,32.21245,11.19989,0,8.10,35395.1
270200,900,4.000e-05,2.17244,0.25429,0.19506,0.04710,0.07693,0.03603,0.06053,0.46763,0.08576,0.38186,21.42589,10.90893,0,8.61,35406.7
270300,901,3.960e-05,3.42361,0.78440,0.71221,0.06210,0.07560,0.05160,0.05841,0.28635,0.13811,0.14825,38.45959,8.51688,0,8.80,35418.1
270400,901,3.960e-05,2.72415,0.42022,0.57163,0.06406,0.05363,0.05138,0.05969,0.51078,0.19059,0.32019,22.95628,12.18177,0,8.57,35429.8
270500,901,3.960e-05,2.39051,0.20779,1.06521,0.03781,0.04168,0.03271,0.03181,0.27025,0.16090,0.10934,73.43996,21.41057,0,8.82,35441.1
270600,902,3.920e-05,2.25747,0.26997,0.61044,0.04764,0.04881,0.03877,0.04374,0.38977,0.07709,0.31268,26.20577,9.38494,0,8.66,35452.7
270700,902,3.920e-05,2.17257,0.67968,0.22147,0.04285,0.04086,0.03314,0.05372,0.39857,0.26267,0.13590,34.58494,15.27817,0,8.63,35464.2
270800,902,3.920e-05,2.24636,0.21182,0.88444,0.04371,0.04188,0.03094,0.02791,0.13738,0.04183,0.09555,32.63438,5.19211,0,8.73,35475.7
270900,903,3.880e-05,2.33033,0.42926,0.70256,0.04351,0.04230,0.03796,0.03012,0.18992,0.11568,0.07424,25.78687,9.00251,0,8.80,35487.1
271000,903,3.880e-05,3.26979,0.60202,0.48040,0.06332,0.08191,0.04996,0.09705,0.12983,0.07842,0.05141,55.78130,6.24007,0,8.78,35498.4
271100,903,3.880e-05,2.75283,0.35209,0.52873,0.04102,0.08761,0.04044,0.07670,0.30782,0.09368,0.21413,34.69101,11.02442,0,8.71,35509.9
271200,904,3.840e-05,2.47237,0.23190,0.76912,0.06276,0.04165,0.04650,0.03896,0.20001,0.08301,0.11700,23.62647,14.82734,0,8.78,35521.3
271300,904,3.840e-05,3.24457,0.69067,0.48712,0.04470,0.09021,0.03567,0.10786,0.36062,0.13733,0.22328,48.13710,21.59845,0,8.88,35532.6
271400,904,3.840e-05,3.04949,0.43896,1.07628,0.04659,0.06563,0.03799,0.04442,0.14019,0.05741,0.08279,18.72381,8.49227,0,8.83,35543.9
271500,905,3.800e-05,2.86275,0.49600,0.67631,0.05790,0.06069,0.04486,0.05606,0.23732,0.09265,0.14467,20.66206,13.01325,0,8.85,35555.2
271600,905,3.800e-05,2.68663,0.50448,0.49522,0.04430,0.07259,0.03772,0.06589,0.34380,0.14508,0.19873,19.12428,15.07604,0,8.58,35566.9
271700,905,3.800e-05,2.04972,0.42651,0.44176,0.03940,0.05016,0.02719,0.02998,0.13151,0.04675,0.08475,25.34920,8.65729,0,8.62,35578.4
271800,906,3.760e-05,1.88833,0.28305,0.30605,0.05136,0.04106,0.04419,0.03082,0.29912,0.10160,0.19752,35.18040,17.20985,0,8.85,35589.7
271900,906,3.760e-05,3.25687,0.17021,1.02082,0.05536,0.08752,0.04520,0.08222,0.30908,0.10983,0.19925,33.74203,13.94265,0,8.83,35601.1
272000,906,3.760e-05,2.39540,0.63590,0.30742,0.05936,0.04386,0.04771,0.03626,0.40816,0.18283,0.22533,19.23291,15.93177,0,8.63,35612.7
272100,907,3.720e-05,2.52526,0.43184,0.65085,0.04594,0.05274,0.03468,0.05649,0.10795,0.06093,0.04703,23.74955,6.81973,0,8.62,35624.3
272200,907,3.720e-05,2.79433,0.51024,0.83780,0.03914,0.05715,0.02816,0.06854,0.27891,0.08628,0.19263,61.49022,14.90932,0,8.88,35635.5
272300,907,3.720e-05,2.30011,0.38659,0.49885,0.05015,0.05433,0.03695,0.03701,0.33037,0.11388,0.21648,21.23378,9.13598,0,8.65,35647.1
272400,908,3.680e-05,2.13118,0.50338,0.64220,0.03592,0.03673,0.02736,0.02447,0.13610,0.04025,0.09585,52.71900,7.65904,0,8.82,35658.4
272500,908,3.680e-05,2.21389,0.62425,0.45221,0.03829,0.04510,0.02855,0.03215,0.32296,0.11026,0.21270,26.17809,18.42881,0,8.98,35669.6
272600,908,3.680e-05,2.45326,0.31973,0.64015,0.05046,0.05605,0.04010,0.04555,0.42158,0.13063,0.29095,44.72259,13.13435,0,9.04,35680.6
272700,909,3.640e-05,2.76883,0.46869,0.80639,0.05667,0.05245,0.04620,0.03431,0.42135,0.21072,0.21063,39.91752,11.43252,0,9.39,35691.3
272800,909,3.640e-05,2.10851,0.35934,0.64162,0.04139,0.03778,0.03880,0.02438,0.49747,0.21511,0.28236,21.13354,14.92592,0,9.19,35702.2
272900,909,3.640e-05,3.19443,0.27676,1.03394,0.04571,0.08915,0.03357,0.07347,0.26290,0.05748,0.20543,40.12467,12.21854,0,8.54,35713.9
273000,910,3.600e-05,2.53422,0.17424,0.80341,0.05718,0.05866,0.04097,0.03868,0.22970,0.06322,0.16648,40.75005,5.29948,0,1.65,35774.5
273100,910,3.600e-05,2.00457,0.20743,0.52567,0.03045,0.06031,0.02805,0.04472,0.44618,0.24511,0.20107,16.23496,18.82699,0,8.27,35786.6
273200,910,3.600e-05,2.72701,0.40616,0.50562,0.05182,0.09149,0.03707,0.03935,0.42656,0.26767,0.15889,26.33012,23.46195,0,8.53,35798.3
273300,911,3.560e-05,2.24855,0.34883,0.65890,0.04416,0.04487,0.03722,0.03289,0.34983,0.15630,0.19353,56.78707,12.87012,0,8.69,35809.9
273400,911,3.560e-05,2.41790,0.57226,0.46906,0.05770,0.04268,0.03981,0.03475,0.33057,0.16307,0.16750,25.79609,22.73917,0,8.92,35821.1
273500,911,3.560e-05,2.29041,0.27360,0.36048,0.05424,0.06595,0.04339,0.04749,0.25878,0.11552,0.14326,25.06366,9.04148,0,8.67,35832.6
273600,912,3.520e-05,3.19976,0.44878,0.84147,0.08276,0.05346,0.07918,0.03029,0.16204,0.11080,0.05124,30.23150,9.56989,0,8.73,35844.1
273700,912,3.520e-05,2.93251,0.47229,0.57110,0.04825,0.06091,0.04263,0.11687,0.43796,0.25982,0.17814,36.37593,16.40388,0,8.72,35855.5
273800,912,3.520e-05,1.88848,0.20492,0.30381,0.04909,0.05639,0.03263,0.03236,0.25471,0.06585,0.18886,23.79136,12.09574,0,8.99,35866.6
273900,913,3.480e-05,2.74438,0.43125,0.34793,0.06734,0.07503,0.05694,0.05138,0.38970,0.19907,0.19063,12.71063,14.18676,0,8.66,35878.2
274000,913,3.480e-05,1.79185,0.19440,0.25113,0.04235,0.04877,0.04160,0.04543,0.17295,0.07597,0.09698,28.47999,12.36223,0,8.74,35889.6
274100,913,3.480e-05,2.94120,0.39218,0.33452,0.05548,0.08610,0.04610,0.11364,0.27588,0.08024,0.19564,38.34943,14.71421,0,8.91,35900.9
274200,914,3.440e-05,2.93154,0.30218,0.44170,0.07888,0.06961,0.06930,0.07125,0.20887,0.03779,0.17108,13.57568,6.15186,0,8.80,35912.2
274300,914,3.440e-05,3.09994,0.48977,1.06589,0.03761,0.08104,0.03338,0.03816,0.27355,0.15293,0.12062,56.04251,14.57926,0,8.69,35923.7
274400,914,3.440e-05,2.11639,0.28977,0.84185,0.03975,0.03242,0.02934,0.02328,0.18368,0.08723,0.09645,84.35682,8.60372,0,8.81,35935.1
274500,915,3.400e-05,2.08524,0.38807,0.61616,0.03795,0.04387,0.02586,0.02669,0.20661,0.04971,0.15690,35.99360,8.23487,0,8.68,35946.6
274600,915,3.400e-05,3.23990,0.19944,0.81448,0.04420,0.12548,0.03745,0.06839,0.25880,0.07131,0.18749,57.42623,9.02648,0,9.48,35957.2
274700,915,3.400e-05,2.08811,0.26702,0.49188,0.04741,0.03941,0.03110,0.06111,0.46520,0.25286,0.21234,21.76292,12.99847,0,9.17,35968.1
274800,916,3.360e-05,2.19490,0.46985,0.34991,0.04204,0.05618,0.03527,0.04333,0.28898,0.10482,0.18416,17.56436,14.34166,0,8.65,35979.6
274900,916,3.360e-05,2.72464,0.22972,1.09414,0.03880,0.06964,0.03067,0.03260,0.24004,0.12219,0.11784,63.57718,9.54075,0,8.97,35990.8
275000,916,3.360e-05,2.22676,0.35131,0.50559,0.04323,0.05350,0.04605,0.03446,0.33814,0.20894,0.12920,25.76888,26.17725,0,9.03,36001.8
275100,917,3.320e-05,2.75836,0.41597,0.85244,0.05404,0.05042,0.05284,0.03622,0.38327,0.19902,0.18424,49.36787,15.61010,0,8.76,36013.3
275200,917,3.320e-05,2.06053,0.35095,0.26275,0.05242,0.04911,0.03882,0.04750,0.31534,0.18198,0.13337,15.30121,16.16694,0,8.70,36024.8
275300,917,3.320e-05,3.12767,0.60621,0.88945,0.05164,0.05931,0.04161,0.06288,0.29091,0.15251,0.13839,26.28396,17.81421,0,8.74,36036.2
275400,918,3.280e-05,2.15566,0.26149,0.57137,0.02815,0.05915,0.03812,0.05184,0.38168,0.14329,0.23839,17.08670,13.64825,0,8.81,36047.5
275500,918,3.280e-05,3.11126,0.65673,0.85434,0.03604,0.07819,0.02683,0.06475,0.22401,0.12083,0.10318,43.05538,11.87490,0,8.69,36059.1
275600,918,3.280e-05,2.70103,0.26742,0.33212,0.05539,0.09119,0.04581,0.08132,0.42290,0.22798,0.19492,42.98350,16.08503,0,8.72,36070.5
275700,919,3.240e-05,2.15436,0.49864,0.34140,0.03604,0.05586,0.03224,0.04681,0.51833,0.20174,0.31660,12.23845,16.44769,0,8.49,36082.3
275800,919,3.240e-05,2.80956,0.48261,0.85049,0.04663,0.05072,0.03802,0.06257,0.37406,0.18241,0.19165,21.97216,7.76152,0,8.69,36093.8
275900,919,3.240e-05,2.16465,0.37612,0.51931,0.04627,0.04575,0.03464,0.03516,0.32952,0.04014,0.28938,24.08246,8.92230,0,8.65,36105.4
276000,920,3.200e-05,2.22314,0.28772,0.68583,0.04550,0.03797,0.03854,0.04445,0.29386,0.07551,0.21835,23.14332,9.77989,0,1.66,36165.7
276100,920,3.200e-05,2.08903,0.19313,0.57015,0.03930,0.05608,0.02769,0.04669,0.22839,0.11414,0.11425,30.57276,10.83781,0,8.27,36177.8
276200,920,3.200e-05,2.65115,0.28118,1.04250,0.04655,0.04370,0.03452,0.05046,0.17647,0.06331,0.11317,47.14861,11.32067,0,8.69,36189.3
276300,921,3.160e-05,2.38578,0.35318,0.58991,0.04682,0.05224,0.03627,0.05416,0.46697,0.05338,0.41360,37.44662,10.18180,0,8.70,36200.8
276400,921,3.160e-05,2.48081,0.30699,0.90784,0.03426,0.05181,0.02656,0.05449,0.27100,0.10726,0.16374,31.31831,15.64455,0,8.93,36212.0
276500,921,3.160e-05,2.90382,0.49229,0.73027,0.05460,0.05855,0.04114,0.06882,0.11882,0.03650,0.08233,32.18454,8.54222,0,9.13,36222.9
276600,922,3.120e-05,2.08313,0.39222,0.47954,0.04073,0.04389,0.03579,0.03722,0.12958,0.04465,0.08493,18.42705,8.08059,0,9.12,36233.9
276700,922,3.120e-05,2.23904,0.47838,0.43164,0.02400,0.07052,0.02279,0.05397,0.31153,0.23255,0.07898,79.67233,15.66071,0,9.14,36244.8
276800,922,3.120e-05,2.16786,0.57881,0.27801,0.04616,0.04903,0.03426,0.03757,0.17804,0.09106,0.08698,28.88635,8.82941,0,8.68,36256.3
276900,923,3.080e-05,2.08440,0.23990,0.37400,0.06120,0.04867,0.04858,0.02578,0.18324,0.09691,0.08633,36.16936,7.86296,0,8.51,36268.1
277000,923,3.080e-05,2.77014,0.38755,0.70737,0.04731,0.07750,0.03680,0.04862,0.34886,0.22189,0.12697,25.80100,18.13748,0,8.63,36279.7
277100,923,3.080e-05,2.59281,0.26962,0.66642,0.05287,0.06986,0.04433,0.04155,0.34518,0.10636,0.23883,41.98830,9.34511,0,9.05,36290.7
277200,924,3.040e-05,2.02617,0.39877,0.51590,0.03883,0.04133,0.03227,0.02973,0.22369,0.07381,0.14988,32.08280,8.80982,0,8.76,36302.2
277300,924,3.040e-05,3.01204,0.46330,0.85786,0.04267,0.05901,0.07114,0.06366,0.32906,0.12092,0.20814,39.95058,16.29795,0,8.69,36313.7
277400,924,3.040e-05,1.99142,0.56570,0.27718,0.03064,0.04673,0.03168,0.04330,0.48960,0.15094,0.33866,24.98285,16.76985,0,8.83,36325.0
277500,925,3.000e-05,2.95083,0.45042,0.32563,0.03905,0.11767,0.03393,0.08759,0.36152,0.11563,0.24590,44.42733,13.87181,0,8.97,36336.1
277600,925,3.000e-05,2.19735,0.47825,0.55575,0.04453,0.04236,0.02954,0.02934,0.39894,0.05254,0.34639,15.25075,12.21195,0,8.34,36348.1
277700,925,3.000e-05,2.10490,0.38356,0.61784,0.04450,0.03644,0.03291,0.02592,0.22699,0.11683,0.11016,25.11831,11.16563,0,8.60,36359.8
277800,926,2.960e-05,3.11910,1.03952,0.56367,0.04736,0.05424,0.03881,0.06118,0.23160,0.07313,0.15846,63.27547,14.20749,0,10.06,36369.7
277900,926,2.960e-05,3.09249,0.28043,0.57662,0.05176,0.10665,0.04986,0.08042,0.27787,0.07201,0.20586,25.43065,6.18230,0,8.65,36381.3
278000,926,2.960e-05,2.41669,0.31745,0.77793,0.04869,0.04447,0.03848,0.03948,0.36083,0.14445,0.21638,31.93716,13.65156,0,8.79,36392.6
278100,927,2.920e-05,2.28732,0.61986,0.32528,0.04509,0.04761,0.04675,0.03628,0.21691,0.05405,0.16286,18.56343,12.41716,0,8.92,36403.8
278200,927,2.920e-05,2.90079,0.63738,0.54399,0.04917,0.07385,0.04010,0.05775,0.21768,0.07792,0.13976,57.95787,11.74427,0,8.85,36415.1
278300,927,2.920e-05,2.61901,0.36311,0.71562,0.04847,0.05289,0.03777,0.06756,0.28043,0.10213,0.17830,23.84890,14.55462,0,8.54,36426.9
278400,928,2.880e-05,1.68568,0.13807,0.65518,0.03757,0.02623,0.03284,0.01805,0.26209,0.14384,0.11825,39.01907,19.23568,0,8.74,36438.3
278500,928,2.880e-05,2.51166,0.20944,1.18583,0.03164,0.04211,0.02575,0.05003,0.21250,0.15836,0.05413,77.51447,34.98851,0,8.88,36449.6
278600,928,2.880e-05,2.56654,0.21805,0.57678,0.04043,0.07579,0.03494,0.08697,0.35291,0.13393,0.21898,29.99379,13.36024,0,8.89,36460.8
278700,929,2.840e-05,2.60334,0.54652,0.22862,0.06080,0.07077,0.04821,0.05429,0.47587,0.14820,0.32767,23.82875,16.32880,0,8.82,36472.1
278800,929,2.840e-05,2.83062,0.28713,0.74906,0.04173,0.08373,0.03658,0.07140,0.31610,0.13224,0.18386,24.30455,16.35560,0,8.56,36483.8
278900,929,2.840e-05,2.61269,0.29563,0.66138,0.06208,0.05448,0.04738,0.05063,0.36344,0.16807,0.19537,26.89385,13.04548,0,8.48,36495.6
279000,930,2.800e-05,2.81961,0.49424,0.32702,0.05371,0.06667,0.04268,0.11623,0.15630,0.10282,0.05348,22.38677,7.43820,0,1.65,36556.2
279100,930,2.800e-05,4.02021,0.40819,0.71621,0.05446,0.13494,0.05133,0.14904,0.18165,0.13022,0.05143,49.40932,13.84028,0,8.31,36568.3
279200,930,2.800e-05,3.15091,0.48012,1.10811,0.06143,0.04086,0.04751,0.06046,0.29302,0.11236,0.18065,102.72916,12.37962,0,8.81,36579.6
279300,931,2.760e-05,2.18059,0.17018,0.71321,0.04258,0.05270,0.03546,0.03343,0.22356,0.10183,0.12172,60.84081,12.70778,0,8.96,36590.8
279400,931,2.760e-05,2.13633,0.51064,0.29266,0.05605,0.04024,0.04301,0.03102,0.30799,0.05163,0.25637,39.28056,8.88567,0,8.87,36602.1
279500,931,2.760e-05,2.36970,0.38509,0.72005,0.04899,0.04549,0.03580,0.02815,0.23630,0.07570,0.16060,37.63150,8.23084,0,8.67,36613.6
279600,932,2.720e-05,2.27736,0.67528,0.29449,0.03990,0.05299,0.03354,0.04219,0.19809,0.07177,0.12632,27.88244,11.82818,0,8.65,36625.2
279700,932,2.720e-05,2.66373,0.29623,1.12369,0.03722,0.04560,0.03084,0.05228,0.22966,0.15832,0.07134,50.27162,20.65704,0,8.61,36636.8
279800,932,2.720e-05,2.83128,0.58697,0.78303,0.05312,0.05300,0.03810,0.04191,0.12478,0.05909,0.06569,59.24231,7.11887,0,8.58,36648.4
279900,933,2.680e-05,2.89058,0.39660,1.01411,0.03986,0.06189,0.03663,0.05585,0.26851,0.13994,0.12858,43.28905,15.64503,0,8.63,36660.0
280000,933,2.680e-05,2.63227,0.31468,0.66985,0.05318,0.06250,0.04224,0.05596,0.22669,0.09834,0.12836,37.30391,7.88595,0,8.85,36671.3
280100,933,2.680e-05,2.40495,0.36653,0.26809,0.06257,0.05856,0.05023,0.06158,0.34066,0.17806,0.16259,16.75345,12.13953,0,9.02,36682.4
280200,934,2.640e-05,2.57306,0.54637,0.69598,0.03873,0.05973,0.03468,0.03455,0.51159,0.21531,0.29627,21.29350,23.08633,0,8.86,36693.7
280300,934,2.640e-05,2.22782,0.40585,0.52510,0.03838,0.05418,0.03002,0.04423,0.32564,0.07854,0.24710,21.42864,13.74759,0,8.96,36704.9
280400,934,2.640e-05,2.12963,0.33730,0.45882,0.05880,0.03888,0.04954,0.02179,0.19549,0.06667,0.12882,22.08536,13.94519,0,8.87,36716.1
280500,935,2.600e-05,2.20543,0.29967,0.57489,0.04348,0.05104,0.03508,0.04206,0.53239,0.26424,0.26815,24.78617,15.93240,0,8.56,36727.8
280600,935,2.600e-05,1.61100,0.28188,0.29220,0.03956,0.03311,0.03028,0.03175,0.41840,0.11114,0.30726,33.20145,16.93922,0,8.52,36739.5
280700,935,2.600e-05,2.48708,0.41307,0.55293,0.04323,0.06411,0.04242,0.04710,0.29355,0.09330,0.20025,21.19442,7.82302,0,8.96,36750.7
280800,936,2.560e-05,2.34714,0.25167,0.46955,0.03629,0.07557,0.03210,0.06936,0.45773,0.31047,0.14727,124.56932,22.42976,0,9.02,36761.8
280900,936,2.560e-05,3.08480,0.63159,0.68007,0.04655,0.08211,0.03891,0.05840,0.30339,0.07437,0.22902,21.49150,7.82564,0,8.95,36773.0
281000,936,2.560e-05,2.14137,0.41955,0.16439,0.04535,0.06061,0.03687,0.06270,0.31118,0.16681,0.14437,20.47205,10.47353,0,8.83,36784.3
281100,937,2.520e-05,2.63087,0.49743,1.14134,0.03039,0.03785,0.02634,0.03561,0.16974,0.07190,0.09784,26.61317,8.55721,0,8.72,36795.8
281200,937,2.520e-05,2.56420,0.55504,0.61944,0.05489,0.04386,0.04465,0.03581,0.34867,0.12455,0.22412,25.84835,11.77848,0,8.67,36807.3
281300,937,2.520e-05,2.04311,0.42484,0.44854,0.03630,0.03642,0.03768,0.05081,0.36234,0.21404,0.14830,35.23483,17.02724,0,8.58,36819.0
281400,938,2.480e-05,2.54647,0.47572,0.70014,0.05902,0.03702,0.04642,0.03562,0.33947,0.11211,0.22736,26.74595,14.96948,0,8.73,36830.4
281500,938,2.480e-05,2.56431,0.33812,0.62269,0.05267,0.06185,0.04514,0.04651,0.49458,0.24270,0.25189,24.93129,20.48830,0,8.76,36841.8
281600,938,2.480e-05,2.48218,0.28612,0.59054,0.05572,0.06163,0.04885,0.03755,0.36530,0.16895,0.19635,17.97279,17.23818,0,8.82,36853.2
281700,939,2.440e-05,3.38537,0.19540,1.27189,0.04934,0.09154,0.04125,0.06061,0.33443,0.22926,0.10517,82.12359,17.41534,0,8.97,36864.3
281800,939,2.440e-05,2.53672,0.47148,0.60417,0.04042,0.06040,0.03582,0.05474,0.36073,0.13544,0.22529,49.82849,10.47287,0,8.76,36875.7
281900,939,2.440e-05,2.10518,0.15743,0.73828,0.03835,0.04940,0.03160,0.03478,0.32429,0.14234,0.18196,31.56404,17.99656,0,8.71,36887.2
282000,940,2.400e-05,2.45164,0.27339,0.66943,0.03570,0.06319,0.03156,0.07243,0.15487,0.07412,0.08075,59.16357,7.77997,0,1.65,36947.8
282100,940,2.400e-05,2.07791,0.38856,0.39276,0.03970,0.05382,0.03102,0.04127,0.19744,0.07608,0.12137,29.05379,11.27199,0,8.22,36960.0
282200,940,2.400e-05,2.09602,0.47766,0.53107,0.03907,0.04085,0.03095,0.02665,0.29915,0.09930,0.19985,56.46811,12.76129,0,8.49,36971.8
282300,941,2.360e-05,2.02683,0.29914,0.50694,0.03770,0.05117,0.03027,0.03615,0.41628,0.02683,0.38946,30.65806,11.94165,0,8.47,36983.6
282400,941,2.360e-05,2.53765,0.39739,0.55289,0.06122,0.05531,0.04725,0.03716,0.31154,0.08093,0.23061,18.35819,8.79421,0,8.57,36995.3
282500,941,2.360e-05,2.10277,0.14900,0.43751,0.04206,0.06914,0.03735,0.04352,0.51209,0.32444,0.18765,27.54707,14.75973,0,8.98,37006.4
282600,942,2.320e-05,2.24121,0.26838,0.70457,0.04119,0.05341,0.03478,0.02968,0.20524,0.11018,0.09506,69.60787,16.31382,0,9.21,37017.2
282700,942,2.320e-05,2.05814,0.29299,0.66051,0.04166,0.04094,0.03119,0.02454,0.21470,0.09341,0.12128,34.91760,8.94382,0,8.54,37029.0
282800,942,2.320e-05,2.02928,0.11293,0.55000,0.05218,0.03979,0.04097,0.04837,0.12119,0.08391,0.03727,70.32098,10.77235,0,8.48,37040.8
282900,943,2.280e-05,2.07433,0.40325,0.21525,0.04636,0.06057,0.03924,0.03807,0.45654,0.09579,0.36075,21.56132,19.32956,0,8.63,37052.3
283000,943,2.280e-05,3.04879,0.34587,0.43578,0.04212,0.09273,0.03597,0.14775,0.34342,0.17882,0.16460,38.55896,19.29885,0,8.51,37064.1
283100,943,2.280e-05,2.53833,0.36166,0.81843,0.04715,0.04440,0.03472,0.05384,0.26420,0.19229,0.07192,25.73090,9.04227,0,8.96,37075.3
283200,944,2.240e-05,2.50423,0.55055,0.55073,0.05481,0.05046,0.03905,0.03100,0.30921,0.04851,0.26070,29.83819,8.93161,0,9.43,37085.9
283300,944,2.240e-05,2.69316,0.44206,0.41531,0.04330,0.08229,0.03294,0.08304,0.24752,0.05022,0.19730,34.10592,9.49511,0,8.59,37097.5
283400,944,2.240e-05,2.27970,0.44095,0.77451,0.04142,0.03423,0.03692,0.02463,0.27462,0.05533,0.21929,96.60508,8.48148,0,8.69,37109.0
283500,945,2.200e-05,2.68240,0.49829,0.56512,0.03764,0.08029,0.02914,0.05880,0.27138,0.06310,0.20828,21.22536,7.69151,0,9.02,37120.1
283600,945,2.200e-05,1.93605,0.35845,0.27504,0.05270,0.04381,0.03847,0.02903,0.25890,0.05074,0.20816,22.18789,11.29928,0,9.04,37131.2
283700,945,2.200e-05,2.79088,0.52149,0.54533,0.06207,0.06172,0.04721,0.05002,0.29932,0.20868,0.09065,16.75907,15.18957,0,9.09,37142.2
283800,946,2.160e-05,2.47941,0.67240,0.40150,0.03902,0.04305,0.04548,0.07148,0.16618,0.08219,0.08399,35.77509,8.78697,0,9.05,37153.2
283900,946,2.160e-05,2.16008,0.33504,0.54008,0.04467,0.04737,0.03813,0.03479,0.17738,0.05467,0.12271,26.14598,7.20342,0,8.94,37164.4
284000,946,2.160e-05,2.24192,0.28241,0.55621,0.03759,0.06189,0.03556,0.04614,0.35003,0.20407,0.14597,38.40450,15.16905,0,9.22,37175.2
284100,947,2.120e-05,1.97228,0.32229,0.36132,0.03832,0.05482,0.03133,0.04012,0.22662,0.05615,0.17047,30.77823,10.41075,0,9.01,37186.3
284200,947,2.120e-05,2.40297,0.30554,0.39717,0.04661,0.08153,0.03505,0.04873,0.36967,0.12347,0.24620,29.79425,12.56368,0,8.87,37197.6
284300,947,2.120e-05,2.37938,0.37438,0.85096,0.03900,0.04430,0.03332,0.03088,0.37947,0.17288,0.20658,87.51411,12.76201,0,8.64,37209.2
284400,948,2.080e-05,2.17511,0.05115,0.89360,0.03619,0.05059,0.03774,0.03476,0.14689,0.03108,0.11582,24.48662,6.99824,0,8.84,37220.5
284500,948,2.080e-05,2.53151,0.35875,0.68768,0.04447,0.06267,0.03745,0.04530,0.26874,0.06297,0.20578,17.13580,11.15171,0,8.92,37231.7
284600,948,2.080e-05,2.79234,0.66830,0.66471,0.05491,0.04691,0.04125,0.04697,0.25326,0.12514,0.12813,43.65586,9.55947,0,8.94,37242.9
284700,949,2.040e-05,2.23976,0.25845,0.10535,0.04350,0.07118,0.03782,0.10801,0.47107,0.11094,0.36013,18.55164,11.13413,0,8.63,37254.5
284800,949,2.040e-05,2.08272,0.22084,0.64015,0.03894,0.05204,0.02936,0.03303,0.42290,0.21699,0.20591,23.77755,15.26919,0,8.61,37266.1
284900,949,2.040e-05,2.47828,0.40612,0.40713,0.05270,0.06827,0.03752,0.05356,0.25195,0.07680,0.17515,19.11711,8.07588,0,8.55,37277.8
285000,950,2.000e-05,1.79042,0.35270,0.16685,0.04931,0.04006,0.03746,0.03798,0.29483,0.08944,0.20539,26.41585,11.02659,0,1.64,37338.7
285100,950,2.000e-05,2.76894,0.39501,0.99658,0.03803,0.05348,0.04897,0.04348,0.17478,0.09038,0.08439,25.01192,9.68346,0,8.26,37350.8
285200,950,2.000e-05,2.12187,0.20348,0.36481,0.03577,0.06202,0.03354,0.08160,0.19736,0.06704,0.13032,33.51276,11.84480,0,8.64,37362.4
285300,951,1.960e-05,2.59687,0.54397,0.57745,0.03646,0.05415,0.04363,0.07025,0.32385,0.07800,0.24585,25.18244,13.07503,0,8.95,37373.5
285400,951,1.960e-05,2.82223,0.37327,0.37052,0.06262,0.08601,0.04647,0.07195,0.23809,0.08563,0.15246,23.69453,7.95995,0,9.01,37384.6
285500,951,1.960e-05,2.56205,0.39687,0.98941,0.04064,0.04620,0.03224,0.02923,0.22955,0.08249,0.14706,23.29616,18.48159,0,8.76,37396.1
285600,952,1.920e-05,2.13863,0.23795,0.60829,0.02715,0.04927,0.03295,0.07268,0.34209,0.13520,0.20689,69.46301,10.03862,0,8.95,37407.2
285700,952,1.920e-05,1.80721,0.13729,0.58547,0.03107,0.04583,0.02830,0.03478,0.25690,0.13409,0.12280,23.99408,13.02117,0,8.74,37418.7
285800,952,1.920e-05,1.98744,0.23220,0.52236,0.03932,0.05113,0.02864,0.03705,0.37578,0.09038,0.28539,20.23822,11.45901,0,8.61,37430.3
285900,953,1.880e-05,2.90539,0.59118,0.70550,0.04385,0.07835,0.03965,0.03767,0.22112,0.11803,0.10309,98.59436,19.00311,0,8.68,37441.8
286000,953,1.880e-05,2.53680,0.13628,1.32624,0.03702,0.04101,0.03186,0.02694,0.15662,0.02594,0.13068,96.00622,5.34049,0,8.86,37453.1
286100,953,1.880e-05,2.30006,0.40901,0.60413,0.04884,0.04813,0.03161,0.03184,0.42018,0.14585,0.27433,31.76759,11.07211,0,8.68,37464.6
286200,954,1.840e-05,2.72541,0.26590,0.56419,0.03816,0.08915,0.03178,0.09267,0.40904,0.17876,0.23028,51.53534,18.97401,0,8.51,37476.4
286300,954,1.840e-05,2.30701,0.51708,0.38514,0.05381,0.04785,0.04307,0.03457,0.25847,0.18129,0.07718,28.66195,16.07512,0,8.63,37488.0
286400,954,1.840e-05,2.56705,0.68081,0.62469,0.04543,0.04666,0.03100,0.03715,0.36000,0.09830,0.26170,45.54898,9.65715,0,8.83,37499.3
286500,955,1.800e-05,2.40941,0.33087,0.63120,0.04725,0.05482,0.03973,0.04559,0.29337,0.08754,0.20583,14.09227,11.94139,0,8.63,37510.9
286600,955,1.800e-05,3.52405,0.51456,0.12467,0.05373,0.14864,0.04135,0.13086,0.24588,0.04586,0.20002,24.96346,7.71585,0,9.39,37521.5
286700,955,1.800e-05,1.95102,0.10971,0.70985,0.03290,0.04736,0.02953,0.03624,0.29384,0.07133,0.22251,34.94438,13.13813,0,8.79,37532.9
286800,956,1.760e-05,2.89363,0.41747,0.62174,0.05564,0.07415,0.04833,0.06298,0.67658,0.23979,0.43679,13.96854,15.67767,0,8.68,37544.4
286900,956,1.760e-05,2.35886,0.36275,0.56324,0.04011,0.06311,0.03000,0.05015,0.38770,0.11257,0.27513,32.04984,9.47359,0,8.63,37556.0
287000,956,1.760e-05,2.60270,0.30241,0.89065,0.04665,0.04655,0.03700,0.05854,0.32584,0.04289,0.28295,29.20003,8.36241,0,8.76,37567.4
287100,957,1.720e-05,2.36172,0.42749,0.31703,0.04327,0.07590,0.03462,0.05049,0.22219,0.08068,0.14151,27.08432,9.85175,0,8.69,37578.9
287200,957,1.720e-05,2.21976,0.18499,0.71925,0.04745,0.04751,0.03605,0.03715,0.39149,0.14288,0.24861,22.19070,13.20760,0,8.63,37590.5
287300,957,1.720e-05,2.44319,0.42583,0.77879,0.05267,0.03813,0.04076,0.02536,0.14137,0.06270,0.07867,38.21175,9.15187,0,8.69,37602.0
287400,958,1.680e-05,2.72587,0.51946,0.61110,0.04942,0.06215,0.03699,0.05893,0.40312,0.13067,0.27245,18.24378,12.66190,0,8.70,37613.5
287500,958,1.680e-05,2.12413,0.42950,0.24901,0.04016,0.05935,0.03858,0.05152,0.34747,0.22958,0.11789,31.77641,13.65139,0,8.75,37625.0
287600,958,1.680e-05,2.72013,0.46438,0.44778,0.05695,0.03466,0.04288,0.13549,0.22900,0.12345,0.10554,27.91647,9.96957,0,8.53,37636.7
287700,959,1.640e-05,2.68967,0.86132,0.40523,0.05144,0.03013,0.04082,0.08067,0.30254,0.14881,0.15373,28.46525,12.62989,0,8.54,37648.4
287800,959,1.640e-05,2.20589,0.34528,0.44593,0.05972,0.03661,0.05264,0.03764,0.34078,0.22876,0.11203,25.26389,13.88436,0,8.59,37660.0
287900,959,1.640e-05,2.31428,0.71616,0.15943,0.05258,0.04870,0.04424,0.04094,0.35003,0.17492,0.17510,15.99483,12.92418,0,8.88,37671.3
288000,960,1.600e-05,2.23521,0.45259,0.60610,0.03965,0.04162,0.03625,0.03650,0.45024,0.16103,0.28921,29.55165,15.80213,0,1.61,37733.2
288100,960,1.600e-05,2.40690,0.41826,0.62934,0.05175,0.04201,0.04937,0.03498,0.19643,0.12731,0.06912,34.30645,10.00698,0,8.05,37745.7
288200,960,1.600e-05,2.27443,0.41816,0.68398,0.03461,0.04938,0.02692,0.03955,0.42200,0.12863,0.29337,36.81239,19.68803,0,8.59,37757.3
288300,961,1.560e-05,1.99253,0.29364,0.53769,0.03778,0.04603,0.03055,0.03409,0.18007,0.06341,0.11666,22.26630,8.49821,0,8.69,37768.8
288400,961,1.560e-05,1.80226,0.31372,0.35161,0.04200,0.04204,0.03163,0.02769,0.29253,0.12987,0.16266,26.10330,12.46051,0,8.59,37780.4
288500,961,1.560e-05,1.80267,0.28983,0.39846,0.03239,0.04650,0.02687,0.03823,0.37392,0.13655,0.23737,11.48775,12.13503,0,8.42,37792.3
288600,962,1.520e-05,2.90279,0.35349,0.93983,0.05347,0.06541,0.03797,0.04617,0.24082,0.09660,0.14423,29.53746,16.85433,0,8.59,37804.0
288700,962,1.520e-05,3.81563,0.70902,1.30732,0.08104,0.03714,0.07580,0.04769,0.16156,0.03017,0.13139,67.65324,7.61586,0,8.49,37815.7
288800,962,1.520e-05,3.16848,0.11919,1.18291,0.04012,0.08334,0.03107,0.09529,0.30431,0.12382,0.18049,53.00228,12.96257,0,8.59,37827.4
288900,963,1.480e-05,2.70183,0.43534,0.72848,0.05181,0.06039,0.03888,0.04432,0.17121,0.10168,0.06953,41.07502,6.54270,0,8.51,37839.1
289000,963,1.480e-05,2.54295,0.58717,0.43015,0.05692,0.05437,0.04688,0.03566,0.38210,0.03906,0.34304,20.38302,11.87512,0,8.55,37850.8
289100,963,1.480e-05,2.37753,0.36506,0.67635,0.03861,0.05792,0.03419,0.03998,0.33914,0.08470,0.25444,16.68958,11.56837,0,8.59,37862.5
289200,964,1.440e-05,2.38893,0.29419,0.52581,0.05386,0.05197,0.04652,0.05561,0.15567,0.07233,0.08334,30.90259,8.03834,0,8.72,37873.9
289300,964,1.440e-05,2.04436,0.36066,0.27601,0.06312,0.03742,0.04925,0.03121,0.46990,0.12458,0.34532,20.40099,10.58558,0,9.30,37884.7
289400,964,1.440e-05,2.53681,0.64537,0.69483,0.04839,0.03474,0.03906,0.03399,0.33242,0.12189,0.21054,33.79601,11.73828,0,9.05,37895.7
289500,965,1.400e-05,2.66684,0.49974,0.60135,0.03763,0.07327,0.02741,0.06392,0.40775,0.23157,0.17618,37.16217,16.73375,0,9.04,37906.8
289600,965,1.400e-05,2.61478,0.62972,0.38168,0.03711,0.06161,0.03065,0.09258,0.16724,0.08023,0.08701,33.71030,11.88311,0,8.71,37918.3
289700,965,1.400e-05,2.99452,0.49152,0.94577,0.03564,0.07796,0.03199,0.05224,0.20320,0.05678,0.14642,36.05658,6.91286,0,8.75,37929.7
289800,966,1.360e-05,3.40834,0.50307,1.01545,0.03525,0.08493,0.02578,0.11185,0.33356,0.11472,0.21884,67.89839,18.09228,0,8.55,37941.4
289900,966,1.360e-05,1.90788,0.26824,0.50520,0.03611,0.04479,0.03072,0.03437,0.31497,0.15300,0.16197,26.61656,16.31082,0,8.51,37953.2
290000,966,1.360e-05,2.27749,0.37522,0.34120,0.04309,0.07267,0.03436,0.04633,0.09774,0.04489,0.05285,30.06370,5.77234,0,8.58,37964.8
290100,967,1.320e-05,2.86037,0.49990,0.62598,0.04140,0.07908,0.03283,0.07310,0.22857,0.18034,0.04823,42.36677,15.29650,0,8.54,37976.5
290200,967,1.320e-05,2.45542,0.42986,0.37281,0.06204,0.05399,0.05237,0.04612,0.28055,0.17355,0.10701,34.94857,10.72317,0,8.51,37988.3
290300,967,1.320e-05,3.40895,0.69838,1.01344,0.07334,0.04634,0.06272,0.03734,0.20676,0.07813,0.12864,43.27277,8.77466,0,8.49,38000.1
290400,968,1.280e-05,2.55567,0.29194,0.86164,0.04988,0.04641,0.03953,0.04833,0.36507,0.12559,0.23948,21.40008,11.74851,0,8.49,38011.8
290500,968,1.280e-05,2.54725,0.45762,0.98236,0.03592,0.04382,0.02849,0.03349,0.25632,0.06530,0.19102,39.49676,14.68493,0,8.78,38023.2
290600,968,1.280e-05,2.24142,0.65755,0.42906,0.05300,0.03090,0.03891,0.02425,0.21375,0.05557,0.15818,48.98526,11.39939,0,8.62,38034.8
290700,969,1.240e-05,2.92631,0.63249,0.80468,0.04574,0.05911,0.04437,0.04377,0.29346,0.07664,0.21681,119.49399,12.11797,0,8.56,38046.5
290800,969,1.240e-05,1.98761,0.40402,0.37345,0.03611,0.04500,0.03419,0.04562,0.40911,0.19495,0.21416,26.97454,14.49689,0,8.53,38058.2
290900,969,1.240e-05,2.65039,0.54017,0.75157,0.03391,0.06216,0.02519,0.05441,0.30271,0.08770,0.21501,26.14382,13.00989,0,8.44,38070.1
291000,970,1.200e-05,1.99049,0.20794,0.48784,0.04364,0.05065,0.03075,0.03963,0.31605,0.15320,0.16285,32.97379,18.29688,0,1.63,38131.3
291100,970,1.200e-05,2.65298,0.70780,0.31049,0.03220,0.08416,0.03219,0.06203,0.46734,0.20526,0.26207,30.89076,24.26175,0,8.12,38143.7
291200,970,1.200e-05,2.42540,0.43079,0.52532,0.05489,0.05048,0.04324,0.03988,0.23448,0.14209,0.09239,32.23005,16.84391,0,8.83,38155.0
291300,971,1.160e-05,1.92056,0.23117,0.48229,0.04054,0.04888,0.03051,0.03207,0.29052,0.11299,0.17753,16.39246,8.19468,0,8.67,38166.5
291400,971,1.160e-05,2.58804,0.51008,0.34816,0.04976,0.06990,0.03815,0.06848,0.21278,0.06370,0.14908,62.98270,12.57192,0,8.72,38178.0
291500,971,1.160e-05,2.94300,0.45466,0.58067,0.04852,0.08476,0.04010,0.07487,0.56528,0.28236,0.28292,26.12856,16.99569,0,8.63,38189.6
291600,972,1.120e-05,1.85765,0.17436,0.51352,0.04244,0.04671,0.02573,0.02992,0.21478,0.04608,0.16870,46.95110,7.52173,0,8.74,38201.0
291700,972,1.120e-05,1.46502,0.13773,0.16408,0.04139,0.04278,0.02870,0.03560,0.26124,0.05789,0.20335,11.12275,8.67628,0,9.10,38212.0
291800,972,1.120e-05,2.47487,0.26918,0.93675,0.02579,0.06395,0.02115,0.05316,0.42272,0.06886,0.35385,31.75842,12.23535,0,8.90,38223.2
291900,973,1.080e-05,2.35135,0.38512,0.61948,0.05176,0.04716,0.03974,0.03178,0.25590,0.08389,0.17201,29.74052,8.49109,0,8.59,38234.9
292000,973,1.080e-05,3.17353,0.57532,0.91391,0.05411,0.06644,0.04980,0.04596,0.21846,0.07761,0.14084,35.00129,14.86471,0,8.48,38246.7
292100,973,1.080e-05,2.47292,0.19174,0.38268,0.03913,0.06588,0.03479,0.13489,0.30185,0.19306,0.10879,24.36259,15.50787,0,8.71,38258.1
292200,974,1.040e-05,2.62155,0.40926,0.61931,0.05753,0.05538,0.04956,0.04320,0.48429,0.18771,0.29658,19.31068,17.59385,0,8.64,38269.7
292300,974,1.040e-05,2.57379,0.45355,0.73677,0.04347,0.05703,0.03848,0.03723,0.34191,0.14818,0.19373,21.70620,11.42176,0,8.77,38281.1
292400,974,1.040e-05,2.88536,0.31960,1.02314,0.05258,0.05713,0.04163,0.04748,0.27000,0.09675,0.17326,47.99621,13.18327,0,8.80,38292.5
292500,975,1.000e-05,2.56422,0.23975,0.41120,0.08235,0.04490,0.08317,0.04498,0.36595,0.31419,0.05177,29.27015,24.86228,0,8.83,38303.8
292600,975,1.000e-05,2.64786,0.46496,0.62108,0.03823,0.07276,0.02847,0.06190,0.45759,0.11022,0.34737,31.64865,11.88590,0,9.03,38314.9
292700,975,1.000e-05,2.07888,0.38171,0.14632,0.04548,0.05708,0.03425,0.07081,0.30123,0.21921,0.08202,17.56691,15.89605,0,8.83,38326.2
292800,976,9.600e-06,1.99686,0.35891,0.16553,0.04497,0.06172,0.03238,0.04873,0.41412,0.17069,0.24343,23.65749,15.39198,0,8.62,38337.8
292900,976,9.600e-06,3.90400,0.47450,0.16399,0.04681,0.17643,0.02863,0.17798,0.28409,0.07218,0.21191,23.03749,12.58147,0,8.52,38349.5
293000,976,9.600e-06,2.49145,0.47527,0.85257,0.04324,0.04074,0.02973,0.03505,0.34824,0.16207,0.18617,20.28788,14.62455,0,8.58,38361.2
293100,977,9.200e-06,2.50207,0.36491,0.39675,0.03118,0.08336,0.02378,0.09522,0.51363,0.06438,0.44924,17.11190,9.12118,0,8.65,38372.8
293200,977,9.200e-06,2.38523,0.38995,0.51563,0.05763,0.04905,0.04619,0.03638,0.29952,0.13458,0.16494,18.32389,15.26350,0,8.57,38384.4
293300,977,9.200e-06,2.27489,0.59731,0.44041,0.03930,0.04572,0.03619,0.04120,0.12822,0.05476,0.07346,18.76220,8.21994,0,8.63,38396.0
293400,978,8.800e-06,2.44844,0.45166,0.50054,0.06364,0.04351,0.04907,0.03588,0.14401,0.07823,0.06578,24.58212,9.55223,0,8.52,38407.7
293500,978,8.800e-06,1.98481,0.39333,0.38882,0.04354,0.04297,0.02899,0.03853,0.34786,0.07672,0.27113,18.64397,11.85748,0,8.62,38419.3
293600,978,8.800e-06,2.50769,0.57196,0.41878,0.05201,0.05780,0.04333,0.04043,0.20594,0.04179,0.16414,21.08723,8.09292,0,8.47,38431.1
293700,979,8.400e-06,2.13177,0.12123,0.78516,0.03492,0.05138,0.02906,0.04342,0.56637,0.32994,0.23644,62.52863,24.87677,0,8.50,38442.9
293800,979,8.400e-06,3.30951,0.26266,0.48641,0.05228,0.12385,0.04700,0.11284,0.38647,0.10553,0.28094,32.19683,13.37807,0,8.54,38454.6
293900,979,8.400e-06,3.08611,0.35317,1.24539,0.04541,0.06353,0.03571,0.04393,0.23558,0.06260,0.17299,46.28948,7.23939,0,8.76,38466.0
294000,980,8.000e-06,2.67919,0.30015,0.86430,0.04326,0.06335,0.03539,0.05434,0.25352,0.11328,0.14024,23.37013,22.08998,0,1.65,38526.8
294100,980,8.000e-06,2.21644,0.48658,0.41466,0.04627,0.05298,0.03347,0.03108,0.32104,0.12770,0.19335,50.12797,10.03740,0,7.34,38540.4
294200,980,8.000e-06,2.64798,0.49882,0.82540,0.05502,0.04059,0.04187,0.03166,0.20133,0.03160,0.16973,34.36116,9.73705,0,8.75,38551.8
294300,981,7.600e-06,2.22745,0.41567,0.51919,0.04084,0.05356,0.02783,0.04190,0.40385,0.12000,0.28385,21.57623,12.43597,0,8.56,38563.5
294400,981,7.600e-06,1.99802,0.35607,0.32683,0.05001,0.04529,0.04115,0.03129,0.28414,0.10746,0.17667,17.76309,9.42241,0,8.69,38575.0
294500,981,7.600e-06,3.04560,0.32251,0.60014,0.02854,0.11181,0.02900,0.11488,0.33090,0.13991,0.19099,22.69817,16.67044,0,9.19,38585.9
294600,982,7.200e-06,1.89357,0.37110,0.36025,0.04054,0.04557,0.03310,0.02714,0.44801,0.14703,0.30097,45.69425,16.05987,0,8.90,38597.1
294700,982,7.200e-06,2.36447,0.40626,0.38832,0.04995,0.06184,0.04830,0.04210,0.32274,0.05018,0.27256,15.61722,7.20998,0,8.55,38608.8
294800,982,7.200e-06,2.69978,0.42346,0.39451,0.07107,0.05570,0.05834,0.06448,0.28798,0.11420,0.17378,20.33712,15.66386,0,8.74,38620.3
294900,983,6.800e-06,2.43406,0.36342,0.69997,0.04358,0.05639,0.03445,0.03974,0.22097,0.12666,0.09431,23.51876,8.30946,0,8.62,38631.9
295000,983,6.800e-06,2.10803,0.39547,0.68854,0.04178,0.03303,0.03367,0.02152,0.33697,0.10278,0.23419,26.16524,13.58931,0,8.52,38643.6
295100,983,6.800e-06,2.58709,0.36986,0.84315,0.02900,0.06938,0.02407,0.05399,0.34518,0.10559,0.23959,27.56966,13.64805,0,9.03,38654.7
295200,984,6.400e-06,2.44695,0.28062,1.08416,0.03303,0.04600,0.02779,0.03059,0.22796,0.14982,0.07814,44.73321,20.84561,0,8.97,38665.8
295300,984,6.400e-06,1.60525,0.20546,0.33493,0.02875,0.04047,0.05233,0.02220,0.40954,0.34025,0.06929,31.87933,24.93749,0,8.51,38677.6
295400,984,6.400e-06,2.56178,0.32317,0.62561,0.06200,0.05361,0.04750,0.04389,0.34323,0.14883,0.19440,21.59049,14.68759,0,8.63,38689.2
295500,985,6.000e-06,1.93963,0.18321,0.33485,0.05069,0.05362,0.04594,0.02976,0.25434,0.06491,0.18943,26.07020,11.00274,0,9.13,38700.1
295600,985,6.000e-06,2.75773,0.36298,0.52750,0.07300,0.05224,0.06038,0.06258,0.21902,0.15527,0.06375,42.30625,14.23147,0,8.76,38711.5
295700,985,6.000e-06,1.99575,0.24698,0.62777,0.03031,0.05080,0.02378,0.03819,0.27798,0.11517,0.16281,17.25109,13.67654,0,8.68,38723.0
295800,986,5.600e-06,2.69177,0.35968,1.02592,0.05138,0.04267,0.04446,0.02867,0.16667,0.08682,0.07985,92.06699,9.23304,0,8.74,38734.5
295900,986,5.600e-06,2.05807,0.32176,0.42185,0.05031,0.04273,0.04468,0.03214,0.37532,0.19962,0.17571,21.77409,10.45144,0,8.91,38745.7
296000,986,5.600e-06,2.68812,0.47354,0.64214,0.03813,0.07431,0.03102,0.05859,0.36391,0.09651,0.26740,30.17327,11.43669,0,8.88,38757.0
296100,987,5.200e-06,2.26590,0.45660,0.61824,0.03199,0.05273,0.02633,0.04246,0.37251,0.18402,0.18849,29.11323,17.59561,0,9.05,38768.0
296200,987,5.200e-06,2.34177,0.42382,0.41058,0.04715,0.05682,0.03911,0.05443,0.19492,0.05800,0.13691,22.62979,12.07571,0,9.14,38779.0
296300,987,5.200e-06,3.16946,0.69606,0.81230,0.04876,0.06677,0.04063,0.06052,0.27403,0.12742,0.14661,29.81036,8.44611,0,8.78,38790.4
296400,988,4.800e-06,3.11627,0.55148,0.77616,0.06346,0.07025,0.04668,0.04362,0.32812,0.09287,0.23525,33.02753,14.22479,0,8.86,38801.6
296500,988,4.800e-06,2.34333,0.32207,0.68985,0.04608,0.05082,0.03450,0.03798,0.12102,0.04685,0.07417,53.07896,6.46151,0,9.04,38812.7
296600,988,4.800e-06,2.88250,0.48093,0.76427,0.05700,0.05540,0.04486,0.05779,0.10843,0.05844,0.05000,31.90265,8.29595,0,8.97,38823.8
296700,989,4.400e-06,2.26863,0.35738,0.76573,0.03304,0.04942,0.02306,0.04113,0.16073,0.08139,0.07934,45.49250,8.30774,0,8.70,38835.3
296800,989,4.400e-06,2.47183,0.29857,1.01561,0.04187,0.04094,0.03338,0.03253,0.15139,0.06893,0.08246,66.93732,8.34395,0,8.80,38846.7
296900,989,4.400e-06,1.91542,0.38893,0.24379,0.05612,0.03848,0.04024,0.02710,0.24777,0.11306,0.13471,19.74292,13.62030,0,8.80,38858.1
297000,990,4.000e-06,1.96161,0.31814,0.44076,0.03881,0.04362,0.03527,0.04041,0.37299,0.10861,0.26438,23.10673,12.12737,0,1.64,38919.2
297100,990,4.000e-06,3.84972,0.34662,0.18325,0.07505,0.13905,0.06170,0.17408,0.44345,0.14697,0.29648,25.46791,21.87657,0,8.01,38931.7
297200,990,4.000e-06,2.44316,0.42494,0.54341,0.04117,0.06237,0.03839,0.04949,0.18863,0.07155,0.11708,23.58249,6.21011,0,8.56,38943.4
297300,991,3.600e-06,2.24481,0.30315,0.44620,0.03910,0.06649,0.03183,0.05608,0.33444,0.15825,0.17619,27.64929,12.39988,0,8.73,38954.8
297400,991,3.600e-06,3.12445,0.53428,0.83967,0.05307,0.06399,0.04337,0.07261,0.51036,0.18883,0.32153,21.39807,17.58743,0,9.06,38965.9
297500,991,3.600e-06,2.39546,0.51820,0.60382,0.04100,0.04556,0.03407,0.04749,0.22452,0.08775,0.13677,51.68177,8.72644,0,8.56,38977.6
297600,992,3.200e-06,1.81988,0.22896,0.27760,0.03254,0.05662,0.02303,0.06130,0.33789,0.14298,0.19491,35.56544,15.57965,0,8.92,38988.8
297700,992,3.200e-06,2.20509,0.33967,0.75179,0.04827,0.03221,0.03994,0.02181,0.44420,0.11684,0.32736,26.84424,14.95929,0,8.65,39000.3
297800,992,3.200e-06,2.26139,0.48007,0.41209,0.04668,0.05173,0.03487,0.04216,0.34892,0.08280,0.26612,28.43887,12.15206,0,8.57,39012.0
297900,993,2.800e-06,2.35713,0.44177,0.47357,0.04265,0.05637,0.04219,0.04813,0.37106,0.10307,0.26798,52.96032,11.41704,0,8.83,39023.3
298000,993,2.800e-06,4.05932,0.43623,0.65038,0.03470,0.16597,0.02916,0.16405,0.34490,0.17220,0.17270,59.33123,13.00006,0,8.86,39034.6
298100,993,2.800e-06,3.28683,0.28897,1.24535,0.04564,0.07601,0.03662,0.07057,0.12729,0.06835,0.05894,29.57761,13.12510,0,8.60,39046.2
298200,994,2.400e-06,2.09640,0.39521,0.43137,0.03451,0.06126,0.02878,0.03366,0.28845,0.09237,0.19608,26.72901,14.25956,0,8.56,39057.9
298300,994,2.400e-06,1.69946,0.26830,0.29133,0.02873,0.05530,0.02073,0.03918,0.52604,0.16234,0.36369,26.45596,13.74454,0,8.51,39069.7
298400,994,2.400e-06,1.93955,0.35012,0.28523,0.04696,0.05052,0.03043,0.03546,0.48126,0.18760,0.29366,17.83129,16.83909,0,8.58,39081.3
298500,995,2.000e-06,2.22601,0.53912,0.43191,0.03652,0.04242,0.03394,0.05917,0.19833,0.08539,0.11294,24.12651,11.31426,0,8.52,39093.1
298600,995,2.000e-06,3.15738,0.49045,0.75255,0.05993,0.06432,0.04766,0.08672,0.28957,0.06405,0.22552,67.64394,10.79105,0,8.64,39104.6
298700,995,2.000e-06,3.40842,0.68849,0.62529,0.07367,0.07607,0.06408,0.05537,0.33561,0.16516,0.17045,22.20034,12.29704,0,8.74,39116.1
298800,996,1.600e-06,2.48468,0.36861,0.53258,0.03701,0.07610,0.02959,0.06088,0.30343,0.07933,0.22410,19.58463,14.53675,0,8.88,39127.3
298900,996,1.600e-06,2.12509,0.30968,0.41809,0.04600,0.05759,0.03256,0.03973,0.37546,0.17233,0.20312,17.97780,11.45179,0,8.61,39139.0
299000,996,1.600e-06,1.85875,0.23707,0.37881,0.03321,0.05734,0.02870,0.03876,0.33158,0.07466,0.25692,51.36026,12.48978,0,9.12,39149.9
299100,997,1.200e-06,2.10312,0.19074,0.31718,0.05276,0.06167,0.04054,0.04965,0.37123,0.23352,0.13771,17.06587,14.07729,0,8.73,39161.4
299200,997,1.200e-06,2.39597,0.21173,0.79013,0.05117,0.05085,0.03693,0.03786,0.09472,0.02713,0.06759,42.69155,5.39670,0,9.47,39171.9
299300,997,1.200e-06,2.28156,0.32488,0.53259,0.06281,0.03727,0.04838,0.03628,0.37654,0.16810,0.20844,40.65325,12.49901,0,9.01,39183.0
299400,998,8.000e-07,2.12906,0.25607,0.58970,0.04602,0.04773,0.03270,0.03647,0.24219,0.12312,0.11907,38.46285,10.14546,0,8.80,39194.4
299500,998,8.000e-07,2.04591,0.57928,0.19564,0.04547,0.04714,0.03614,0.03285,0.46284,0.22347,0.23938,26.70457,14.22669,0,8.75,39205.8
299600,998,8.000e-07,1.82319,0.18689,0.50056,0.04382,0.03920,0.03770,0.02341,0.31461,0.21444,0.10016,32.38866,17.75484,0,8.61,39217.4
299700,999,4.000e-07,2.90362,0.31828,0.60112,0.07823,0.06648,0.06162,0.04581,0.63887,0.34506,0.29381,15.82818,17.85283,0,9.13,39228.4
299800,999,4.000e-07,3.31140,0.36680,0.77284,0.05077,0.10045,0.04523,0.08668,0.20430,0.05573,0.14857,26.39153,7.81199,0,8.88,39239.7
299900,999,4.000e-07,3.10362,0.32820,1.30013,0.04283,0.05706,0.03514,0.06014,0.33289,0.13593,0.19697,92.52074,14.06577,0,9.01,39250.8
299999,999,4.000e-07,2.73027,0.40095,0.51148,0.07054,0.05601,0.05914,0.05133,0.35458,0.12808,0.22650,28.13055,11.39598,0,8.92,39261.8
